dispute_id,order_id,reason_code,dispute_date,days_to_dispute,status,true_win_probability,outcome_true,correct_relevant_chunk_id,expected_trajectory,prior_dispute_count_at_time,is_unknown_reason_edge_case,customer_id,amount,item_category,purchase_date,delivery_confirmed,delivery_date,otp_auth_confirmed,shipping_billing_match,prior_complaint_on_file,win_probability,days_left,decision,ev_fight,ev_diff,priority_score
DSP-06526,ORD-07393,item_not_received,2026-05-24,21,pending,0.0443,False,RULE_ITEM_NOT_RECEIVED,retry_needed,1,False,CUST-00196,912.36,groceries,2026-05-03,False,,True,True,False,0.20226282,0,MANUAL_REVIEW,-115.46349462747574,-115.46349462747574,0.4327124832214743
DSP-03434,ORD-08119,not_as_described,2026-04-23,14,pending,0.1674,False,RULE_NOT_AS_DESCRIBED,clean_concede,3,False,CUST-05961,260.71,digital_goods,2026-04-09,False,,True,True,False,0.26070198,6,CONCEDE,-232.03238570779564,-232.03238570779564,0.2864715436241606
DSP-08532,ORD-11533,item_not_received,2026-06-14,3,pending,0.7817,True,RULE_ITEM_NOT_RECEIVED,clean_fight,0,False,CUST-00144,1052.18,electronics,2026-06-11,True,2026-06-17,True,True,False,0.82682616,17,FIGHT,569.9699439632893,569.9699439632893,0.09834281879194375
DSP-10926,ORD-09519,unauthorized_transaction,2026-07-09,21,pending,0.2104,False,RULE_UNAUTHORIZED_TRANSACTION,clean_concede,6,False,CUST-00426,608.14,apparel,2026-06-18,False,,True,True,False,0.10411906,0,CONCEDE,-236.6810333776474,-236.6810333776474,0.4204620134228174
DSP-06211,ORD-05330,item_not_received,2026-05-21,22,pending,0.629,False,RULE_ITEM_NOT_RECEIVED,clean_fight,1,False,CUST-00434,710.86,home_goods,2026-04-29,True,2026-05-03,True,True,False,0.5851669,0,MANUAL_REVIEW,115.97172230839732,115.97172230839732,0.4245983892617433
DSP-11916,ORD-14501,not_as_described,2026-07-19,15,pending,0.2836,True,RULE_NOT_AS_DESCRIBED,clean_concede,2,False,CUST-04823,700.9,electronics,2026-07-04,False,,True,True,False,0.31412745,5,MANUAL_REVIEW,-79.82807364463807,-79.82807364463807,0.32419731543624003
DSP-00856,ORD-18880,unauthorized_transaction,2026-03-28,11,pending,0.4704,False,RULE_UNAUTHORIZED_TRANSACTION,clean_concede,1,False,CUST-03027,2296.42,digital_goods,2026-03-17,True,2026-03-26,True,False,False,0.49226713,9,FIGHT,830.4520868206025,830.4520868206025,0.3084464429530142
DSP-03369,ORD-09740,unauthorized_transaction,2026-04-22,4,pending,0.5774,False,RULE_UNAUTHORIZED_TRANSACTION,clean_fight,0,False,CUST-02327,261.06,apparel,2026-04-18,True,2026-04-25,True,False,False,0.6413061,16,MANUAL_REVIEW,-132.580628939867,-132.580628939867,0.08648563758389217
DSP-00446,ORD-07369,unauthorized_transaction,2026-03-22,2,pending,0.5089,True,RULE_UNAUTHORIZED_TRANSACTION,clean_fight,2,False,CUST-04987,4438.74,apparel,2026-03-20,False,,True,True,False,0.4295386,18,FIGHT,1606.610199086666,1606.610199086666,0.21471436241609565
DSP-07619,ORD-04811,item_not_received,2026-06-05,11,pending,0.7023,True,RULE_ITEM_NOT_RECEIVED,clean_fight,0,False,CUST-05940,966.35,groceries,2026-05-25,True,2026-05-27,True,True,False,0.68694603,9,FIGHT,363.830300372839,363.830300372839,0.2548865771812057
DSP-10305,ORD-11104,unauthorized_transaction,2026-07-02,4,pending,0.2229,False,RULE_UNAUTHORIZED_TRANSACTION,clean_concede,0,False,CUST-05088,1038.39,home_goods,2026-06-28,False,,False,True,False,0.16502081,16,MANUAL_REVIEW,-128.6440425811708,-128.6440425811708,0.11778751677852095
DSP-02691,ORD-19113,unauthorized_transaction,2026-04-15,14,pending,0.4761,True,RULE_UNAUTHORIZED_TRANSACTION,clean_concede,4,False,CUST-00556,522.53,groceries,2026-04-01,True,2026-04-03,True,True,False,0.36558196,6,MANUAL_REVIEW,-108.97245870977642,-108.97245870977642,0.29701463087248203
DSP-02803,ORD-16116,not_as_described,2026-04-16,7,pending,0.2944,True,RULE_NOT_AS_DESCRIBED,clean_concede,1,False,CUST-00328,261.22,digital_goods,2026-04-09,False,,True,True,False,0.36574143,13,CONCEDE,-204.46102320790288,-204.46102320790288,0.1464920805369123
DSP-09734,ORD-16490,not_as_described,2026-06-27,14,pending,0.6177,True,RULE_NOT_AS_DESCRIBED,clean_fight,1,False,CUST-04791,205.53,groceries,2026-06-13,True,2026-06-14,True,True,False,0.5071877,6,CONCEDE,-195.75770706295967,-195.75770706295967,0.28424953020134197
DSP-06321,ORD-12426,unauthorized_transaction,2026-05-22,9,pending,0.4923,True,RULE_UNAUTHORIZED_TRANSACTION,clean_concede,6,False,CUST-04712,1048.42,groceries,2026-05-13,True,2026-05-18,True,True,False,0.33433846,11,MANUAL_REVIEW,50.52712445080283,50.52712445080283,0.2181914093959706
DSP-06815,ORD-05305,unauthorized_transaction,2026-05-28,10,pending,0.6129,False,RULE_UNAUTHORIZED_TRANSACTION,clean_fight,2,False,CUST-04127,498.75,groceries,2026-05-18,True,2026-05-21,True,True,False,0.52289116,10,MANUAL_REVIEW,-39.2080320417881,-39.2080320417881,0.21605704697986472
DSP-02426,ORD-00178,duplicate_charge,2026-04-13,6,pending,0.4821,False,RULE_DUPLICATE_CHARGE,clean_concede,0,False,CUST-04158,611.19,groceries,2026-04-07,False,,True,True,False,0.36699545,14,MANUAL_REVIEW,-75.69604857087134,-75.69604857087134,0.14058483221476376
DSP-05755,ORD-05563,item_not_received,2026-05-17,18,pending,0.5018,False,RULE_ITEM_NOT_RECEIVED,clean_fight,3,False,CUST-01117,165.33,electronics,2026-04-29,True,2026-05-04,True,True,False,0.49150452,2,CONCEDE,-218.73955767899753,-218.73955767899753,0.36263073825503345
DSP-00506,ORD-09727,item_not_received,2026-03-23,15,pending,0.6569,True,RULE_ITEM_NOT_RECEIVED,clean_fight,1,False,CUST-02920,2292.31,home_goods,2026-03-08,True,2026-03-14,True,True,False,0.49260253,5,FIGHT,829.1976989918946,829.1976989918946,0.3882809395973096
DSP-12560,ORD-11243,unauthorized_transaction,2026-07-25,4,pending,0.4388,False,RULE_UNAUTHORIZED_TRANSACTION,clean_concede,3,False,CUST-04529,303.9,digital_goods,2026-07-21,False,,True,True,False,0.47083995,16,CONCEDE,-156.91173996627333,-156.91173996627333,0.08821073825503299
DSP-00652,ORD-05508,item_not_received,2026-03-25,5,pending,0.4418,False,RULE_ITEM_NOT_RECEIVED,clean_concede,2,False,CUST-01259,465.75,groceries,2026-03-20,True,2026-03-21,True,True,True,0.4472213,15,MANUAL_REVIEW,-91.70667535811663,-91.70667535811663,0.1147281879194621
DSP-00392,ORD-02477,item_not_received,2026-03-21,2,pending,0.5204,True,RULE_ITEM_NOT_RECEIVED,clean_fight,2,False,CUST-04130,213.73,groceries,2026-03-19,True,2026-03-27,False,True,False,0.5193377,18,CONCEDE,-189.00195044696332,-189.00195044696332,0.044579731543623845
DSP-02839,ORD-07449,duplicate_charge,2026-04-17,16,pending,0.6425,True,RULE_DUPLICATE_CHARGE,clean_fight,0,False,CUST-02452,1187.43,digital_goods,2026-04-01,True,2026-04-08,True,True,True,0.45270962,4,FIGHT,237.56097841322423,237.56097841322423,0.36378912751677567
DSP-14885,ORD-19769,duplicate_charge,2026-08-24,23,pending,0.4438,False,RULE_DUPLICATE_CHARGE,clean_concede,1,False,CUST-05664,851.16,groceries,2026-08-01,True,2026-08-04,True,True,False,0.5718216,0,FIGHT,186.7116478586197,186.7116478586197,0.43024805369127317
DSP-11537,ORD-08721,duplicate_charge,2026-07-15,10,pending,0.6386,False,RULE_DUPLICATE_CHARGE,clean_fight,0,False,CUST-01598,704.06,apparel,2026-07-05,True,2026-07-07,True,True,False,0.65384316,10,FIGHT,160.34481835842126,160.34481835842126,0.22432456375838764
DSP-14761,ORD-16229,item_not_received,2026-08-20,18,pending,0.02,False,RULE_ITEM_NOT_RECEIVED,retry_needed,1,False,CUST-03146,161.77,home_goods,2026-08-02,False,,False,True,False,0.064758375,2,CONCEDE,-289.52403762981294,-289.52403762981294,0.36248738255033547
DSP-07184,ORD-03870,not_as_described,2026-06-01,7,pending,0.3461,False,RULE_NOT_AS_DESCRIBED,clean_concede,2,False,CUST-01974,776.31,groceries,2026-05-25,True,2026-05-28,True,False,True,0.28784493,13,MANUAL_REVIEW,-76.54310540467503,-76.54310540467503,0.1672339597315418
DSP-07173,ORD-15251,unauthorized_transaction,2026-05-31,4,pending,0.2528,False,RULE_UNAUTHORIZED_TRANSACTION,clean_concede,0,False,CUST-02644,203.23,digital_goods,2026-05-27,True,2026-05-30,False,True,False,0.43061486,16,CONCEDE,-212.48614223271608,-212.48614223271608,0.08415691275167755
DSP-10573,ORD-02613,not_as_described,2026-07-05,12,pending,0.4827,False,RULE_NOT_AS_DESCRIBED,clean_concede,0,False,CUST-01698,941.07,home_goods,2026-06-23,True,2026-07-02,True,True,False,0.57572305,8,FIGHT,241.79569256901743,241.79569256901743,0.2738685906040246
DSP-02738,ORD-04034,not_as_described,2026-04-16,22,pending,0.5739,True,RULE_NOT_AS_DESCRIBED,clean_fight,0,False,CUST-04530,645.44,digital_goods,2026-03-25,True,2026-03-27,True,True,False,0.6607635,0,MANUAL_REVIEW,126.48319480895998,126.48319480895998,0.4219640268456361
DSP-07543,ORD-08874,item_not_received,2026-06-04,16,pending,0.4604,False,RULE_ITEM_NOT_RECEIVED,clean_concede,1,False,CUST-05144,767.43,groceries,2026-05-19,True,2026-05-20,False,True,False,0.37764475,4,MANUAL_REVIEW,-10.184091429412376,-10.184091429412376,0.34687637583892444
DSP-06129,ORD-05657,unauthorized_transaction,2026-05-21,1,pending,0.2728,True,RULE_UNAUTHORIZED_TRANSACTION,clean_concede,3,False,CUST-01100,566.56,groceries,2026-05-20,False,,True,False,False,0.27446023,19,MANUAL_REVIEW,-144.50181418895724,-144.50181418895724,0.038787651006710167
DSP-01150,ORD-09339,item_not_received,2026-03-31,12,pending,0.6045,True,RULE_ITEM_NOT_RECEIVED,clean_fight,1,False,CUST-05134,1105.79,groceries,2026-03-19,True,2026-03-23,True,True,False,0.6377679,8,FIGHT,405.237378257513,405.237378257513,0.2805016107382523
DSP-04136,ORD-01704,item_not_received,2026-04-30,22,pending,0.3926,False,RULE_ITEM_NOT_RECEIVED,clean_concede,5,False,CUST-04858,1336.25,apparel,2026-04-08,True,2026-04-13,False,True,False,0.21082637,0,MANUAL_REVIEW,-18.28326690942049,-18.28326690942049,0.44978187919462753
DSP-08383,ORD-18215,item_not_received,2026-06-12,18,pending,0.6657,True,RULE_ITEM_NOT_RECEIVED,clean_fight,0,False,CUST-00544,214.01,apparel,2026-05-25,True,2026-05-31,True,True,False,0.7930935,2,MANUAL_REVIEW,-130.2700595253706,-130.2700595253706,0.36459100671140915
DSP-04446,ORD-19252,not_as_described,2026-05-03,21,pending,0.5787,True,RULE_NOT_AS_DESCRIBED,clean_fight,0,False,CUST-03903,303.65,digital_goods,2026-04-12,True,2026-04-15,True,True,False,0.67181695,0,MANUAL_REVIEW,-96.00278462767602,-96.00278462767602,0.40820067114093905
DSP-12897,ORD-13952,unauthorized_transaction,2026-07-29,24,pending,0.6027,True,RULE_UNAUTHORIZED_TRANSACTION,clean_fight,1,False,CUST-03569,997.25,groceries,2026-07-05,True,2026-07-13,True,True,False,0.61100274,0,FIGHT,309.3224857002497,309.3224857002497,0.4361308724832191
DSP-12263,ORD-18997,item_not_received,2026-07-22,7,pending,0.6896,False,RULE_ITEM_NOT_RECEIVED,clean_fight,0,False,CUST-02240,379.8,apparel,2026-07-15,True,2026-07-20,True,True,False,0.67916983,13,MANUAL_REVIEW,-42.05129717588426,-42.05129717588426,0.15126711409395896
DSP-08725,ORD-01047,item_not_received,2026-06-16,21,pending,0.7194,True,RULE_ITEM_NOT_RECEIVED,clean_fight,0,False,CUST-02491,528.6,electronics,2026-05-26,True,2026-05-28,True,True,False,0.71028054,0,MANUAL_REVIEW,75.45429217815399,75.45429217815399,0.41725906040268346
DSP-03719,ORD-08200,unauthorized_transaction,2026-04-26,20,pending,0.6302,True,RULE_UNAUTHORIZED_TRANSACTION,clean_fight,0,False,CUST-00590,1043.15,digital_goods,2026-04-06,True,2026-04-11,True,True,False,0.7459125,0,FIGHT,478.0986163169147,478.0986163169147,0.43797919463087
DSP-08019,ORD-08989,item_not_received,2026-06-08,5,pending,0.7761,True,RULE_ITEM_NOT_RECEIVED,clean_fight,0,False,CUST-01315,1898.38,apparel,2026-06-03,True,2026-06-09,True,True,False,0.7949697,15,FIGHT,1209.1545371794703,1209.1545371794703,0.17241798657717636
DSP-00799,ORD-11816,unauthorized_transaction,2026-03-27,12,pending,0.6962,False,RULE_UNAUTHORIZED_TRANSACTION,clean_fight,0,False,CUST-05135,125.96,digital_goods,2026-03-15,True,2026-03-18,True,True,False,0.70881975,8,CONCEDE,-210.71706467151643,-210.71706467151643,0.2410453691275167
DSP-00846,ORD-14001,unauthorized_transaction,2026-03-28,15,pending,0.02,False,RULE_UNAUTHORIZED_TRANSACTION,clean_concede,1,False,CUST-01850,223.65,apparel,2026-03-13,False,,False,True,False,0.058750737,5,CONCEDE,-286.86039756741377,-286.86039756741377,0.3049791946308722
DSP-05143,ORD-00111,unauthorized_transaction,2026-05-10,1,pending,0.4528,False,RULE_UNAUTHORIZED_TRANSACTION,clean_concede,6,False,CUST-04646,688.47,groceries,2026-05-09,True,2026-05-17,True,True,False,0.40628344,19,MANUAL_REVIEW,-20.28604129850862,-20.28604129850862,0.043696778523488355
DSP-10945,ORD-15299,duplicate_charge,2026-07-09,22,pending,0.6515,False,RULE_DUPLICATE_CHARGE,clean_fight,0,False,CUST-01664,1076.84,electronics,2026-06-17,True,2026-06-20,True,True,False,0.7293784,0,FIGHT,485.4238386607169,485.4238386607169,0.4393358389261719
DSP-08384,ORD-19998,unauthorized_transaction,2026-06-12,1,pending,0.4968,False,RULE_UNAUTHORIZED_TRANSACTION,clean_concede,1,False,CUST-01785,1184.56,electronics,2026-06-11,False,,True,True,False,0.47113374,19,FIGHT,258.08618158102036,258.08618158102036,0.06367355704697694
DSP-08401,ORD-06898,not_as_described,2026-06-12,15,pending,0.4365,True,RULE_NOT_AS_DESCRIBED,clean_concede,0,False,CUST-02181,1138.01,electronics,2026-05-28,False,,True,True,False,0.49800304,5,FIGHT,266.7324347522855,266.7324347522855,0.3417990604026818
DSP-08010,ORD-06547,not_as_described,2026-06-08,6,pending,0.7506,True,RULE_NOT_AS_DESCRIBED,clean_fight,0,False,CUST-02658,454.0,apparel,2026-06-02,True,2026-06-08,True,True,False,0.66426456,14,MANUAL_REVIEW,1.5761101245880127,1.5761101245880127,0.13425503355704604
DSP-05767,ORD-00309,not_as_described,2026-05-17,14,pending,0.2433,False,RULE_NOT_AS_DESCRIBED,clean_concede,0,False,CUST-01751,624.06,digital_goods,2026-05-03,False,,True,False,False,0.3889699,6,MANUAL_REVIEW,-57.25944531440737,-57.25944531440737,0.3011030872483207
DSP-02419,ORD-18945,not_as_described,2026-04-13,12,pending,0.3419,False,RULE_NOT_AS_DESCRIBED,clean_concede,0,False,CUST-02680,3252.6,home_goods,2026-04-01,True,2026-04-05,True,False,True,0.5148363,8,FIGHT,1374.556586265564,1374.556586265564,0.36695033557046125
DSP-04185,ORD-16429,unauthorized_transaction,2026-05-01,22,pending,0.567,True,RULE_UNAUTHORIZED_TRANSACTION,clean_fight,3,False,CUST-00795,279.03,apparel,2026-04-09,True,2026-04-11,True,True,False,0.536566,0,CONCEDE,-150.28198370218277,-150.28198370218277,0.40720926174496597
DSP-12448,ORD-06177,item_not_received,2026-07-24,7,pending,0.5658,False,RULE_ITEM_NOT_RECEIVED,clean_fight,1,False,CUST-01431,163.34,home_goods,2026-07-17,True,2026-07-21,True,True,False,0.63245064,13,CONCEDE,-196.6955124294758,-196.6955124294758,0.14255060402684544
DSP-06386,ORD-11064,unauthorized_transaction,2026-05-23,17,pending,0.387,True,RULE_UNAUTHORIZED_TRANSACTION,clean_concede,2,False,CUST-04304,704.14,electronics,2026-05-06,True,2026-05-13,True,False,True,0.3651603,3,MANUAL_REVIEW,-42.87603591561316,-42.87603591561316,0.3643277852348977
DSP-12201,ORD-05186,item_not_received,2026-07-22,20,pending,0.7922,True,RULE_ITEM_NOT_RECEIVED,clean_fight,0,False,CUST-02792,348.71,electronics,2026-07-02,True,2026-07-03,True,True,False,0.7059368,0,MANUAL_REVIEW,-53.83278212904932,-53.83278212904932,0.4100151677852342
DSP-06196,ORD-00557,not_as_described,2026-05-21,15,pending,0.1127,False,RULE_NOT_AS_DESCRIBED,clean_concede,4,False,CUST-02533,106.87,apparel,2026-05-06,False,,True,True,False,0.21125345,5,CONCEDE,-277.42334387108684,-277.42334387108684,0.30027664429530204
DSP-12718,ORD-05132,not_as_described,2026-07-27,16,pending,0.6509,True,RULE_NOT_AS_DESCRIBED,clean_fight,0,False,CUST-05020,248.13,electronics,2026-07-11,True,2026-07-18,True,True,False,0.57516116,4,CONCEDE,-157.28526160776616,-157.28526160776616,0.3259649664429527
DSP-05909,ORD-09052,not_as_described,2026-05-18,3,pending,0.5122,True,RULE_NOT_AS_DESCRIBED,clean_fight,2,False,CUST-05628,445.59,apparel,2026-05-15,True,2026-05-24,True,True,True,0.39495945,17,MANUAL_REVIEW,-124.0100187778473,-124.0100187778473,0.07391637583892526
DSP-01911,ORD-12178,not_as_described,2026-04-07,4,pending,0.6287,True,RULE_NOT_AS_DESCRIBED,clean_fight,0,False,CUST-05683,170.6,apparel,2026-04-03,True,2026-04-08,True,False,False,0.6479932,16,CONCEDE,-189.45235888957978,-189.45235888957978,0.08284295302013403
DSP-14133,ORD-14512,not_as_described,2026-08-10,23,pending,0.4875,True,RULE_NOT_AS_DESCRIBED,clean_concede,2,False,CUST-03480,252.38,digital_goods,2026-07-18,True,2026-07-24,True,False,False,0.39820215,0,CONCEDE,-199.50174111545084,-199.50174111545084,0.40613610738254996
DSP-04098,ORD-09698,unauthorized_transaction,2026-04-30,8,pending,0.7803,True,RULE_UNAUTHORIZED_TRANSACTION,clean_fight,0,False,CUST-02160,192.86,apparel,2026-04-22,True,2026-04-25,True,True,False,0.72095627,12,CONCEDE,-160.956374553442,-160.956374553442,0.16373932885906017
DSP-05023,ORD-11680,unauthorized_transaction,2026-05-09,18,pending,0.5706,True,RULE_UNAUTHORIZED_TRANSACTION,clean_fight,0,False,CUST-01553,721.87,apparel,2026-04-21,True,2026-04-26,True,False,False,0.6356805,2,FIGHT,158.87868014752866,158.87868014752866,0.38504174496644133
DSP-03165,ORD-08209,duplicate_charge,2026-04-20,4,pending,0.5061,True,RULE_DUPLICATE_CHARGE,clean_fight,2,False,CUST-01988,362.47,apparel,2026-04-16,True,2026-04-24,True,True,False,0.5268876,16,MANUAL_REVIEW,-109.01905320346353,-109.01905320346353,0.09056926174496573
DSP-14421,ORD-07856,item_not_received,2026-08-14,20,pending,0.02,False,RULE_ITEM_NOT_RECEIVED,retry_needed,1,False,CUST-05478,516.78,apparel,2026-07-25,False,,True,False,False,0.14885843,0,CONCEDE,-223.07294157743456,-223.07294157743456,0.416783087248321
DSP-03312,ORD-04371,not_as_described,2026-04-22,17,pending,0.4703,True,RULE_NOT_AS_DESCRIBED,clean_concede,1,False,CUST-00637,404.08,digital_goods,2026-04-05,True,2026-04-09,True,False,False,0.3879101,3,MANUAL_REVIEW,-143.25328766584397,-143.25328766584397,0.3522448322147643
DSP-03260,ORD-15735,not_as_described,2026-04-21,14,pending,0.5593,True,RULE_NOT_AS_DESCRIBED,clean_fight,0,False,CUST-05119,625.76,home_goods,2026-04-07,True,2026-04-13,True,True,False,0.6095647,6,MANUAL_REVIEW,81.44122017860411,81.44122017860411,0.3011715436241596
DSP-14156,ORD-00417,unauthorized_transaction,2026-08-11,15,pending,0.2804,False,RULE_UNAUTHORIZED_TRANSACTION,clean_concede,1,False,CUST-02231,100.0,groceries,2026-07-27,True,2026-08-04,False,True,False,0.30132806,5,CONCEDE,-269.86719369888306,-269.86719369888306,0.30000000000000004
DSP-00499,ORD-15521,duplicate_charge,2026-03-23,13,pending,0.4006,True,RULE_DUPLICATE_CHARGE,clean_concede,1,False,CUST-01285,513.2,groceries,2026-03-10,False,,True,True,False,0.26866096,7,CONCEDE,-162.12319400310514,-162.12319400310514,0.27663892617449554
DSP-09178,ORD-14547,unauthorized_transaction,2026-06-21,18,pending,0.7319,True,RULE_UNAUTHORIZED_TRANSACTION,clean_fight,1,False,CUST-00514,5728.8,groceries,2026-06-03,True,2026-06-05,True,True,False,0.62228614,2,FIGHT,3264.9528440952304,3264.9528440952304,0.586663087248307
DSP-11980,ORD-19310,not_as_described,2026-07-19,20,pending,0.3759,False,RULE_NOT_AS_DESCRIBED,clean_concede,1,False,CUST-05758,433.78,electronics,2026-06-29,True,2026-07-02,False,True,False,0.44942376,0,MANUAL_REVIEW,-105.04896131098272,-105.04896131098272,0.41344080536912664
DSP-08156,ORD-00946,not_as_described,2026-06-10,19,pending,0.1776,False,RULE_NOT_AS_DESCRIBED,clean_concede,1,False,CUST-04021,217.72,electronics,2026-05-22,False,,False,True,False,0.14435235,1,CONCEDE,-268.5716070854664,-268.5716070854664,0.38474040268456344
DSP-05466,ORD-06418,item_not_received,2026-05-14,20,pending,0.6152,False,RULE_ITEM_NOT_RECEIVED,clean_fight,0,False,CUST-02399,145.82,apparel,2026-04-24,True,2026-05-02,True,False,False,0.5399272,0,CONCEDE,-221.26781794428825,-221.26781794428825,0.4018451006711408
DSP-11589,ORD-08970,duplicate_charge,2026-07-15,24,pending,0.2826,True,RULE_DUPLICATE_CHARGE,clean_concede,1,False,CUST-02471,1354.29,apparel,2026-06-21,True,2026-06-26,False,True,True,0.2186404,0,MANUAL_REVIEW,-3.897490030378094,-3.897490030378094,0.45050832214764763
DSP-13573,ORD-04425,duplicate_charge,2026-08-04,1,pending,0.4918,False,RULE_DUPLICATE_CHARGE,clean_concede,3,False,CUST-01318,1223.89,groceries,2026-08-03,True,2026-08-05,True,True,False,0.46562216,19,FIGHT,269.8703015574813,269.8703015574813,0.0652573154362386
DSP-04485,ORD-12736,item_not_received,2026-05-04,18,pending,0.6517,True,RULE_ITEM_NOT_RECEIVED,clean_fight,2,False,CUST-05942,589.83,electronics,2026-04-16,True,2026-04-23,True,True,False,0.58412355,2,MANUAL_REVIEW,44.53359458506111,44.53359458506111,0.3797246979865759
DSP-09174,ORD-03905,not_as_described,2026-06-21,4,pending,0.5892,False,RULE_NOT_AS_DESCRIBED,clean_fight,1,False,CUST-05749,912.29,digital_goods,2026-06-17,True,2026-06-22,True,True,False,0.6665734,16,FIGHT,308.1082518899441,308.1082518899441,0.11270966442952798
DSP-12997,ORD-10310,item_not_received,2026-07-29,11,pending,0.6967,True,RULE_ITEM_NOT_RECEIVED,clean_fight,1,False,CUST-05851,1232.41,groceries,2026-07-18,True,2026-07-24,True,True,False,0.5370281,9,FIGHT,361.83876900434495,361.83876900434495,0.26560040268456075
DSP-03039,ORD-19185,item_not_received,2026-04-19,18,pending,0.7235,True,RULE_ITEM_NOT_RECEIVED,clean_fight,1,False,CUST-02067,1534.48,home_goods,2026-04-01,True,2026-04-04,True,True,False,0.5872354,2,FIGHT,601.1009629964828,601.1009629964828,0.4177642953020096
DSP-09096,ORD-17927,duplicate_charge,2026-06-20,6,pending,0.7864,True,RULE_DUPLICATE_CHARGE,clean_fight,0,False,CUST-05983,1074.35,apparel,2026-06-14,True,2026-06-21,True,True,False,0.759895,14,FIGHT,516.3932219177484,516.3932219177484,0.15923557046979603
DSP-02217,ORD-03370,item_not_received,2026-04-10,22,pending,0.4983,True,RULE_ITEM_NOT_RECEIVED,clean_concede,4,False,CUST-04469,705.18,electronics,2026-03-19,True,2026-03-24,True,True,False,0.41371232,0,MANUAL_REVIEW,-8.258344269990914,-8.258344269990914,0.42436966442952856
DSP-03017,ORD-09001,not_as_described,2026-04-19,21,pending,0.4947,True,RULE_NOT_AS_DESCRIBED,clean_concede,3,False,CUST-01777,223.02,apparel,2026-03-29,True,2026-04-04,True,True,False,0.48341146,0,CONCEDE,-192.18957594215868,-192.18957594215868,0.4049538255033554
DSP-03687,ORD-01056,not_as_described,2026-04-26,12,pending,0.7042,True,RULE_NOT_AS_DESCRIBED,clean_fight,0,False,CUST-04899,1665.26,electronics,2026-04-14,True,2026-04-19,True,True,False,0.6090597,8,FIGHT,714.2427417492867,714.2427417492867,0.3030306040268414
DSP-00976,ORD-19913,item_not_received,2026-03-29,14,pending,0.6124,False,RULE_ITEM_NOT_RECEIVED,clean_fight,1,False,CUST-02185,1746.52,electronics,2026-03-15,True,2026-03-21,True,True,False,0.61253846,6,FIGHT,769.8106657743454,769.8106657743454,0.3463028187919418
DSP-05861,ORD-18282,not_as_described,2026-05-18,23,pending,0.5163,False,RULE_NOT_AS_DESCRIBED,clean_fight,2,False,CUST-01254,484.36,groceries,2026-04-25,True,2026-04-26,True,True,False,0.45110065,0,MANUAL_REVIEW,-81.50489040136335,-81.50489040136335,0.4154775838926164
DSP-04644,ORD-04921,not_as_described,2026-05-05,11,pending,0.2252,False,RULE_NOT_AS_DESCRIBED,clean_concede,5,False,CUST-05626,2062.71,electronics,2026-04-24,False,,True,True,False,0.18048176,9,MANUAL_REVIEW,72.2815346637368,72.2815346637368,0.29903530201341755
DSP-14312,ORD-00117,item_not_received,2026-08-13,11,pending,0.5003,False,RULE_ITEM_NOT_RECEIVED,clean_fight,2,False,CUST-03241,241.8,groceries,2026-08-02,True,2026-08-06,True,False,False,0.32641363,9,CONCEDE,-221.07318391799924,-221.07318391799924,0.2257100671140936
DSP-08550,ORD-00188,item_not_received,2026-06-14,9,pending,0.6386,True,RULE_ITEM_NOT_RECEIVED,clean_fight,0,False,CUST-02655,106.13,groceries,2026-06-05,True,2026-06-09,True,True,False,0.627743,11,CONCEDE,-233.37763479948046,-233.37763479948046,0.18024684563758386
DSP-10691,ORD-05275,unauthorized_transaction,2026-07-06,19,pending,0.6882,True,RULE_UNAUTHORIZED_TRANSACTION,clean_fight,0,False,CUST-03259,518.75,apparel,2026-06-17,True,2026-06-21,True,True,False,0.6851477,1,MANUAL_REVIEW,55.420370772480965,55.420370772480965,0.39686241610738143
DSP-07556,ORD-15049,item_not_received,2026-06-04,9,pending,0.4717,True,RULE_ITEM_NOT_RECEIVED,clean_concede,3,False,CUST-00584,1323.54,electronics,2026-05-26,True,2026-05-27,True,True,True,0.4298468,11,FIGHT,268.9194249540567,268.9194249540567,0.22927006711409065
DSP-13401,ORD-01807,item_not_received,2026-08-02,9,pending,0.7688,False,RULE_ITEM_NOT_RECEIVED,clean_fight,0,False,CUST-05267,100.0,digital_goods,2026-07-24,True,2026-07-25,True,True,False,0.7172493,11,CONCEDE,-228.27507257461548,-228.27507257461548,0.18
DSP-13539,ORD-03649,unauthorized_transaction,2026-08-04,4,pending,0.4264,True,RULE_UNAUTHORIZED_TRANSACTION,clean_concede,0,False,CUST-02872,421.31,electronics,2026-07-31,True,2026-08-07,False,True,False,0.48105252,16,MANUAL_REVIEW,-97.3277636873722,-97.3277636873722,0.09293865771811992
DSP-07134,ORD-06038,not_as_described,2026-05-31,2,pending,0.483,False,RULE_NOT_AS_DESCRIBED,clean_concede,2,False,CUST-02260,701.59,electronics,2026-05-29,True,2026-06-05,True,True,False,0.59127194,18,MANUAL_REVIEW,114.83047820508483,114.83047820508483,0.0642251006711393
DSP-04159,ORD-19166,duplicate_charge,2026-04-30,16,pending,0.4293,True,RULE_DUPLICATE_CHARGE,clean_concede,0,False,CUST-00341,4909.7,digital_goods,2026-04-14,False,,True,True,False,0.30026102,4,FIGHT,1174.1915331363678,1174.1915331363678,0.5136791946308595
DSP-10761,ORD-06415,unauthorized_transaction,2026-07-07,14,pending,0.6168,False,RULE_UNAUTHORIZED_TRANSACTION,clean_fight,1,False,CUST-02454,1251.05,electronics,2026-06-23,True,2026-06-30,True,True,False,0.6268528,6,FIGHT,484.22420842945576,484.22420842945576,0.32635100671140627
DSP-07449,ORD-13455,not_as_described,2026-06-03,24,pending,0.6513,True,RULE_NOT_AS_DESCRIBED,clean_fight,0,False,CUST-02801,916.35,apparel,2026-05-10,True,2026-05-16,True,True,False,0.5881063,0,FIGHT,238.9111847341061,238.9111847341061,0.4328731543624139
DSP-10466,ORD-15588,item_not_received,2026-07-04,24,pending,0.02,False,RULE_ITEM_NOT_RECEIVED,retry_needed,2,False,CUST-04477,846.19,electronics,2026-06-10,False,,True,False,True,0.07743411,0,CONCEDE,-234.47603243812918,-234.47603243812918,0.43004791946308524
DSP-13933,ORD-15440,item_not_received,2026-08-08,5,pending,0.5565,False,RULE_ITEM_NOT_RECEIVED,clean_fight,4,False,CUST-00237,1353.9,apparel,2026-08-03,True,2026-08-10,True,True,False,0.5116585,15,FIGHT,392.7344292104244,392.7344292104244,0.15049261744966105
DSP-01475,ORD-01873,item_not_received,2026-04-03,22,pending,0.7301,True,RULE_ITEM_NOT_RECEIVED,clean_fight,0,False,CUST-02317,637.37,electronics,2026-03-12,True,2026-03-16,True,True,False,0.7522229,0,FIGHT,179.44430698275568,179.44430698275568,0.4216390604026831
DSP-09674,ORD-17602,not_as_described,2026-06-26,6,pending,0.4225,False,RULE_NOT_AS_DESCRIBED,clean_concede,1,False,CUST-02970,1452.66,electronics,2026-06-20,True,2026-06-27,True,True,True,0.5172633,14,FIGHT,451.4076955962181,451.4076955962181,0.17446953020133865
DSP-01387,ORD-07156,item_not_received,2026-04-02,3,pending,0.6954,True,RULE_ITEM_NOT_RECEIVED,clean_fight,0,False,CUST-05899,694.78,groceries,2026-03-30,True,2026-04-01,True,False,False,0.6413507,17,MANUAL_REVIEW,145.59763000130653,145.59763000130653,0.08395087248321988
DSP-01516,ORD-16737,unauthorized_transaction,2026-04-04,9,pending,0.5818,True,RULE_UNAUTHORIZED_TRANSACTION,clean_fight,0,False,CUST-01733,342.82,electronics,2026-03-26,True,2026-03-28,True,True,True,0.5546333,11,MANUAL_REVIEW,-109.8606054508686,-109.8606054508686,0.18977798657718054
DSP-10677,ORD-18762,item_not_received,2026-07-06,1,pending,0.7123,True,RULE_ITEM_NOT_RECEIVED,clean_fight,0,False,CUST-04818,358.8,electronics,2026-07-05,True,2026-07-09,True,False,False,0.56197304,19,MANUAL_REVIEW,-98.36407492160797,-98.36407492160797,0.030421476510066433
DSP-09423,ORD-18905,unauthorized_transaction,2026-06-23,16,pending,0.5675,True,RULE_UNAUTHORIZED_TRANSACTION,clean_fight,1,False,CUST-05182,234.28,electronics,2026-06-07,True,2026-06-14,True,True,False,0.6108411,4,CONCEDE,-156.89214815855027,-156.89214815855027,0.32540724832214735
DSP-02242,ORD-16577,item_not_received,2026-04-11,15,pending,0.421,True,RULE_ITEM_NOT_RECEIVED,clean_concede,0,False,CUST-02662,328.16,apparel,2026-03-27,True,2026-04-01,False,False,False,0.43185112,5,CONCEDE,-158.28373685359955,-158.28373685359955,0.30918765100671086
DSP-07576,ORD-18397,unauthorized_transaction,2026-06-04,7,pending,0.3362,True,RULE_UNAUTHORIZED_TRANSACTION,clean_concede,2,False,CUST-02767,540.68,apparel,2026-05-28,False,,True,True,False,0.3542905,13,MANUAL_REVIEW,-108.44222036361697,-108.44222036361697,0.15774550335570348
DSP-08830,ORD-04938,unauthorized_transaction,2026-06-17,10,pending,0.3903,True,RULE_UNAUTHORIZED_TRANSACTION,clean_concede,1,False,CUST-01384,478.9,home_goods,2026-06-07,False,,True,True,True,0.22584012,10,CONCEDE,-191.845165809989,-191.845165809989,0.21525771812080435
DSP-13849,ORD-19075,not_as_described,2026-08-07,13,pending,0.4756,False,RULE_NOT_AS_DESCRIBED,clean_concede,2,False,CUST-01303,314.43,home_goods,2026-07-25,True,2026-07-28,True,False,False,0.4719534,7,CONCEDE,-151.60369494438172,-151.60369494438172,0.2686347651006706
DSP-05326,ORD-12480,item_not_received,2026-05-12,10,pending,0.4265,False,RULE_ITEM_NOT_RECEIVED,clean_concede,4,False,CUST-00927,521.96,groceries,2026-05-02,True,2026-05-09,True,True,False,0.30299053,10,MANUAL_REVIEW,-141.85106506943703,-141.85106506943703,0.21699167785234785
DSP-06629,ORD-08189,not_as_described,2026-05-26,6,pending,0.5038,False,RULE_NOT_AS_DESCRIBED,clean_fight,2,False,CUST-00968,2250.6,apparel,2026-05-20,True,2026-05-27,True,True,True,0.46650267,14,FIGHT,749.9109011650085,749.9109011650085,0.20660134228187338
DSP-08711,ORD-16883,duplicate_charge,2026-06-16,8,pending,0.02,False,RULE_DUPLICATE_CHARGE,clean_concede,5,False,CUST-02692,689.39,apparel,2026-06-08,False,,True,True,False,0.09953556,12,CONCEDE,-231.38117884524166,-231.38117884524166,0.18373382550335415
DSP-06319,ORD-04682,not_as_described,2026-05-22,21,pending,0.6244,False,RULE_NOT_AS_DESCRIBED,clean_fight,1,False,CUST-04866,2173.41,digital_goods,2026-05-01,True,2026-05-07,True,True,False,0.6174184,0,FIGHT,1041.9033429872989,1041.9033429872989,0.4834930201342226
DSP-01994,ORD-13151,not_as_described,2026-04-08,14,pending,0.2372,False,RULE_NOT_AS_DESCRIBED,clean_concede,6,False,CUST-02349,620.25,apparel,2026-03-25,True,2026-04-02,True,False,True,0.19513327,6,CONCEDE,-178.96859000623226,-178.96859000623226,0.30094966442952875
DSP-05154,ORD-13851,not_as_described,2026-05-10,9,pending,0.5914,True,RULE_NOT_AS_DESCRIBED,clean_fight,1,False,CUST-05638,1091.65,apparel,2026-05-01,True,2026-05-09,True,True,False,0.64382064,11,FIGHT,402.82680539488797,402.82680539488797,0.219932214765098
DSP-10397,ORD-10075,unauthorized_transaction,2026-07-03,9,pending,0.5438,True,RULE_UNAUTHORIZED_TRANSACTION,clean_fight,3,False,CUST-01697,212.58,digital_goods,2026-06-24,True,2026-06-28,True,True,False,0.6207328,11,CONCEDE,-168.04462471961975,-168.04462471961975,0.18453342281879165
DSP-10163,ORD-02266,unauthorized_transaction,2026-07-01,21,pending,0.2892,False,RULE_UNAUTHORIZED_TRANSACTION,clean_concede,5,False,CUST-05812,821.7,home_goods,2026-06-10,False,,True,True,False,0.17675407,0,CONCEDE,-154.7611787840724,-154.7611787840724,0.429061744966441
DSP-00472,ORD-12482,duplicate_charge,2026-03-22,1,pending,0.3808,False,RULE_DUPLICATE_CHARGE,clean_concede,2,False,CUST-05562,228.76,groceries,2026-03-21,True,2026-03-26,True,False,False,0.32795468,19,CONCEDE,-224.97708746552468,-224.97708746552468,0.02518496644295269
DSP-14737,ORD-00229,duplicate_charge,2026-08-20,23,pending,0.4248,False,RULE_DUPLICATE_CHARGE,clean_concede,2,False,CUST-02030,1478.19,apparel,2026-07-28,True,2026-07-29,True,True,False,0.5216331,0,FIGHT,471.07281522095207,471.07281522095207,0.45549758389261374
DSP-13652,ORD-10510,unauthorized_transaction,2026-08-05,12,pending,0.2713,False,RULE_UNAUTHORIZED_TRANSACTION,clean_concede,1,False,CUST-02513,1704.91,groceries,2026-07-24,True,2026-07-29,False,True,False,0.30963615,8,FIGHT,227.90176138728862,227.90176138728862,0.3046272483221433
DSP-05834,ORD-18161,duplicate_charge,2026-05-17,24,pending,0.12,False,RULE_DUPLICATE_CHARGE,clean_concede,4,False,CUST-00038,239.89,electronics,2026-04-23,True,2026-04-28,False,True,False,0.3400823,0,CONCEDE,-218.41765998244284,-218.41765998244284,0.40563315436241576
DSP-09406,ORD-19247,not_as_described,2026-06-23,20,pending,0.1245,False,RULE_NOT_AS_DESCRIBED,clean_concede,1,False,CUST-01676,925.74,groceries,2026-06-03,False,,False,False,False,0.08249051,0,CONCEDE,-223.6352341260016,-223.6352341260016,0.433251275167783
DSP-14912,ORD-13854,not_as_described,2026-08-25,20,pending,0.6129,True,RULE_NOT_AS_DESCRIBED,clean_fight,1,False,CUST-02694,1285.7,home_goods,2026-08-05,True,2026-08-06,True,True,False,0.49926794,0,FIGHT,341.9087849974633,341.9087849974633,0.447746308724829
DSP-01779,ORD-19702,duplicate_charge,2026-04-06,3,pending,0.5412,True,RULE_DUPLICATE_CHARGE,clean_fight,1,False,CUST-03537,850.84,groceries,2026-04-03,True,2026-04-12,True,True,False,0.5869249,17,FIGHT,199.37919088840488,199.37919088840488,0.09023516778523288
DSP-04767,ORD-04993,unauthorized_transaction,2026-05-06,3,pending,0.5539,False,RULE_UNAUTHORIZED_TRANSACTION,clean_fight,2,False,CUST-04077,324.05,groceries,2026-05-03,True,2026-05-06,True,True,True,0.55436194,17,MANUAL_REVIEW,-120.35901352763176,-120.35901352763176,0.06902214765100612
DSP-05520,ORD-16248,not_as_described,2026-05-14,22,pending,0.4439,True,RULE_NOT_AS_DESCRIBED,clean_concede,3,False,CUST-03808,486.15,electronics,2026-04-22,True,2026-04-24,True,True,False,0.47714803,0,MANUAL_REVIEW,-68.03448704928161,-68.03448704928161,0.4155496644295292
DSP-09643,ORD-09202,unauthorized_transaction,2026-06-26,22,pending,0.7284,True,RULE_UNAUTHORIZED_TRANSACTION,clean_fight,0,False,CUST-02330,2994.31,apparel,2026-06-04,True,2026-06-11,True,False,False,0.61967963,0,FIGHT,1555.512912314534,1555.512912314534,0.5165493959731465
DSP-01432,ORD-18892,duplicate_charge,2026-04-03,5,pending,0.3738,True,RULE_DUPLICATE_CHARGE,clean_concede,1,False,CUST-01912,169.15,digital_goods,2026-03-29,False,,True,True,False,0.37427133,15,CONCEDE,-236.69200398623943,-236.69200398623943,0.10278456375838908
DSP-00476,ORD-19836,unauthorized_transaction,2026-03-22,3,pending,0.8272,True,RULE_UNAUTHORIZED_TRANSACTION,clean_fight,0,False,CUST-03208,2497.43,electronics,2026-03-19,True,2026-03-24,True,True,False,0.76452607,17,FIGHT,1609.350340912938,1609.350340912938,0.15654080536912104
DSP-07145,ORD-11039,item_not_received,2026-05-31,13,pending,0.59,True,RULE_ITEM_NOT_RECEIVED,clean_fight,1,False,CUST-02294,857.67,groceries,2026-05-18,True,2026-05-19,True,True,False,0.6104214,7,FIGHT,223.54013855695723,223.54013855695723,0.29051020134227984
DSP-05380,ORD-17481,item_not_received,2026-05-13,6,pending,0.7299,True,RULE_ITEM_NOT_RECEIVED,clean_fight,0,False,CUST-04367,977.16,groceries,2026-05-07,True,2026-05-09,True,True,False,0.76385546,14,FIGHT,446.4089986610412,446.4089986610412,0.15532187919462853
DSP-00818,ORD-02576,duplicate_charge,2026-03-27,13,pending,0.6802,True,RULE_DUPLICATE_CHARGE,clean_fight,0,False,CUST-03863,1313.99,digital_goods,2026-03-14,True,2026-03-20,True,True,False,0.70119834,7,FIGHT,621.3676060700417,621.3676060700417,0.3088855033557014
DSP-13332,ORD-03325,item_not_received,2026-08-02,6,pending,0.3749,False,RULE_ITEM_NOT_RECEIVED,retry_needed,0,False,CUST-04061,1715.79,electronics,2026-07-27,False,,True,True,False,0.2651468,14,FIGHT,154.9362141340971,154.9362141340971,0.18506536912751242
DSP-06371,ORD-11516,unauthorized_transaction,2026-05-23,18,pending,0.4757,False,RULE_UNAUTHORIZED_TRANSACTION,clean_concede,2,False,CUST-04914,183.83,apparel,2026-05-05,True,2026-05-12,True,False,False,0.5737176,2,CONCEDE,-194.53349466800688,-194.53349466800688,0.3633757046979864
DSP-03160,ORD-07124,item_not_received,2026-04-20,7,pending,0.6548,True,RULE_ITEM_NOT_RECEIVED,clean_fight,1,False,CUST-03063,5944.44,apparel,2026-04-13,True,2026-04-22,True,True,True,0.4853504,13,FIGHT,2585.136333020925,2585.136333020925,0.37534657718119224
DSP-03660,ORD-15448,item_not_received,2026-04-25,12,pending,0.5504,False,RULE_ITEM_NOT_RECEIVED,clean_fight,1,False,CUST-02647,889.59,groceries,2026-04-13,True,2026-04-20,True,True,False,0.5776471,8,FIGHT,213.86907475590704,213.86907475590704,0.2717955704697965
DSP-00632,ORD-02846,item_not_received,2026-03-25,15,pending,0.6358,True,RULE_ITEM_NOT_RECEIVED,clean_fight,2,False,CUST-01785,978.35,electronics,2026-03-10,True,2026-03-13,True,True,False,0.6518927,5,FIGHT,337.7792442291975,337.7792442291975,0.33536979865771577
DSP-14964,ORD-18553,not_as_described,2026-08-27,23,pending,0.5993,False,RULE_NOT_AS_DESCRIBED,clean_fight,0,False,CUST-03224,267.75,electronics,2026-08-04,True,2026-08-13,True,True,False,0.6336859,0,MANUAL_REVIEW,-130.33060379326344,-130.33060379326344,0.40675503355704656
DSP-05902,ORD-00206,item_not_received,2026-05-18,11,pending,0.5951,True,RULE_ITEM_NOT_RECEIVED,clean_fight,2,False,CUST-05404,343.14,electronics,2026-05-07,True,2026-05-08,True,True,False,0.6161702,9,MANUAL_REVIEW,-88.56734812617302,-88.56734812617302,0.22979087248322086
DSP-03293,ORD-07299,unauthorized_transaction,2026-04-21,16,pending,0.1778,False,RULE_UNAUTHORIZED_TRANSACTION,clean_concede,3,False,CUST-01514,307.94,groceries,2026-04-05,True,2026-04-14,False,True,False,0.22124563,4,CONCEDE,-231.86962021261454,-231.86962021261454,0.32837342281879145
DSP-10158,ORD-05588,item_not_received,2026-07-01,4,pending,0.7574,False,RULE_ITEM_NOT_RECEIVED,clean_fight,0,False,CUST-01720,431.11,groceries,2026-06-27,True,2026-06-30,True,True,False,0.6799306,16,MANUAL_REVIEW,-6.8751072448491755,-6.8751072448491755,0.09333328859060312
DSP-11104,ORD-04075,item_not_received,2026-07-11,12,pending,0.5093,True,RULE_ITEM_NOT_RECEIVED,clean_fight,0,False,CUST-05829,375.83,home_goods,2026-06-29,True,2026-07-03,False,True,True,0.48226938,8,MANUAL_REVIEW,-118.74870022386312,-118.74870022386312,0.25110724832214687
DSP-11673,ORD-11828,unauthorized_transaction,2026-07-16,12,pending,0.5665,True,RULE_UNAUTHORIZED_TRANSACTION,clean_fight,2,False,CUST-02802,381.86,digital_goods,2026-07-04,True,2026-07-05,True,True,False,0.6332745,8,MANUAL_REVIEW,-58.17780110955238,-58.17780110955238,0.2513500671140932
DSP-14232,ORD-01432,not_as_described,2026-08-11,5,pending,0.2578,True,RULE_NOT_AS_DESCRIBED,clean_concede,2,False,CUST-01111,2503.54,home_goods,2026-08-06,True,2026-08-10,True,True,True,0.44297495,15,FIGHT,809.0055184489488,809.0055184489488,0.19678684563757737
DSP-07219,ORD-01639,duplicate_charge,2026-06-01,5,pending,0.5716,True,RULE_DUPLICATE_CHARGE,clean_fight,1,False,CUST-05529,2780.58,electronics,2026-05-27,True,2026-05-28,True,True,False,0.8239711,15,FIGHT,1991.1175409424304,1991.1175409424304,0.20794281879193907
DSP-08457,ORD-17701,not_as_described,2026-06-13,23,pending,0.5451,False,RULE_NOT_AS_DESCRIBED,clean_fight,1,False,CUST-05727,411.58,groceries,2026-05-21,True,2026-05-27,True,True,False,0.44475642,0,MANUAL_REVIEW,-116.94715328752994,-116.94715328752994,0.4125468456375831
DSP-14287,ORD-11764,not_as_described,2026-08-12,14,pending,0.5105,False,RULE_NOT_AS_DESCRIBED,clean_fight,2,False,CUST-05394,163.37,electronics,2026-07-29,True,2026-08-04,True,True,False,0.49167034,6,CONCEDE,-219.6758165052533,-219.6758165052533,0.2825518120805367
DSP-12662,ORD-14281,item_not_received,2026-07-26,19,pending,0.2144,False,RULE_ITEM_NOT_RECEIVED,retry_needed,1,False,CUST-05578,2543.1,electronics,2026-07-07,False,,True,True,False,0.17424849,1,MANUAL_REVIEW,143.1313266724348,143.1313266724348,0.47837986577180547
DSP-08068,ORD-16904,unauthorized_transaction,2026-06-09,3,pending,0.686,True,RULE_UNAUTHORIZED_TRANSACTION,clean_fight,2,False,CUST-00053,1004.83,apparel,2026-06-06,True,2026-06-15,True,True,False,0.67590797,17,FIGHT,379.1726049673557,379.1726049673557,0.0964361073825479
DSP-02857,ORD-14988,not_as_described,2026-04-17,10,pending,0.4983,True,RULE_NOT_AS_DESCRIBED,clean_concede,2,False,CUST-00651,599.45,apparel,2026-04-07,True,2026-04-16,True,True,False,0.53148866,10,MANUAL_REVIEW,18.600875437259674,18.600875437259674,0.22011208053691142
DSP-02155,ORD-12870,unauthorized_transaction,2026-04-10,8,pending,0.5559,True,RULE_UNAUTHORIZED_TRANSACTION,clean_fight,2,False,CUST-01688,753.11,apparel,2026-04-02,False,,True,True,False,0.38205528,12,MANUAL_REVIEW,-12.270346126556376,-12.270346126556376,0.18629973154362242
DSP-13414,ORD-19920,unauthorized_transaction,2026-08-03,20,pending,0.49,True,RULE_UNAUTHORIZED_TRANSACTION,clean_concede,4,False,CUST-04785,136.82,electronics,2026-07-14,True,2026-07-21,True,True,False,0.4465557,0,CONCEDE,-238.90224859535695,-238.90224859535695,0.4014826845637583
DSP-13476,ORD-00955,item_not_received,2026-08-03,18,pending,0.572,False,RULE_ITEM_NOT_RECEIVED,clean_fight,1,False,CUST-01510,2374.1,groceries,2026-07-16,True,2026-07-21,True,True,False,0.5425755,2,FIGHT,988.12844363451,988.12844363451,0.45157449664428917
DSP-09202,ORD-18783,unauthorized_transaction,2026-06-21,8,pending,0.5189,False,RULE_UNAUTHORIZED_TRANSACTION,clean_fight,0,False,CUST-01868,148.38,digital_goods,2026-06-13,True,2026-06-19,True,False,False,0.55764693,12,CONCEDE,-217.2563484942913,-217.2563484942913,0.161948187919463
DSP-13184,ORD-02476,unauthorized_transaction,2026-07-31,6,pending,0.7564,True,RULE_UNAUTHORIZED_TRANSACTION,clean_fight,1,False,CUST-03164,730.23,apparel,2026-07-25,True,2026-08-02,True,True,False,0.7235153,14,FIGHT,228.33255717515942,228.33255717515942,0.1453783892617433
DSP-14720,ORD-17493,duplicate_charge,2026-08-19,17,pending,0.1332,False,RULE_DUPLICATE_CHARGE,clean_concede,1,False,CUST-05201,206.77,digital_goods,2026-08-02,True,2026-08-09,False,False,True,0.2343152,3,CONCEDE,-251.5506457568705,-251.5506457568705,0.34429946308724807
DSP-10598,ORD-01913,unauthorized_transaction,2026-07-05,11,pending,0.6271,True,RULE_UNAUTHORIZED_TRANSACTION,clean_fight,0,False,CUST-05271,652.36,home_goods,2026-06-24,True,2026-06-26,True,True,False,0.7516276,9,FIGHT,190.33179681539536,190.33179681539536,0.24224268456375692
DSP-03290,ORD-12198,unauthorized_transaction,2026-04-21,2,pending,0.626,True,RULE_UNAUTHORIZED_TRANSACTION,clean_fight,2,False,CUST-00161,590.04,apparel,2026-04-19,True,2026-04-26,True,True,False,0.5555725,18,MANUAL_REVIEW,27.810003662109352,27.810003662109352,0.059733154362414775
DSP-07728,ORD-15317,item_not_received,2026-06-06,1,pending,0.7671,True,RULE_ITEM_NOT_RECEIVED,clean_fight,1,False,CUST-00711,260.32,digital_goods,2026-06-05,True,2026-06-08,True,True,False,0.666351,19,MANUAL_REVIEW,-126.53550238609316,-126.53550238609316,0.02645583892617408
DSP-03001,ORD-06225,duplicate_charge,2026-04-18,15,pending,0.1901,False,RULE_DUPLICATE_CHARGE,clean_concede,2,False,CUST-01931,941.08,digital_goods,2026-04-03,False,,True,True,False,0.24251726,5,MANUAL_REVIEW,-71.77185442090033,-71.77185442090033,0.3338689932885884
DSP-07294,ORD-05611,item_not_received,2026-06-02,9,pending,0.02,False,RULE_ITEM_NOT_RECEIVED,retry_needed,0,False,CUST-00599,892.92,electronics,2026-05-24,False,,False,True,False,0.09327787,11,CONCEDE,-216.71032288312912,-216.71032288312912,0.21192966442952804
DSP-11224,ORD-15205,not_as_described,2026-07-12,8,pending,0.5488,True,RULE_NOT_AS_DESCRIBED,clean_fight,2,False,CUST-00370,944.5,groceries,2026-07-04,True,2026-07-06,True,True,False,0.4659271,12,MANUAL_REVIEW,140.06814049184322,140.06814049184322,0.1940067114093937
DSP-01987,ORD-17893,unauthorized_transaction,2026-04-08,8,pending,0.5081,False,RULE_UNAUTHORIZED_TRANSACTION,clean_fight,4,False,CUST-03529,1464.45,electronics,2026-03-31,True,2026-04-09,True,True,False,0.5298011,12,FIGHT,475.8671779721975,475.8671779721975,0.21494429530200976
DSP-11352,ORD-05953,unauthorized_transaction,2026-07-13,9,pending,0.1665,True,RULE_UNAUTHORIZED_TRANSACTION,clean_concede,2,False,CUST-04522,619.24,groceries,2026-07-04,True,2026-07-13,False,True,False,0.2385408,11,CONCEDE,-152.28599598288537,-152.28599598288537,0.2009089932885892
DSP-05320,ORD-15568,item_not_received,2026-05-12,4,pending,0.2467,False,RULE_ITEM_NOT_RECEIVED,retry_needed,2,False,CUST-03084,2585.67,apparel,2026-05-08,False,,True,True,False,0.18131573,16,FIGHT,168.82265647217633,168.82265647217633,0.1800940939597248
DSP-07418,ORD-08273,not_as_described,2026-06-03,22,pending,0.422,True,RULE_NOT_AS_DESCRIBED,clean_concede,0,False,CUST-01469,1768.82,groceries,2026-05-12,True,2026-05-18,True,True,True,0.44229016,0,FIGHT,482.33167564570897,482.33167564570897,0.467200805369123
DSP-06166,ORD-02064,item_not_received,2026-05-21,12,pending,0.5938,False,RULE_ITEM_NOT_RECEIVED,clean_fight,0,False,CUST-04391,2440.97,electronics,2026-05-09,True,2026-05-12,True,True,False,0.65834427,8,FIGHT,1306.9986098098755,1306.9986098098755,0.3342672483221413
DSP-01736,ORD-01576,not_as_described,2026-04-06,12,pending,0.4915,True,RULE_NOT_AS_DESCRIBED,clean_concede,0,False,CUST-01871,1351.17,groceries,2026-03-25,True,2026-04-03,True,True,True,0.42073306,8,FIGHT,268.4818946430088,268.4818946430088,0.290382684563755
DSP-12199,ORD-18171,item_not_received,2026-07-22,22,pending,0.4312,False,RULE_ITEM_NOT_RECEIVED,clean_concede,2,False,CUST-01277,1174.87,groceries,2026-06-30,True,2026-07-01,True,True,False,0.5865153,0,FIGHT,389.07923923611634,389.07923923611634,0.44328335570469507
DSP-01004,ORD-15007,unauthorized_transaction,2026-03-29,13,pending,0.4819,False,RULE_UNAUTHORIZED_TRANSACTION,clean_concede,4,False,CUST-00406,1207.54,home_goods,2026-03-16,True,2026-03-17,True,True,False,0.45952445,7,FIGHT,254.89415759682652,254.89415759682652,0.30459892617449363
DSP-01064,ORD-03547,duplicate_charge,2026-03-30,8,pending,0.323,False,RULE_DUPLICATE_CHARGE,clean_concede,4,False,CUST-02436,1377.86,electronics,2026-03-22,True,2026-03-26,True,True,False,0.36305264,12,FIGHT,200.23570556938643,200.23570556938643,0.2114574496644261
DSP-03366,ORD-18319,duplicate_charge,2026-04-22,7,pending,0.4036,True,RULE_DUPLICATE_CHARGE,clean_concede,2,False,CUST-03034,425.97,home_goods,2026-04-15,True,2026-04-16,True,True,False,0.4400397,13,MANUAL_REVIEW,-112.55629141509533,-112.55629141509533,0.15312630872483132
DSP-11090,ORD-19591,unauthorized_transaction,2026-07-11,16,pending,0.5641,False,RULE_UNAUTHORIZED_TRANSACTION,clean_fight,1,False,CUST-05725,120.5,electronics,2026-06-25,True,2026-06-27,True,True,True,0.5655418,4,CONCEDE,-231.8522126376629,-231.8522126376629,0.3208255033557047
DSP-06819,ORD-12641,unauthorized_transaction,2026-05-28,6,pending,0.634,True,RULE_UNAUTHORIZED_TRANSACTION,clean_fight,0,False,CUST-00314,100.0,groceries,2026-05-22,True,2026-05-27,True,True,False,0.77753496,14,CONCEDE,-222.24650382995605,-222.24650382995605,0.12000000000000002
DSP-01034,ORD-16367,not_as_described,2026-03-30,14,pending,0.448,True,RULE_NOT_AS_DESCRIBED,clean_concede,0,False,CUST-04991,463.34,apparel,2026-03-16,False,,True,True,False,0.35996082,6,MANUAL_REVIEW,-133.2157516914606,-133.2157516914606,0.2946311409395963
DSP-07879,ORD-12813,not_as_described,2026-06-07,8,pending,0.5541,False,RULE_NOT_AS_DESCRIBED,clean_fight,1,False,CUST-01834,503.67,groceries,2026-05-30,True,2026-06-07,True,True,False,0.4620502,12,MANUAL_REVIEW,-67.27917601346968,-67.27917601346968,0.17625516778523384
DSP-04553,ORD-02908,unauthorized_transaction,2026-05-04,9,pending,0.7044,False,RULE_UNAUTHORIZED_TRANSACTION,clean_fight,0,False,CUST-03434,1752.26,electronics,2026-04-25,True,2026-04-29,True,True,False,0.7012021,11,FIGHT,928.688382204771,928.688382204771,0.24653395973153913
DSP-11800,ORD-17354,item_not_received,2026-07-18,24,pending,0.6553,False,RULE_ITEM_NOT_RECEIVED,clean_fight,0,False,CUST-04679,697.04,home_goods,2026-06-24,True,2026-07-03,True,True,False,0.66953456,0,FIGHT,166.69237250328064,166.69237250328064,0.42404187919462927
DSP-00960,ORD-15933,unauthorized_transaction,2026-03-29,3,pending,0.5651,True,RULE_UNAUTHORIZED_TRANSACTION,clean_fight,3,False,CUST-05915,294.34,apparel,2026-03-26,True,2026-03-31,True,True,False,0.64976096,17,MANUAL_REVIEW,-108.74935858249665,-108.74935858249665,0.06782577181208002
DSP-09320,ORD-13788,unauthorized_transaction,2026-06-22,10,pending,0.02,False,RULE_UNAUTHORIZED_TRANSACTION,clean_concede,6,False,CUST-02048,557.57,electronics,2026-06-12,False,,False,True,False,0.020552468,10,CONCEDE,-288.5405606654659,-288.5405606654659,0.21842563758389139
DSP-13595,ORD-18622,not_as_described,2026-08-05,21,pending,0.565,True,RULE_NOT_AS_DESCRIBED,clean_fight,0,False,CUST-02802,270.44,electronics,2026-07-15,True,2026-07-18,True,True,False,0.64371616,0,MANUAL_REVIEW,-125.91340264081956,-125.91340264081956,0.40686335570469756
DSP-10475,ORD-08219,not_as_described,2026-07-04,17,pending,0.4661,False,RULE_NOT_AS_DESCRIBED,clean_concede,0,False,CUST-03737,1846.62,apparel,2026-06-17,True,2026-06-19,False,True,False,0.4725643,3,FIGHT,572.646705828309,572.646705828309,0.41033369127516306
DSP-09091,ORD-04141,item_not_received,2026-06-20,10,pending,0.4716,False,RULE_ITEM_NOT_RECEIVED,clean_concede,2,False,CUST-01215,632.96,electronics,2026-06-10,True,2026-06-18,True,True,False,0.65620786,10,MANUAL_REVIEW,115.35332675933842,115.35332675933842,0.22146147651006567
DSP-14387,ORD-01780,unauthorized_transaction,2026-08-14,17,pending,0.3532,False,RULE_UNAUTHORIZED_TRANSACTION,clean_concede,1,False,CUST-04346,552.06,digital_goods,2026-07-28,False,,True,True,False,0.32964784,3,MANUAL_REVIEW,-118.01461396336558,-118.01461396336558,0.35820375838926055
DSP-02072,ORD-05831,item_not_received,2026-04-09,5,pending,0.6285,False,RULE_ITEM_NOT_RECEIVED,clean_fight,1,False,CUST-05223,340.75,home_goods,2026-04-04,True,2026-04-06,True,False,False,0.47873068,15,MANUAL_REVIEW,-136.87252128124237,-136.87252128124237,0.10969463087248257
DSP-03639,ORD-02026,unauthorized_transaction,2026-04-25,5,pending,0.3667,False,RULE_UNAUTHORIZED_TRANSACTION,clean_concede,0,False,CUST-02746,477.65,digital_goods,2026-04-20,True,2026-04-27,False,True,False,0.45530358,15,MANUAL_REVIEW,-82.52424521893263,-82.52424521893263,0.11520738255033455
DSP-00172,ORD-02232,duplicate_charge,2026-03-16,5,pending,0.6461,True,RULE_DUPLICATE_CHARGE,clean_fight,1,False,CUST-02575,1671.23,electronics,2026-03-11,True,2026-03-17,True,True,False,0.6687928,15,FIGHT,817.7065647619963,817.7065647619963,0.16327100671140515
DSP-06122,ORD-12901,duplicate_charge,2026-05-21,13,pending,0.1439,False,RULE_DUPLICATE_CHARGE,clean_concede,3,False,CUST-00172,769.17,electronics,2026-05-08,False,,True,True,False,0.20427886,7,MANUAL_REVIEW,-142.8748319336772,-142.8748319336772,0.28694644295301835
DSP-11523,ORD-12376,unauthorized_transaction,2026-07-15,21,pending,0.5713,False,RULE_UNAUTHORIZED_TRANSACTION,clean_fight,0,False,CUST-04852,321.75,digital_goods,2026-06-24,True,2026-06-28,True,True,True,0.5523471,0,MANUAL_REVIEW,-122.28231297433376,-122.28231297433376,0.4089295302013417
DSP-13474,ORD-02458,item_not_received,2026-08-03,9,pending,0.1493,False,RULE_ITEM_NOT_RECEIVED,retry_needed,0,False,CUST-00880,1153.05,home_goods,2026-07-25,False,,True,True,False,0.29708722,11,MANUAL_REVIEW,42.55642171651124,42.55642171651124,0.22240469798657433
DSP-13984,ORD-16149,unauthorized_transaction,2026-08-09,24,pending,0.7514,True,RULE_UNAUTHORIZED_TRANSACTION,clean_fight,0,False,CUST-00006,102.33,digital_goods,2026-07-16,True,2026-07-20,True,True,False,0.5532807,0,CONCEDE,-243.38278482556342,-243.38278482556342,0.4000938255033557
DSP-03091,ORD-17583,unauthorized_transaction,2026-04-19,5,pending,0.6914,True,RULE_UNAUTHORIZED_TRANSACTION,clean_fight,1,False,CUST-03125,1910.06,digital_goods,2026-04-14,True,2026-04-20,True,True,False,0.7708564,15,FIGHT,1172.3819380664825,1172.3819380664825,0.1728883221476461
DSP-03784,ORD-04288,item_not_received,2026-04-26,4,pending,0.5528,False,RULE_ITEM_NOT_RECEIVED,clean_fight,4,False,CUST-04441,3441.02,digital_goods,2026-04-22,True,2026-04-25,True,True,False,0.5464645,16,FIGHT,1580.3952834641934,1580.3952834641934,0.2145377181207963
DSP-08150,ORD-13258,unauthorized_transaction,2026-06-10,24,pending,0.496,True,RULE_UNAUTHORIZED_TRANSACTION,clean_concede,0,False,CUST-00827,1246.73,digital_goods,2026-05-17,False,,True,True,False,0.368674,0,FIGHT,159.6369485351443,159.6369485351443,0.4461770469798627
DSP-01098,ORD-03177,not_as_described,2026-03-30,2,pending,0.7923,True,RULE_NOT_AS_DESCRIBED,clean_fight,0,False,CUST-03554,274.24,apparel,2026-03-28,True,2026-04-06,True,True,False,0.6474317,18,MANUAL_REVIEW,-122.44833837509154,-122.44833837509154,0.0470163758389257
DSP-11590,ORD-18784,item_not_received,2026-07-16,6,pending,0.02,False,RULE_ITEM_NOT_RECEIVED,retry_needed,1,False,CUST-04810,2367.94,apparel,2026-07-10,False,,False,False,True,0.05079217,14,CONCEDE,-179.72719175048172,-179.72719175048172,0.21132644295301403
DSP-05874,ORD-16015,duplicate_charge,2026-05-18,13,pending,0.7429,False,RULE_DUPLICATE_CHARGE,clean_fight,0,False,CUST-02416,277.88,apparel,2026-05-05,True,2026-05-06,True,True,False,0.6529459,7,MANUAL_REVIEW,-118.55939994335174,-118.55939994335174,0.26716295302013376
DSP-00320,ORD-07640,not_as_described,2026-03-19,11,pending,0.1844,False,RULE_NOT_AS_DESCRIBED,clean_concede,1,False,CUST-00924,1335.12,groceries,2026-03-08,False,,True,True,True,0.20329006,9,MANUAL_REVIEW,-28.58337487578393,-28.58337487578393,0.26973637583892285
DSP-02307,ORD-06198,not_as_described,2026-04-11,11,pending,0.4701,True,RULE_NOT_AS_DESCRIBED,clean_concede,0,False,CUST-02153,1177.88,apparel,2026-03-31,False,,True,True,False,0.37515968,9,MANUAL_REVIEW,141.89308487176902,141.89308487176902,0.2634045637583864
DSP-01263,ORD-09363,not_as_described,2026-04-01,21,pending,0.5418,True,RULE_NOT_AS_DESCRIBED,clean_fight,2,False,CUST-04925,2544.19,groceries,2026-03-11,True,2026-03-12,True,True,False,0.46750277,0,FIGHT,889.4158795505762,889.4158795505762,0.4984237583892551
DSP-07591,ORD-16509,duplicate_charge,2026-06-04,13,pending,0.6077,True,RULE_DUPLICATE_CHARGE,clean_fight,1,False,CUST-03241,1246.82,electronics,2026-05-22,True,2026-05-25,True,True,False,0.580984,7,FIGHT,424.38246638059616,424.38246638059616,0.3061806711409365
DSP-00373,ORD-08204,duplicate_charge,2026-03-20,11,pending,0.5293,True,RULE_DUPLICATE_CHARGE,clean_fight,0,False,CUST-05356,1620.13,electronics,2026-03-09,True,2026-03-12,False,True,False,0.46290454,9,FIGHT,449.96553673952826,449.96553673952826,0.28121328859059996
DSP-00407,ORD-00608,not_as_described,2026-03-21,4,pending,0.4068,True,RULE_NOT_AS_DESCRIBED,clean_concede,4,False,CUST-01207,1123.82,groceries,2026-03-17,True,2026-03-19,True,True,False,0.4461645,16,FIGHT,201.4085757946968,201.4085757946968,0.12122765100670863
DSP-04341,ORD-17166,item_not_received,2026-05-02,19,pending,0.5178,False,RULE_ITEM_NOT_RECEIVED,clean_fight,5,False,CUST-05856,1233.07,apparel,2026-04-13,True,2026-04-14,True,True,False,0.42919937,1,FIGHT,229.2328644058108,229.2328644058108,0.42562697986576875
DSP-07502,ORD-14105,duplicate_charge,2026-06-04,2,pending,0.5985,False,RULE_DUPLICATE_CHARGE,clean_fight,1,False,CUST-04976,930.62,home_goods,2026-06-02,True,2026-06-04,True,True,False,0.5579537,18,FIGHT,219.2428865551949,219.2428865551949,0.07344778523489708
DSP-04853,ORD-15702,not_as_described,2026-05-07,22,pending,0.4271,False,RULE_NOT_AS_DESCRIBED,clean_concede,0,False,CUST-03041,752.3,digital_goods,2026-04-15,False,,True,True,False,0.35561007,0,MANUAL_REVIEW,-32.47454237341884,-32.47454237341884,0.426267114093958
DSP-04354,ORD-12840,unauthorized_transaction,2026-05-02,1,pending,0.7121,False,RULE_UNAUTHORIZED_TRANSACTION,clean_fight,1,False,CUST-02163,798.34,apparel,2026-05-01,True,2026-05-07,True,True,False,0.65716827,19,FIGHT,224.64371599912647,224.64371599912647,0.04812107382550149
DSP-06953,ORD-12894,item_not_received,2026-05-29,9,pending,0.5972,True,RULE_ITEM_NOT_RECEIVED,clean_fight,3,False,CUST-01547,555.71,electronics,2026-05-20,True,2026-05-26,True,True,False,0.4764455,11,MANUAL_REVIEW,-35.234473372101775,-35.234473372101775,0.19835073825503233
DSP-09964,ORD-03610,unauthorized_transaction,2026-06-29,6,pending,0.7457,True,RULE_UNAUTHORIZED_TRANSACTION,clean_fight,2,False,CUST-00267,719.71,groceries,2026-06-23,True,2026-06-24,True,True,False,0.6395218,14,FIGHT,160.27021857798104,160.27021857798104,0.14495476510066949
DSP-01050,ORD-08113,item_not_received,2026-03-30,18,pending,0.3269,True,RULE_ITEM_NOT_RECEIVED,clean_concede,2,False,CUST-04222,1561.41,groceries,2026-03-12,True,2026-03-17,False,True,False,0.47816113,2,FIGHT,446.6055643334985,446.6055643334985,0.41884872483221086
DSP-00921,ORD-03581,not_as_described,2026-03-28,17,pending,0.4596,False,RULE_NOT_AS_DESCRIBED,clean_concede,0,False,CUST-01149,608.86,electronics,2026-03-11,True,2026-03-14,False,True,False,0.4651309,3,MANUAL_REVIEW,-16.800403041243555,-16.800403041243555,0.36049100671140805
DSP-03210,ORD-19039,item_not_received,2026-04-21,12,pending,0.6114,True,RULE_ITEM_NOT_RECEIVED,clean_fight,1,False,CUST-05920,680.52,apparel,2026-04-09,True,2026-04-11,True,True,False,0.6915474,8,FIGHT,170.61183242797853,170.61183242797853,0.26337664429530044
DSP-12302,ORD-18749,item_not_received,2026-07-22,13,pending,0.5329,True,RULE_ITEM_NOT_RECEIVED,clean_fight,1,False,CUST-04046,376.25,apparel,2026-07-09,True,2026-07-16,False,True,False,0.52446556,7,MANUAL_REVIEW,-102.66983270645142,-102.66983270645142,0.27112416107382475
DSP-08524,ORD-10083,not_as_described,2026-06-14,8,pending,0.4421,True,RULE_NOT_AS_DESCRIBED,clean_concede,3,False,CUST-01634,1002.36,electronics,2026-06-06,True,2026-06-07,True,True,False,0.49759254,12,FIGHT,198.76685698628427,198.76685698628427,0.1963366442952996
DSP-05518,ORD-05429,not_as_described,2026-05-14,11,pending,0.5411,False,RULE_NOT_AS_DESCRIBED,clean_fight,2,False,CUST-01506,423.68,home_goods,2026-05-03,True,2026-05-04,True,True,False,0.44248432,9,MANUAL_REVIEW,-112.52824363708496,-112.52824363708496,0.2330340939597307
DSP-00190,ORD-11826,item_not_received,2026-03-17,6,pending,0.7022,False,RULE_ITEM_NOT_RECEIVED,clean_fight,0,False,CUST-02267,207.91,home_goods,2026-03-11,True,2026-03-18,True,True,True,0.7448648,14,MANUAL_REVIEW,-145.1351549756527,-145.1351549756527,0.12434536912751651
DSP-11987,ORD-12384,unauthorized_transaction,2026-07-19,11,pending,0.775,True,RULE_UNAUTHORIZED_TRANSACTION,clean_fight,0,False,CUST-05386,520.43,electronics,2026-07-08,True,2026-07-09,True,True,False,0.69048476,9,MANUAL_REVIEW,59.34898478746413,59.34898478746413,0.23693006711409284
DSP-07192,ORD-06074,unauthorized_transaction,2026-06-01,2,pending,0.4284,False,RULE_UNAUTHORIZED_TRANSACTION,clean_concede,1,False,CUST-02410,315.65,groceries,2026-05-30,False,,True,True,False,0.40135366,18,CONCEDE,-173.312718090415,-173.312718090415,0.04868389261744907
DSP-12797,ORD-19326,not_as_described,2026-07-27,16,pending,0.4325,False,RULE_NOT_AS_DESCRIBED,clean_concede,1,False,CUST-03041,726.71,home_goods,2026-07-11,True,2026-07-19,True,False,False,0.41221076,4,MANUAL_REVIEW,-0.44231678307056654,-0.44231678307056654,0.3452366442953004
DSP-04768,ORD-16559,not_as_described,2026-05-06,4,pending,0.7505,True,RULE_NOT_AS_DESCRIBED,clean_fight,0,False,CUST-03425,1120.2,digital_goods,2026-05-02,True,2026-05-07,True,True,False,0.73757637,16,FIGHT,526.2330446004868,526.2330446004868,0.1210818791946281
DSP-03480,ORD-11997,not_as_described,2026-04-23,13,pending,0.3251,False,RULE_NOT_AS_DESCRIBED,clean_concede,2,False,CUST-04692,469.65,apparel,2026-04-10,False,,True,False,False,0.32101768,7,MANUAL_REVIEW,-149.23404538929464,-149.23404538929464,0.27488523489932787
DSP-08834,ORD-04728,unauthorized_transaction,2026-06-17,18,pending,0.6245,False,RULE_UNAUTHORIZED_TRANSACTION,clean_fight,1,False,CUST-03084,310.95,electronics,2026-05-30,True,2026-06-02,True,True,False,0.6738264,2,MANUAL_REVIEW,-90.4736820191145,-90.4736820191145,0.3684946308724827
DSP-02109,ORD-08357,duplicate_charge,2026-04-09,21,pending,0.5384,False,RULE_DUPLICATE_CHARGE,clean_fight,1,False,CUST-03643,435.48,electronics,2026-03-19,True,2026-03-24,True,True,False,0.63762146,0,MANUAL_REVIEW,-22.328605577945723,-22.328605577945723,0.41350926174496555
DSP-09519,ORD-05915,duplicate_charge,2026-06-24,14,pending,0.3665,False,RULE_DUPLICATE_CHARGE,clean_concede,1,False,CUST-02320,337.29,apparel,2026-06-10,False,,True,True,False,0.30090058,6,CONCEDE,-198.50924387812614,-198.50924387812614,0.28955530201342217
DSP-03975,ORD-14903,not_as_described,2026-04-28,9,pending,0.7174,True,RULE_NOT_AS_DESCRIBED,clean_fight,0,False,CUST-05406,1456.47,electronics,2026-04-19,True,2026-04-21,True,True,False,0.65707725,11,FIGHT,657.0133064800501,657.0133064800501,0.23462295302013056
DSP-12871,ORD-00104,not_as_described,2026-07-28,3,pending,0.517,True,RULE_NOT_AS_DESCRIBED,clean_fight,0,False,CUST-01876,326.16,electronics,2026-07-25,False,,True,True,False,0.49147388,17,MANUAL_REVIEW,-139.70087819337843,-139.70087819337843,0.06910711409395913
DSP-08773,ORD-06451,item_not_received,2026-06-16,18,pending,0.5388,True,RULE_ITEM_NOT_RECEIVED,clean_fight,1,False,CUST-01540,639.51,electronics,2026-05-29,True,2026-06-07,True,True,True,0.50586057,2,MANUAL_REVIEW,23.502891261577588,23.502891261577588,0.3817252348993274
DSP-11365,ORD-11941,duplicate_charge,2026-07-13,7,pending,0.3831,False,RULE_DUPLICATE_CHARGE,clean_concede,1,False,CUST-01993,260.37,groceries,2026-07-06,True,2026-07-08,True,False,False,0.40340754,13,CONCEDE,-194.9647777953744,-194.9647777953744,0.14645785234899283
DSP-03005,ORD-04691,not_as_described,2026-04-18,16,pending,0.4505,True,RULE_NOT_AS_DESCRIBED,clean_concede,0,False,CUST-02118,460.66,home_goods,2026-04-02,True,2026-04-05,True,True,True,0.40597206,4,MANUAL_REVIEW,-112.98490920901298,-112.98490920901298,0.33452322147650915
DSP-12875,ORD-04842,not_as_described,2026-07-28,18,pending,0.7567,True,RULE_NOT_AS_DESCRIBED,clean_fight,0,False,CUST-03126,577.91,apparel,2026-07-10,True,2026-07-12,True,True,False,0.61016536,2,MANUAL_REVIEW,52.62066180467605,52.62066180467605,0.37924469798657595
DSP-08012,ORD-08184,item_not_received,2026-06-08,6,pending,0.5871,True,RULE_ITEM_NOT_RECEIVED,clean_fight,6,False,CUST-00459,526.94,apparel,2026-06-02,True,2026-06-03,True,True,False,0.31057522,14,MANUAL_REVIEW,-136.3454951494932,-136.3454951494932,0.13719221476509955
DSP-11700,ORD-05747,unauthorized_transaction,2026-07-17,5,pending,0.8015,True,RULE_UNAUTHORIZED_TRANSACTION,clean_fight,0,False,CUST-05312,1696.15,digital_goods,2026-07-12,True,2026-07-19,True,True,False,0.7937106,15,FIGHT,1046.2522162258626,1046.2522162258626,0.164274496644291
DSP-07478,ORD-14321,unauthorized_transaction,2026-06-03,23,pending,0.4847,False,RULE_UNAUTHORIZED_TRANSACTION,clean_concede,3,False,CUST-01168,751.24,home_goods,2026-05-11,True,2026-05-14,True,True,False,0.4718007,0,MANUAL_REVIEW,54.435568934679054,54.435568934679054,0.4262244295301996
DSP-14196,ORD-17248,duplicate_charge,2026-08-11,16,pending,0.5632,False,RULE_DUPLICATE_CHARGE,clean_fight,0,False,CUST-00534,788.61,apparel,2026-07-26,True,2026-08-04,True,False,False,0.54706424,4,MANUAL_REVIEW,131.42033405005935,131.42033405005935,0.34772926174496466
DSP-04846,ORD-19245,not_as_described,2026-05-07,11,pending,0.598,False,RULE_NOT_AS_DESCRIBED,clean_fight,1,False,CUST-02152,361.41,digital_goods,2026-04-26,True,2026-05-04,True,True,False,0.5407838,9,MANUAL_REVIEW,-104.55531869709489,-104.55531869709489,0.23052657718120736
DSP-04985,ORD-03889,unauthorized_transaction,2026-05-08,11,pending,0.7261,True,RULE_UNAUTHORIZED_TRANSACTION,clean_fight,0,False,CUST-00136,284.44,electronics,2026-04-27,True,2026-05-04,True,True,False,0.69691515,9,MANUAL_REVIEW,-101.7694548225403,-101.7694548225403,0.22742711409395927
DSP-05062,ORD-18054,not_as_described,2026-05-09,5,pending,0.4738,False,RULE_NOT_AS_DESCRIBED,clean_concede,1,False,CUST-01961,733.53,apparel,2026-05-04,True,2026-05-13,False,True,False,0.44109932,15,MANUAL_REVIEW,23.559581178724727,23.559581178724727,0.12551127516778351
DSP-04232,ORD-14832,not_as_described,2026-05-01,18,pending,0.4265,True,RULE_NOT_AS_DESCRIBED,clean_concede,0,False,CUST-02049,380.56,home_goods,2026-04-13,True,2026-04-14,False,True,False,0.39646053,2,MANUAL_REVIEW,-149.12297950744627,-149.12297950744627,0.37129771812080464
DSP-04143,ORD-13599,not_as_described,2026-04-30,3,pending,0.613,True,RULE_NOT_AS_DESCRIBED,clean_fight,2,False,CUST-01834,3678.12,electronics,2026-04-27,True,2026-05-06,True,True,False,0.69310683,17,FIGHT,2249.330094001293,2249.330094001293,0.20408536912750708
DSP-12392,ORD-01519,unauthorized_transaction,2026-07-23,21,pending,0.6731,False,RULE_UNAUTHORIZED_TRANSACTION,clean_fight,0,False,CUST-02965,182.18,home_goods,2026-07-02,True,2026-07-10,True,True,False,0.7648908,0,CONCEDE,-160.65219588041305,-160.65219588041305,0.40330926174496623
DSP-13102,ORD-12614,duplicate_charge,2026-07-31,7,pending,0.4799,False,RULE_DUPLICATE_CHARGE,clean_concede,1,False,CUST-01530,1018.61,groceries,2026-07-24,True,2026-07-28,True,True,False,0.56411564,13,FIGHT,274.61383562684057,274.61383562684057,0.17699100671140688
DSP-12417,ORD-14319,unauthorized_transaction,2026-07-24,14,pending,0.6485,True,RULE_UNAUTHORIZED_TRANSACTION,clean_fight,0,False,CUST-05842,1269.01,digital_goods,2026-07-10,True,2026-07-19,True,True,False,0.7168778,6,FIGHT,609.7251199567318,609.7251199567318,0.32707422818791626
DSP-11169,ORD-07217,not_as_described,2026-07-11,4,pending,0.7917,True,RULE_NOT_AS_DESCRIBED,clean_fight,0,False,CUST-05837,1092.34,electronics,2026-07-07,True,2026-07-08,True,True,False,0.7825989,16,FIGHT,554.8640963160991,554.8640963160991,0.11995999999999729
DSP-10332,ORD-17165,unauthorized_transaction,2026-07-03,19,pending,0.4671,False,RULE_UNAUTHORIZED_TRANSACTION,clean_concede,2,False,CUST-02905,1686.3,electronics,2026-06-14,True,2026-06-20,True,False,True,0.4035091,1,FIGHT,380.43741255104544,380.43741255104544,0.443877852348989
DSP-01464,ORD-04764,duplicate_charge,2026-04-03,12,pending,0.3241,False,RULE_DUPLICATE_CHARGE,clean_concede,0,False,CUST-02447,213.59,groceries,2026-03-22,False,,True,True,False,0.34893164,8,CONCEDE,-225.47169092983006,-225.47169092983006,0.24457409395973123
DSP-14535,ORD-10558,unauthorized_transaction,2026-08-16,19,pending,0.3057,True,RULE_UNAUTHORIZED_TRANSACTION,clean_concede,2,False,CUST-05530,1477.53,apparel,2026-07-28,True,2026-08-06,False,True,False,0.33005998,1,FIGHT,187.67351543158293,187.67351543158293,0.4354710067114057
DSP-12738,ORD-02878,duplicate_charge,2026-07-27,22,pending,0.7076,False,RULE_DUPLICATE_CHARGE,clean_fight,0,False,CUST-02848,3410.26,apparel,2026-07-05,True,2026-07-09,True,True,False,0.77942294,0,FIGHT,2358.034871352911,2358.034871352911,0.5332990604026756
DSP-01238,ORD-01792,unauthorized_transaction,2026-04-01,12,pending,0.2737,False,RULE_UNAUTHORIZED_TRANSACTION,clean_concede,4,False,CUST-01616,120.59,apparel,2026-03-20,False,,True,True,False,0.2091057,8,CONCEDE,-274.78394360631705,-274.78394360631705,0.24082912751677846
DSP-04597,ORD-00221,unauthorized_transaction,2026-05-05,1,pending,0.4517,True,RULE_UNAUTHORIZED_TRANSACTION,clean_concede,1,False,CUST-03268,467.29,apparel,2026-05-04,False,,True,False,False,0.34567446,19,MANUAL_REVIEW,-138.46978384554384,-138.46978384554384,0.034790201342280905
DSP-04618,ORD-06585,unauthorized_transaction,2026-05-05,6,pending,0.5761,True,RULE_UNAUTHORIZED_TRANSACTION,clean_fight,2,False,CUST-04574,425.0,home_goods,2026-04-29,True,2026-05-02,True,True,False,0.6070451,14,MANUAL_REVIEW,-42.00582653284073,-42.00582653284073,0.1330872483221468
DSP-05716,ORD-04152,unauthorized_transaction,2026-05-16,22,pending,0.5516,True,RULE_UNAUTHORIZED_TRANSACTION,clean_fight,0,False,CUST-01424,472.14,home_goods,2026-04-24,True,2026-05-02,True,True,False,0.67791086,0,MANUAL_REVIEW,20.068835495710346,20.068835495710346,0.4149855033557037
DSP-14252,ORD-14064,not_as_described,2026-08-12,14,pending,0.443,True,RULE_NOT_AS_DESCRIBED,clean_concede,0,False,CUST-00135,402.83,apparel,2026-07-29,True,2026-08-07,True,True,True,0.4254357,6,MANUAL_REVIEW,-128.62174016267062,-128.62174016267062,0.2921944966442945
DSP-03734,ORD-02936,not_as_described,2026-04-26,2,pending,0.4121,False,RULE_NOT_AS_DESCRIBED,clean_concede,3,False,CUST-02612,2502.94,digital_goods,2026-04-24,True,2026-04-26,True,True,True,0.5437431,18,FIGHT,1060.9562894880771,1060.9562894880771,0.1367626845637519
DSP-10429,ORD-07556,duplicate_charge,2026-07-04,9,pending,0.3515,False,RULE_DUPLICATE_CHARGE,clean_concede,6,False,CUST-00937,840.28,groceries,2026-06-25,True,2026-07-03,True,True,False,0.15651287,11,CONCEDE,-168.48536443293096,-168.48536443293096,0.20980993288590402
DSP-05041,ORD-04013,unauthorized_transaction,2026-05-09,8,pending,0.2394,False,RULE_UNAUTHORIZED_TRANSACTION,clean_concede,2,False,CUST-05900,1373.65,groceries,2026-05-01,True,2026-05-04,False,True,False,0.23077519,12,MANUAL_REVIEW,17.00434301272037,17.00434301272037,0.21128791946308384
DSP-13360,ORD-05108,not_as_described,2026-08-02,18,pending,0.5,True,RULE_NOT_AS_DESCRIBED,clean_fight,0,False,CUST-04723,1349.2,digital_goods,2026-07-15,False,,True,True,False,0.42901683,2,FIGHT,278.8295050621033,278.8295050621033,0.41030335570469467
DSP-08095,ORD-16913,not_as_described,2026-06-09,21,pending,0.3014,False,RULE_NOT_AS_DESCRIBED,clean_concede,0,False,CUST-05513,1988.0,groceries,2026-05-19,True,2026-05-20,False,True,True,0.41410267,0,FIGHT,523.2361149787903,523.2361149787903,0.4760268456375788
DSP-05705,ORD-14121,unauthorized_transaction,2026-05-16,1,pending,0.592,True,RULE_UNAUTHORIZED_TRANSACTION,clean_fight,1,False,CUST-01955,581.42,groceries,2026-05-15,True,2026-05-16,True,True,True,0.5568072,19,MANUAL_REVIEW,23.738853842020035,23.738853842020035,0.03938604026845509
DSP-12960,ORD-01392,not_as_described,2026-07-29,20,pending,0.5366,False,RULE_NOT_AS_DESCRIBED,clean_fight,3,False,CUST-02166,282.3,apparel,2026-07-09,True,2026-07-11,True,True,False,0.47861987,0,CONCEDE,-164.88560970425604,-164.88560970425604,0.407340939597315
DSP-06642,ORD-15301,duplicate_charge,2026-05-26,9,pending,0.2957,False,RULE_DUPLICATE_CHARGE,clean_concede,2,False,CUST-04678,231.59,electronics,2026-05-17,True,2026-05-23,False,True,False,0.37679946,11,CONCEDE,-212.73701207995413,-212.73701207995413,0.18529892617449628
DSP-06345,ORD-13644,not_as_described,2026-05-23,23,pending,0.4572,True,RULE_NOT_AS_DESCRIBED,clean_concede,3,False,CUST-00815,769.05,home_goods,2026-04-30,True,2026-05-03,True,True,False,0.35404375,0,MANUAL_REVIEW,-27.72265255898236,-27.72265255898236,0.42694161073825326
DSP-10663,ORD-06252,item_not_received,2026-07-06,6,pending,0.8072,True,RULE_ITEM_NOT_RECEIVED,clean_fight,0,False,CUST-01338,242.03,home_goods,2026-06-30,True,2026-07-04,True,True,False,0.7272157,14,MANUAL_REVIEW,-123.9919823616743,-123.9919823616743,0.12571932885906004
DSP-07883,ORD-16822,item_not_received,2026-06-07,20,pending,0.5152,True,RULE_ITEM_NOT_RECEIVED,clean_fight,0,False,CUST-01453,1552.4,home_goods,2026-05-18,True,2026-05-22,True,False,True,0.46965617,0,FIGHT,429.0942373991013,429.0942373991013,0.45848590604026457
DSP-01140,ORD-02749,item_not_received,2026-03-31,23,pending,0.561,True,RULE_ITEM_NOT_RECEIVED,clean_fight,2,False,CUST-02136,385.8,electronics,2026-03-08,True,2026-03-15,True,True,False,0.5761982,0,MANUAL_REVIEW,-77.70272662639618,-77.70272662639618,0.411508724832214
DSP-11429,ORD-07130,unauthorized_transaction,2026-07-14,5,pending,0.2332,False,RULE_UNAUTHORIZED_TRANSACTION,clean_concede,1,False,CUST-01341,1611.46,groceries,2026-07-09,True,2026-07-18,False,True,False,0.41634962,15,FIGHT,370.93075804412365,370.93075804412365,0.16086416107382143
DSP-08053,ORD-06122,unauthorized_transaction,2026-06-09,1,pending,0.2728,False,RULE_UNAUTHORIZED_TRANSACTION,clean_concede,2,False,CUST-02571,518.97,apparel,2026-06-08,True,2026-06-11,False,True,False,0.26200652,19,CONCEDE,-164.0264756798744,-164.0264756798744,0.03687127516778412
DSP-14192,ORD-02816,unauthorized_transaction,2026-08-11,13,pending,0.6162,True,RULE_UNAUTHORIZED_TRANSACTION,clean_fight,0,False,CUST-01347,312.29,groceries,2026-07-29,True,2026-08-03,True,True,False,0.7074979,7,MANUAL_REVIEW,-79.05548244416713,-79.05548244416713,0.2685485906040263
DSP-13228,ORD-03825,not_as_described,2026-08-01,5,pending,0.7209,True,RULE_NOT_AS_DESCRIBED,clean_fight,0,False,CUST-01240,1097.5,apparel,2026-07-27,True,2026-08-01,True,True,False,0.7572893,15,FIGHT,531.1249962449074,531.1249962449074,0.14016778523489665
DSP-09420,ORD-12864,not_as_described,2026-06-23,7,pending,0.4773,False,RULE_NOT_AS_DESCRIBED,clean_concede,2,False,CUST-05356,286.45,groceries,2026-06-16,True,2026-06-24,True,True,False,0.43527398,13,CONCEDE,-175.31576982289553,-175.31576982289553,0.14750805369127465
DSP-06128,ORD-15250,not_as_described,2026-05-21,21,pending,0.02,False,RULE_NOT_AS_DESCRIBED,clean_concede,0,False,CUST-02336,224.0,electronics,2026-04-30,False,,False,True,True,0.19515313,0,CONCEDE,-256.2856984138489,-256.2856984138489,0.40499328859060374
DSP-04464,ORD-17943,not_as_described,2026-05-03,17,pending,0.6085,True,RULE_NOT_AS_DESCRIBED,clean_fight,1,False,CUST-04702,834.97,groceries,2026-04-16,True,2026-04-22,True,True,False,0.51101214,3,MANUAL_REVIEW,126.67980397760869,126.67980397760869,0.3695961073825484
DSP-11878,ORD-18827,item_not_received,2026-07-18,23,pending,0.5834,True,RULE_ITEM_NOT_RECEIVED,clean_fight,0,False,CUST-03213,370.1,digital_goods,2026-06-25,True,2026-06-26,True,False,False,0.55427545,0,MANUAL_REVIEW,-94.86265481114387,-94.86265481114387,0.4108765100671134
DSP-09048,ORD-05383,item_not_received,2026-06-19,7,pending,0.02,False,RULE_ITEM_NOT_RECEIVED,retry_needed,2,False,CUST-04942,409.62,apparel,2026-06-12,False,,True,True,False,0.115834035,13,CONCEDE,-252.55206259176134,-252.55206259176134,0.1524679194630864
DSP-14703,ORD-00336,item_not_received,2026-08-19,22,pending,0.6051,False,RULE_ITEM_NOT_RECEIVED,clean_fight,2,False,CUST-00410,542.18,apparel,2026-07-28,True,2026-08-05,True,True,False,0.48846483,0,MANUAL_REVIEW,-35.16413722038271,-35.16413722038271,0.4178059060402673
DSP-06837,ORD-16412,not_as_described,2026-05-28,17,pending,0.3783,True,RULE_NOT_AS_DESCRIBED,clean_concede,4,False,CUST-01484,538.1,electronics,2026-05-11,True,2026-05-18,True,True,False,0.43228945,3,MANUAL_REVIEW,-67.38504622280595,-67.38504622280595,0.35764161073825385
DSP-04347,ORD-17254,item_not_received,2026-05-02,23,pending,0.6586,False,RULE_ITEM_NOT_RECEIVED,clean_fight,2,False,CUST-00691,214.69,apparel,2026-04-09,True,2026-04-16,True,True,False,0.6664069,0,CONCEDE,-156.92909630715846,-156.92909630715846,0.4046183892617447
DSP-12126,ORD-09702,unauthorized_transaction,2026-07-21,22,pending,0.6968,True,RULE_UNAUTHORIZED_TRANSACTION,clean_fight,0,False,CUST-01351,325.32,groceries,2026-06-29,True,2026-07-05,True,True,False,0.731578,0,MANUAL_REVIEW,-62.003047499656674,-62.003047499656674,0.40907328859060343
DSP-11767,ORD-12201,unauthorized_transaction,2026-07-17,20,pending,0.6273,False,RULE_UNAUTHORIZED_TRANSACTION,clean_fight,3,False,CUST-04394,348.24,digital_goods,2026-06-27,True,2026-07-05,True,True,False,0.5751517,0,MANUAL_REVIEW,-99.7091782951355,-99.7091782951355,0.4099962416107376
DSP-04217,ORD-02632,not_as_described,2026-05-01,21,pending,0.6839,True,RULE_NOT_AS_DESCRIBED,clean_fight,0,False,CUST-02379,2037.05,home_goods,2026-04-10,True,2026-04-18,True,True,False,0.61191946,0,FIGHT,946.5105414539576,946.5105414539576,0.47800201342281357
DSP-03034,ORD-17989,not_as_described,2026-04-19,11,pending,0.2586,False,RULE_NOT_AS_DESCRIBED,clean_concede,1,False,CUST-00038,630.82,groceries,2026-04-08,False,,True,True,False,0.32037306,9,MANUAL_REVIEW,-97.9022673511505,-97.9022673511505,0.24137530201342142
DSP-07871,ORD-18982,not_as_described,2026-06-07,7,pending,0.229,True,RULE_NOT_AS_DESCRIBED,clean_concede,2,False,CUST-05275,546.92,digital_goods,2026-05-31,False,,True,True,True,0.11178903,13,CONCEDE,-238.8603421717882,-238.8603421717882,0.1579967785234887
DSP-08906,ORD-17397,duplicate_charge,2026-06-18,20,pending,0.6085,True,RULE_DUPLICATE_CHARGE,clean_fight,0,False,CUST-01621,1504.54,groceries,2026-05-29,True,2026-05-30,True,True,False,0.68956107,0,FIGHT,737.4722107708453,737.4722107708453,0.45655865771811704
DSP-07695,ORD-06145,not_as_described,2026-06-05,16,pending,0.5283,False,RULE_NOT_AS_DESCRIBED,clean_fight,0,False,CUST-05536,540.17,electronics,2026-05-20,True,2026-05-25,False,True,False,0.4723128,4,MANUAL_REVIEW,-44.8707904827595,-44.8707904827595,0.3377249664429519
DSP-03663,ORD-07087,unauthorized_transaction,2026-04-25,8,pending,0.4824,False,RULE_UNAUTHORIZED_TRANSACTION,clean_concede,1,False,CUST-05956,244.92,electronics,2026-04-17,False,,True,True,False,0.39669397,12,CONCEDE,-202.8417117083073,-202.8417117083073,0.16583570469798622
DSP-13965,ORD-08427,not_as_described,2026-08-08,20,pending,0.4762,False,RULE_NOT_AS_DESCRIBED,clean_concede,6,False,CUST-03790,530.67,apparel,2026-07-19,True,2026-07-28,True,True,False,0.29625168,0,MANUAL_REVIEW,-142.78811862498523,-142.78811862498523,0.41734241610738143
DSP-04895,ORD-10925,not_as_described,2026-05-07,10,pending,0.4726,False,RULE_NOT_AS_DESCRIBED,clean_concede,2,False,CUST-03897,421.39,electronics,2026-04-27,True,2026-05-01,True,True,False,0.54227763,10,MANUAL_REVIEW,-71.48962774813177,-71.48962774813177,0.21294187919463
DSP-08712,ORD-04317,item_not_received,2026-06-16,7,pending,0.5728,False,RULE_ITEM_NOT_RECEIVED,clean_fight,0,False,CUST-04311,1194.46,digital_goods,2026-06-09,True,2026-06-17,False,True,False,0.58591646,13,FIGHT,399.8537742865086,399.8537742865086,0.1840722147650977
DSP-03080,ORD-00411,not_as_described,2026-04-19,5,pending,0.5194,True,RULE_NOT_AS_DESCRIBED,clean_fight,4,False,CUST-01100,864.85,electronics,2026-04-14,True,2026-04-20,True,True,False,0.53809655,15,FIGHT,165.37279878258704,165.37279878258704,0.13079932885905834
DSP-13877,ORD-18256,item_not_received,2026-08-08,19,pending,0.5228,False,RULE_ITEM_NOT_RECEIVED,clean_fight,1,False,CUST-03038,1927.03,electronics,2026-07-20,True,2026-07-29,True,True,False,0.6635978,1,FIGHT,978.7729112935067,978.7729112935067,0.45357167785234404
DSP-02999,ORD-06312,duplicate_charge,2026-04-18,22,pending,0.2446,False,RULE_DUPLICATE_CHARGE,clean_concede,0,False,CUST-05819,1406.41,groceries,2026-03-27,True,2026-03-30,False,False,False,0.4664704,0,FIGHT,356.04862198501826,356.04862198501826,0.4526071140939562
DSP-00822,ORD-10683,unauthorized_transaction,2026-03-27,15,pending,0.6917,False,RULE_UNAUTHORIZED_TRANSACTION,clean_fight,0,False,CUST-02931,1028.92,digital_goods,2026-03-12,True,2026-03-13,True,True,False,0.72451156,5,FIGHT,445.4644382023812,445.4644382023812,0.33740617449664184
DSP-06326,ORD-03968,unauthorized_transaction,2026-05-23,12,pending,0.2184,True,RULE_UNAUTHORIZED_TRANSACTION,clean_concede,0,False,CUST-02228,202.31,digital_goods,2026-05-11,True,2026-05-20,False,True,False,0.3406411,8,CONCEDE,-231.0848968061805,-231.0848968061805,0.2441198657718118
DSP-02359,ORD-03471,not_as_described,2026-04-12,21,pending,0.1529,True,RULE_NOT_AS_DESCRIBED,clean_concede,6,False,CUST-03589,803.33,electronics,2026-03-22,True,2026-03-25,False,True,False,0.15701845,0,CONCEDE,-173.86236624568699,-173.86236624568699,0.4283220134228169
DSP-08963,ORD-00355,not_as_described,2026-06-18,18,pending,0.4963,True,RULE_NOT_AS_DESCRIBED,clean_concede,0,False,CUST-04742,349.88,home_goods,2026-05-31,True,2026-06-05,True,False,False,0.47287884,2,MANUAL_REVIEW,-134.54915022015572,-134.54915022015572,0.370062281879194
DSP-04050,ORD-17677,unauthorized_transaction,2026-04-29,15,pending,0.3562,True,RULE_UNAUTHORIZED_TRANSACTION,clean_concede,4,False,CUST-00210,101.39,groceries,2026-04-14,True,2026-04-17,True,True,False,0.42472497,5,CONCEDE,-256.9371356680989,-256.9371356680989,0.30005597315436244
DSP-12101,ORD-02311,item_not_received,2026-07-20,4,pending,0.2174,False,RULE_ITEM_NOT_RECEIVED,retry_needed,0,False,CUST-03686,1247.78,groceries,2026-07-16,False,,True,True,False,0.29549465,16,MANUAL_REVIEW,68.71230917870997,68.71230917870997,0.1262193288590573
DSP-07133,ORD-00219,item_not_received,2026-05-31,22,pending,0.7072,True,RULE_ITEM_NOT_RECEIVED,clean_fight,1,False,CUST-05840,907.84,home_goods,2026-05-09,True,2026-05-13,True,True,False,0.5878376,0,FIGHT,233.66246578216555,233.66246578216555,0.43253046979865556
DSP-09663,ORD-12684,unauthorized_transaction,2026-06-26,18,pending,0.7325,True,RULE_UNAUTHORIZED_TRANSACTION,clean_fight,0,False,CUST-01736,593.93,apparel,2026-06-08,True,2026-06-13,True,True,False,0.68614143,2,MANUAL_REVIEW,107.51998031079768,107.51998031079768,0.3798897986577168
DSP-14390,ORD-07887,not_as_described,2026-08-14,19,pending,0.3865,False,RULE_NOT_AS_DESCRIBED,clean_concede,0,False,CUST-05155,517.47,apparel,2026-07-26,True,2026-07-27,True,True,True,0.46716836,1,MANUAL_REVIEW,-58.25438825994729,-58.25438825994729,0.39681087248322033
DSP-12907,ORD-18021,duplicate_charge,2026-07-29,8,pending,0.502,True,RULE_DUPLICATE_CHARGE,clean_fight,1,False,CUST-05096,213.26,electronics,2026-07-21,True,2026-07-23,True,True,False,0.60444653,12,CONCEDE,-171.09573293924333,-171.09573293924333,0.16456080536912723
DSP-01147,ORD-06013,item_not_received,2026-03-31,4,pending,0.7602,True,RULE_ITEM_NOT_RECEIVED,clean_fight,2,False,CUST-05245,295.44,home_goods,2026-03-27,True,2026-04-01,True,True,False,0.63811505,16,MANUAL_REVIEW,-111.4752900981903,-111.4752900981903,0.08787006711409343
DSP-08827,ORD-17569,duplicate_charge,2026-06-17,1,pending,0.4382,False,RULE_DUPLICATE_CHARGE,clean_concede,3,False,CUST-01902,1209.02,home_goods,2026-06-16,True,2026-06-18,True,True,False,0.45201868,19,FIGHT,246.4996223032474,246.4996223032474,0.0646585234899299
DSP-13423,ORD-14969,not_as_described,2026-08-03,20,pending,0.5353,True,RULE_NOT_AS_DESCRIBED,clean_fight,0,False,CUST-05413,1688.39,home_goods,2026-07-14,True,2026-07-17,True,True,False,0.58311754,0,FIGHT,684.5298312133551,684.5298312133551,0.4639620134228145
DSP-05904,ORD-08005,item_not_received,2026-05-18,6,pending,0.5906,True,RULE_ITEM_NOT_RECEIVED,clean_fight,3,False,CUST-05511,3601.33,electronics,2026-05-12,True,2026-05-17,True,True,False,0.58827144,14,FIGHT,1818.5595816856621,1818.5595816856621,0.26099315436240667
DSP-11640,ORD-10464,unauthorized_transaction,2026-07-16,20,pending,0.4981,True,RULE_UNAUTHORIZED_TRANSACTION,clean_concede,4,False,CUST-04671,1302.44,apparel,2026-06-26,True,2026-06-30,True,True,False,0.5056202,0,FIGHT,358.539949271679,358.539949271679,0.4484204026845605
DSP-04383,ORD-10101,item_not_received,2026-05-03,9,pending,0.5534,True,RULE_ITEM_NOT_RECEIVED,clean_fight,0,False,CUST-01431,556.1,groceries,2026-04-24,True,2026-04-25,True,True,True,0.42770404,11,MANUAL_REVIEW,-62.15378544926642,-62.15378544926642,0.1983664429530189
DSP-01304,ORD-17427,item_not_received,2026-04-01,18,pending,0.56,True,RULE_ITEM_NOT_RECEIVED,clean_fight,1,False,CUST-02763,213.17,groceries,2026-03-14,True,2026-03-21,True,True,False,0.65613097,2,CONCEDE,-160.13256122648716,-160.13256122648716,0.3645571812080534
DSP-09025,ORD-16444,duplicate_charge,2026-06-19,17,pending,0.5982,True,RULE_DUPLICATE_CHARGE,clean_fight,0,False,CUST-03446,1034.73,home_goods,2026-06-02,True,2026-06-03,True,True,False,0.6393736,3,FIGHT,361.5790456277132,361.5790456277132,0.37764013422818543
DSP-07110,ORD-18444,unauthorized_transaction,2026-05-31,18,pending,0.02,False,RULE_UNAUTHORIZED_TRANSACTION,clean_concede,3,False,CUST-00195,613.74,home_goods,2026-05-13,False,,False,True,False,0.053049307,2,CONCEDE,-267.4415181275457,-267.4415181275457,0.38068751677852214
DSP-12171,ORD-07172,not_as_described,2026-07-21,14,pending,0.6181,True,RULE_NOT_AS_DESCRIBED,clean_fight,0,False,CUST-02012,436.92,electronics,2026-07-07,True,2026-07-13,True,True,False,0.617699,6,MANUAL_REVIEW,-30.114941096305813,-30.114941096305813,0.2935672483221467
DSP-02509,ORD-19963,item_not_received,2026-04-13,2,pending,0.7351,True,RULE_ITEM_NOT_RECEIVED,clean_fight,0,False,CUST-03638,329.49,groceries,2026-04-11,True,2026-04-14,True,True,False,0.6879878,18,MANUAL_REVIEW,-73.31489832401274,-73.31489832401274,0.04924120805369065
DSP-12791,ORD-19376,duplicate_charge,2026-07-27,7,pending,0.1976,False,RULE_DUPLICATE_CHARGE,clean_concede,2,False,CUST-03246,1283.98,digital_goods,2026-07-20,False,,False,True,False,0.07151758,13,CONCEDE,-208.17285858497024,-208.17285858497024,0.18767704697986257
DSP-05979,ORD-12028,unauthorized_transaction,2026-05-19,24,pending,0.739,False,RULE_UNAUTHORIZED_TRANSACTION,clean_fight,1,False,CUST-01793,1227.98,electronics,2026-04-25,True,2026-04-30,True,True,False,0.57832783,0,FIGHT,410.1750143396855,410.1750143396855,0.44542201342281573
DSP-02552,ORD-07228,item_not_received,2026-04-14,17,pending,0.2037,False,RULE_ITEM_NOT_RECEIVED,retry_needed,3,False,CUST-01012,1108.56,groceries,2026-03-28,False,,True,True,False,0.10108552,3,CONCEDE,-187.94063452899456,-187.94063452899456,0.3806131543624134
DSP-11900,ORD-10232,item_not_received,2026-07-19,6,pending,0.56,True,RULE_ITEM_NOT_RECEIVED,clean_fight,3,False,CUST-05274,861.21,digital_goods,2026-07-13,True,2026-07-18,True,True,False,0.615688,14,FIGHT,230.23668482959272,230.23668482959272,0.1506527516778503
DSP-04124,ORD-16356,duplicate_charge,2026-04-30,21,pending,0.5981,True,RULE_DUPLICATE_CHARGE,clean_fight,1,False,CUST-05056,955.03,digital_goods,2026-04-09,True,2026-04-17,True,True,False,0.5814955,0,FIGHT,255.34566976308827,255.34566976308827,0.43443073825503126
DSP-07770,ORD-19826,item_not_received,2026-06-06,8,pending,0.5,False,RULE_ITEM_NOT_RECEIVED,clean_concede,2,False,CUST-02023,167.08,home_goods,2026-05-29,True,2026-06-03,True,True,False,0.53104484,12,CONCEDE,-211.2730279970169,-211.2730279970169,0.16270120805369112
DSP-07463,ORD-07436,not_as_described,2026-06-03,9,pending,0.5929,True,RULE_NOT_AS_DESCRIBED,clean_fight,0,False,CUST-00291,1506.88,apparel,2026-05-25,True,2026-05-31,False,True,False,0.4929048,11,FIGHT,442.74840325355535,442.74840325355535,0.23665288590603645
DSP-05415,ORD-02419,not_as_described,2026-05-13,12,pending,0.6014,False,RULE_NOT_AS_DESCRIBED,clean_fight,0,False,CUST-00414,1576.97,electronics,2026-05-01,True,2026-05-04,True,True,False,0.62800467,8,FIGHT,690.3445246756077,690.3445246756077,0.2994753020134188
DSP-04194,ORD-00347,item_not_received,2026-05-01,4,pending,0.7965,False,RULE_ITEM_NOT_RECEIVED,clean_fight,0,False,CUST-04874,374.79,electronics,2026-04-27,True,2026-05-05,True,True,False,0.7117419,16,MANUAL_REVIEW,-33.24624419689178,-33.24624419689178,0.09106536912751602
DSP-02036,ORD-16052,item_not_received,2026-04-09,18,pending,0.5358,True,RULE_ITEM_NOT_RECEIVED,clean_fight,4,False,CUST-04204,542.88,groceries,2026-03-22,True,2026-03-28,True,True,False,0.31975254,2,MANUAL_REVIEW,-126.41273882389069,-126.41273882389069,0.3778340939597304
DSP-06424,ORD-18926,item_not_received,2026-05-23,17,pending,0.5768,True,RULE_ITEM_NOT_RECEIVED,clean_fight,2,False,CUST-04021,345.57,digital_goods,2026-05-06,True,2026-05-15,True,False,False,0.5138047,3,MANUAL_REVIEW,-122.44451875448226,-122.44451875448226,0.3498887248322141
DSP-07783,ORD-19190,duplicate_charge,2026-06-06,21,pending,0.455,True,RULE_DUPLICATE_CHARGE,clean_concede,1,False,CUST-00101,100.0,apparel,2026-05-16,True,2026-05-22,True,False,False,0.46228006,0,CONCEDE,-253.77199351787567,-253.77199351787567,0.4
DSP-04625,ORD-14733,unauthorized_transaction,2026-05-05,5,pending,0.2614,False,RULE_UNAUTHORIZED_TRANSACTION,clean_concede,2,False,CUST-00510,699.2,digital_goods,2026-04-30,True,2026-05-03,False,True,False,0.4135983,15,MANUAL_REVIEW,-10.812069320678688,-10.812069320678688,0.12412885906040107
DSP-14890,ORD-04205,item_not_received,2026-08-24,18,pending,0.0945,False,RULE_ITEM_NOT_RECEIVED,retry_needed,2,False,CUST-02252,279.1,apparel,2026-08-06,False,,True,True,False,0.12010462,2,CONCEDE,-266.47880101278423,-266.47880101278423,0.3672120805369123
DSP-00913,ORD-17991,item_not_received,2026-03-28,20,pending,0.498,False,RULE_ITEM_NOT_RECEIVED,clean_concede,4,False,CUST-03151,885.4,digital_goods,2026-03-08,True,2026-03-14,True,True,False,0.46223146,0,MANUAL_REVIEW,109.25973223447801,109.25973223447801,0.4316268456375818
DSP-00575,ORD-06320,item_not_received,2026-03-24,17,pending,0.5315,True,RULE_ITEM_NOT_RECEIVED,clean_fight,2,False,CUST-04808,255.37,home_goods,2026-03-07,True,2026-03-11,True,True,False,0.52616966,3,CONCEDE,-165.63205451130867,-165.63205451130867,0.3462565100671137
DSP-11969,ORD-03266,unauthorized_transaction,2026-07-19,17,pending,0.5401,False,RULE_UNAUTHORIZED_TRANSACTION,clean_fight,0,False,CUST-00749,172.94,home_goods,2026-07-02,True,2026-07-08,True,False,False,0.5938323,3,CONCEDE,-197.30263961434366,-197.30263961434366,0.3429371812080535
DSP-06067,ORD-19306,not_as_described,2026-05-20,13,pending,0.497,False,RULE_NOT_AS_DESCRIBED,clean_concede,0,False,CUST-00361,1113.44,electronics,2026-05-07,True,2026-05-11,True,True,True,0.60570794,7,FIGHT,374.41945254325867,374.41945254325867,0.3008096644295275
DSP-11385,ORD-06169,not_as_described,2026-07-13,17,pending,0.604,False,RULE_NOT_AS_DESCRIBED,clean_fight,0,False,CUST-03466,1379.17,digital_goods,2026-06-26,True,2026-06-30,True,True,False,0.708993,3,FIGHT,677.8219001847506,677.8219001847506,0.39151020134227843
DSP-09529,ORD-02822,item_not_received,2026-06-24,13,pending,0.5096,True,RULE_ITEM_NOT_RECEIVED,clean_fight,3,False,CUST-01682,2228.69,apparel,2026-06-11,True,2026-06-14,False,True,False,0.33142334,7,FIGHT,438.6398885899782,438.6398885899782,0.3457190604026788
DSP-04886,ORD-00175,not_as_described,2026-05-07,7,pending,0.5568,False,RULE_NOT_AS_DESCRIBED,clean_fight,4,False,CUST-05122,1061.64,apparel,2026-04-30,True,2026-05-03,True,True,False,0.47190768,13,FIGHT,200.99606436967855,200.99606436967855,0.17872375838925914
DSP-03662,ORD-17368,duplicate_charge,2026-04-25,6,pending,0.5094,False,RULE_DUPLICATE_CHARGE,clean_fight,0,False,CUST-05038,634.88,electronics,2026-04-19,False,,True,True,False,0.41812167,14,MANUAL_REVIEW,-34.54291687011721,-34.54291687011721,0.1415387919463073
DSP-12891,ORD-17526,not_as_described,2026-07-29,3,pending,0.363,False,RULE_NOT_AS_DESCRIBED,clean_concede,0,False,CUST-00547,933.86,home_goods,2026-07-26,False,,True,False,False,0.36157632,17,MANUAL_REVIEW,37.661661019325265,37.661661019325265,0.0935782550335548
DSP-04575,ORD-08094,item_not_received,2026-05-05,1,pending,0.7799,False,RULE_ITEM_NOT_RECEIVED,clean_fight,1,False,CUST-05960,1800.28,digital_goods,2026-05-04,True,2026-05-06,True,True,False,0.70243454,19,FIGHT,964.578853302002,964.578853302002,0.08846765100670682
DSP-03916,ORD-04375,item_not_received,2026-04-28,4,pending,0.7237,True,RULE_ITEM_NOT_RECEIVED,clean_fight,1,False,CUST-01375,404.59,home_goods,2026-04-24,True,2026-04-25,True,True,False,0.5155152,16,MANUAL_REVIEW,-91.42770189642908,-91.42770189642908,0.09226536912751594
DSP-04272,ORD-12759,unauthorized_transaction,2026-05-02,14,pending,0.5239,True,RULE_UNAUTHORIZED_TRANSACTION,clean_fight,1,False,CUST-03432,543.68,apparel,2026-04-18,True,2026-04-26,True,True,False,0.5968324,6,MANUAL_REVIEW,24.485836296081516,24.485836296081516,0.297866308724831
DSP-09472,ORD-08465,not_as_described,2026-06-24,14,pending,0.4583,True,RULE_NOT_AS_DESCRIBED,clean_concede,0,False,CUST-02936,981.24,home_goods,2026-06-10,True,2026-06-14,True,True,True,0.41839638,6,MANUAL_REVIEW,110.54726736903189,110.54726736903189,0.3154861744966419
DSP-02595,ORD-19874,not_as_described,2026-04-14,8,pending,0.3053,False,RULE_NOT_AS_DESCRIBED,clean_concede,1,False,CUST-03581,212.01,home_goods,2026-04-06,False,,True,True,False,0.38934162,12,CONCEDE,-217.45568259447813,-217.45568259447813,0.16451046979865744
DSP-08004,ORD-14252,not_as_described,2026-06-08,2,pending,0.6309,True,RULE_NOT_AS_DESCRIBED,clean_fight,1,False,CUST-01433,1612.72,home_goods,2026-06-06,True,2026-06-12,True,True,False,0.5081984,18,FIGHT,519.5816921520234,519.5816921520234,0.10091489932885497
DSP-07936,ORD-04808,unauthorized_transaction,2026-06-08,1,pending,0.8404,True,RULE_UNAUTHORIZED_TRANSACTION,clean_fight,0,False,CUST-03856,1168.78,electronics,2026-06-07,True,2026-06-12,True,True,False,0.86086535,19,FIGHT,706.1622090768814,706.1622090768814,0.06303812080536625
DSP-10383,ORD-12231,item_not_received,2026-07-03,23,pending,0.7148,False,RULE_ITEM_NOT_RECEIVED,clean_fight,0,False,CUST-02103,214.6,groceries,2026-06-10,True,2026-06-14,True,True,False,0.7441563,0,MANUAL_REVIEW,-140.3040578007698,-140.3040578007698,0.40461476510067085
DSP-06218,ORD-16878,item_not_received,2026-05-21,12,pending,0.2441,False,RULE_ITEM_NOT_RECEIVED,retry_needed,0,False,CUST-04926,4036.09,groceries,2026-05-09,False,,True,True,False,0.14925207,8,FIGHT,302.3947951842845,302.3947951842845,0.3985002684563652
DSP-13889,ORD-05629,item_not_received,2026-08-08,14,pending,0.02,False,RULE_ITEM_NOT_RECEIVED,retry_needed,1,False,CUST-05075,969.47,electronics,2026-07-25,False,,False,True,False,0.080974065,6,CONCEDE,-221.49807342998685,-221.49807342998685,0.3150122147650983
DSP-04328,ORD-10175,item_not_received,2026-05-02,20,pending,0.02,False,RULE_ITEM_NOT_RECEIVED,retry_needed,3,False,CUST-05447,1572.77,apparel,2026-04-12,False,,True,False,False,0.10894375,0,MANUAL_REVIEW,-128.65653368152678,-128.65653368152678,0.45930617449664035
DSP-10999,ORD-08488,item_not_received,2026-07-10,2,pending,0.7925,True,RULE_ITEM_NOT_RECEIVED,clean_fight,0,False,CUST-03803,674.12,apparel,2026-07-08,True,2026-07-13,True,True,False,0.7361214,18,FIGHT,196.2341690158844,196.2341690158844,0.06311892617449509
DSP-11088,ORD-07448,item_not_received,2026-07-11,16,pending,0.5812,True,RULE_ITEM_NOT_RECEIVED,clean_fight,2,False,CUST-04268,949.14,apparel,2026-06-25,True,2026-07-02,True,True,False,0.61648065,4,FIGHT,285.12644273400304,285.12644273400304,0.35419355704697764
DSP-09815,ORD-02976,not_as_described,2026-06-27,11,pending,0.5683,True,RULE_NOT_AS_DESCRIBED,clean_fight,0,False,CUST-01846,182.12,groceries,2026-06-16,True,2026-06-23,True,True,False,0.60441655,9,CONCEDE,-189.92365805864335,-189.92365805864335,0.2233068456375837
DSP-03707,ORD-11832,item_not_received,2026-04-26,8,pending,0.6956,False,RULE_ITEM_NOT_RECEIVED,clean_fight,0,False,CUST-03914,650.48,home_goods,2026-04-18,True,2026-04-25,True,True,False,0.70460767,12,FIGHT,158.33319427967075,158.33319427967075,0.18216697986577035
DSP-08692,ORD-01442,duplicate_charge,2026-06-15,12,pending,0.48,False,RULE_DUPLICATE_CHARGE,clean_concede,1,False,CUST-01265,548.98,electronics,2026-06-03,True,2026-06-08,False,True,False,0.3590553,8,MANUAL_REVIEW,-102.88581564843653,-102.88581564843653,0.25807973154362296
DSP-04015,ORD-00368,duplicate_charge,2026-04-29,23,pending,0.5416,True,RULE_DUPLICATE_CHARGE,clean_fight,1,False,CUST-05486,177.77,groceries,2026-04-06,True,2026-04-07,True,True,False,0.6109222,0,CONCEDE,-191.39635741829872,-191.39635741829872,0.4031316778523488
DSP-04308,ORD-14201,unauthorized_transaction,2026-05-02,21,pending,0.5682,False,RULE_UNAUTHORIZED_TRANSACTION,clean_fight,2,False,CUST-03707,2196.22,groceries,2026-04-11,True,2026-04-15,True,True,False,0.5104995,0,FIGHT,821.1691622257231,821.1691622257231,0.4844115436241554
DSP-00306,ORD-01613,item_not_received,2026-03-19,11,pending,0.7193,True,RULE_ITEM_NOT_RECEIVED,clean_fight,0,False,CUST-05906,1277.85,groceries,2026-03-08,True,2026-03-15,True,True,False,0.66334,9,FIGHT,547.6489838540554,547.6489838540554,0.26743020134227874
DSP-09912,ORD-11985,item_not_received,2026-06-28,16,pending,0.4839,True,RULE_ITEM_NOT_RECEIVED,clean_concede,0,False,CUST-01911,2590.41,digital_goods,2026-06-12,True,2026-06-21,False,True,False,0.53935933,4,FIGHT,1097.1618049550057,1097.1618049550057,0.42028496644294633
DSP-14576,ORD-09561,item_not_received,2026-08-16,10,pending,0.5898,False,RULE_ITEM_NOT_RECEIVED,clean_fight,2,False,CUST-03091,441.49,apparel,2026-08-06,True,2026-08-13,True,True,False,0.61544955,10,MANUAL_REVIEW,-28.285179156065,-28.285179156065,0.21375127516778433
DSP-03607,ORD-02928,not_as_described,2026-04-25,1,pending,0.4775,False,RULE_NOT_AS_DESCRIBED,clean_concede,2,False,CUST-01779,254.65,groceries,2026-04-24,True,2026-05-03,True,True,False,0.5157919,19,CONCEDE,-168.65359444618224,-168.65359444618224,0.02622751677852309
DSP-11077,ORD-11237,not_as_described,2026-07-11,24,pending,0.212,True,RULE_NOT_AS_DESCRIBED,clean_concede,2,False,CUST-05234,604.23,groceries,2026-06-17,False,,True,True,False,0.29099292,0,MANUAL_REVIEW,-124.17335058867931,-124.17335058867931,0.42030456375838793
DSP-13475,ORD-17647,unauthorized_transaction,2026-08-03,7,pending,0.6402,True,RULE_UNAUTHORIZED_TRANSACTION,clean_fight,2,False,CUST-00344,1838.44,groceries,2026-07-27,True,2026-08-04,True,True,False,0.6242666,13,FIGHT,847.6767330551147,847.6767330551147,0.2100042953020087
DSP-11087,ORD-10366,unauthorized_transaction,2026-07-11,18,pending,0.4714,False,RULE_UNAUTHORIZED_TRANSACTION,clean_concede,2,False,CUST-01741,224.06,apparel,2026-06-23,True,2026-06-29,True,True,False,0.6343249,2,CONCEDE,-157.8731610560417,-157.8731610560417,0.36499570469798626
DSP-05821,ORD-18276,duplicate_charge,2026-05-17,23,pending,0.2958,True,RULE_DUPLICATE_CHARGE,clean_concede,2,False,CUST-03784,131.6,electronics,2026-04-24,True,2026-04-29,True,False,False,0.34735653,0,CONCEDE,-254.2878809094429,-254.2878809094429,0.40127248322147646
DSP-12226,ORD-09153,not_as_described,2026-07-22,5,pending,0.5164,True,RULE_NOT_AS_DESCRIBED,clean_fight,6,False,CUST-04477,798.48,apparel,2026-07-17,True,2026-07-19,True,True,False,0.35390997,15,MANUAL_REVIEW,-17.409967689514133,-17.409967689514133,0.12812671140939408
DSP-00959,ORD-00070,unauthorized_transaction,2026-03-29,22,pending,0.717,True,RULE_UNAUTHORIZED_TRANSACTION,clean_fight,0,False,CUST-01907,1816.94,groceries,2026-03-07,True,2026-03-11,True,True,False,0.68256927,0,FIGHT,940.1874010133743,940.1874010133743,0.46913852348992824
DSP-08946,ORD-08772,not_as_described,2026-06-18,3,pending,0.6436,False,RULE_NOT_AS_DESCRIBED,clean_fight,0,False,CUST-04810,563.69,digital_goods,2026-06-15,True,2026-06-19,True,True,False,0.6423257,17,MANUAL_REVIEW,62.07257345497612,62.07257345497612,0.0786720805369115
DSP-11868,ORD-15086,item_not_received,2026-07-18,1,pending,0.7467,False,RULE_ITEM_NOT_RECEIVED,clean_fight,1,False,CUST-00267,381.16,home_goods,2026-07-17,True,2026-07-26,True,True,False,0.55999994,19,MANUAL_REVIEW,-86.55042181015014,-86.55042181015014,0.03132187919463013
DSP-13611,ORD-00270,item_not_received,2026-08-05,12,pending,0.2189,False,RULE_ITEM_NOT_RECEIVED,clean_concede,4,False,CUST-03469,1634.47,electronics,2026-07-24,True,2026-07-30,False,True,True,0.21591267,8,MANUAL_REVIEW,52.902781566679494,52.902781566679494,0.3017907382550294
DSP-01162,ORD-16548,not_as_described,2026-03-31,12,pending,0.4212,True,RULE_NOT_AS_DESCRIBED,clean_concede,1,False,CUST-00027,1548.3,digital_goods,2026-03-19,True,2026-03-25,False,True,False,0.43028617,8,FIGHT,366.21207554340356,366.21207554340356,0.2983208053691236
DSP-08730,ORD-11901,duplicate_charge,2026-06-16,8,pending,0.2802,False,RULE_DUPLICATE_CHARGE,clean_concede,1,False,CUST-02666,657.71,apparel,2026-06-08,True,2026-06-09,True,False,False,0.46813837,12,MANUAL_REVIEW,7.899285318553439,7.899285318553439,0.18245812080536766
DSP-07431,ORD-01420,not_as_described,2026-06-03,3,pending,0.7644,True,RULE_NOT_AS_DESCRIBED,clean_fight,0,False,CUST-05318,846.83,home_goods,2026-05-31,True,2026-06-01,True,True,False,0.6819393,17,FIGHT,277.48666070044044,277.48666070044044,0.09007369127516578
DSP-11641,ORD-12760,not_as_described,2026-07-16,11,pending,0.5865,True,RULE_NOT_AS_DESCRIBED,clean_fight,0,False,CUST-04290,1063.77,digital_goods,2026-07-05,True,2026-07-06,True,True,False,0.661633,9,FIGHT,403.825352025032,403.825352025032,0.2588095302013397
DSP-09843,ORD-14577,unauthorized_transaction,2026-06-28,5,pending,0.6016,True,RULE_UNAUTHORIZED_TRANSACTION,clean_fight,0,False,CUST-01060,341.96,apparel,2026-06-23,False,,True,True,False,0.50398976,15,MANUAL_REVIEW,-127.65566300153733,-127.65566300153733,0.10974335570469734
DSP-07167,ORD-00791,not_as_described,2026-05-31,2,pending,0.6059,True,RULE_NOT_AS_DESCRIBED,clean_fight,0,False,CUST-02555,814.4,electronics,2026-05-29,True,2026-05-31,True,False,False,0.6520396,18,FIGHT,231.021040058136,231.021040058136,0.06876778523489739
DSP-11002,ORD-07978,duplicate_charge,2026-07-10,13,pending,0.4362,True,RULE_DUPLICATE_CHARGE,clean_concede,0,False,CUST-02898,481.74,digital_goods,2026-06-27,False,,True,True,False,0.35660675,7,MANUAL_REVIEW,-128.20826344549656,-128.20826344549656,0.2753720805369117
DSP-03370,ORD-15260,not_as_described,2026-04-22,15,pending,0.642,False,RULE_NOT_AS_DESCRIBED,clean_fight,1,False,CUST-04252,1050.73,electronics,2026-04-07,True,2026-04-11,True,True,False,0.6474907,5,FIGHT,380.33788242518904,380.33788242518904,0.3382844295301988
DSP-01544,ORD-17388,not_as_described,2026-04-04,23,pending,0.2262,False,RULE_NOT_AS_DESCRIBED,clean_concede,2,False,CUST-03457,1325.39,apparel,2026-03-12,False,,True,True,False,0.36742768,0,FIGHT,186.98496870785954,186.98496870785954,0.449344563758386
DSP-13034,ORD-11766,item_not_received,2026-07-30,6,pending,0.7231,False,RULE_ITEM_NOT_RECEIVED,clean_fight,0,False,CUST-04801,320.73,electronics,2026-07-24,True,2026-07-31,True,True,False,0.7614829,14,MANUAL_REVIEW,-55.76959127247332,-55.76959127247332,0.12888845637583835
DSP-13661,ORD-15913,not_as_described,2026-08-05,21,pending,0.4236,False,RULE_NOT_AS_DESCRIBED,clean_concede,0,False,CUST-00978,1065.67,electronics,2026-07-15,True,2026-07-22,True,False,True,0.5927659,0,FIGHT,331.69286576151853,331.69286576151853,0.4388860402684538
DSP-13508,ORD-12811,not_as_described,2026-08-04,16,pending,0.4275,False,RULE_NOT_AS_DESCRIBED,clean_concede,2,False,CUST-00975,15000.0,apparel,2026-07-19,True,2026-07-28,False,True,False,0.4243395,4,FIGHT,6065.092545747757,6065.092545747757,0.9199999999999597
DSP-06177,ORD-19088,unauthorized_transaction,2026-05-21,23,pending,0.2929,True,RULE_UNAUTHORIZED_TRANSACTION,clean_concede,3,False,CUST-01847,1106.01,digital_goods,2026-04-28,False,,True,True,False,0.33995607,0,MANUAL_REVIEW,75.99481845885515,75.99481845885515,0.44051046979865505
DSP-01528,ORD-02257,unauthorized_transaction,2026-04-04,6,pending,0.8002,False,RULE_UNAUTHORIZED_TRANSACTION,clean_fight,0,False,CUST-03703,753.44,digital_goods,2026-03-29,True,2026-04-06,True,True,False,0.7795319,14,FIGHT,287.3305118083954,287.3305118083954,0.14631302013422645
DSP-12137,ORD-13630,not_as_described,2026-07-21,16,pending,0.3325,True,RULE_NOT_AS_DESCRIBED,clean_concede,0,False,CUST-00422,497.12,apparel,2026-07-05,False,,True,True,False,0.36966458,4,MANUAL_REVIEW,-116.23234417438508,-116.23234417438508,0.33599140939597216
DSP-12861,ORD-00401,unauthorized_transaction,2026-07-28,16,pending,0.2642,False,RULE_UNAUTHORIZED_TRANSACTION,clean_concede,1,False,CUST-02478,864.02,electronics,2026-07-12,False,,True,False,True,0.28410843,4,MANUAL_REVIEW,-54.52463418424131,-54.52463418424131,0.3507659060402665
DSP-04193,ORD-03166,item_not_received,2026-05-01,5,pending,0.2581,False,RULE_ITEM_NOT_RECEIVED,retry_needed,0,False,CUST-03106,557.43,apparel,2026-04-26,False,,True,True,False,0.27519622,15,MANUAL_REVIEW,-146.5973686042428,-146.5973686042428,0.11841999999999876
DSP-08982,ORD-16496,not_as_described,2026-06-19,14,pending,0.3856,False,RULE_NOT_AS_DESCRIBED,clean_concede,0,False,CUST-03402,748.69,apparel,2026-06-05,True,2026-06-06,False,True,False,0.39551467,6,MANUAL_REVIEW,-3.882123938202824,-3.882123938202824,0.3061217449664412
DSP-14850,ORD-01811,unauthorized_transaction,2026-08-22,21,pending,0.5088,False,RULE_UNAUTHORIZED_TRANSACTION,clean_fight,5,False,CUST-05138,2151.72,apparel,2026-08-01,True,2026-08-07,True,True,False,0.44538087,0,FIGHT,658.3349181246757,658.3349181246757,0.4826195973154307
DSP-14242,ORD-02531,unauthorized_transaction,2026-08-12,8,pending,0.6001,False,RULE_UNAUTHORIZED_TRANSACTION,clean_fight,0,False,CUST-05519,845.54,home_goods,2026-08-04,True,2026-08-09,True,True,True,0.66918284,12,FIGHT,265.8208560049534,265.8208560049534,0.19002174496644098
DSP-00146,ORD-18314,duplicate_charge,2026-03-15,7,pending,0.4529,False,RULE_DUPLICATE_CHARGE,clean_concede,2,False,CUST-05067,1015.28,electronics,2026-03-08,True,2026-03-09,True,True,False,0.59089726,13,FIGHT,299.9261722612381,299.9261722612381,0.17685691275167537
DSP-05995,ORD-14807,unauthorized_transaction,2026-05-19,24,pending,0.4265,True,RULE_UNAUTHORIZED_TRANSACTION,clean_concede,3,False,CUST-05896,1813.55,electronics,2026-04-25,True,2026-05-03,True,False,True,0.28614473,0,FIGHT,218.9377813100815,218.9377813100815,0.46900201342281417
DSP-11928,ORD-19235,not_as_described,2026-07-19,3,pending,0.342,True,RULE_NOT_AS_DESCRIBED,clean_concede,0,False,CUST-00623,1147.35,apparel,2026-07-16,False,,False,True,False,0.23710136,17,MANUAL_REVIEW,-27.96175327822567,-27.96175327822567,0.10217516778523208
DSP-14462,ORD-17686,not_as_described,2026-08-15,12,pending,0.5268,False,RULE_NOT_AS_DESCRIBED,clean_fight,0,False,CUST-03376,2822.57,apparel,2026-08-03,True,2026-08-06,False,True,False,0.51001406,8,FIGHT,1139.550377316475,1139.550377316475,0.3496336912751604
DSP-03538,ORD-19356,not_as_described,2026-04-24,14,pending,0.2757,False,RULE_NOT_AS_DESCRIBED,clean_concede,2,False,CUST-05287,405.15,digital_goods,2026-04-10,False,,True,True,False,0.23440993,6,CONCEDE,-205.0288175404072,-205.0288175404072,0.2922879194630864
DSP-01957,ORD-00706,not_as_described,2026-04-08,18,pending,0.5869,False,RULE_NOT_AS_DESCRIBED,clean_fight,0,False,CUST-03194,906.9,apparel,2026-03-21,True,2026-03-26,True,True,False,0.62979734,2,FIGHT,271.16320713758466,271.16320713758466,0.3924926174496623
DSP-12991,ORD-04606,not_as_described,2026-07-29,19,pending,0.6073,False,RULE_NOT_AS_DESCRIBED,clean_fight,0,False,CUST-05064,1254.1,groceries,2026-07-10,True,2026-07-16,True,True,False,0.5464263,1,FIGHT,385.27321810722344,385.27321810722344,0.42647382550335255
DSP-05176,ORD-02001,item_not_received,2026-05-10,1,pending,0.0674,False,RULE_ITEM_NOT_RECEIVED,retry_needed,3,False,CUST-02234,609.97,digital_goods,2026-05-09,False,,True,True,False,0.10129374,19,CONCEDE,-238.21385579168796,-238.21385579168796,0.04053570469798522
DSP-01836,ORD-15109,duplicate_charge,2026-04-07,11,pending,0.1752,False,RULE_DUPLICATE_CHARGE,clean_concede,2,False,CUST-04262,268.44,electronics,2026-03-27,False,,True,True,False,0.28808066,9,CONCEDE,-222.66762696146964,-222.66762696146964,0.2267828187919459
DSP-12050,ORD-05810,unauthorized_transaction,2026-07-20,17,pending,0.7114,False,RULE_UNAUTHORIZED_TRANSACTION,clean_fight,0,False,CUST-00183,1284.26,electronics,2026-07-03,True,2026-07-08,True,True,False,0.6929113,3,FIGHT,589.878300665617,589.878300665617,0.3876883221476478
DSP-06928,ORD-00936,item_not_received,2026-05-29,10,pending,0.5351,False,RULE_ITEM_NOT_RECEIVED,clean_fight,0,False,CUST-04375,4195.02,electronics,2026-05-19,True,2026-05-27,True,False,False,0.4397402,10,FIGHT,1544.7189789909125,1544.7189789909125,0.3649001342281769
DSP-01372,ORD-07286,unauthorized_transaction,2026-04-02,13,pending,0.6342,True,RULE_UNAUTHORIZED_TRANSACTION,clean_fight,1,False,CUST-03619,356.01,home_goods,2026-03-20,True,2026-03-27,True,True,False,0.58999383,7,MANUAL_REVIEW,-89.95629498124123,-89.95629498124123,0.2703091275167778
DSP-08964,ORD-17279,item_not_received,2026-06-18,7,pending,0.7164,True,RULE_ITEM_NOT_RECEIVED,clean_fight,0,False,CUST-01718,1654.96,apparel,2026-06-11,True,2026-06-16,True,True,False,0.7625436,13,FIGHT,961.979187169075,961.979187169075,0.2026158389261703
DSP-01611,ORD-19539,not_as_described,2026-04-04,14,pending,0.4522,False,RULE_NOT_AS_DESCRIBED,clean_concede,0,False,CUST-00399,967.56,apparel,2026-03-21,False,,True,True,False,0.38077626,6,MANUAL_REVIEW,68.42387456774708,68.42387456774708,0.31493530201342046
DSP-10498,ORD-13323,duplicate_charge,2026-07-04,13,pending,0.4551,True,RULE_DUPLICATE_CHARGE,clean_concede,2,False,CUST-00558,1226.72,groceries,2026-06-21,True,2026-06-26,True,True,False,0.4697876,7,FIGHT,276.297841796875,276.297841796875,0.3053712751677822
DSP-11730,ORD-16962,unauthorized_transaction,2026-07-17,15,pending,0.5749,True,RULE_UNAUTHORIZED_TRANSACTION,clean_fight,2,False,CUST-01187,685.23,home_goods,2026-07-02,True,2026-07-03,True,True,False,0.5610349,5,MANUAL_REVIEW,84.43795674562455,84.43795674562455,0.32356630872483066
DSP-12113,ORD-09383,item_not_received,2026-07-21,4,pending,0.4388,True,RULE_ITEM_NOT_RECEIVED,clean_concede,5,False,CUST-01117,388.12,groceries,2026-07-17,True,2026-07-26,True,False,False,0.4064474,16,MANUAL_REVIEW,-142.24963100433348,-142.24963100433348,0.09160214765100592
DSP-11012,ORD-16698,unauthorized_transaction,2026-07-10,15,pending,0.2424,False,RULE_UNAUTHORIZED_TRANSACTION,clean_concede,3,False,CUST-05730,923.84,apparel,2026-06-25,False,,True,True,False,0.33085203,5,MANUAL_REVIEW,5.6543409729004,5.6543409729004,0.33317476510066896
DSP-08014,ORD-03295,unauthorized_transaction,2026-06-08,16,pending,0.6912,True,RULE_UNAUTHORIZED_TRANSACTION,clean_fight,0,False,CUST-03176,1068.55,electronics,2026-05-23,True,2026-05-31,True,True,False,0.7725819,4,FIGHT,525.5423628777265,525.5423628777265,0.35900201342281624
DSP-11869,ORD-01899,duplicate_charge,2026-07-18,13,pending,0.4728,True,RULE_DUPLICATE_CHARGE,clean_concede,0,False,CUST-01158,262.9,home_goods,2026-07-05,True,2026-07-13,True,False,False,0.51177436,7,CONCEDE,-165.45452045798302,-165.45452045798302,0.2665597315436237
DSP-13137,ORD-19707,not_as_described,2026-07-31,7,pending,0.5949,True,RULE_NOT_AS_DESCRIBED,clean_fight,1,False,CUST-01577,1613.13,electronics,2026-07-24,True,2026-07-31,True,True,False,0.6022374,13,FIGHT,671.4872225350142,671.4872225350142,0.20093140939596904
DSP-03477,ORD-00156,item_not_received,2026-04-23,18,pending,0.5965,True,RULE_ITEM_NOT_RECEIVED,clean_fight,2,False,CUST-00938,603.48,apparel,2026-04-05,True,2026-04-06,True,True,False,0.60496956,2,MANUAL_REVIEW,65.08703073263172,65.08703073263172,0.38027436241610607
DSP-12385,ORD-09650,item_not_received,2026-07-23,19,pending,0.707,True,RULE_ITEM_NOT_RECEIVED,clean_fight,1,False,CUST-02726,3657.43,electronics,2026-07-04,True,2026-07-05,True,True,False,0.61636716,1,FIGHT,1954.319746658206,1954.319746658206,0.5232522147650911
DSP-04331,ORD-07132,unauthorized_transaction,2026-05-02,9,pending,0.7079,True,RULE_UNAUTHORIZED_TRANSACTION,clean_fight,1,False,CUST-01853,717.91,home_goods,2026-04-23,True,2026-04-25,True,True,False,0.6213296,11,MANUAL_REVIEW,146.05873714148998,146.05873714148998,0.20488228187919294
DSP-00375,ORD-08534,not_as_described,2026-03-20,7,pending,0.5788,False,RULE_NOT_AS_DESCRIBED,clean_fight,1,False,CUST-01954,245.57,apparel,2026-03-13,True,2026-03-16,True,True,False,0.5907092,13,CONCEDE,-154.939539437294,-154.939539437294,0.14586187919463045
DSP-12063,ORD-16746,not_as_described,2026-07-20,19,pending,0.5643,True,RULE_NOT_AS_DESCRIBED,clean_fight,1,False,CUST-04166,939.41,digital_goods,2026-07-01,True,2026-07-06,True,True,False,0.58123153,1,FIGHT,246.01471580684188,246.01471580684188,0.4138017449664407
DSP-06791,ORD-03694,not_as_described,2026-05-27,18,pending,0.4797,False,RULE_NOT_AS_DESCRIBED,clean_concede,1,False,CUST-05180,1218.48,groceries,2026-05-09,True,2026-05-15,False,True,False,0.28245816,2,MANUAL_REVIEW,44.1696143460274,44.1696143460274,0.40503946308724537
DSP-04921,ORD-15300,item_not_received,2026-05-08,3,pending,0.6241,True,RULE_ITEM_NOT_RECEIVED,clean_fight,3,False,CUST-02308,329.59,groceries,2026-05-05,True,2026-05-08,True,True,False,0.51918286,17,MANUAL_REVIEW,-128.88252089202405,-128.88252089202405,0.06924523489932825
DSP-14947,ORD-04915,item_not_received,2026-08-26,24,pending,0.7311,False,RULE_ITEM_NOT_RECEIVED,clean_fight,1,False,CUST-05962,1066.02,apparel,2026-08-02,True,2026-08-05,True,True,False,0.6588776,0,FIGHT,402.37671104907986,402.37671104907986,0.4389001342281853
DSP-14509,ORD-11458,duplicate_charge,2026-08-15,15,pending,0.659,False,RULE_DUPLICATE_CHARGE,clean_fight,1,False,CUST-05480,2121.55,digital_goods,2026-07-31,True,2026-08-03,True,True,False,0.5748089,5,FIGHT,919.4858124345542,919.4858124345542,0.3814046979865718
DSP-03805,ORD-12927,item_not_received,2026-04-27,3,pending,0.02,False,RULE_ITEM_NOT_RECEIVED,retry_needed,3,False,CUST-00169,1142.96,home_goods,2026-04-24,False,,False,True,False,0.05524923,17,CONCEDE,-236.85234113812447,-236.85234113812447,0.10199838926174215
DSP-14837,ORD-15277,unauthorized_transaction,2026-08-22,24,pending,0.779,False,RULE_UNAUTHORIZED_TRANSACTION,clean_fight,0,False,CUST-02125,1139.66,electronics,2026-07-29,True,2026-07-31,True,True,False,0.72994494,0,FIGHT,531.8890553140641,531.8890553140641,0.4418655033557019
DSP-10661,ORD-08472,not_as_described,2026-07-06,6,pending,0.2809,True,RULE_NOT_AS_DESCRIBED,clean_concede,4,False,CUST-05480,734.41,apparel,2026-06-30,False,,True,True,False,0.19268079,14,CONCEDE,-158.4933002667129,-158.4933002667129,0.1455467114093943
DSP-10159,ORD-00643,not_as_described,2026-07-01,2,pending,0.2559,False,RULE_NOT_AS_DESCRIBED,clean_concede,3,False,CUST-03806,765.89,apparel,2026-06-29,False,,True,True,False,0.26574156,18,MANUAL_REVIEW,-96.47119899898769,-96.47119899898769,0.06681436241610557
DSP-12367,ORD-08370,item_not_received,2026-07-23,7,pending,0.6903,True,RULE_ITEM_NOT_RECEIVED,clean_fight,1,False,CUST-01942,564.13,home_goods,2026-07-16,True,2026-07-21,True,True,False,0.5801795,13,MANUAL_REVIEW,27.296668387055377,27.296668387055377,0.15868979865771685
DSP-14021,ORD-05154,not_as_described,2026-08-09,15,pending,0.2797,False,RULE_NOT_AS_DESCRIBED,clean_concede,2,False,CUST-01925,1579.11,groceries,2026-07-25,False,,True,True,False,0.3324092,5,FIGHT,224.91069663226597,224.91069663226597,0.35956147651006315
DSP-02565,ORD-14541,duplicate_charge,2026-04-14,5,pending,0.5895,False,RULE_DUPLICATE_CHARGE,clean_fight,1,False,CUST-01726,915.88,digital_goods,2026-04-09,True,2026-04-16,True,True,False,0.69659275,15,FIGHT,337.9953661894798,337.9953661894798,0.13285422818791726
DSP-11412,ORD-12837,unauthorized_transaction,2026-07-14,4,pending,0.6146,True,RULE_UNAUTHORIZED_TRANSACTION,clean_fight,0,False,CUST-00681,729.28,digital_goods,2026-07-10,True,2026-07-11,True,True,True,0.6587909,16,FIGHT,180.44301763534543,180.44301763534543,0.10534013422818621
DSP-04075,ORD-04558,item_not_received,2026-04-29,23,pending,0.6273,True,RULE_ITEM_NOT_RECEIVED,clean_fight,2,False,CUST-01211,336.37,electronics,2026-04-06,True,2026-04-11,True,True,False,0.62070376,0,MANUAL_REVIEW,-91.21387732207774,-91.21387732207774,0.40951825503355643
DSP-03139,ORD-19106,item_not_received,2026-04-20,6,pending,0.7846,True,RULE_ITEM_NOT_RECEIVED,clean_fight,0,False,CUST-04032,337.72,home_goods,2026-04-14,True,2026-04-16,True,True,False,0.73053604,14,MANUAL_REVIEW,-53.283367340564695,-53.283367340564695,0.1295726174496638
DSP-03915,ORD-11931,not_as_described,2026-04-28,20,pending,0.116,False,RULE_NOT_AS_DESCRIBED,clean_concede,1,False,CUST-05513,2117.54,groceries,2026-04-08,False,,False,False,False,0.10565602,0,MANUAL_REVIEW,-76.26915068224073,-76.26915068224073,0.48124322147650467
DSP-13833,ORD-03729,item_not_received,2026-08-07,10,pending,0.5053,True,RULE_ITEM_NOT_RECEIVED,clean_fight,2,False,CUST-02323,146.88,home_goods,2026-07-28,True,2026-08-04,True,True,False,0.46671954,10,CONCEDE,-231.44823426246643,-231.44823426246643,0.20188778523489923
DSP-14162,ORD-18432,not_as_described,2026-08-11,24,pending,0.4979,True,RULE_NOT_AS_DESCRIBED,clean_concede,0,False,CUST-00416,2002.46,groceries,2026-07-18,True,2026-07-26,True,False,False,0.5749061,0,FIGHT,851.226490559578,851.226490559578,0.4766091275167734
DSP-00234,ORD-05124,item_not_received,2026-03-18,9,pending,0.4481,True,RULE_ITEM_NOT_RECEIVED,clean_concede,0,False,CUST-03947,215.27,home_goods,2026-03-09,True,2026-03-11,True,True,True,0.6426299,11,CONCEDE,-161.66105681240558,-161.66105681240558,0.18464174496644264
DSP-06387,ORD-04025,unauthorized_transaction,2026-05-23,6,pending,0.7377,False,RULE_UNAUTHORIZED_TRANSACTION,clean_fight,1,False,CUST-04225,768.23,digital_goods,2026-05-17,True,2026-05-25,True,True,False,0.7341269,14,FIGHT,263.97832795262343,263.97832795262343,0.14690859060402506
DSP-07197,ORD-17080,unauthorized_transaction,2026-06-01,24,pending,0.6164,True,RULE_UNAUTHORIZED_TRANSACTION,clean_fight,0,False,CUST-02121,320.87,groceries,2026-05-08,True,2026-05-13,True,True,False,0.7331118,0,MANUAL_REVIEW,-64.7664171308279,-64.7664171308279,0.408894093959731
DSP-10667,ORD-12968,not_as_described,2026-07-06,8,pending,0.2768,False,RULE_NOT_AS_DESCRIBED,clean_concede,1,False,CUST-02430,662.78,groceries,2026-06-28,False,,True,True,False,0.2872646,12,MANUAL_REVIEW,-109.60677802562714,-109.60677802562714,0.18266228187919314
DSP-09303,ORD-12843,unauthorized_transaction,2026-06-22,9,pending,0.3318,True,RULE_UNAUTHORIZED_TRANSACTION,clean_concede,0,False,CUST-03345,2412.45,electronics,2026-06-13,True,2026-06-17,False,True,False,0.30354357,11,FIGHT,432.28367979526513,432.28367979526513,0.27311879194630245
DSP-00573,ORD-02955,duplicate_charge,2026-03-24,16,pending,0.5325,True,RULE_DUPLICATE_CHARGE,clean_fight,0,False,CUST-05560,181.67,digital_goods,2026-03-08,False,,True,True,False,0.36937106,4,CONCEDE,-232.896360155344,-232.896360155344,0.3232887248322146
DSP-00163,ORD-13921,not_as_described,2026-03-16,3,pending,0.383,False,RULE_NOT_AS_DESCRIBED,clean_concede,0,False,CUST-05924,951.6,digital_goods,2026-03-13,True,2026-03-22,False,True,False,0.455531,17,MANUAL_REVIEW,133.48330063819884,133.48330063819884,0.09429261744966214
DSP-03004,ORD-16891,item_not_received,2026-04-18,15,pending,0.2544,False,RULE_ITEM_NOT_RECEIVED,retry_needed,0,False,CUST-04359,736.31,apparel,2026-04-03,False,,True,True,False,0.23179036,5,MANUAL_REVIEW,-129.33043723881246,-129.33043723881246,0.3256232214765084
DSP-13051,ORD-17465,not_as_described,2026-07-30,19,pending,0.47,True,RULE_NOT_AS_DESCRIBED,clean_concede,0,False,CUST-03256,217.66,digital_goods,2026-07-11,True,2026-07-12,True,True,True,0.42214894,1,CONCEDE,-208.1150610780716,-208.1150610780716,0.3847379865771809
DSP-06007,ORD-07768,item_not_received,2026-05-19,3,pending,0.6536,False,RULE_ITEM_NOT_RECEIVED,clean_fight,1,False,CUST-03326,777.12,digital_goods,2026-05-16,True,2026-05-23,True,True,False,0.7002613,17,FIGHT,244.18705744743352,244.18705744743352,0.08726657718120623
DSP-04090,ORD-08457,duplicate_charge,2026-04-30,13,pending,0.5511,True,RULE_DUPLICATE_CHARGE,clean_fight,0,False,CUST-00680,378.01,groceries,2026-04-17,True,2026-04-18,True,True,False,0.60683626,7,MANUAL_REVIEW,-70.60982559740543,-70.60982559740543,0.2711950335570462
DSP-02299,ORD-13019,item_not_received,2026-04-11,11,pending,0.6949,True,RULE_ITEM_NOT_RECEIVED,clean_fight,2,False,CUST-02853,476.06,apparel,2026-03-31,True,2026-04-03,True,True,False,0.5984443,9,MANUAL_REVIEW,-15.10461463093759,-15.10461463093759,0.235143355704697
DSP-09629,ORD-09473,unauthorized_transaction,2026-06-26,19,pending,0.5489,True,RULE_UNAUTHORIZED_TRANSACTION,clean_fight,2,False,CUST-05739,411.06,digital_goods,2026-06-07,True,2026-06-14,True,True,False,0.56421506,1,MANUAL_REVIEW,-68.0737557721138,-68.0737557721138,0.3925259060402676
DSP-06104,ORD-04245,duplicate_charge,2026-05-20,14,pending,0.2017,True,RULE_DUPLICATE_CHARGE,clean_concede,3,False,CUST-01473,235.7,apparel,2026-05-06,False,,True,True,False,0.18184513,6,CONCEDE,-257.1391032040119,-257.1391032040119,0.28546442953020096
DSP-03809,ORD-19030,not_as_described,2026-04-27,19,pending,0.3857,False,RULE_NOT_AS_DESCRIBED,clean_concede,1,False,CUST-00282,133.86,home_goods,2026-04-08,True,2026-04-17,False,True,False,0.33279872,1,CONCEDE,-255.4515634202957,-255.4515634202957,0.3813634899328858
DSP-10388,ORD-09170,duplicate_charge,2026-07-03,8,pending,0.5713,True,RULE_DUPLICATE_CHARGE,clean_fight,1,False,CUST-05784,618.26,electronics,2026-06-25,True,2026-06-28,True,True,False,0.58988583,12,MANUAL_REVIEW,64.70281379938126,64.70281379938126,0.18086953020134092
DSP-11471,ORD-04473,not_as_described,2026-07-14,16,pending,0.3755,False,RULE_NOT_AS_DESCRIBED,clean_concede,1,False,CUST-04916,204.5,apparel,2026-06-28,False,,True,True,False,0.38391057,4,CONCEDE,-221.4902891367674,-221.4902891367674,0.3242080536912749
DSP-14749,ORD-02314,item_not_received,2026-08-20,21,pending,0.7386,True,RULE_ITEM_NOT_RECEIVED,clean_fight,1,False,CUST-04238,1923.26,groceries,2026-07-30,True,2026-08-01,True,True,False,0.64898777,0,FIGHT,948.17221868515,948.17221868515,0.47341986577180717
DSP-03848,ORD-09916,unauthorized_transaction,2026-04-27,11,pending,0.2364,False,RULE_UNAUTHORIZED_TRANSACTION,clean_concede,1,False,CUST-03727,124.34,groceries,2026-04-16,False,,True,False,False,0.34553617,9,CONCEDE,-257.0360323250294,-257.0360323250294,0.22098013422818788
DSP-03102,ORD-12583,item_not_received,2026-04-20,22,pending,0.8298,True,RULE_ITEM_NOT_RECEIVED,clean_fight,0,False,CUST-05947,786.73,apparel,2026-03-29,True,2026-04-01,True,True,False,0.6907616,0,FIGHT,243.44289383947853,243.44289383947853,0.42765355704697805
DSP-09007,ORD-06027,not_as_described,2026-06-19,9,pending,0.3563,False,RULE_NOT_AS_DESCRIBED,clean_concede,2,False,CUST-01897,1550.22,electronics,2026-06-10,False,,True,True,False,0.3490134,11,FIGHT,241.04753458857533,241.04753458857533,0.2383981208053652
DSP-01568,ORD-12973,unauthorized_transaction,2026-04-04,15,pending,0.6591,True,RULE_UNAUTHORIZED_TRANSACTION,clean_fight,1,False,CUST-00009,13543.92,apparel,2026-03-20,True,2026-03-26,True,True,False,0.6270528,5,FIGHT,8192.75274181366,8192.75274181366,0.8413659060402322
DSP-03043,ORD-04770,not_as_described,2026-04-19,7,pending,0.554,True,RULE_NOT_AS_DESCRIBED,clean_fight,3,False,CUST-04915,1862.13,digital_goods,2026-04-12,True,2026-04-13,True,True,False,0.5330575,13,FIGHT,692.6223826843501,692.6223826843501,0.21095825503355226
DSP-11570,ORD-15105,unauthorized_transaction,2026-07-15,24,pending,0.5848,False,RULE_UNAUTHORIZED_TRANSACTION,clean_fight,3,False,CUST-04973,723.03,electronics,2026-06-21,True,2026-06-22,True,True,False,0.46822476,0,MANUAL_REVIEW,38.54055102109908,38.54055102109908,0.42508845637583725
DSP-08239,ORD-09404,unauthorized_transaction,2026-06-11,10,pending,0.5823,True,RULE_UNAUTHORIZED_TRANSACTION,clean_fight,1,False,CUST-05385,320.91,apparel,2026-06-01,True,2026-06-02,True,True,False,0.62818766,10,MANUAL_REVIEW,-98.40829918384551,-98.40829918384551,0.208895704697986
DSP-13732,ORD-04618,duplicate_charge,2026-08-06,20,pending,0.592,False,RULE_DUPLICATE_CHARGE,clean_fight,0,False,CUST-02200,304.18,home_goods,2026-07-17,True,2026-07-18,True,True,True,0.594654,0,MANUAL_REVIEW,-119.11813908696175,-119.11813908696175,0.4082220134228183
DSP-05539,ORD-19478,unauthorized_transaction,2026-05-14,20,pending,0.5674,True,RULE_UNAUTHORIZED_TRANSACTION,clean_fight,0,False,CUST-03879,1046.97,electronics,2026-04-24,False,,True,True,False,0.43086797,0,FIGHT,151.10583854019643,151.10583854019643,0.43813302013422567
DSP-12250,ORD-01548,item_not_received,2026-07-22,11,pending,0.5511,False,RULE_ITEM_NOT_RECEIVED,clean_fight,3,False,CUST-01215,3594.42,digital_goods,2026-07-11,True,2026-07-20,True,True,False,0.47100306,9,FIGHT,1392.9828030109406,1392.9828030109406,0.3607148993288496
DSP-14670,ORD-02012,item_not_received,2026-08-18,21,pending,0.5309,False,RULE_ITEM_NOT_RECEIVED,clean_fight,0,False,CUST-00436,987.19,home_goods,2026-07-28,True,2026-08-03,False,True,False,0.58197296,0,FIGHT,274.51788308262826,274.51788308262826,0.43572577181207817
DSP-05923,ORD-12012,duplicate_charge,2026-05-18,15,pending,0.6687,True,RULE_DUPLICATE_CHARGE,clean_fight,0,False,CUST-02990,179.24,apparel,2026-05-03,True,2026-05-05,True,True,False,0.7111028,5,CONCEDE,-172.54193705320358,-172.54193705320358,0.3031908724832213
DSP-04729,ORD-07627,item_not_received,2026-05-06,11,pending,0.6788,True,RULE_ITEM_NOT_RECEIVED,clean_fight,1,False,CUST-02113,272.31,apparel,2026-04-25,True,2026-05-02,True,True,False,0.6126526,9,MANUAL_REVIEW,-133.16857054531573,-133.16857054531573,0.22693865771812036
DSP-05504,ORD-16870,unauthorized_transaction,2026-05-14,19,pending,0.172,False,RULE_UNAUTHORIZED_TRANSACTION,clean_concede,1,False,CUST-01595,230.52,apparel,2026-04-25,True,2026-05-03,False,True,False,0.29453254,1,CONCEDE,-232.10435946464537,-232.10435946464537,0.38525583892617415
DSP-13699,ORD-03321,item_not_received,2026-08-06,9,pending,0.3835,False,RULE_ITEM_NOT_RECEIVED,clean_concede,3,False,CUST-02061,1435.16,groceries,2026-07-28,True,2026-08-06,True,False,True,0.3642189,11,FIGHT,222.7123831295968,222.7123831295968,0.2337648322147615
DSP-08574,ORD-16770,unauthorized_transaction,2026-06-14,13,pending,0.4083,False,RULE_UNAUTHORIZED_TRANSACTION,clean_concede,0,False,CUST-05478,878.69,home_goods,2026-06-01,False,,True,True,False,0.42792487,7,MANUAL_REVIEW,76.01330528974535,76.01330528974535,0.2913566442952999
DSP-01847,ORD-18614,unauthorized_transaction,2026-04-07,16,pending,0.2808,True,RULE_UNAUTHORIZED_TRANSACTION,clean_concede,1,False,CUST-05708,878.49,groceries,2026-03-22,False,,True,True,False,0.34111965,4,MANUAL_REVIEW,-0.32980128407479015,-0.32980128407479015,0.3513485906040248
DSP-14671,ORD-19085,not_as_described,2026-08-18,23,pending,0.4202,False,RULE_NOT_AS_DESCRIBED,clean_concede,0,False,CUST-00429,784.39,electronics,2026-07-26,True,2026-08-02,False,True,False,0.4154974,0,MANUAL_REVIEW,25.91199963718651,25.91199963718651,0.42755932885905856
DSP-00010,ORD-19662,unauthorized_transaction,2026-03-09,2,pending,0.209,False,RULE_UNAUTHORIZED_TRANSACTION,clean_concede,3,False,CUST-02484,925.04,electronics,2026-03-07,True,2026-03-10,False,True,False,0.247093,18,MANUAL_REVIEW,-71.4290848338604,-71.4290848338604,0.07322308724831991
DSP-07279,ORD-04801,not_as_described,2026-06-02,17,pending,0.6615,True,RULE_NOT_AS_DESCRIBED,clean_fight,0,False,CUST-02459,396.56,home_goods,2026-05-16,True,2026-05-24,True,True,False,0.5497004,3,MANUAL_REVIEW,-82.01081755638123,-82.01081755638123,0.351942013422818
DSP-11033,ORD-03137,item_not_received,2026-07-10,5,pending,0.5287,True,RULE_ITEM_NOT_RECEIVED,clean_fight,2,False,CUST-01468,6173.6,groceries,2026-07-05,True,2026-07-06,False,True,False,0.44447133,15,FIGHT,2443.9881994962693,2443.9881994962693,0.34457449664427886
DSP-09384,ORD-10300,duplicate_charge,2026-06-23,6,pending,0.4364,False,RULE_DUPLICATE_CHARGE,clean_concede,0,False,CUST-04878,410.56,groceries,2026-06-17,False,,True,True,False,0.3061539,14,CONCEDE,-174.30545749664307,-174.30545749664307,0.13250577181207973
DSP-06461,ORD-03058,duplicate_charge,2026-05-24,2,pending,0.1887,False,RULE_DUPLICATE_CHARGE,clean_concede,3,False,CUST-02136,3837.66,home_goods,2026-05-22,True,2026-05-25,True,False,False,0.4454097,18,FIGHT,1409.3309331697226,1409.3309331697226,0.190509798657708
DSP-14739,ORD-18200,item_not_received,2026-08-20,22,pending,0.6651,False,RULE_ITEM_NOT_RECEIVED,clean_fight,0,False,CUST-05673,431.65,apparel,2026-07-29,True,2026-08-03,True,True,True,0.56476593,0,MANUAL_REVIEW,-56.21878623962402,-56.21878623962402,0.4133550335570461
DSP-14017,ORD-10145,not_as_described,2026-08-09,23,pending,0.3773,True,RULE_NOT_AS_DESCRIBED,clean_concede,2,False,CUST-05966,519.76,groceries,2026-07-17,False,,True,True,False,0.28646007,0,CONCEDE,-151.10951308012008,-151.10951308012008,0.41690308724832104
DSP-00821,ORD-18336,not_as_described,2026-03-27,18,pending,0.3774,False,RULE_NOT_AS_DESCRIBED,clean_concede,4,False,CUST-04617,2354.42,apparel,2026-03-09,True,2026-03-13,True,False,False,0.32959777,2,FIGHT,476.01158439278606,476.01158439278606,0.45078201342281277
DSP-11419,ORD-03195,not_as_described,2026-07-14,5,pending,0.6978,True,RULE_NOT_AS_DESCRIBED,clean_fight,1,False,CUST-04616,996.05,apparel,2026-07-09,True,2026-07-18,True,True,False,0.67364895,15,FIGHT,370.9880400717258,370.9880400717258,0.13608255033556804
DSP-12824,ORD-01496,item_not_received,2026-07-28,21,pending,0.6716,True,RULE_ITEM_NOT_RECEIVED,clean_fight,1,False,CUST-04425,2666.98,electronics,2026-07-07,True,2026-07-09,True,True,False,0.753171,0,FIGHT,1708.692064806223,1708.692064806223,0.503368322147644
DSP-05440,ORD-16341,item_not_received,2026-05-13,24,pending,0.7021,True,RULE_ITEM_NOT_RECEIVED,clean_fight,2,False,CUST-02036,228.86,apparel,2026-04-19,True,2026-04-26,True,True,False,0.59187096,0,CONCEDE,-164.5444112765789,-164.5444112765789,0.40518899328859026
DSP-06752,ORD-11965,item_not_received,2026-05-27,12,pending,0.6051,False,RULE_ITEM_NOT_RECEIVED,clean_fight,0,False,CUST-05190,772.68,home_goods,2026-05-15,True,2026-05-20,True,True,False,0.6958958,8,FIGHT,237.70475983142853,237.70475983142853,0.2670877852348975
DSP-03093,ORD-07356,not_as_described,2026-04-19,8,pending,0.1807,False,RULE_NOT_AS_DESCRIBED,clean_concede,2,False,CUST-00895,261.23,digital_goods,2026-04-11,False,,False,True,False,0.08935243,12,CONCEDE,-276.6584649950266,-276.6584649950266,0.1664924832214761
DSP-06813,ORD-14862,not_as_described,2026-05-28,14,pending,0.3188,False,RULE_NOT_AS_DESCRIBED,clean_concede,2,False,CUST-01667,639.04,apparel,2026-05-14,True,2026-05-19,True,True,True,0.3568626,6,MANUAL_REVIEW,-71.95052114486697,-71.95052114486697,0.30170630872483073
DSP-11605,ORD-10467,unauthorized_transaction,2026-07-16,24,pending,0.4255,True,RULE_UNAUTHORIZED_TRANSACTION,clean_concede,2,False,CUST-03898,860.83,groceries,2026-06-22,True,2026-06-30,True,False,False,0.4627426,0,MANUAL_REVIEW,98.34270965904,98.34270965904,0.4306374496644275
DSP-09947,ORD-05963,unauthorized_transaction,2026-06-29,10,pending,0.7335,True,RULE_UNAUTHORIZED_TRANSACTION,clean_fight,0,False,CUST-04732,454.54,electronics,2026-06-19,True,2026-06-23,True,True,False,0.708263,10,MANUAL_REVIEW,21.933854922056184,21.933854922056184,0.21427677852348898
DSP-09249,ORD-19307,unauthorized_transaction,2026-06-22,9,pending,0.3075,True,RULE_UNAUTHORIZED_TRANSACTION,clean_concede,3,False,CUST-04613,550.44,home_goods,2026-06-13,False,,True,True,False,0.27231455,11,CONCEDE,-150.1071799278259,-150.1071799278259,0.19813852348993166
DSP-04210,ORD-05391,item_not_received,2026-05-01,23,pending,0.6836,True,RULE_ITEM_NOT_RECEIVED,clean_fight,0,False,CUST-00610,839.86,electronics,2026-04-08,True,2026-04-14,True,True,False,0.68862647,0,FIGHT,278.3498255670071,278.3498255670071,0.4297930201342262
DSP-11925,ORD-07351,duplicate_charge,2026-07-19,24,pending,0.4985,False,RULE_DUPLICATE_CHARGE,clean_concede,1,False,CUST-01719,703.65,apparel,2026-06-25,True,2026-06-30,True,True,False,0.5445348,0,MANUAL_REVIEW,83.16191373467444,83.16191373467444,0.42430805369127356
DSP-08464,ORD-17607,unauthorized_transaction,2026-06-13,8,pending,0.6095,False,RULE_UNAUTHORIZED_TRANSACTION,clean_fight,2,False,CUST-03542,2740.8,apparel,2026-06-05,True,2026-06-14,True,False,False,0.61113906,12,FIGHT,1375.00993309021,1375.00993309021,0.2663409395973083
DSP-12943,ORD-02625,item_not_received,2026-07-29,14,pending,0.6206,True,RULE_ITEM_NOT_RECEIVED,clean_fight,1,False,CUST-04697,458.51,digital_goods,2026-07-15,True,2026-07-19,True,True,False,0.65585166,6,MANUAL_REVIEW,0.7145456165075075,0.7145456165075075,0.29443664429530103
DSP-10248,ORD-17113,item_not_received,2026-07-02,22,pending,0.6828,True,RULE_ITEM_NOT_RECEIVED,clean_fight,0,False,CUST-00920,229.11,digital_goods,2026-06-10,True,2026-06-13,True,False,False,0.5918732,0,CONCEDE,-164.3959246069193,-164.3959246069193,0.4051990604026842
DSP-05747,ORD-17832,unauthorized_transaction,2026-05-17,13,pending,0.45,False,RULE_UNAUTHORIZED_TRANSACTION,clean_concede,4,False,CUST-02925,1183.04,digital_goods,2026-05-04,True,2026-05-06,True,True,False,0.5649781,7,FIGHT,368.3917182922363,368.3917182922363,0.30361234899328565
DSP-00558,ORD-18515,item_not_received,2026-03-24,5,pending,0.4946,True,RULE_ITEM_NOT_RECEIVED,clean_concede,1,False,CUST-02303,1130.58,groceries,2026-03-19,True,2026-03-27,False,False,False,0.44256467,15,FIGHT,200.35476039290427,200.35476039290427,0.14149986577180929
DSP-08305,ORD-19681,item_not_received,2026-06-11,1,pending,0.6373,True,RULE_ITEM_NOT_RECEIVED,clean_fight,3,False,CUST-00580,279.7,apparel,2026-06-10,True,2026-06-16,True,True,False,0.46107873,19,CONCEDE,-171.03627832233906,-171.03627832233906,0.027236241610737788
DSP-01800,ORD-18148,unauthorized_transaction,2026-04-06,22,pending,0.02,False,RULE_UNAUTHORIZED_TRANSACTION,clean_concede,1,False,CUST-01667,449.56,groceries,2026-03-15,False,,False,False,False,0.06488941,0,CONCEDE,-270.8283174481988,-270.8283174481988,0.4140762416107373
DSP-00393,ORD-17094,not_as_described,2026-03-21,9,pending,0.6217,True,RULE_NOT_AS_DESCRIBED,clean_fight,1,False,CUST-04196,879.15,electronics,2026-03-12,True,2026-03-19,True,True,False,0.6270875,11,FIGHT,251.3039526522159,251.3039526522159,0.2113751677852328
DSP-01861,ORD-11976,duplicate_charge,2026-04-07,18,pending,0.3292,False,RULE_DUPLICATE_CHARGE,clean_concede,2,False,CUST-02811,208.36,apparel,2026-03-20,True,2026-03-28,False,True,False,0.4458746,2,CONCEDE,-207.09756801009178,-207.09756801009178,0.36436348993288564
DSP-08044,ORD-00720,duplicate_charge,2026-06-09,17,pending,0.4754,False,RULE_DUPLICATE_CHARGE,clean_concede,0,False,CUST-05479,944.21,electronics,2026-05-23,True,2026-05-27,True,False,False,0.5035123,3,FIGHT,175.42137040793898,175.42137040793898,0.3739950335570447
DSP-06501,ORD-12526,not_as_described,2026-05-24,23,pending,0.4888,True,RULE_NOT_AS_DESCRIBED,clean_concede,1,False,CUST-04213,452.28,home_goods,2026-05-01,True,2026-05-03,True,False,False,0.416311,0,MANUAL_REVIEW,-111.71086281180382,-111.71086281180382,0.4141857718120796
DSP-05771,ORD-13466,not_as_described,2026-05-17,9,pending,0.4012,False,RULE_NOT_AS_DESCRIBED,clean_concede,0,False,CUST-05707,377.22,digital_goods,2026-05-08,True,2026-05-15,False,True,False,0.3831027,11,CONCEDE,-155.48600508391857,-155.48600508391857,0.1911632214765093
DSP-13217,ORD-09888,item_not_received,2026-08-01,13,pending,0.3978,False,RULE_ITEM_NOT_RECEIVED,clean_concede,4,False,CUST-03480,1619.94,groceries,2026-07-19,True,2026-07-28,True,True,True,0.28010848,7,FIGHT,153.75893375694756,153.75893375694756,0.32120563758388854
DSP-08255,ORD-13869,not_as_described,2026-06-11,2,pending,0.3173,False,RULE_NOT_AS_DESCRIBED,clean_concede,2,False,CUST-04595,165.15,electronics,2026-06-09,False,,True,True,False,0.316584,18,CONCEDE,-247.71615387797357,-247.71615387797357,0.04262348993288572
DSP-05761,ORD-05191,not_as_described,2026-05-17,19,pending,0.5693,True,RULE_NOT_AS_DESCRIBED,clean_fight,1,False,CUST-02719,1464.23,groceries,2026-04-28,True,2026-05-04,True,True,False,0.53814876,1,FIGHT,487.9735600197315,487.9735600197315,0.4349354362416071
DSP-04953,ORD-06678,unauthorized_transaction,2026-05-08,11,pending,0.5196,True,RULE_UNAUTHORIZED_TRANSACTION,clean_fight,3,False,CUST-04835,218.6,groceries,2026-04-27,True,2026-05-03,True,True,False,0.5130661,9,CONCEDE,-187.84374769926072,-187.84374769926072,0.2247758389261742
DSP-01940,ORD-00446,not_as_described,2026-04-08,1,pending,0.3958,True,RULE_NOT_AS_DESCRIBED,clean_concede,2,False,CUST-04594,1058.67,home_goods,2026-04-07,True,2026-04-15,False,True,False,0.41179046,19,MANUAL_REVIEW,135.95020665675406,135.95020665675406,0.058604161073822936
DSP-06646,ORD-01042,unauthorized_transaction,2026-05-26,15,pending,0.6391,False,RULE_UNAUTHORIZED_TRANSACTION,clean_fight,1,False,CUST-02364,1615.88,groceries,2026-05-11,True,2026-05-17,True,True,False,0.58065903,5,FIGHT,638.2753164148331,638.2753164148331,0.3610421476510027
DSP-00125,ORD-19003,not_as_described,2026-03-15,5,pending,0.5407,True,RULE_NOT_AS_DESCRIBED,clean_fight,1,False,CUST-03713,604.83,digital_goods,2026-03-10,True,2026-03-14,True,True,False,0.6067777,15,MANUAL_REVIEW,66.99737298667435,66.99737298667435,0.12032872483221341
DSP-07350,ORD-01933,not_as_described,2026-06-02,18,pending,0.5116,False,RULE_NOT_AS_DESCRIBED,clean_fight,2,False,CUST-01572,1023.22,digital_goods,2026-05-15,True,2026-05-16,True,True,False,0.5470244,2,FIGHT,259.7263360822201,259.7263360822201,0.39717664429529953
DSP-07443,ORD-09321,not_as_described,2026-06-03,9,pending,0.126,False,RULE_NOT_AS_DESCRIBED,clean_concede,4,False,CUST-01479,441.24,apparel,2026-05-25,False,,True,False,False,0.21049473,11,CONCEDE,-207.12130670428274,-207.12130670428274,0.19374120805369036
DSP-14265,ORD-16320,item_not_received,2026-08-12,18,pending,0.4917,False,RULE_ITEM_NOT_RECEIVED,clean_concede,2,False,CUST-02426,301.5,apparel,2026-07-25,True,2026-07-30,True,True,True,0.48294407,2,CONCEDE,-154.39236250519753,-154.39236250519753,0.36811409395973105
DSP-10472,ORD-13024,not_as_described,2026-07-04,2,pending,0.6821,False,RULE_NOT_AS_DESCRIBED,clean_fight,1,False,CUST-03023,2729.43,electronics,2026-07-02,True,2026-07-04,True,True,False,0.7825051,18,FIGHT,1835.7928814595934,1835.7928814595934,0.14588308724831503
DSP-06176,ORD-02427,item_not_received,2026-05-21,14,pending,0.5125,True,RULE_ITEM_NOT_RECEIVED,clean_fight,2,False,CUST-04732,371.65,electronics,2026-05-07,True,2026-05-13,True,True,False,0.58076143,6,MANUAL_REVIEW,-84.16001355648041,-84.16001355648041,0.2909389261744959
DSP-12836,ORD-17965,duplicate_charge,2026-07-28,4,pending,0.5745,False,RULE_DUPLICATE_CHARGE,clean_fight,1,False,CUST-03288,219.31,groceries,2026-07-24,True,2026-07-29,True,True,False,0.58571255,16,CONCEDE,-171.54738020539284,-171.54738020539284,0.08480442953020101
DSP-13989,ORD-15831,item_not_received,2026-08-09,23,pending,0.7552,False,RULE_ITEM_NOT_RECEIVED,clean_fight,0,False,CUST-01170,4517.31,apparel,2026-07-17,True,2026-07-25,True,True,False,0.64396155,0,FIGHT,2608.9739440333847,2608.9739440333847,0.5778782550335452
DSP-13351,ORD-06020,duplicate_charge,2026-08-02,15,pending,0.4363,True,RULE_DUPLICATE_CHARGE,clean_concede,1,False,CUST-02342,165.67,groceries,2026-07-18,True,2026-07-22,True,True,False,0.38445306,5,CONCEDE,-236.30766184091567,-236.30766184091567,0.3026444295302012
DSP-12820,ORD-09192,item_not_received,2026-07-28,17,pending,0.6029,True,RULE_ITEM_NOT_RECEIVED,clean_fight,3,False,CUST-04150,186.13,groceries,2026-07-11,True,2026-07-13,True,True,False,0.49362728,3,CONCEDE,-208.12115437418223,-208.12115437418223,0.3434683221476508
DSP-12716,ORD-16086,item_not_received,2026-07-27,19,pending,0.787,True,RULE_ITEM_NOT_RECEIVED,clean_fight,1,False,CUST-05307,764.56,electronics,2026-07-08,True,2026-07-13,True,True,False,0.65186834,1,FIGHT,198.39246059417724,198.39246059417724,0.40676080536912573
DSP-07476,ORD-15111,item_not_received,2026-06-03,17,pending,0.5533,True,RULE_ITEM_NOT_RECEIVED,clean_fight,2,False,CUST-02596,307.57,groceries,2026-05-17,True,2026-05-22,True,True,False,0.55038446,3,MANUAL_REVIEW,-130.71825105965138,-130.71825105965138,0.34835852348993235
DSP-10615,ORD-02862,duplicate_charge,2026-07-06,9,pending,0.197,True,RULE_DUPLICATE_CHARGE,clean_concede,1,False,CUST-01109,1567.58,apparel,2026-06-27,False,,False,True,False,0.08111977,11,CONCEDE,-172.8382735745609,-172.8382735745609,0.2390971812080497
DSP-04600,ORD-06533,item_not_received,2026-05-05,17,pending,0.5601,False,RULE_ITEM_NOT_RECEIVED,clean_fight,0,False,CUST-01000,642.61,groceries,2026-04-18,True,2026-04-25,True,True,True,0.5152851,3,MANUAL_REVIEW,31.127341859936735,31.127341859936735,0.3618500671140925
DSP-05334,ORD-19550,unauthorized_transaction,2026-05-12,18,pending,0.7171,True,RULE_UNAUTHORIZED_TRANSACTION,clean_fight,1,False,CUST-00326,140.63,digital_goods,2026-04-24,True,2026-04-27,True,True,False,0.6817231,2,CONCEDE,-204.12927793979645,-204.12927793979645,0.36163610738255025
DSP-05344,ORD-18807,duplicate_charge,2026-05-12,21,pending,0.6046,True,RULE_DUPLICATE_CHARGE,clean_fight,0,False,CUST-03272,743.98,groceries,2026-04-21,True,2026-04-26,True,True,False,0.6537679,0,FIGHT,186.39023017287258,186.39023017287258,0.425932080536911
DSP-04998,ORD-15451,item_not_received,2026-05-09,3,pending,0.6261,True,RULE_ITEM_NOT_RECEIVED,clean_fight,1,False,CUST-02601,466.8,groceries,2026-05-06,True,2026-05-07,True,True,False,0.58708316,17,MANUAL_REVIEW,-25.94958050251006,-25.94958050251006,0.07477046979865673
DSP-14090,ORD-00645,item_not_received,2026-08-10,16,pending,0.5358,False,RULE_ITEM_NOT_RECEIVED,clean_fight,2,False,CUST-04351,891.16,groceries,2026-07-25,True,2026-07-27,True,True,False,0.5133291,4,FIGHT,157.45835067510603,157.45835067510603,0.35185879194630665
DSP-06682,ORD-06025,item_not_received,2026-05-26,14,pending,0.5402,False,RULE_ITEM_NOT_RECEIVED,clean_fight,0,False,CUST-04225,657.94,apparel,2026-05-12,True,2026-05-16,False,True,False,0.5991895,6,MANUAL_REVIEW,94.23075271129613,94.23075271129613,0.302467382550334
DSP-03785,ORD-01806,not_as_described,2026-04-26,22,pending,0.4794,True,RULE_NOT_AS_DESCRIBED,clean_concede,0,False,CUST-04624,982.61,digital_goods,2026-04-04,True,2026-04-06,True,False,True,0.4217245,0,MANUAL_REVIEW,114.39070924699308,114.39070924699308,0.43554134228187685
DSP-12652,ORD-10082,item_not_received,2026-07-26,14,pending,0.5015,True,RULE_ITEM_NOT_RECEIVED,clean_fight,0,False,CUST-01419,406.2,electronics,2026-07-12,True,2026-07-21,True,False,False,0.49618113,6,MANUAL_REVIEW,-98.45122482776642,-98.45122482776642,0.29233020134228105
DSP-11820,ORD-00486,not_as_described,2026-07-18,24,pending,0.7463,False,RULE_NOT_AS_DESCRIBED,clean_fight,0,False,CUST-01304,2723.09,apparel,2026-06-24,True,2026-07-03,True,True,False,0.6880271,0,FIGHT,1573.5596718257666,1573.5596718257666,0.5056277852348923
DSP-03279,ORD-19506,item_not_received,2026-04-21,4,pending,0.7449,True,RULE_ITEM_NOT_RECEIVED,clean_fight,0,False,CUST-02763,676.88,apparel,2026-04-17,True,2026-04-20,True,True,False,0.7470335,16,FIGHT,205.65201979637146,205.65201979637146,0.10323006711409238
DSP-03888,ORD-15595,not_as_described,2026-04-28,1,pending,0.8733,True,RULE_NOT_AS_DESCRIBED,clean_fight,0,False,CUST-03255,1491.21,apparel,2026-04-27,True,2026-04-29,True,True,False,0.7321641,19,FIGHT,791.8104050606489,791.8104050606489,0.07602187919462713
DSP-05971,ORD-12249,not_as_described,2026-05-19,14,pending,0.1694,False,RULE_NOT_AS_DESCRIBED,clean_concede,5,False,CUST-04375,113.48,groceries,2026-05-05,True,2026-05-14,False,False,False,0.10340456,6,CONCEDE,-288.2656506225467,-288.2656506225467,0.28054281879194626
DSP-01491,ORD-08656,not_as_described,2026-04-03,7,pending,0.6172,True,RULE_NOT_AS_DESCRIBED,clean_fight,1,False,CUST-04706,196.09,electronics,2026-03-27,True,2026-04-04,True,True,False,0.6066594,13,CONCEDE,-181.04015582561493,-181.04015582561493,0.1438693959731541
DSP-09324,ORD-05454,unauthorized_transaction,2026-06-22,15,pending,0.6916,False,RULE_UNAUTHORIZED_TRANSACTION,clean_fight,2,False,CUST-00939,623.91,electronics,2026-06-07,True,2026-06-14,True,True,False,0.6396003,5,MANUAL_REVIEW,99.05300879001618,99.05300879001618,0.3210970469798644
DSP-11457,ORD-16507,not_as_described,2026-07-14,21,pending,0.5362,True,RULE_NOT_AS_DESCRIBED,clean_fight,1,False,CUST-01011,1449.17,digital_goods,2026-06-23,True,2026-06-28,True,True,False,0.62656707,0,FIGHT,608.0021946233511,608.0021946233511,0.454328993288587
DSP-06384,ORD-19322,item_not_received,2026-05-23,3,pending,0.5888,False,RULE_ITEM_NOT_RECEIVED,clean_fight,2,False,CUST-04461,734.24,groceries,2026-05-20,True,2026-05-22,True,True,False,0.5480299,17,MANUAL_REVIEW,102.38547348022462,102.38547348022462,0.08553986577181039
DSP-12530,ORD-11114,item_not_received,2026-07-25,8,pending,0.02,False,RULE_ITEM_NOT_RECEIVED,retry_needed,2,False,CUST-02236,212.44,groceries,2026-07-17,False,,False,False,False,0.035841294,12,CONCEDE,-292.38587558060885,-292.38587558060885,0.16452778523489905
DSP-01155,ORD-02643,unauthorized_transaction,2026-03-31,16,pending,0.4582,False,RULE_UNAUTHORIZED_TRANSACTION,clean_concede,1,False,CUST-01655,365.13,digital_goods,2026-03-15,False,,True,True,False,0.37768137,4,CONCEDE,-162.09719971060753,-162.09719971060753,0.3306763758389255
DSP-14702,ORD-01544,not_as_described,2026-08-19,14,pending,0.5452,True,RULE_NOT_AS_DESCRIBED,clean_fight,0,False,CUST-00602,618.63,home_goods,2026-08-05,True,2026-08-07,True,True,False,0.6107282,6,MANUAL_REVIEW,77.81478899538519,77.81478899538519,0.3008844295301999
DSP-02865,ORD-19639,duplicate_charge,2026-04-17,21,pending,0.4601,False,RULE_DUPLICATE_CHARGE,clean_concede,2,False,CUST-03385,262.95,apparel,2026-03-27,True,2026-04-01,True,True,False,0.5452963,0,CONCEDE,-156.61433492302896,-156.61433492302896,0.40656174496644254
DSP-09355,ORD-03986,item_not_received,2026-06-23,21,pending,0.1925,False,RULE_ITEM_NOT_RECEIVED,retry_needed,1,False,CUST-02089,737.2,electronics,2026-06-02,False,,True,False,False,0.15941694,0,CONCEDE,-182.47782903909683,-182.47782903909683,0.42565906040268287
DSP-09256,ORD-07406,not_as_described,2026-06-22,5,pending,0.8083,False,RULE_NOT_AS_DESCRIBED,clean_fight,0,False,CUST-01739,1468.28,apparel,2026-06-17,True,2026-06-25,True,True,False,0.7278144,15,FIGHT,768.6352925133706,768.6352925133706,0.1550985234899292
DSP-09785,ORD-15320,not_as_described,2026-06-27,13,pending,0.6215,True,RULE_NOT_AS_DESCRIBED,clean_fight,0,False,CUST-05993,2197.23,electronics,2026-06-14,True,2026-06-23,True,True,False,0.57121855,7,FIGHT,955.0985350674391,955.0985350674391,0.344452214765095
DSP-12920,ORD-09891,item_not_received,2026-07-29,8,pending,0.7953,False,RULE_ITEM_NOT_RECEIVED,clean_fight,0,False,CUST-03806,261.64,groceries,2026-07-21,True,2026-07-24,True,True,False,0.66081035,12,MANUAL_REVIEW,-127.10557966709138,-127.10557966709138,0.1665089932885902
DSP-08307,ORD-16514,unauthorized_transaction,2026-06-11,16,pending,0.4338,True,RULE_UNAUTHORIZED_TRANSACTION,clean_concede,1,False,CUST-02370,1561.41,groceries,2026-05-26,False,,True,True,False,0.35667586,4,FIGHT,256.9172596621513,256.9172596621513,0.3788487248322109
DSP-07170,ORD-16497,unauthorized_transaction,2026-05-31,23,pending,0.02,False,RULE_UNAUTHORIZED_TRANSACTION,clean_concede,0,False,CUST-00191,687.48,apparel,2026-05-08,False,,False,False,False,0.06263079,0,CONCEDE,-256.9425862151384,-256.9425862151384,0.4236569127516763
DSP-01433,ORD-06729,item_not_received,2026-04-03,21,pending,0.2141,False,RULE_ITEM_NOT_RECEIVED,retry_needed,0,False,CUST-02932,362.75,apparel,2026-03-13,False,,True,True,False,0.14422409,0,CONCEDE,-247.6827104948461,-247.6827104948461,0.410580536912751
DSP-04558,ORD-04105,not_as_described,2026-05-04,24,pending,0.5546,False,RULE_NOT_AS_DESCRIBED,clean_fight,1,False,CUST-02672,274.26,groceries,2026-04-10,True,2026-04-19,True,True,False,0.57058156,0,MANUAL_REVIEW,-143.5123026251793,-143.5123026251793,0.40701718120805325
DSP-03252,ORD-05834,item_not_received,2026-04-21,12,pending,0.0399,False,RULE_ITEM_NOT_RECEIVED,retry_needed,1,False,CUST-05963,654.88,home_goods,2026-04-09,False,,True,True,False,0.26048702,8,MANUAL_REVIEW,-129.41226033210754,-129.41226033210754,0.26234416107382397
DSP-02607,ORD-13494,not_as_described,2026-04-14,17,pending,0.4555,True,RULE_NOT_AS_DESCRIBED,clean_concede,2,False,CUST-02152,518.72,apparel,2026-03-28,True,2026-04-05,True,True,False,0.49062625,3,MANUAL_REVIEW,-45.502353811264015,-45.502353811264015,0.35686120805369015
DSP-09723,ORD-06376,unauthorized_transaction,2026-06-27,7,pending,0.7001,True,RULE_UNAUTHORIZED_TRANSACTION,clean_fight,0,False,CUST-05714,685.72,electronics,2026-06-20,True,2026-06-22,True,True,False,0.7542288,13,FIGHT,217.1897526669502,217.1897526669502,0.16358604026845477
DSP-06532,ORD-07372,item_not_received,2026-05-25,13,pending,0.5499,True,RULE_ITEM_NOT_RECEIVED,clean_fight,3,False,CUST-04304,320.29,digital_goods,2026-05-12,True,2026-05-18,True,True,False,0.62367415,7,MANUAL_REVIEW,-100.24340512514112,-100.24340512514112,0.268870738255033
DSP-14862,ORD-04116,not_as_described,2026-08-23,20,pending,0.6143,False,RULE_NOT_AS_DESCRIBED,clean_fight,0,False,CUST-00865,1769.72,apparel,2026-08-03,True,2026-08-10,True,True,False,0.63533294,0,FIGHT,824.3614141321182,824.3614141321182,0.4672370469798613
DSP-07713,ORD-12752,item_not_received,2026-06-06,17,pending,0.6247,True,RULE_ITEM_NOT_RECEIVED,clean_fight,1,False,CUST-03673,1241.94,digital_goods,2026-05-20,True,2026-05-28,True,True,True,0.48561075,3,FIGHT,303.099418950677,303.099418950677,0.38598416107382244
DSP-02344,ORD-08349,duplicate_charge,2026-04-12,10,pending,0.0645,False,RULE_DUPLICATE_CHARGE,clean_concede,2,False,CUST-01294,2214.99,electronics,2026-04-02,False,,False,True,False,0.061200038,10,CONCEDE,-164.44252871945503,-164.44252871945503,0.28516738255032986
DSP-14643,ORD-14681,unauthorized_transaction,2026-08-18,21,pending,0.5619,False,RULE_UNAUTHORIZED_TRANSACTION,clean_fight,2,False,CUST-01041,290.16,groceries,2026-07-28,True,2026-07-30,True,True,False,0.6314654,0,MANUAL_REVIEW,-116.77400666713714,-116.77400666713714,0.407657449664429
DSP-11956,ORD-11586,unauthorized_transaction,2026-07-19,21,pending,0.4663,True,RULE_UNAUTHORIZED_TRANSACTION,clean_concede,0,False,CUST-04418,472.95,electronics,2026-06-28,True,2026-07-02,True,False,False,0.55585754,0,MANUAL_REVIEW,-37.107176846265816,-37.107176846265816,0.41501812080536815
DSP-11049,ORD-08937,unauthorized_transaction,2026-07-10,7,pending,0.7966,True,RULE_UNAUTHORIZED_TRANSACTION,clean_fight,0,False,CUST-00235,1315.06,electronics,2026-07-03,True,2026-07-11,True,False,False,0.67843956,13,FIGHT,592.1887245547771,592.1887245547771,0.18892859060402353
DSP-08738,ORD-06751,not_as_described,2026-06-16,5,pending,0.5129,True,RULE_NOT_AS_DESCRIBED,clean_fight,0,False,CUST-03045,7545.58,apparel,2026-06-11,True,2026-06-19,False,True,False,0.7081212,15,FIGHT,5043.185017416477,5043.185017416477,0.39982201342279866
DSP-03073,ORD-10828,item_not_received,2026-04-19,15,pending,0.5955,False,RULE_ITEM_NOT_RECEIVED,clean_fight,3,False,CUST-03537,759.4,digital_goods,2026-04-04,True,2026-04-10,True,True,False,0.5180671,5,MANUAL_REVIEW,93.42017207145688,93.42017207145688,0.32655302013422643
DSP-08631,ORD-17662,item_not_received,2026-06-15,18,pending,0.4657,True,RULE_ITEM_NOT_RECEIVED,clean_concede,2,False,CUST-03455,830.31,home_goods,2026-05-28,True,2026-06-06,True,False,False,0.5403246,2,MANUAL_REVIEW,148.63694216787815,148.63694216787815,0.389408456375837
DSP-14341,ORD-19388,duplicate_charge,2026-08-13,18,pending,0.5901,False,RULE_DUPLICATE_CHARGE,clean_fight,0,False,CUST-04509,556.08,groceries,2026-07-26,True,2026-07-29,True,True,False,0.6283884,2,MANUAL_REVIEW,49.43422416687014,49.43422416687014,0.3783656375838914
DSP-10993,ORD-08222,not_as_described,2026-07-10,1,pending,0.2737,True,RULE_NOT_AS_DESCRIBED,clean_concede,3,False,CUST-04841,675.3,apparel,2026-07-09,False,,True,True,False,0.25527543,19,MANUAL_REVIEW,-127.61250327229502,-127.61250327229502,0.043166442953018594
DSP-04060,ORD-02624,unauthorized_transaction,2026-04-29,16,pending,0.8471,True,RULE_UNAUTHORIZED_TRANSACTION,clean_fight,0,False,CUST-00998,1200.01,electronics,2026-04-13,True,2026-04-21,True,True,False,0.665976,4,FIGHT,499.1778452533483,499.1778452533483,0.36429570469798367
DSP-07515,ORD-00380,duplicate_charge,2026-06-04,3,pending,0.4839,True,RULE_DUPLICATE_CHARGE,clean_concede,1,False,CUST-00594,310.92,electronics,2026-06-01,True,2026-06-09,True,False,False,0.52724946,17,MANUAL_REVIEW,-136.06759931087493,-136.06759931087493,0.0684934228187914
DSP-04382,ORD-14783,not_as_described,2026-05-03,10,pending,0.5003,False,RULE_NOT_AS_DESCRIBED,clean_fight,1,False,CUST-03496,347.93,apparel,2026-04-23,True,2026-04-25,True,True,False,0.5487344,10,MANUAL_REVIEW,-109.07883098840713,-109.07883098840713,0.2099837583892611
DSP-01820,ORD-02366,item_not_received,2026-04-06,15,pending,0.5003,True,RULE_ITEM_NOT_RECEIVED,clean_fight,5,False,CUST-05254,919.61,home_goods,2026-03-22,True,2026-03-23,True,True,False,0.33307686,5,MANUAL_REVIEW,6.300815345346905,6.300815345346905,0.33300442953019915
DSP-11140,ORD-02870,unauthorized_transaction,2026-07-11,21,pending,0.7347,True,RULE_UNAUTHORIZED_TRANSACTION,clean_fight,1,False,CUST-03092,1030.73,apparel,2026-06-20,True,2026-06-22,True,True,False,0.60928273,0,FIGHT,328.0059903645515,328.0059903645515,0.4374790604026821
DSP-00991,ORD-00819,not_as_described,2026-03-29,18,pending,0.1638,False,RULE_NOT_AS_DESCRIBED,clean_concede,0,False,CUST-02795,448.42,apparel,2026-03-11,False,,True,True,True,0.27218655,2,CONCEDE,-177.94610836207866,-177.94610836207866,0.3740303355704689
DSP-10604,ORD-04217,not_as_described,2026-07-06,6,pending,0.6002,True,RULE_NOT_AS_DESCRIBED,clean_fight,1,False,CUST-03375,1526.55,electronics,2026-06-30,True,2026-07-02,True,True,False,0.6900962,14,FIGHT,753.4663533657788,753.4663533657788,0.1774449664429492
DSP-08033,ORD-07288,item_not_received,2026-06-09,6,pending,0.6833,False,RULE_ITEM_NOT_RECEIVED,clean_fight,1,False,CUST-04925,512.59,digital_goods,2026-06-03,True,2026-06-11,True,True,True,0.50355756,14,MANUAL_REVIEW,-41.88142886996269,-41.88142886996269,0.1366143624161063
DSP-14138,ORD-12205,duplicate_charge,2026-08-10,20,pending,0.1429,False,RULE_DUPLICATE_CHARGE,clean_concede,2,False,CUST-04250,2906.91,electronics,2026-07-21,True,2026-07-25,False,True,False,0.41416544,0,FIGHT,903.9416511136292,903.9416511136292,0.5130299328858985
DSP-08567,ORD-09514,item_not_received,2026-06-14,9,pending,0.6176,False,RULE_ITEM_NOT_RECEIVED,clean_fight,2,False,CUST-04486,257.99,electronics,2026-06-05,True,2026-06-07,True,True,False,0.6186272,11,MANUAL_REVIEW,-140.40037109971047,-140.40037109971047,0.18636201342281836
DSP-03460,ORD-07897,not_as_described,2026-04-23,22,pending,0.3436,False,RULE_NOT_AS_DESCRIBED,clean_concede,2,False,CUST-02349,1074.82,digital_goods,2026-04-01,False,,True,True,False,0.37270197,0,MANUAL_REVIEW,100.58753432214257,100.58753432214257,0.43925449664429267
DSP-08582,ORD-15645,duplicate_charge,2026-06-14,17,pending,0.5937,True,RULE_DUPLICATE_CHARGE,clean_fight,2,False,CUST-02564,128.18,apparel,2026-05-28,True,2026-05-30,True,True,False,0.54767543,3,CONCEDE,-229.7989632833004,-229.7989632833004,0.3411347651006711
DSP-14061,ORD-02121,unauthorized_transaction,2026-08-10,7,pending,0.575,True,RULE_UNAUTHORIZED_TRANSACTION,clean_fight,0,False,CUST-05175,728.03,electronics,2026-08-03,True,2026-08-06,True,True,False,0.7537407,13,FIGHT,248.74586213409896,248.74586213409896,0.1652897986577164
DSP-12756,ORD-08690,item_not_received,2026-07-27,20,pending,0.6519,True,RULE_ITEM_NOT_RECEIVED,clean_fight,0,False,CUST-02421,580.25,groceries,2026-07-07,True,2026-07-08,True,True,False,0.67356884,0,MANUAL_REVIEW,90.8383221924305,90.8383221924305,0.41933892617449536
DSP-05824,ORD-01972,not_as_described,2026-05-17,14,pending,0.6329,True,RULE_NOT_AS_DESCRIBED,clean_fight,0,False,CUST-03842,284.96,electronics,2026-05-03,True,2026-05-05,True,True,False,0.58015335,6,MANUAL_REVIEW,-134.6795025062561,-134.6795025062561,0.28744805369127463
DSP-07425,ORD-00810,unauthorized_transaction,2026-06-03,23,pending,0.4932,True,RULE_UNAUTHORIZED_TRANSACTION,clean_concede,0,False,CUST-00336,321.29,digital_goods,2026-05-11,False,,True,True,False,0.44866908,0,CONCEDE,-155.84711258292197,-155.84711258292197,0.40891100671140884
DSP-04942,ORD-09868,not_as_described,2026-05-08,13,pending,0.3325,True,RULE_NOT_AS_DESCRIBED,clean_concede,0,False,CUST-03582,372.41,apparel,2026-04-25,False,,True,True,False,0.37659362,7,CONCEDE,-159.75277013033627,-159.75277013033627,0.27096953020134157
DSP-01984,ORD-16055,unauthorized_transaction,2026-04-08,11,pending,0.7298,False,RULE_UNAUTHORIZED_TRANSACTION,clean_fight,0,False,CUST-01787,1197.84,apparel,2026-03-28,True,2026-04-04,True,True,False,0.6919392,9,FIGHT,528.8324215364455,528.8324215364455,0.26420832214764806
DSP-06060,ORD-14697,unauthorized_transaction,2026-05-20,11,pending,0.4862,True,RULE_UNAUTHORIZED_TRANSACTION,clean_concede,5,False,CUST-05761,119.27,home_goods,2026-05-09,True,2026-05-16,True,True,False,0.42563608,9,CONCEDE,-249.23438439399004,-249.23438439399004,0.2207759731543624
DSP-02319,ORD-11468,not_as_described,2026-04-12,12,pending,0.6536,False,RULE_NOT_AS_DESCRIBED,clean_fight,0,False,CUST-04198,448.82,digital_goods,2026-03-31,True,2026-04-06,True,True,False,0.61534137,8,MANUAL_REVIEW,-23.822488409280766,-23.822488409280766,0.2540464429530192
DSP-10167,ORD-07055,item_not_received,2026-07-01,12,pending,0.02,False,RULE_ITEM_NOT_RECEIVED,retry_needed,1,False,CUST-04959,1446.66,electronics,2026-06-19,False,,False,True,False,0.08203231,8,CONCEDE,-181.32714133411645,-181.32714133411645,0.2942279194630836
DSP-01199,ORD-16289,duplicate_charge,2026-03-31,8,pending,0.4985,True,RULE_DUPLICATE_CHARGE,clean_concede,0,False,CUST-03141,467.29,groceries,2026-03-23,True,2026-03-29,True,True,True,0.47348154,12,MANUAL_REVIEW,-78.74681308388708,-78.74681308388708,0.1747902013422809
DSP-03399,ORD-08121,not_as_described,2026-04-23,13,pending,0.3649,True,RULE_NOT_AS_DESCRIBED,clean_concede,2,False,CUST-04424,942.24,home_goods,2026-04-10,True,2026-04-11,True,False,False,0.41826478,7,MANUAL_REVIEW,94.10580297946933,94.10580297946933,0.29391570469798434
DSP-12336,ORD-14325,unauthorized_transaction,2026-07-23,12,pending,0.7082,True,RULE_UNAUTHORIZED_TRANSACTION,clean_fight,1,False,CUST-00661,592.07,electronics,2026-07-11,True,2026-07-13,True,True,False,0.6335087,8,MANUAL_REVIEW,75.0814855003357,75.0814855003357,0.2598148993288577
DSP-13039,ORD-11280,item_not_received,2026-07-30,13,pending,0.3262,True,RULE_ITEM_NOT_RECEIVED,clean_concede,2,False,CUST-01684,1162.44,apparel,2026-07-17,True,2026-07-25,False,True,True,0.48884752,7,FIGHT,268.2559157145024,268.2559157145024,0.30278281879194346
DSP-10124,ORD-01847,unauthorized_transaction,2026-07-01,2,pending,0.7967,True,RULE_UNAUTHORIZED_TRANSACTION,clean_fight,1,False,CUST-01542,1422.11,electronics,2026-06-29,True,2026-07-02,True,True,False,0.72689223,18,FIGHT,733.7207133221625,733.7207133221625,0.09323932885905682
DSP-08320,ORD-12010,not_as_described,2026-06-12,4,pending,0.1986,False,RULE_NOT_AS_DESCRIBED,clean_concede,1,False,CUST-03470,2355.45,groceries,2026-06-08,False,,False,True,False,0.11317812,16,MANUAL_REVIEW,-33.41459945216775,-33.41459945216775,0.1708234899328798
DSP-10914,ORD-10010,not_as_described,2026-07-09,22,pending,0.5236,True,RULE_NOT_AS_DESCRIBED,clean_fight,1,False,CUST-05988,131.79,electronics,2026-06-17,True,2026-06-25,True,True,False,0.58378077,0,CONCEDE,-223.063532910347,-223.063532910347,0.40128013422818787
DSP-05007,ORD-03553,item_not_received,2026-05-09,1,pending,0.5967,True,RULE_ITEM_NOT_RECEIVED,clean_fight,3,False,CUST-02565,387.47,electronics,2026-05-08,True,2026-05-17,True,True,False,0.5470155,19,MANUAL_REVIEW,-88.04790880739688,-88.04790880739688,0.031575973154361656
DSP-11741,ORD-02541,unauthorized_transaction,2026-07-17,12,pending,0.2922,False,RULE_UNAUTHORIZED_TRANSACTION,clean_concede,0,False,CUST-03887,1032.5,home_goods,2026-07-05,True,2026-07-14,False,True,False,0.3213597,8,MANUAL_REVIEW,31.80388405919075,31.80388405919075,0.27755033557046727
DSP-12763,ORD-16085,unauthorized_transaction,2026-07-27,1,pending,0.2006,False,RULE_UNAUTHORIZED_TRANSACTION,clean_concede,1,False,CUST-02758,223.44,home_goods,2026-07-26,True,2026-07-28,False,True,False,0.27233976,19,CONCEDE,-239.1484037446976,-239.1484037446976,0.02497073825503324
DSP-14533,ORD-15237,unauthorized_transaction,2026-08-16,11,pending,0.354,False,RULE_UNAUTHORIZED_TRANSACTION,clean_concede,0,False,CUST-02288,375.31,groceries,2026-08-05,False,,True,False,False,0.36906043,9,CONCEDE,-161.48793116122485,-161.48793116122485,0.2310863087248315
DSP-04255,ORD-08347,item_not_received,2026-05-01,11,pending,0.1774,True,RULE_ITEM_NOT_RECEIVED,retry_needed,2,False,CUST-04402,224.06,apparel,2026-04-20,False,,True,True,False,0.14893189,9,CONCEDE,-266.6303205639124,-266.6303205639124,0.22499570469798627
DSP-03055,ORD-05594,item_not_received,2026-04-19,22,pending,0.4809,False,RULE_ITEM_NOT_RECEIVED,clean_concede,2,False,CUST-04198,293.67,electronics,2026-03-28,True,2026-04-06,False,True,False,0.5599679,0,MANUAL_REVIEW,-135.55423400759696,-135.55423400759696,0.40779879194630825
DSP-10823,ORD-06452,unauthorized_transaction,2026-07-08,22,pending,0.5409,True,RULE_UNAUTHORIZED_TRANSACTION,clean_fight,2,False,CUST-00560,314.22,groceries,2026-06-16,True,2026-06-24,True,True,False,0.615099,0,MANUAL_REVIEW,-106.72358818173407,-106.72358818173407,0.40862630872483163
DSP-07823,ORD-07605,unauthorized_transaction,2026-06-07,23,pending,0.6422,False,RULE_UNAUTHORIZED_TRANSACTION,clean_fight,0,False,CUST-05840,255.61,groceries,2026-05-15,True,2026-05-23,True,True,False,0.7186217,0,MANUAL_REVIEW,-116.31311462461949,-116.31311462461949,0.4062661744966439
DSP-13639,ORD-05242,duplicate_charge,2026-08-05,9,pending,0.3357,False,RULE_DUPLICATE_CHARGE,clean_concede,1,False,CUST-03746,841.05,electronics,2026-07-27,False,,True,True,False,0.3244474,11,MANUAL_REVIEW,-27.12351976633073,-27.12351976633073,0.20984093959731343
DSP-11048,ORD-03739,item_not_received,2026-07-10,15,pending,0.2751,False,RULE_ITEM_NOT_RECEIVED,clean_concede,4,False,CUST-00376,724.37,digital_goods,2026-06-25,True,2026-07-01,False,False,False,0.2464099,5,MANUAL_REVIEW,-121.50806578159333,-121.50806578159333,0.3251424161073809
DSP-14473,ORD-10743,unauthorized_transaction,2026-08-15,22,pending,0.6371,True,RULE_UNAUTHORIZED_TRANSACTION,clean_fight,1,False,CUST-03498,1788.16,groceries,2026-07-24,True,2026-08-01,True,True,False,0.6034169,0,FIGHT,779.0059991455078,779.0059991455078,0.4679795973154317
DSP-04912,ORD-17216,unauthorized_transaction,2026-05-08,3,pending,0.1665,False,RULE_UNAUTHORIZED_TRANSACTION,clean_concede,5,False,CUST-04150,293.81,electronics,2026-05-05,True,2026-05-12,False,True,False,0.26471093,17,CONCEDE,-222.2252807840705,-222.2252807840705,0.06780442953020083
DSP-02176,ORD-06875,not_as_described,2026-04-10,22,pending,0.5985,False,RULE_NOT_AS_DESCRIBED,clean_fight,0,False,CUST-03270,683.98,electronics,2026-03-19,True,2026-03-28,True,True,False,0.63382983,0,MANUAL_REVIEW,133.5269285440445,133.5269285440445,0.42351597315436085
DSP-03594,ORD-18815,unauthorized_transaction,2026-04-25,20,pending,0.6398,False,RULE_UNAUTHORIZED_TRANSACTION,clean_fight,0,False,CUST-01506,761.97,home_goods,2026-04-05,True,2026-04-07,True,True,False,0.6964283,0,FIGHT,230.6574709510803,230.6574709510803,0.4266565100671123
DSP-06832,ORD-01693,unauthorized_transaction,2026-05-28,7,pending,0.5603,False,RULE_UNAUTHORIZED_TRANSACTION,clean_fight,0,False,CUST-03392,258.16,apparel,2026-05-21,False,,True,True,False,0.5245274,13,CONCEDE,-164.588013920784,-164.588013920784,0.14636885906040226
DSP-13648,ORD-15904,duplicate_charge,2026-08-05,8,pending,0.3913,False,RULE_DUPLICATE_CHARGE,clean_concede,2,False,CUST-00236,282.07,apparel,2026-07-28,False,,True,True,False,0.26117828,12,CONCEDE,-226.3294411829114,-226.3294411829114,0.16733167785234854
DSP-14039,ORD-18531,unauthorized_transaction,2026-08-09,21,pending,0.2722,False,RULE_UNAUTHORIZED_TRANSACTION,clean_concede,1,False,CUST-04801,144.0,apparel,2026-07-19,True,2026-07-26,False,True,False,0.2505452,0,CONCEDE,-263.9214906692505,-263.9214906692505,0.4017718120805368
DSP-09475,ORD-01622,unauthorized_transaction,2026-06-24,13,pending,0.6453,True,RULE_UNAUTHORIZED_TRANSACTION,clean_fight,1,False,CUST-01742,833.82,electronics,2026-06-11,True,2026-06-13,True,True,False,0.7128257,7,FIGHT,294.3683381330967,294.3683381330967,0.28954979865771613
DSP-03561,ORD-02838,unauthorized_transaction,2026-04-24,2,pending,0.0949,False,RULE_UNAUTHORIZED_TRANSACTION,clean_concede,0,False,CUST-03787,455.42,groceries,2026-04-22,False,,False,True,False,0.13843203,18,CONCEDE,-236.95528676033018,-236.95528676033018,0.0543122147650997
DSP-07022,ORD-12138,duplicate_charge,2026-05-30,2,pending,0.4714,True,RULE_DUPLICATE_CHARGE,clean_concede,3,False,CUST-02007,633.63,apparel,2026-05-28,True,2026-06-06,True,True,False,0.42332524,18,MANUAL_REVIEW,-31.768427790999397,-31.768427790999397,0.06148845637583748
DSP-02618,ORD-16220,unauthorized_transaction,2026-04-15,20,pending,0.4959,False,RULE_UNAUTHORIZED_TRANSACTION,clean_concede,2,False,CUST-01131,235.25,groceries,2026-03-26,True,2026-04-01,True,True,False,0.5454898,0,CONCEDE,-171.67352735996246,-171.67352735996246,0.4054463087248319
DSP-06431,ORD-04756,item_not_received,2026-05-23,13,pending,0.6042,True,RULE_ITEM_NOT_RECEIVED,clean_fight,2,False,CUST-02264,3424.11,groceries,2026-05-10,True,2026-05-11,True,True,False,0.5468493,7,FIGHT,1572.4721922272445,1572.4721922272445,0.39385677852348094
DSP-09657,ORD-15026,not_as_described,2026-06-26,18,pending,0.4839,True,RULE_NOT_AS_DESCRIBED,clean_concede,1,False,CUST-00132,662.23,digital_goods,2026-06-08,True,2026-06-14,True,True,False,0.60573876,2,MANUAL_REVIEW,101.13837839961053,101.13837839961053,0.38264013422818643
DSP-01095,ORD-09064,item_not_received,2026-03-30,14,pending,0.5239,True,RULE_ITEM_NOT_RECEIVED,clean_fight,1,False,CUST-01468,978.72,groceries,2026-03-16,True,2026-03-21,True,False,False,0.5387434,6,FIGHT,227.2789176750183,227.2789176750183,0.31538469798657476
DSP-13167,ORD-19499,item_not_received,2026-07-31,5,pending,0.807,True,RULE_ITEM_NOT_RECEIVED,clean_fight,0,False,CUST-02010,744.34,apparel,2026-07-26,True,2026-08-02,True,True,False,0.7555479,15,FIGHT,262.38450983762743,262.38450983762743,0.12594657718120633
DSP-11436,ORD-06363,not_as_described,2026-07-14,19,pending,0.5749,True,RULE_NOT_AS_DESCRIBED,clean_fight,0,False,CUST-01397,1156.11,apparel,2026-06-25,True,2026-06-29,True,True,False,0.6707645,1,FIGHT,475.4775528734922,475.4775528734922,0.4225279194630844
DSP-08141,ORD-12272,unauthorized_transaction,2026-06-10,6,pending,0.5927,False,RULE_UNAUTHORIZED_TRANSACTION,clean_fight,2,False,CUST-01099,753.49,apparel,2026-06-04,True,2026-06-11,True,True,False,0.68273026,14,FIGHT,214.4304217320681,214.4304217320681,0.14631503355704523
DSP-10702,ORD-00713,not_as_described,2026-07-07,5,pending,0.4052,True,RULE_NOT_AS_DESCRIBED,clean_concede,4,False,CUST-01797,789.87,electronics,2026-07-02,True,2026-07-03,True,True,False,0.5496006,15,MANUAL_REVIEW,134.11302686691283,134.11302686691283,0.12777999999999815
DSP-07692,ORD-01535,duplicate_charge,2026-06-05,18,pending,0.2571,True,RULE_DUPLICATE_CHARGE,clean_concede,1,False,CUST-00498,455.05,groceries,2026-05-18,True,2026-05-23,False,True,True,0.24345963,2,CONCEDE,-189.213696718961,-189.213696718961,0.3742973154362407
DSP-14213,ORD-13271,unauthorized_transaction,2026-08-11,8,pending,0.6622,True,RULE_UNAUTHORIZED_TRANSACTION,clean_fight,1,False,CUST-03793,1004.81,apparel,2026-08-03,True,2026-08-04,True,True,False,0.6806076,12,FIGHT,383.8813395386934,383.8813395386934,0.1964353020134204
DSP-08204,ORD-13684,not_as_described,2026-06-10,8,pending,0.4532,False,RULE_NOT_AS_DESCRIBED,clean_concede,0,False,CUST-01587,607.39,digital_goods,2026-06-02,True,2026-06-05,True,True,False,0.6244808,12,MANUAL_REVIEW,79.3033833569288,79.3033833569288,0.18043181208053558
DSP-02114,ORD-08718,not_as_described,2026-04-09,19,pending,0.6249,False,RULE_NOT_AS_DESCRIBED,clean_fight,0,False,CUST-00450,3827.55,apparel,2026-03-21,True,2026-03-27,True,True,False,0.7005464,1,FIGHT,2381.3763115346433,2381.3763115346433,0.5301026845637483
DSP-10595,ORD-05693,not_as_described,2026-07-05,23,pending,0.5957,True,RULE_NOT_AS_DESCRIBED,clean_fight,1,False,CUST-04452,1184.04,groceries,2026-06-12,True,2026-06-19,True,True,False,0.511073,0,FIGHT,305.1308669614791,305.1308669614791,0.4436526174496615
DSP-04211,ORD-13889,not_as_described,2026-05-01,5,pending,0.4769,True,RULE_NOT_AS_DESCRIBED,clean_concede,1,False,CUST-03450,485.69,groceries,2026-04-26,True,2026-05-02,True,False,False,0.5203481,15,MANUAL_REVIEW,-47.27214488506317,-47.27214488506317,0.11553114093959628
DSP-07617,ORD-05018,item_not_received,2026-06-05,6,pending,0.6623,True,RULE_ITEM_NOT_RECEIVED,clean_fight,0,False,CUST-04703,288.32,digital_goods,2026-05-30,True,2026-06-02,True,True,False,0.72595537,14,MANUAL_REVIEW,-90.6925485610962,-90.6925485610962,0.1275833557046975
DSP-01566,ORD-07797,not_as_described,2026-04-04,22,pending,0.6053,True,RULE_NOT_AS_DESCRIBED,clean_fight,0,False,CUST-00693,3856.44,digital_goods,2026-03-13,True,2026-03-14,True,True,False,0.7244022,0,FIGHT,2493.6135787296294,2493.6135787296294,0.5512660402684462
DSP-05258,ORD-09651,not_as_described,2026-05-11,3,pending,0.4669,True,RULE_NOT_AS_DESCRIBED,clean_concede,4,False,CUST-01923,826.67,groceries,2026-05-08,True,2026-05-16,True,True,False,0.3811358,17,MANUAL_REVIEW,15.073524792492378,15.073524792492378,0.08926187919462891
DSP-00854,ORD-03296,unauthorized_transaction,2026-03-28,9,pending,0.6277,True,RULE_UNAUTHORIZED_TRANSACTION,clean_fight,1,False,CUST-00693,484.47,groceries,2026-03-19,True,2026-03-24,True,True,False,0.55022484,11,MANUAL_REVIEW,-33.432571454644176,-33.432571454644176,0.19548201342281774
DSP-12035,ORD-17028,item_not_received,2026-07-20,24,pending,0.7369,True,RULE_ITEM_NOT_RECEIVED,clean_fight,1,False,CUST-00459,993.33,electronics,2026-06-26,True,2026-07-01,True,True,False,0.6836762,0,FIGHT,379.1160630816222,379.1160630816222,0.4359730201342258
DSP-01070,ORD-02608,unauthorized_transaction,2026-03-30,7,pending,0.6158,False,RULE_UNAUTHORIZED_TRANSACTION,clean_fight,1,False,CUST-02445,1273.63,home_goods,2026-03-23,True,2026-03-28,True,True,False,0.6256352,13,FIGHT,496.8277683085204,496.8277683085204,0.18726026845637267
DSP-04645,ORD-08868,item_not_received,2026-05-05,13,pending,0.6975,True,RULE_ITEM_NOT_RECEIVED,clean_fight,0,False,CUST-02389,308.56,apparel,2026-04-22,True,2026-04-27,True,True,False,0.737333,7,MANUAL_REVIEW,-72.48852961063386,-72.48852961063386,0.2683983892617444
DSP-02119,ORD-19503,not_as_described,2026-04-09,5,pending,0.7429,True,RULE_NOT_AS_DESCRIBED,clean_fight,0,False,CUST-00770,1128.49,electronics,2026-04-04,True,2026-04-08,True,True,False,0.78882706,15,FIGHT,590.1834508049488,590.1834508049488,0.1414157046979838
DSP-00568,ORD-09730,unauthorized_transaction,2026-03-24,12,pending,0.5935,True,RULE_UNAUTHORIZED_TRANSACTION,clean_fight,0,False,CUST-03974,2256.89,groceries,2026-03-12,True,2026-03-21,True,False,False,0.5792004,8,FIGHT,1007.1915614187717,1007.1915614187717,0.32685463087247735
DSP-09809,ORD-18007,item_not_received,2026-06-27,13,pending,0.4929,True,RULE_ITEM_NOT_RECEIVED,clean_concede,0,False,CUST-00794,1015.47,apparel,2026-06-14,True,2026-06-19,False,True,True,0.5643536,7,FIGHT,273.08413520693784,273.08413520693784,0.29686456375838677
DSP-13705,ORD-03628,item_not_received,2026-08-06,21,pending,0.5106,True,RULE_ITEM_NOT_RECEIVED,clean_fight,1,False,CUST-00340,860.3,electronics,2026-07-16,True,2026-07-17,True,False,False,0.574518,0,FIGHT,194.25785683989523,194.25785683989523,0.4306161073825483
DSP-00490,ORD-12564,not_as_described,2026-03-23,9,pending,0.6237,True,RULE_NOT_AS_DESCRIBED,clean_fight,1,False,CUST-02713,140.07,digital_goods,2026-03-14,True,2026-03-18,True,False,False,0.42036065,11,CONCEDE,-241.12008311122656,-241.12008311122656,0.18161355704697976
DSP-01682,ORD-03675,not_as_described,2026-04-05,1,pending,0.526,True,RULE_NOT_AS_DESCRIBED,clean_fight,1,False,CUST-00780,3118.34,digital_goods,2026-04-04,True,2026-04-06,True,True,False,0.7232298,19,FIGHT,1955.2764940392972,1955.2764940392972,0.14154389261744152
DSP-08741,ORD-06406,unauthorized_transaction,2026-06-16,8,pending,0.5685,True,RULE_UNAUTHORIZED_TRANSACTION,clean_fight,0,False,CUST-01116,256.57,groceries,2026-06-08,True,2026-06-17,True,True,False,0.7085349,12,MANUAL_REVIEW,-118.21120163738729,-118.21120163738729,0.16630483221476472
DSP-07880,ORD-16200,duplicate_charge,2026-06-07,23,pending,0.6027,False,RULE_DUPLICATE_CHARGE,clean_fight,1,False,CUST-02841,657.81,groceries,2026-05-15,True,2026-05-23,True,True,False,0.62295014,0,MANUAL_REVIEW,109.78282939732071,109.78282939732071,0.4224621476510052
DSP-00791,ORD-07512,duplicate_charge,2026-03-27,7,pending,0.2922,True,RULE_DUPLICATE_CHARGE,clean_concede,1,False,CUST-00804,1133.67,digital_goods,2026-03-20,False,,True,True,False,0.35546747,13,MANUAL_REVIEW,102.9828050145507,102.9828050145507,0.18162429530201063
DSP-02463,ORD-17779,duplicate_charge,2026-04-13,15,pending,0.2515,True,RULE_DUPLICATE_CHARGE,clean_concede,1,False,CUST-05025,767.6,home_goods,2026-03-29,False,,True,True,False,0.24080771,5,MANUAL_REVIEW,-115.15600020885466,-115.15600020885466,0.32688322147650833
DSP-01608,ORD-10634,not_as_described,2026-04-04,15,pending,0.3666,False,RULE_NOT_AS_DESCRIBED,clean_concede,3,False,CUST-04911,342.56,home_goods,2026-03-20,True,2026-03-22,True,True,False,0.4288732,5,CONCEDE,-153.08519279003144,-153.08519279003144,0.3097675167785229
DSP-02795,ORD-14075,not_as_described,2026-04-16,7,pending,0.5324,False,RULE_NOT_AS_DESCRIBED,clean_fight,2,False,CUST-00969,353.19,home_goods,2026-04-09,True,2026-04-18,True,True,False,0.43617925,13,MANUAL_REVIEW,-145.94585052341222,-145.94585052341222,0.15019557046979795
DSP-04246,ORD-13856,not_as_described,2026-05-01,17,pending,0.6034,True,RULE_NOT_AS_DESCRIBED,clean_fight,2,False,CUST-03812,1248.74,electronics,2026-04-14,True,2026-04-19,True,True,False,0.5244219,3,FIGHT,354.86656682848934,354.86656682848934,0.38625798657717814
DSP-07349,ORD-18337,item_not_received,2026-06-02,16,pending,0.6419,True,RULE_ITEM_NOT_RECEIVED,clean_fight,2,False,CUST-04469,761.2,electronics,2026-05-17,True,2026-05-20,True,False,True,0.3280062,4,MANUAL_REVIEW,-50.321674513816816,-50.321674513816816,0.34662550335570297
DSP-12301,ORD-15057,duplicate_charge,2026-07-22,4,pending,0.5199,True,RULE_DUPLICATE_CHARGE,clean_fight,2,False,CUST-02951,325.92,home_goods,2026-07-18,True,2026-07-26,True,True,False,0.58226454,16,MANUAL_REVIEW,-110.22834028244017,-110.22834028244017,0.08909744966442891
DSP-02448,ORD-17511,not_as_described,2026-04-13,5,pending,0.4558,False,RULE_NOT_AS_DESCRIBED,clean_concede,0,False,CUST-03833,895.95,digital_goods,2026-04-08,True,2026-04-16,False,True,False,0.49414316,15,MANUAL_REVIEW,142.7275625869632,142.7275625869632,0.13205167785234684
DSP-03502,ORD-09398,item_not_received,2026-04-24,2,pending,0.2108,False,RULE_ITEM_NOT_RECEIVED,retry_needed,0,False,CUST-04928,2303.58,groceries,2026-04-22,False,,True,False,False,0.24498518,18,FIGHT,264.34295659750694,264.34295659750694,0.12873476510066517
DSP-05768,ORD-02112,item_not_received,2026-05-17,18,pending,0.4483,False,RULE_ITEM_NOT_RECEIVED,clean_concede,1,False,CUST-02886,1534.29,apparel,2026-04-29,True,2026-05-01,False,True,False,0.5920687,2,FIGHT,608.4050430393219,608.4050430393219,0.4177566442952982
DSP-10765,ORD-12040,duplicate_charge,2026-07-07,4,pending,0.6786,True,RULE_DUPLICATE_CHARGE,clean_fight,0,False,CUST-02622,1667.0,digital_goods,2026-07-03,True,2026-07-06,True,True,False,0.7054817,16,FIGHT,876.0380073189735,876.0380073189735,0.14310067114093533
DSP-07819,ORD-00063,item_not_received,2026-06-07,5,pending,0.4162,False,RULE_ITEM_NOT_RECEIVED,clean_concede,2,False,CUST-05771,229.73,groceries,2026-06-02,True,2026-06-10,False,False,False,0.2832233,15,CONCEDE,-234.93511102169754,-234.93511102169754,0.10522402684563724
DSP-05720,ORD-09205,unauthorized_transaction,2026-05-16,3,pending,0.8015,True,RULE_UNAUTHORIZED_TRANSACTION,clean_fight,0,False,CUST-00230,920.74,groceries,2026-05-13,True,2026-05-19,True,True,False,0.7048472,17,FIGHT,348.9810262179375,348.9810262179375,0.09304993288590382
DSP-03009,ORD-06549,item_not_received,2026-04-18,17,pending,0.5145,False,RULE_ITEM_NOT_RECEIVED,clean_fight,3,False,CUST-01371,318.33,apparel,2026-04-01,True,2026-04-08,True,True,False,0.59728,3,MANUAL_REVIEW,-109.86784948825837,-109.86784948825837,0.34879181208053633
DSP-08940,ORD-03528,unauthorized_transaction,2026-06-18,17,pending,0.3843,True,RULE_UNAUTHORIZED_TRANSACTION,clean_concede,1,False,CUST-02149,569.13,electronics,2026-06-01,False,,True,True,False,0.33589354,3,MANUAL_REVIEW,-108.83290868371725,-108.83290868371725,0.35889114093959606
DSP-01096,ORD-09645,not_as_described,2026-03-30,16,pending,0.4282,True,RULE_NOT_AS_DESCRIBED,clean_concede,3,False,CUST-00598,937.07,groceries,2026-03-14,True,2026-03-19,True,True,False,0.3428012,4,MANUAL_REVIEW,21.22873291373253,21.22873291373253,0.3537075167785213
DSP-13172,ORD-08727,duplicate_charge,2026-07-31,16,pending,0.5073,True,RULE_DUPLICATE_CHARGE,clean_fight,1,False,CUST-00184,2993.33,electronics,2026-07-15,True,2026-07-24,False,True,False,0.41775948,4,FIGHT,950.4919785577058,950.4919785577058,0.4365099328858983
DSP-08510,ORD-10754,not_as_described,2026-06-14,7,pending,0.2534,False,RULE_NOT_AS_DESCRIBED,clean_concede,1,False,CUST-04245,2115.9,apparel,2026-06-07,False,,False,True,False,0.10560829,13,MANUAL_REVIEW,-76.54341511800885,-76.54341511800885,0.22117718120804825
DSP-07743,ORD-13948,unauthorized_transaction,2026-06-06,19,pending,0.6959,False,RULE_UNAUTHORIZED_TRANSACTION,clean_fight,2,False,CUST-00861,420.16,home_goods,2026-05-18,True,2026-05-19,True,True,False,0.5415337,1,MANUAL_REVIEW,-72.46919700622558,-72.46919700622558,0.39289234899328773
DSP-07552,ORD-13047,item_not_received,2026-06-04,11,pending,0.02,False,RULE_ITEM_NOT_RECEIVED,retry_needed,4,False,CUST-01044,146.09,apparel,2026-05-24,False,,True,True,False,0.04693529,9,CONCEDE,-293.1432234695554,-293.1432234695554,0.2218559731543623
DSP-01028,ORD-03465,unauthorized_transaction,2026-03-30,11,pending,0.6964,False,RULE_UNAUTHORIZED_TRANSACTION,clean_fight,1,False,CUST-01694,658.03,electronics,2026-03-19,True,2026-03-28,True,True,False,0.6938407,9,FIGHT,156.5679843097925,156.5679843097925,0.24247100671140792
DSP-01839,ORD-18300,not_as_described,2026-04-07,21,pending,0.5861,True,RULE_NOT_AS_DESCRIBED,clean_fight,1,False,CUST-02357,10751.42,electronics,2026-03-17,True,2026-03-23,True,True,False,0.62150687,0,FIGHT,6382.081390029192,6382.081390029192,0.8289162416107094
DSP-08172,ORD-07312,item_not_received,2026-06-10,14,pending,0.7019,False,RULE_ITEM_NOT_RECEIVED,clean_fight,2,False,CUST-00718,229.47,apparel,2026-05-27,True,2026-05-31,True,True,False,0.5683895,6,CONCEDE,-169.5716670924425,-169.5716670924425,0.2852135570469795
DSP-07640,ORD-00419,item_not_received,2026-06-05,21,pending,0.608,True,RULE_ITEM_NOT_RECEIVED,clean_fight,2,False,CUST-04954,290.46,electronics,2026-05-15,True,2026-05-20,True,True,False,0.64892757,0,MANUAL_REVIEW,-111.51249819517136,-111.51249819517136,0.4076695302013418
DSP-01546,ORD-08245,duplicate_charge,2026-04-04,13,pending,0.3449,False,RULE_DUPLICATE_CHARGE,clean_concede,2,False,CUST-04858,2417.07,electronics,2026-03-22,True,2026-03-24,False,True,False,0.3441256,7,FIGHT,531.7756607750059,531.7756607750059,0.35330483221475883
DSP-14052,ORD-04503,not_as_described,2026-08-09,22,pending,0.8021,True,RULE_NOT_AS_DESCRIBED,clean_fight,0,False,CUST-03602,504.01,home_goods,2026-07-18,True,2026-07-24,True,True,False,0.60722554,0,MANUAL_REVIEW,6.04774305462837,6.04774305462837,0.4162688590604016
DSP-04433,ORD-18266,item_not_received,2026-05-03,16,pending,0.5702,True,RULE_ITEM_NOT_RECEIVED,clean_fight,2,False,CUST-05938,804.14,groceries,2026-04-17,True,2026-04-22,True,True,False,0.50589603,4,MANUAL_REVIEW,106.81123505711554,106.81123505711554,0.34835463087248136
DSP-06659,ORD-06220,unauthorized_transaction,2026-05-26,16,pending,0.7964,True,RULE_UNAUTHORIZED_TRANSACTION,clean_fight,0,False,CUST-05619,2187.69,electronics,2026-05-10,True,2026-05-16,True,True,False,0.645677,4,FIGHT,1112.5410515534877,1112.5410515534877,0.4040680536912696
DSP-12332,ORD-02258,item_not_received,2026-07-23,12,pending,0.1992,False,RULE_ITEM_NOT_RECEIVED,retry_needed,0,False,CUST-01414,1358.83,apparel,2026-07-11,False,,True,False,False,0.3119476,8,MANUAL_REVIEW,123.88377626985312,123.88377626985312,0.2906911409395939
DSP-07724,ORD-07885,unauthorized_transaction,2026-06-06,12,pending,0.5824,False,RULE_UNAUTHORIZED_TRANSACTION,clean_fight,0,False,CUST-02133,1067.94,groceries,2026-05-25,False,,True,True,False,0.49565265,8,FIGHT,229.3272865837813,229.3272865837813,0.2789774496644269
DSP-01435,ORD-02612,item_not_received,2026-04-03,16,pending,0.63,False,RULE_ITEM_NOT_RECEIVED,clean_fight,1,False,CUST-05774,1004.94,digital_goods,2026-03-18,True,2026-03-24,True,True,True,0.53309715,4,FIGHT,235.73064785242082,235.73064785242082,0.3564405369127493
DSP-14721,ORD-01595,item_not_received,2026-08-19,16,pending,0.6409,False,RULE_ITEM_NOT_RECEIVED,clean_fight,0,False,CUST-00699,605.46,groceries,2026-08-03,True,2026-08-09,True,True,True,0.46615636,4,MANUAL_REVIEW,-17.760968163013445,-17.760968163013445,0.34035409395973026
DSP-12523,ORD-16833,item_not_received,2026-07-25,1,pending,0.222,True,RULE_ITEM_NOT_RECEIVED,retry_needed,1,False,CUST-02480,1248.52,groceries,2026-07-24,False,,True,True,False,0.23228168,19,MANUAL_REVIEW,-9.99167079925536,-9.99167079925536,0.06624912751677543
DSP-09259,ORD-14148,not_as_described,2026-06-22,17,pending,0.5162,False,RULE_NOT_AS_DESCRIBED,clean_fight,0,False,CUST-00772,104.67,digital_goods,2026-06-05,True,2026-06-11,False,True,False,0.4374657,3,CONCEDE,-254.21046543985605,-254.21046543985605,0.3401880536912752
DSP-11510,ORD-16426,unauthorized_transaction,2026-07-15,7,pending,0.602,True,RULE_UNAUTHORIZED_TRANSACTION,clean_fight,3,False,CUST-04907,503.42,apparel,2026-07-08,True,2026-07-15,True,True,False,0.5574352,13,MANUAL_REVIEW,-19.375964306592948,-19.375964306592948,0.15624510067113984
DSP-12554,ORD-11930,item_not_received,2026-07-25,21,pending,0.68,True,RULE_ITEM_NOT_RECEIVED,clean_fight,1,False,CUST-02468,938.44,apparel,2026-07-04,True,2026-07-07,True,True,False,0.61908126,0,FIGHT,280.97061648368833,280.97061648368833,0.43376268456375616
DSP-11599,ORD-00755,unauthorized_transaction,2026-07-16,3,pending,0.6726,True,RULE_UNAUTHORIZED_TRANSACTION,clean_fight,0,False,CUST-00158,674.59,groceries,2026-07-13,True,2026-07-15,True,True,False,0.70086455,17,FIGHT,172.79621911287308,172.79621911287308,0.08313785234899175
DSP-06703,ORD-11076,duplicate_charge,2026-05-26,8,pending,0.4451,True,RULE_DUPLICATE_CHARGE,clean_concede,2,False,CUST-00299,5265.71,electronics,2026-05-18,True,2026-05-26,True,True,False,0.5585227,12,FIGHT,2641.018573269844,2641.018573269844,0.3680151677852209
DSP-03940,ORD-11705,item_not_received,2026-04-28,4,pending,0.5958,False,RULE_ITEM_NOT_RECEIVED,clean_fight,2,False,CUST-03574,1529.97,groceries,2026-04-24,True,2026-04-29,True,True,False,0.5956757,16,FIGHT,611.3659612298012,611.3659612298012,0.1375826845637545
DSP-06824,ORD-09557,duplicate_charge,2026-05-28,20,pending,0.2079,False,RULE_DUPLICATE_CHARGE,clean_concede,4,False,CUST-03395,8004.91,electronics,2026-05-08,True,2026-05-16,True,False,False,0.22448047,0,FIGHT,1496.9459195195138,1496.9459195195138,0.7183185234899115
DSP-08129,ORD-15694,not_as_described,2026-06-10,4,pending,0.6144,True,RULE_NOT_AS_DESCRIBED,clean_fight,0,False,CUST-01359,2133.67,groceries,2026-06-06,True,2026-06-07,True,True,False,0.5977385,16,FIGHT,975.3767147040367,975.3767147040367,0.16189275167784684
DSP-01407,ORD-04155,item_not_received,2026-04-03,4,pending,0.7654,True,RULE_ITEM_NOT_RECEIVED,clean_fight,0,False,CUST-03704,1054.79,electronics,2026-03-30,True,2026-04-03,True,True,False,0.8363934,16,FIGHT,582.2194111865758,582.2194111865758,0.11844791946308464
DSP-07467,ORD-04957,not_as_described,2026-06-03,21,pending,0.5339,False,RULE_NOT_AS_DESCRIBED,clean_fight,2,False,CUST-05650,3305.7,home_goods,2026-05-13,True,2026-05-15,True,True,False,0.5197566,0,FIGHT,1418.1594427406787,1418.1594427406787,0.5290885906040181
DSP-07517,ORD-08979,item_not_received,2026-06-04,7,pending,0.6108,True,RULE_ITEM_NOT_RECEIVED,clean_fight,1,False,CUST-01513,2162.06,groceries,2026-05-28,True,2026-05-30,True,True,True,0.45037735,13,FIGHT,673.7428427147865,673.7428427147865,0.22303597315435683
DSP-04803,ORD-13460,not_as_described,2026-05-06,11,pending,0.3862,False,RULE_NOT_AS_DESCRIBED,clean_concede,0,False,CUST-03433,323.72,apparel,2026-04-25,False,,True,True,False,0.3937412,9,CONCEDE,-172.53810183286666,-172.53810183286666,0.2290088590604021
DSP-04296,ORD-19060,not_as_described,2026-05-02,3,pending,0.4214,True,RULE_NOT_AS_DESCRIBED,clean_concede,2,False,CUST-00569,330.37,electronics,2026-04-29,True,2026-04-30,False,True,False,0.44969642,17,CONCEDE,-151.4337931883335,-151.4337931883335,0.0692766442953014
DSP-02598,ORD-19207,not_as_described,2026-04-14,15,pending,0.3288,False,RULE_NOT_AS_DESCRIBED,clean_concede,1,False,CUST-04888,198.18,electronics,2026-03-30,True,2026-04-05,False,False,False,0.30063736,5,CONCEDE,-240.41968712568283,-240.41968712568283,0.3039535570469796
DSP-02563,ORD-04687,not_as_described,2026-04-14,7,pending,0.6411,False,RULE_NOT_AS_DESCRIBED,clean_fight,1,False,CUST-04516,1558.83,digital_goods,2026-04-07,True,2026-04-11,True,True,False,0.6317383,13,FIGHT,684.7726221263408,684.7726221263408,0.19874483221476114
DSP-12108,ORD-04066,duplicate_charge,2026-07-21,7,pending,0.1321,False,RULE_DUPLICATE_CHARGE,clean_concede,2,False,CUST-02519,1679.87,apparel,2026-07-14,False,,False,True,False,0.08685974,13,CONCEDE,-154.08692803390326,-154.08692803390326,0.20361892617449234
DSP-06707,ORD-02236,not_as_described,2026-05-26,16,pending,0.2407,False,RULE_NOT_AS_DESCRIBED,clean_concede,1,False,CUST-00929,247.1,groceries,2026-05-10,False,,True,True,False,0.28396463,4,CONCEDE,-229.8323389530182,-229.8323389530182,0.32592348993288556
DSP-06591,ORD-13051,unauthorized_transaction,2026-05-25,9,pending,0.7628,True,RULE_UNAUTHORIZED_TRANSACTION,clean_fight,0,False,CUST-02615,750.28,groceries,2026-05-16,True,2026-05-18,True,True,False,0.68410176,11,FIGHT,213.267868783474,213.267868783474,0.20618577181207878
DSP-04543,ORD-02147,unauthorized_transaction,2026-05-04,1,pending,0.5815,True,RULE_UNAUTHORIZED_TRANSACTION,clean_fight,0,False,CUST-02719,2495.45,home_goods,2026-05-03,False,,True,True,False,0.4879194,19,FIGHT,917.5784422785043,917.5784422785043,0.11646107382549689
DSP-05014,ORD-01673,duplicate_charge,2026-05-09,16,pending,0.0618,False,RULE_DUPLICATE_CHARGE,clean_concede,3,False,CUST-02552,157.3,home_goods,2026-04-23,False,,True,True,True,0.1458961,4,CONCEDE,-277.0505423754454,-277.0505423754454,0.3223073825503355
DSP-05927,ORD-00568,duplicate_charge,2026-05-18,23,pending,0.23,True,RULE_DUPLICATE_CHARGE,clean_concede,2,False,CUST-05447,140.68,apparel,2026-04-25,True,2026-05-03,False,True,False,0.3253651,0,CONCEDE,-254.22763824820518,-254.22763824820518,0.40163812080536904
DSP-05813,ORD-05142,duplicate_charge,2026-05-17,9,pending,0.3882,True,RULE_DUPLICATE_CHARGE,clean_concede,3,False,CUST-04027,3061.91,groceries,2026-05-08,True,2026-05-17,True,True,False,0.3960445,11,FIGHT,912.6525927090645,912.6525927090645,0.29927154362415304
DSP-01143,ORD-18525,unauthorized_transaction,2026-03-31,10,pending,0.1893,True,RULE_UNAUTHORIZED_TRANSACTION,clean_concede,2,False,CUST-03120,412.81,home_goods,2026-03-21,True,2026-03-25,False,True,False,0.2611918,10,CONCEDE,-192.1774190956354,-192.1774190956354,0.21259637583892535
DSP-12904,ORD-14553,item_not_received,2026-07-29,6,pending,0.7724,True,RULE_ITEM_NOT_RECEIVED,clean_fight,0,False,CUST-05891,2280.54,home_goods,2026-07-23,True,2026-07-30,True,True,True,0.6367596,14,FIGHT,1152.1556907069682,1152.1556907069682,0.20780697986576596
DSP-07727,ORD-13928,not_as_described,2026-06-06,19,pending,0.1993,False,RULE_NOT_AS_DESCRIBED,clean_concede,2,False,CUST-04558,600.52,groceries,2026-05-18,False,,True,True,False,0.2652078,1,MANUAL_REVIEW,-140.737413572073,-140.737413572073,0.4001551677852335
DSP-01336,ORD-10238,not_as_described,2026-04-02,7,pending,0.6442,True,RULE_NOT_AS_DESCRIBED,clean_fight,0,False,CUST-03622,100.0,electronics,2026-03-26,True,2026-03-30,True,False,False,0.53175926,13,CONCEDE,-246.8240737915039,-246.8240737915039,0.13999999999999999
DSP-13551,ORD-00177,not_as_described,2026-08-04,23,pending,0.5027,True,RULE_NOT_AS_DESCRIBED,clean_fight,3,False,CUST-05234,206.49,home_goods,2026-07-12,True,2026-07-21,True,True,False,0.47264478,0,CONCEDE,-202.4035801818967,-202.4035801818967,0.4042881879194628
DSP-08334,ORD-02381,item_not_received,2026-06-12,3,pending,0.02,False,RULE_ITEM_NOT_RECEIVED,retry_needed,1,False,CUST-02474,753.69,groceries,2026-06-09,False,,False,True,False,0.07054321,17,CONCEDE,-246.83229014419018,-246.83229014419018,0.0863230872483204
DSP-09496,ORD-10374,item_not_received,2026-06-24,1,pending,0.4629,False,RULE_ITEM_NOT_RECEIVED,clean_concede,2,False,CUST-04928,1282.2,groceries,2026-06-23,True,2026-06-25,True,False,True,0.532071,19,FIGHT,382.2214289903641,382.2214289903641,0.06760536912751361
DSP-14401,ORD-16982,unauthorized_transaction,2026-08-14,23,pending,0.6938,True,RULE_UNAUTHORIZED_TRANSACTION,clean_fight,0,False,CUST-02246,802.18,apparel,2026-07-22,True,2026-07-31,True,True,False,0.6055378,0,FIGHT,185.75029008626933,185.75029008626933,0.4282757046979847
DSP-11740,ORD-08913,item_not_received,2026-07-17,19,pending,0.6676,True,RULE_ITEM_NOT_RECEIVED,clean_fight,0,False,CUST-04358,1192.32,digital_goods,2026-06-28,True,2026-06-30,True,True,False,0.7578049,1,FIGHT,603.5459033203125,603.5459033203125,0.42398604026845343
DSP-11163,ORD-18591,not_as_described,2026-07-11,9,pending,0.4907,False,RULE_NOT_AS_DESCRIBED,clean_concede,1,False,CUST-02235,4012.95,groceries,2026-07-02,True,2026-07-04,True,False,False,0.4637235,11,FIGHT,1560.8992614760994,1560.8992614760994,0.33756845637582833
DSP-09611,ORD-03176,unauthorized_transaction,2026-06-25,13,pending,0.5805,True,RULE_UNAUTHORIZED_TRANSACTION,clean_fight,3,False,CUST-04094,828.69,electronics,2026-06-12,True,2026-06-17,True,True,False,0.6292729,7,FIGHT,221.47214141070845,221.47214141070845,0.2893432214765081
DSP-08649,ORD-13945,unauthorized_transaction,2026-06-15,22,pending,0.4653,False,RULE_UNAUTHORIZED_TRANSACTION,clean_concede,3,False,CUST-00391,429.55,electronics,2026-05-24,True,2026-05-28,True,False,False,0.5013067,0,MANUAL_REVIEW,-84.66370159089564,-84.66370159089564,0.41327046979865684
DSP-00497,ORD-00718,not_as_described,2026-03-23,2,pending,0.4639,False,RULE_NOT_AS_DESCRIBED,clean_concede,3,False,CUST-03185,853.35,home_goods,2026-03-21,True,2026-03-25,True,True,False,0.48416892,18,MANUAL_REVIEW,113.16554527133707,113.16554527133707,0.0703362416107362
DSP-11715,ORD-10869,not_as_described,2026-07-17,14,pending,0.5326,False,RULE_NOT_AS_DESCRIBED,clean_fight,2,False,CUST-01586,3079.59,home_goods,2026-07-03,True,2026-07-04,True,True,False,0.43340737,6,FIGHT,1034.7169911092521,1034.7169911092521,0.3999834899328778
DSP-14239,ORD-07716,unauthorized_transaction,2026-08-12,12,pending,0.2987,False,RULE_UNAUTHORIZED_TRANSACTION,clean_concede,2,False,CUST-04757,491.48,digital_goods,2026-07-31,False,,True,True,False,0.40484008,8,MANUAL_REVIEW,-101.0291965329647,-101.0291965329647,0.25576429530201233
DSP-13561,ORD-00190,item_not_received,2026-08-04,17,pending,0.8133,True,RULE_ITEM_NOT_RECEIVED,clean_fight,1,False,CUST-00159,1757.1,electronics,2026-07-18,True,2026-07-26,True,True,False,0.58193934,3,FIGHT,722.5256136775016,722.5256136775016,0.40672885906039824
DSP-00362,ORD-00963,item_not_received,2026-03-20,1,pending,0.127,True,RULE_ITEM_NOT_RECEIVED,retry_needed,3,False,CUST-00606,157.42,apparel,2026-03-19,False,,True,True,False,0.099989876,19,CONCEDE,-284.25959369629624,-284.25959369629624,0.022312214765100532
DSP-03571,ORD-05425,unauthorized_transaction,2026-04-24,20,pending,0.6483,True,RULE_UNAUTHORIZED_TRANSACTION,clean_fight,0,False,CUST-05797,134.79,apparel,2026-04-04,True,2026-04-09,True,True,False,0.6347599,0,CONCEDE,-214.44071268081666,-214.44071268081666,0.4014009395973154
DSP-00400,ORD-03138,not_as_described,2026-03-21,14,pending,0.488,False,RULE_NOT_AS_DESCRIBED,clean_concede,3,False,CUST-00876,240.64,apparel,2026-03-07,True,2026-03-10,True,True,False,0.44966352,6,CONCEDE,-191.7929705810547,-191.7929705810547,0.2856633557046976
DSP-14640,ORD-03921,unauthorized_transaction,2026-08-18,22,pending,0.6855,True,RULE_UNAUTHORIZED_TRANSACTION,clean_fight,2,False,CUST-02676,206.73,apparel,2026-07-27,True,2026-07-28,True,True,False,0.63982624,0,CONCEDE,-167.7287217861414,-167.7287217861414,0.404297852348993
DSP-02940,ORD-01932,item_not_received,2026-04-18,12,pending,0.6746,False,RULE_ITEM_NOT_RECEIVED,clean_fight,0,False,CUST-03983,571.82,electronics,2026-04-06,True,2026-04-07,True,False,False,0.6186955,8,MANUAL_REVIEW,53.782459387779284,53.782459387779284,0.25899946308724703
DSP-07175,ORD-03525,duplicate_charge,2026-05-31,6,pending,0.7491,True,RULE_DUPLICATE_CHARGE,clean_fight,0,False,CUST-01614,138.64,apparel,2026-05-25,True,2026-05-30,True,True,False,0.6401433,14,CONCEDE,-211.25053631782532,-211.25053631782532,0.12155597315436234
DSP-06720,ORD-05366,item_not_received,2026-05-27,13,pending,0.5405,True,RULE_ITEM_NOT_RECEIVED,clean_fight,2,False,CUST-05612,606.75,apparel,2026-05-14,True,2026-05-23,True,False,False,0.5699678,7,MANUAL_REVIEW,45.82796649634838,45.82796649634838,0.280406040268455
DSP-05337,ORD-11360,unauthorized_transaction,2026-05-12,4,pending,0.6952,False,RULE_UNAUTHORIZED_TRANSACTION,clean_fight,1,False,CUST-03359,244.0,electronics,2026-05-08,True,2026-05-11,True,True,False,0.7175975,16,MANUAL_REVIEW,-124.90621376037598,-124.90621376037598,0.0857986577181204
DSP-04757,ORD-18647,not_as_described,2026-05-06,5,pending,0.4772,False,RULE_NOT_AS_DESCRIBED,clean_concede,1,False,CUST-00532,1206.02,electronics,2026-05-01,True,2026-05-05,False,True,False,0.47059932,15,FIGHT,267.55219614088537,267.55219614088537,0.14453771812080238
DSP-02872,ORD-05548,not_as_described,2026-04-17,16,pending,0.3923,False,RULE_NOT_AS_DESCRIBED,clean_concede,0,False,CUST-02374,500.81,home_goods,2026-04-01,False,,True,False,False,0.28465298,4,CONCEDE,-157.4429419967532,-157.4429419967532,0.336139999999999
DSP-11976,ORD-04426,unauthorized_transaction,2026-07-19,24,pending,0.5641,False,RULE_UNAUTHORIZED_TRANSACTION,clean_fight,2,False,CUST-05996,974.95,home_goods,2026-06-25,True,2026-07-02,True,True,False,0.5126011,0,FIGHT,199.76042056381704,199.76042056381704,0.4352328859060379
DSP-08919,ORD-01223,item_not_received,2026-06-18,10,pending,0.5299,True,RULE_ITEM_NOT_RECEIVED,clean_fight,2,False,CUST-01180,757.1,groceries,2026-06-08,True,2026-06-17,True,True,False,0.5094004,10,MANUAL_REVIEW,85.66706354022028,85.66706354022028,0.226460402684562
DSP-03957,ORD-03548,item_not_received,2026-04-28,4,pending,0.4074,False,RULE_ITEM_NOT_RECEIVED,clean_concede,4,False,CUST-05033,238.1,apparel,2026-04-24,True,2026-04-25,False,True,False,0.35536683,16,CONCEDE,-215.38715871572495,-215.38715871572495,0.08556107382550297
DSP-08745,ORD-18843,item_not_received,2026-06-16,21,pending,0.6556,False,RULE_ITEM_NOT_RECEIVED,clean_fight,1,False,CUST-00489,162.84,electronics,2026-05-26,True,2026-05-30,True,True,False,0.68670195,0,CONCEDE,-188.1774539065361,-188.1774539065361,0.4025304697986576
DSP-05099,ORD-00723,not_as_described,2026-05-10,2,pending,0.3129,False,RULE_NOT_AS_DESCRIBED,clean_concede,4,False,CUST-05932,1621.41,digital_goods,2026-05-08,True,2026-05-16,True,True,True,0.48052305,18,FIGHT,479.12487822711466,479.12487822711466,0.10126483221476099
DSP-00855,ORD-13273,item_not_received,2026-03-28,5,pending,0.4997,True,RULE_ITEM_NOT_RECEIVED,clean_concede,3,False,CUST-05127,921.95,digital_goods,2026-03-23,True,2026-03-30,True,True,True,0.5010511,15,FIGHT,161.9440873771906,161.9440873771906,0.13309865771811857
DSP-08148,ORD-01516,not_as_described,2026-06-10,9,pending,0.2346,False,RULE_NOT_AS_DESCRIBED,clean_concede,0,False,CUST-00520,276.42,home_goods,2026-06-01,False,,True,False,False,0.31615508,11,CONCEDE,-212.60841388463973,-212.60841388463973,0.18710416107382502
DSP-02655,ORD-06199,duplicate_charge,2026-04-15,11,pending,0.4036,True,RULE_DUPLICATE_CHARGE,clean_concede,2,False,CUST-01942,6584.75,electronics,2026-04-04,False,,True,True,True,0.1727584,9,FIGHT,837.5708772987127,837.5708772987127,0.48113087248320396
DSP-04667,ORD-13386,duplicate_charge,2026-05-05,5,pending,0.3247,True,RULE_DUPLICATE_CHARGE,clean_concede,1,False,CUST-03837,834.7,groceries,2026-04-30,False,,True,True,False,0.3880268,15,MANUAL_REVIEW,23.88597307503227,23.88597307503227,0.12958523489932688
DSP-00042,ORD-05447,unauthorized_transaction,2026-03-11,3,pending,0.7441,True,RULE_UNAUTHORIZED_TRANSACTION,clean_fight,0,False,CUST-01789,1734.05,groceries,2026-03-08,True,2026-03-16,True,True,True,0.65519816,17,FIGHT,836.1463638573885,836.1463638573885,0.12580067114093518
DSP-12055,ORD-08683,not_as_described,2026-07-20,7,pending,0.6863,True,RULE_NOT_AS_DESCRIBED,clean_fight,0,False,CUST-01278,384.92,apparel,2026-07-13,True,2026-07-14,True,True,False,0.6190638,13,MANUAL_REVIEW,-61.70996417760847,-61.70996417760847,0.15147328859060324
DSP-05639,ORD-01989,duplicate_charge,2026-05-16,16,pending,0.5249,True,RULE_DUPLICATE_CHARGE,clean_fight,2,False,CUST-00427,100.0,groceries,2026-04-30,True,2026-05-03,True,True,False,0.5430796,4,CONCEDE,-245.69203853607178,-245.69203853607178,0.32000000000000006
DSP-11408,ORD-03498,unauthorized_transaction,2026-07-14,3,pending,0.6787,True,RULE_UNAUTHORIZED_TRANSACTION,clean_fight,0,False,CUST-05158,2614.51,apparel,2026-07-11,True,2026-07-14,True,True,False,0.8080182,17,FIGHT,1812.5716838216786,1812.5716838216786,0.16125543624160396
DSP-05625,ORD-16432,unauthorized_transaction,2026-05-15,1,pending,0.6235,False,RULE_UNAUTHORIZED_TRANSACTION,clean_fight,2,False,CUST-00148,787.74,home_goods,2026-05-14,True,2026-05-16,True,False,False,0.57848847,19,FIGHT,155.69850666761397,155.69850666761397,0.04769422818791762
DSP-03804,ORD-16316,duplicate_charge,2026-04-27,15,pending,0.4382,False,RULE_DUPLICATE_CHARGE,clean_concede,3,False,CUST-02067,2194.74,groceries,2026-04-12,True,2026-04-20,True,True,False,0.29588798,5,FIGHT,349.3971783882379,349.3971783882379,0.3843519463087192
DSP-03506,ORD-03080,item_not_received,2026-04-24,5,pending,0.5657,False,RULE_ITEM_NOT_RECEIVED,clean_fight,2,False,CUST-05256,295.34,home_goods,2026-04-19,True,2026-04-21,True,True,False,0.660888,15,MANUAL_REVIEW,-104.81333328843118,-104.81333328843118,0.10786604026845585
DSP-08742,ORD-15881,item_not_received,2026-06-16,15,pending,0.5312,True,RULE_ITEM_NOT_RECEIVED,clean_fight,1,False,CUST-03262,428.88,apparel,2026-06-01,True,2026-06-05,False,True,False,0.49807292,5,MANUAL_REVIEW,-86.38648511409761,-86.38648511409761,0.31324348993288503
DSP-07130,ORD-03491,not_as_described,2026-05-31,2,pending,0.3677,True,RULE_NOT_AS_DESCRIBED,clean_concede,0,False,CUST-01311,1481.79,apparel,2026-05-29,False,,False,True,False,0.14252117,18,MANUAL_REVIEW,-88.81355141311886,-88.81355141311886,0.09564255033556673
DSP-08930,ORD-06985,not_as_described,2026-06-18,8,pending,0.5417,False,RULE_NOT_AS_DESCRIBED,clean_fight,2,False,CUST-05407,2550.17,groceries,2026-06-10,True,2026-06-12,True,True,False,0.4562446,12,FIGHT,863.5012607204915,863.5012607204915,0.25866456375838265
DSP-05949,ORD-11348,item_not_received,2026-05-19,4,pending,0.6807,True,RULE_ITEM_NOT_RECEIVED,clean_fight,0,False,CUST-05951,1124.74,groceries,2026-05-15,True,2026-05-17,True,True,True,0.7454531,16,FIGHT,538.440941376686,538.440941376686,0.1212646979865744
DSP-13797,ORD-19329,item_not_received,2026-08-07,15,pending,0.1361,False,RULE_ITEM_NOT_RECEIVED,retry_needed,0,False,CUST-04429,918.18,electronics,2026-07-23,False,,True,True,False,0.24415767,5,MANUAL_REVIEW,-75.8193087887764,-75.8193087887764,0.3329468456375817
DSP-14660,ORD-07497,not_as_described,2026-08-18,16,pending,0.138,False,RULE_NOT_AS_DESCRIBED,clean_concede,3,False,CUST-01655,483.77,digital_goods,2026-08-02,True,2026-08-11,False,False,False,0.25786346,4,CONCEDE,-175.25339300215245,-175.25339300215245,0.33545382550335473
DSP-14459,ORD-15295,not_as_described,2026-08-15,12,pending,0.6107,False,RULE_NOT_AS_DESCRIBED,clean_fight,1,False,CUST-00054,962.03,digital_goods,2026-08-03,True,2026-08-09,True,True,False,0.6176465,8,FIGHT,294.1944771808386,294.1944771808386,0.2747126174496621
DSP-07413,ORD-10668,not_as_described,2026-06-03,2,pending,0.4913,True,RULE_NOT_AS_DESCRIBED,clean_concede,1,False,CUST-03168,183.69,apparel,2026-06-01,True,2026-06-10,False,True,False,0.5337205,18,CONCEDE,-201.9608825826645,-201.9608825826645,0.043370067114093726
DSP-05659,ORD-00388,duplicate_charge,2026-05-16,12,pending,0.3244,False,RULE_DUPLICATE_CHARGE,clean_concede,0,False,CUST-01746,405.69,groceries,2026-05-04,True,2026-05-07,False,True,True,0.36420396,8,CONCEDE,-152.24609558790922,-152.24609558790922,0.25230966442952935
DSP-11362,ORD-07338,duplicate_charge,2026-07-13,15,pending,0.2633,True,RULE_DUPLICATE_CHARGE,clean_concede,0,False,CUST-03500,672.92,home_goods,2026-06-28,False,,False,True,False,0.10390603,5,CONCEDE,-230.07955565661194,-230.07955565661194,0.3230706040268441
DSP-06482,ORD-16659,not_as_described,2026-05-24,5,pending,0.5885,False,RULE_NOT_AS_DESCRIBED,clean_fight,2,False,CUST-05870,1482.84,apparel,2026-05-19,True,2026-05-26,True,False,False,0.6280987,15,FIGHT,631.369915266037,631.369915266037,0.15568483221476137
DSP-13437,ORD-06223,duplicate_charge,2026-08-03,9,pending,0.2712,False,RULE_DUPLICATE_CHARGE,clean_concede,0,False,CUST-05904,320.93,electronics,2026-07-25,True,2026-07-26,True,False,True,0.36349383,11,CONCEDE,-183.34392514914273,-183.34392514914273,0.1888965100671135
DSP-02766,ORD-00825,item_not_received,2026-04-16,9,pending,0.4819,False,RULE_ITEM_NOT_RECEIVED,clean_concede,2,False,CUST-02967,981.22,apparel,2026-04-07,True,2026-04-11,True,True,True,0.52443624,11,FIGHT,214.58732292652132,214.58732292652132,0.2154853691275144
DSP-02809,ORD-08957,not_as_described,2026-04-16,7,pending,0.6176,False,RULE_NOT_AS_DESCRIBED,clean_fight,1,False,CUST-00348,944.2,groceries,2026-04-09,True,2026-04-11,True,True,False,0.52442545,13,FIGHT,195.16250704526902,195.16250704526902,0.17399463087248093
DSP-13326,ORD-08926,not_as_described,2026-08-02,10,pending,0.5067,True,RULE_NOT_AS_DESCRIBED,clean_fight,0,False,CUST-02552,1160.38,groceries,2026-07-23,True,2026-07-30,True,False,False,0.6240252,10,FIGHT,424.1063913273812,424.1063913273812,0.24269986577180921
DSP-01805,ORD-16710,not_as_described,2026-04-06,16,pending,0.2379,False,RULE_NOT_AS_DESCRIBED,clean_concede,3,False,CUST-03038,100.0,electronics,2026-03-21,True,2026-03-29,False,False,False,0.19495955,4,CONCEDE,-280.50404489040375,-280.50404489040375,0.32000000000000006
DSP-12990,ORD-17665,not_as_described,2026-07-29,14,pending,0.4166,False,RULE_NOT_AS_DESCRIBED,clean_concede,4,False,CUST-00326,455.83,electronics,2026-07-15,True,2026-07-21,True,False,False,0.41497153,6,MANUAL_REVIEW,-110.8435272806883,-110.8435272806883,0.2943287248322138
DSP-02086,ORD-18637,unauthorized_transaction,2026-04-09,24,pending,0.1314,False,RULE_UNAUTHORIZED_TRANSACTION,clean_concede,0,False,CUST-02610,878.14,groceries,2026-03-16,False,,False,True,False,0.12101937,0,CONCEDE,-193.72804967835546,-193.72804967835546,0.43133449664429324
DSP-11968,ORD-15700,duplicate_charge,2026-07-19,8,pending,0.4282,False,RULE_DUPLICATE_CHARGE,clean_concede,1,False,CUST-05029,371.89,electronics,2026-07-11,True,2026-07-13,False,True,False,0.38236597,12,CONCEDE,-157.80191874593496,-157.80191874593496,0.17094859060402615
DSP-10410,ORD-11710,item_not_received,2026-07-03,20,pending,0.7337,True,RULE_ITEM_NOT_RECEIVED,clean_fight,0,False,CUST-05809,737.17,electronics,2026-06-13,True,2026-06-22,True,False,False,0.6239501,0,FIGHT,159.95731275200842,159.95731275200842,0.42565785234899156
DSP-04909,ORD-18153,item_not_received,2026-05-08,24,pending,0.1337,False,RULE_ITEM_NOT_RECEIVED,retry_needed,1,False,CUST-05021,1365.4,groceries,2026-04-14,False,,True,True,False,0.24176165,0,MANUAL_REVIEW,30.101363211870193,30.101363211870193,0.4509557046979832
DSP-08120,ORD-09281,item_not_received,2026-06-09,12,pending,0.1764,False,RULE_ITEM_NOT_RECEIVED,retry_needed,0,False,CUST-02354,9022.01,apparel,2026-05-28,False,,True,False,False,0.14692366,8,FIGHT,1025.546740871668,1025.546740871668,0.5992755704697745
DSP-06103,ORD-18393,not_as_described,2026-05-20,16,pending,0.296,True,RULE_NOT_AS_DESCRIBED,clean_concede,3,False,CUST-03636,506.03,apparel,2026-05-04,True,2026-05-07,False,True,False,0.29809985,4,MANUAL_REVIEW,-149.15253510683775,-149.15253510683775,0.33635020134228083
DSP-07187,ORD-07714,unauthorized_transaction,2026-06-01,20,pending,0.6125,False,RULE_UNAUTHORIZED_TRANSACTION,clean_fight,0,False,CUST-01782,513.78,apparel,2026-05-12,True,2026-05-15,True,False,True,0.4342541,0,MANUAL_REVIEW,-76.88892343640327,-76.88892343640327,0.4166622818791935
DSP-13301,ORD-03995,unauthorized_transaction,2026-08-01,11,pending,0.5329,True,RULE_UNAUTHORIZED_TRANSACTION,clean_fight,2,False,CUST-00360,627.08,digital_goods,2026-07-21,True,2026-07-29,True,True,False,0.6824681,9,MANUAL_REVIEW,127.96210635900502,127.96210635900502,0.24122469798657578
DSP-05353,ORD-11333,not_as_described,2026-05-12,19,pending,0.3484,False,RULE_NOT_AS_DESCRIBED,clean_concede,1,False,CUST-05722,936.83,apparel,2026-04-23,True,2026-04-28,True,True,True,0.41957682,1,MANUAL_REVIEW,93.07215575754645,93.07215575754645,0.41369785234899104
DSP-10760,ORD-11082,not_as_described,2026-07-07,8,pending,0.3517,False,RULE_NOT_AS_DESCRIBED,clean_concede,0,False,CUST-03243,588.54,digital_goods,2026-06-29,False,,True,True,False,0.32937565,12,MANUAL_REVIEW,-106.14925232470037,-106.14925232470037,0.17967275167785104
DSP-13055,ORD-08623,duplicate_charge,2026-07-30,5,pending,0.6349,True,RULE_DUPLICATE_CHARGE,clean_fight,1,False,CUST-03751,1041.34,apparel,2026-07-25,True,2026-07-28,True,True,False,0.6647642,15,FIGHT,392.2455785644054,392.2455785644054,0.13790630872482967
DSP-02765,ORD-15353,item_not_received,2026-04-16,8,pending,0.581,True,RULE_ITEM_NOT_RECEIVED,clean_fight,7,False,CUST-05138,1276.33,groceries,2026-04-08,True,2026-04-14,True,True,False,0.39109126,12,FIGHT,199.1615044727921,199.1615044727921,0.20736899328858746
DSP-03015,ORD-02038,item_not_received,2026-04-19,20,pending,0.7298,True,RULE_ITEM_NOT_RECEIVED,clean_fight,1,False,CUST-00043,109.31,apparel,2026-03-30,True,2026-04-03,True,True,False,0.6638306,0,CONCEDE,-227.43667948305608,-227.43667948305608,0.40037489932885906
DSP-07629,ORD-13198,item_not_received,2026-06-05,1,pending,0.7543,True,RULE_ITEM_NOT_RECEIVED,clean_fight,0,False,CUST-03116,432.64,electronics,2026-06-04,True,2026-06-07,True,True,False,0.7632778,19,MANUAL_REVIEW,30.224519805908187,30.224519805908187,0.03339489932885818
DSP-10074,ORD-01283,not_as_described,2026-06-30,7,pending,0.5603,True,RULE_NOT_AS_DESCRIBED,clean_fight,2,False,CUST-05076,1193.31,groceries,2026-06-23,True,2026-06-26,True,True,False,0.4783686,13,FIGHT,270.8420461705326,270.8420461705326,0.18402590604026547
DSP-13803,ORD-19335,not_as_described,2026-08-07,15,pending,0.508,True,RULE_NOT_AS_DESCRIBED,clean_fight,1,False,CUST-01425,444.24,electronics,2026-07-23,True,2026-08-01,True,True,False,0.5637478,5,MANUAL_REVIEW,-49.56066700458527,-49.56066700458527,0.3138620134228179
DSP-04722,ORD-14442,item_not_received,2026-05-06,8,pending,0.6204,True,RULE_ITEM_NOT_RECEIVED,clean_fight,0,False,CUST-02464,556.85,apparel,2026-04-28,True,2026-05-07,True,False,False,0.6005058,12,MANUAL_REVIEW,34.391670799255394,34.391670799255394,0.1783966442953008
DSP-12211,ORD-01841,unauthorized_transaction,2026-07-22,4,pending,0.7313,True,RULE_UNAUTHORIZED_TRANSACTION,clean_fight,0,False,CUST-04754,988.24,groceries,2026-07-18,True,2026-07-24,True,True,False,0.7322533,16,FIGHT,423.64201410293583,423.64201410293583,0.11576805369127276
DSP-07048,ORD-03933,item_not_received,2026-05-30,4,pending,0.5927,False,RULE_ITEM_NOT_RECEIVED,clean_fight,2,False,CUST-01954,400.54,apparel,2026-05-26,True,2026-05-29,True,True,False,0.55759525,16,MANUAL_REVIEW,-76.66079736709594,-76.66079736709594,0.09210228187919381
DSP-11248,ORD-17506,not_as_described,2026-07-12,2,pending,0.4056,False,RULE_NOT_AS_DESCRIBED,clean_concede,1,False,CUST-02428,1331.08,electronics,2026-07-10,False,,True,True,False,0.39670852,18,FIGHT,228.05077449440955,228.05077449440955,0.08957369127516444
DSP-14795,ORD-10931,not_as_described,2026-08-21,22,pending,0.3157,True,RULE_NOT_AS_DESCRIBED,clean_concede,3,False,CUST-02712,383.91,groceries,2026-07-30,True,2026-08-01,True,True,True,0.3068422,0,CONCEDE,-182.2002079617977,-182.2002079617977,0.4114326174496637
DSP-10719,ORD-09627,duplicate_charge,2026-07-07,13,pending,0.6413,True,RULE_DUPLICATE_CHARGE,clean_fight,0,False,CUST-05605,262.53,apparel,2026-06-24,True,2026-06-30,True,True,False,0.6799458,7,MANUAL_REVIEW,-121.49382216095927,-121.49382216095927,0.26654483221476466
DSP-03285,ORD-00289,unauthorized_transaction,2026-04-21,13,pending,0.2522,False,RULE_UNAUTHORIZED_TRANSACTION,clean_concede,1,False,CUST-01148,2001.27,apparel,2026-04-08,True,2026-04-15,False,True,False,0.37594926,7,FIGHT,452.375982710123,452.375982710123,0.33656120805368617
DSP-08110,ORD-19563,item_not_received,2026-06-09,7,pending,0.3825,True,RULE_ITEM_NOT_RECEIVED,clean_concede,1,False,CUST-00046,410.89,groceries,2026-06-02,True,2026-06-06,False,True,False,0.3172701,13,CONCEDE,-169.63688856303693,-169.63688856303693,0.1525190604026837
DSP-10512,ORD-15246,unauthorized_transaction,2026-07-05,5,pending,0.0635,False,RULE_UNAUTHORIZED_TRANSACTION,clean_concede,1,False,CUST-04302,1673.73,digital_goods,2026-06-30,False,,False,True,True,0.09376555,15,MANUAL_REVIEW,-143.06178706683218,-143.06178706683218,0.16337167785234474
DSP-04300,ORD-14507,unauthorized_transaction,2026-05-02,6,pending,0.766,False,RULE_UNAUTHORIZED_TRANSACTION,clean_fight,0,False,CUST-03160,507.79,electronics,2026-04-26,True,2026-04-27,True,True,False,0.7240154,14,MANUAL_REVIEW,67.64778743803504,67.64778743803504,0.13642107382550228
DSP-03270,ORD-14130,not_as_described,2026-04-21,21,pending,0.4952,True,RULE_NOT_AS_DESCRIBED,clean_concede,1,False,CUST-03314,349.46,home_goods,2026-03-31,True,2026-04-01,False,True,False,0.34825778,0,CONCEDE,-178.2978361749649,-178.2978361749649,0.4100453691275161
DSP-00030,ORD-05850,item_not_received,2026-03-10,2,pending,0.546,True,RULE_ITEM_NOT_RECEIVED,clean_fight,6,False,CUST-05105,3246.07,home_goods,2026-03-08,True,2026-03-11,True,True,False,0.33684063,18,FIGHT,793.4082624530793,793.4082624530793,0.16668738255032706
DSP-07069,ORD-16217,duplicate_charge,2026-05-30,5,pending,0.6329,True,RULE_DUPLICATE_CHARGE,clean_fight,1,False,CUST-00632,197.26,digital_goods,2026-05-25,True,2026-05-29,True,True,False,0.71722764,15,CONCEDE,-158.5196761739254,-158.5196761739254,0.10391651006711383
DSP-04574,ORD-00745,not_as_described,2026-05-05,23,pending,0.2342,False,RULE_NOT_AS_DESCRIBED,clean_concede,2,False,CUST-01733,244.59,apparel,2026-04-12,True,2026-04-21,True,False,True,0.37524715,0,CONCEDE,-208.21829942017794,-208.21829942017794,0.4058224161073822
DSP-13117,ORD-11336,unauthorized_transaction,2026-07-31,9,pending,0.5962,False,RULE_UNAUTHORIZED_TRANSACTION,clean_fight,2,False,CUST-03223,165.71,apparel,2026-07-22,True,2026-07-28,True,True,False,0.55322176,11,CONCEDE,-208.3256217890978,-208.3256217890978,0.18264604026845618
DSP-11567,ORD-04343,unauthorized_transaction,2026-07-15,21,pending,0.02,False,RULE_UNAUTHORIZED_TRANSACTION,clean_concede,1,False,CUST-01828,1405.06,electronics,2026-06-24,False,,False,False,True,0.039361503,0,CONCEDE,-244.69472662962974,-244.69472662962974,0.45255275167784886
DSP-14965,ORD-16155,duplicate_charge,2026-08-27,22,pending,0.4148,False,RULE_DUPLICATE_CHARGE,clean_concede,1,False,CUST-02519,294.54,home_goods,2026-08-05,True,2026-08-10,True,True,True,0.48674557,0,CONCEDE,-156.63396095216274,-156.63396095216274,0.40783382550335523
DSP-04491,ORD-18851,unauthorized_transaction,2026-05-04,24,pending,0.608,True,RULE_UNAUTHORIZED_TRANSACTION,clean_fight,2,False,CUST-02370,950.26,electronics,2026-04-10,True,2026-04-11,True,True,False,0.5768922,0,FIGHT,248.19757924675946,248.19757924675946,0.43423865771811854
DSP-13546,ORD-10594,unauthorized_transaction,2026-08-04,20,pending,0.5708,True,RULE_UNAUTHORIZED_TRANSACTION,clean_fight,3,False,CUST-05570,225.95,apparel,2026-07-15,True,2026-07-19,True,True,False,0.57236516,0,CONCEDE,-170.67409102320673,-170.67409102320673,0.4050718120805366
DSP-09871,ORD-07708,item_not_received,2026-06-28,20,pending,0.666,True,RULE_ITEM_NOT_RECEIVED,clean_fight,1,False,CUST-02682,3397.91,home_goods,2026-06-08,True,2026-06-10,True,True,False,0.6186555,0,FIGHT,1802.1357195061446,1802.1357195061446,0.5328017449664341
DSP-04957,ORD-17208,item_not_received,2026-05-08,24,pending,0.4639,True,RULE_ITEM_NOT_RECEIVED,clean_concede,3,False,CUST-03270,404.22,apparel,2026-04-14,True,2026-04-22,True,True,False,0.43586794,0,MANUAL_REVIEW,-123.8134631448984,-123.8134631448984,0.4122504697986569
DSP-03560,ORD-05268,not_as_described,2026-04-24,18,pending,0.3249,True,RULE_NOT_AS_DESCRIBED,clean_concede,0,False,CUST-04129,2886.36,home_goods,2026-04-06,True,2026-04-08,False,False,False,0.3742046,2,FIGHT,780.0892060482502,780.0892060482502,0.47220241610737507
DSP-07163,ORD-07134,not_as_described,2026-05-31,15,pending,0.4469,True,RULE_NOT_AS_DESCRIBED,clean_concede,1,False,CUST-03347,1946.79,apparel,2026-05-16,True,2026-05-24,True,True,True,0.4723841,5,FIGHT,619.6326326787472,619.6326326787472,0.37436738255033064
DSP-09052,ORD-05601,unauthorized_transaction,2026-06-19,15,pending,0.4344,False,RULE_UNAUTHORIZED_TRANSACTION,clean_concede,2,False,CUST-01591,1104.76,electronics,2026-06-04,False,,True,True,False,0.455904,5,FIGHT,203.6645107269287,203.6645107269287,0.3404601342281852
DSP-13927,ORD-19542,not_as_described,2026-08-08,9,pending,0.5927,True,RULE_NOT_AS_DESCRIBED,clean_fight,1,False,CUST-00963,708.11,digital_goods,2026-07-30,True,2026-08-04,True,True,False,0.5698646,11,MANUAL_REVIEW,103.52680143773557,103.52680143773557,0.20448765100670976
DSP-11246,ORD-02023,item_not_received,2026-07-12,14,pending,0.5275,True,RULE_ITEM_NOT_RECEIVED,clean_fight,5,False,CUST-00811,280.29,electronics,2026-06-28,True,2026-07-05,True,True,True,0.30668506,6,CONCEDE,-214.0392444589734,-214.0392444589734,0.28725999999999946
DSP-09064,ORD-12947,unauthorized_transaction,2026-06-19,23,pending,0.2206,False,RULE_UNAUTHORIZED_TRANSACTION,clean_concede,3,False,CUST-01140,1326.43,apparel,2026-05-27,False,,True,True,True,0.2427737,0,MANUAL_REVIEW,22.022314620167037,22.022314620167037,0.44938644295301683
DSP-13843,ORD-13510,unauthorized_transaction,2026-08-07,2,pending,0.7035,True,RULE_UNAUTHORIZED_TRANSACTION,clean_fight,2,False,CUST-04473,375.1,apparel,2026-08-05,True,2026-08-07,True,True,False,0.61956,18,MANUAL_REVIEW,-67.60304276943205,-67.60304276943205,0.051077852348992536
DSP-07205,ORD-07135,unauthorized_transaction,2026-06-01,4,pending,0.43,False,RULE_UNAUTHORIZED_TRANSACTION,clean_concede,1,False,CUST-00122,624.76,apparel,2026-05-28,True,2026-06-03,False,True,False,0.33934322,16,MANUAL_REVIEW,-87.99192987561227,-87.99192987561227,0.10113127516778381
DSP-00327,ORD-17381,unauthorized_transaction,2026-03-20,2,pending,0.064,False,RULE_UNAUTHORIZED_TRANSACTION,clean_concede,1,False,CUST-04839,1711.66,apparel,2026-03-18,False,,False,True,False,0.105055965,18,MANUAL_REVIEW,-120.17990612104535,-120.17990612104535,0.1048990604026802
DSP-03321,ORD-19611,not_as_described,2026-04-22,12,pending,0.4413,False,RULE_NOT_AS_DESCRIBED,clean_concede,2,False,CUST-00714,573.06,apparel,2026-04-10,True,2026-04-11,True,False,False,0.4897342,8,MANUAL_REVIEW,-19.352917844653177,-19.352917844653177,0.2590493959731531
DSP-14941,ORD-02022,unauthorized_transaction,2026-08-26,21,pending,0.5746,True,RULE_UNAUTHORIZED_TRANSACTION,clean_fight,2,False,CUST-02610,1173.7,home_goods,2026-08-05,True,2026-08-06,True,True,False,0.5677842,0,FIGHT,366.40830401182177,366.40830401182177,0.4432362416107354
DSP-13372,ORD-15449,unauthorized_transaction,2026-08-02,17,pending,0.2706,False,RULE_UNAUTHORIZED_TRANSACTION,clean_concede,1,False,CUST-02143,126.41,home_goods,2026-07-16,False,,True,True,True,0.36485788,3,CONCEDE,-253.87831510335207,-253.87831510335207,0.3410634899328859
DSP-11343,ORD-04633,not_as_described,2026-07-13,12,pending,0.5186,True,RULE_NOT_AS_DESCRIBED,clean_fight,0,False,CUST-02628,474.87,digital_goods,2026-07-01,True,2026-07-09,True,True,False,0.61998236,8,MANUAL_REVIEW,-5.588975855112096,-5.588975855112096,0.25509543624160974
DSP-01971,ORD-19175,item_not_received,2026-04-08,9,pending,0.5892,False,RULE_ITEM_NOT_RECEIVED,clean_fight,2,False,CUST-01755,535.41,electronics,2026-03-30,True,2026-04-05,True,True,False,0.59604704,11,MANUAL_REVIEW,19.129547721147503,19.129547721147503,0.19753328859060285
DSP-03261,ORD-05890,not_as_described,2026-04-21,12,pending,0.6187,True,RULE_NOT_AS_DESCRIBED,clean_fight,0,False,CUST-00009,154.3,electronics,2026-04-09,True,2026-04-12,True,True,False,0.6405571,8,CONCEDE,-201.1620378792286,-201.1620378792286,0.2421865771812079
DSP-07843,ORD-13234,not_as_described,2026-06-07,4,pending,0.5769,False,RULE_NOT_AS_DESCRIBED,clean_fight,1,False,CUST-04618,100.0,apparel,2026-06-03,True,2026-06-07,True,True,False,0.6967445,16,CONCEDE,-230.32554984092712,-230.32554984092712,0.07999999999999999
DSP-05632,ORD-18460,item_not_received,2026-05-15,22,pending,0.5231,True,RULE_ITEM_NOT_RECEIVED,clean_fight,2,False,CUST-03369,124.85,groceries,2026-04-23,True,2026-05-01,True,True,False,0.51929843,0,CONCEDE,-235.16559048295022,-235.16559048295022,0.40100067114093957
DSP-09426,ORD-16811,item_not_received,2026-06-23,15,pending,0.6821,False,RULE_ITEM_NOT_RECEIVED,clean_fight,0,False,CUST-02031,994.06,apparel,2026-06-08,True,2026-06-15,True,False,False,0.64575154,5,FIGHT,341.91577176928513,341.91577176928513,0.3360024161073802
DSP-12056,ORD-00979,duplicate_charge,2026-07-20,19,pending,0.45,True,RULE_DUPLICATE_CHARGE,clean_concede,3,False,CUST-05066,1573.08,electronics,2026-07-01,True,2026-07-02,True,True,False,0.39881995,1,FIGHT,327.3756919848919,327.3756919848919,0.43931865771811685
DSP-10150,ORD-18660,item_not_received,2026-07-01,2,pending,0.6915,True,RULE_ITEM_NOT_RECEIVED,clean_fight,2,False,CUST-04773,524.38,home_goods,2026-06-29,True,2026-06-30,True,True,False,0.5250358,18,MANUAL_REVIEW,-24.68172795653345,-24.68172795653345,0.057089127516777374
DSP-10767,ORD-00088,not_as_described,2026-07-07,23,pending,0.4449,False,RULE_NOT_AS_DESCRIBED,clean_concede,3,False,CUST-05201,3813.22,groceries,2026-06-14,True,2026-06-23,True,True,False,0.4037377,0,FIGHT,1239.5406496101616,1239.5406496101616,0.5495256375838826
DSP-14337,ORD-01004,duplicate_charge,2026-08-13,11,pending,0.3321,True,RULE_DUPLICATE_CHARGE,clean_concede,0,False,CUST-00614,559.53,apparel,2026-08-02,False,,True,True,True,0.22612792,9,CONCEDE,-173.47464350402356,-173.47464350402356,0.23850456375838805
DSP-08748,ORD-13698,not_as_described,2026-06-16,16,pending,0.6427,True,RULE_NOT_AS_DESCRIBED,clean_fight,0,False,CUST-04746,159.59,apparel,2026-05-31,True,2026-06-05,True,True,False,0.63808537,4,CONCEDE,-198.16795655250547,-198.16795655250547,0.32239959731543616
DSP-05198,ORD-03337,duplicate_charge,2026-05-11,9,pending,0.6286,True,RULE_DUPLICATE_CHARGE,clean_fight,0,False,CUST-03112,545.09,home_goods,2026-05-02,True,2026-05-08,True,True,False,0.566363,11,MANUAL_REVIEW,8.718795148134234,8.718795148134234,0.19792308724832094
DSP-02722,ORD-18439,unauthorized_transaction,2026-04-16,5,pending,0.5842,True,RULE_UNAUTHORIZED_TRANSACTION,clean_fight,0,False,CUST-03148,655.56,apparel,2026-04-11,False,,True,True,False,0.53489065,15,MANUAL_REVIEW,50.652915630340544,50.652915630340544,0.12237154362415957
DSP-07790,ORD-09555,not_as_described,2026-06-06,22,pending,0.5092,False,RULE_NOT_AS_DESCRIBED,clean_fight,0,False,CUST-01627,801.47,groceries,2026-05-15,True,2026-05-24,True,True,False,0.5378396,0,MANUAL_REVIEW,131.06229740202429,131.06229740202429,0.4282471140939579
DSP-08149,ORD-14595,unauthorized_transaction,2026-06-10,13,pending,0.5121,True,RULE_UNAUTHORIZED_TRANSACTION,clean_fight,0,False,CUST-05565,986.31,digital_goods,2026-05-28,False,,True,True,False,0.4983669,7,FIGHT,191.5442495816946,191.5442495816946,0.2956903355704674
DSP-02758,ORD-12269,unauthorized_transaction,2026-04-16,16,pending,0.5111,False,RULE_UNAUTHORIZED_TRANSACTION,clean_fight,3,False,CUST-01160,287.12,digital_goods,2026-03-31,True,2026-04-09,True,True,False,0.541048,4,MANUAL_REVIEW,-144.6543010187149,-144.6543010187149,0.32753503355704655
DSP-05136,ORD-05135,duplicate_charge,2026-05-10,1,pending,0.1753,False,RULE_DUPLICATE_CHARGE,clean_concede,3,False,CUST-05270,794.09,apparel,2026-05-09,True,2026-05-17,False,True,True,0.16985025,19,CONCEDE,-165.12361885413526,-165.12361885413526,0.047949932885904184
DSP-09989,ORD-17657,unauthorized_transaction,2026-06-29,4,pending,0.1821,False,RULE_UNAUTHORIZED_TRANSACTION,clean_concede,0,False,CUST-02954,180.02,groceries,2026-06-25,False,,False,True,True,0.17563556,16,CONCEDE,-268.38208624631164,-268.38208624631164,0.0832222818791944
DSP-14555,ORD-12718,item_not_received,2026-08-16,17,pending,0.2667,False,RULE_ITEM_NOT_RECEIVED,clean_concede,1,False,CUST-00871,672.74,groceries,2026-07-30,True,2026-08-07,False,True,True,0.2817297,3,MANUAL_REVIEW,-110.46916284561158,-110.46916284561158,0.36306335570469644
DSP-13151,ORD-01061,unauthorized_transaction,2026-07-31,17,pending,0.604,False,RULE_UNAUTHORIZED_TRANSACTION,clean_fight,1,False,CUST-02051,728.97,groceries,2026-07-14,True,2026-07-23,True,True,False,0.5597685,3,MANUAL_REVIEW,108.05444194614887,108.05444194614887,0.3653276510067097
DSP-07510,ORD-07747,not_as_described,2026-06-04,22,pending,0.5822,False,RULE_NOT_AS_DESCRIBED,clean_fight,1,False,CUST-02409,1173.33,groceries,2026-05-13,True,2026-05-16,True,True,False,0.5708057,0,FIGHT,369.7434853452444,369.7434853452444,0.4432213422818763
DSP-00218,ORD-18079,unauthorized_transaction,2026-03-17,10,pending,0.6677,True,RULE_UNAUTHORIZED_TRANSACTION,clean_fight,0,False,CUST-05269,573.66,apparel,2026-03-07,True,2026-03-13,True,True,False,0.68207693,10,MANUAL_REVIEW,91.28025223731993,91.28025223731993,0.2190735570469786
DSP-04227,ORD-16270,item_not_received,2026-05-01,21,pending,0.02,False,RULE_ITEM_NOT_RECEIVED,retry_needed,4,False,CUST-00446,941.77,groceries,2026-04-10,False,,True,True,False,0.05124574,0,CONCEDE,-251.73829798407854,-251.73829798407854,0.4338967785234877
DSP-05974,ORD-04106,unauthorized_transaction,2026-05-19,21,pending,0.5352,True,RULE_UNAUTHORIZED_TRANSACTION,clean_fight,0,False,CUST-02605,679.96,apparel,2026-04-28,False,,True,True,False,0.36951295,0,MANUAL_REVIEW,-48.745977636575674,-48.745977636575674,0.42335409395973
DSP-03529,ORD-14638,not_as_described,2026-04-24,17,pending,0.5122,True,RULE_NOT_AS_DESCRIBED,clean_fight,0,False,CUST-04329,754.13,groceries,2026-04-07,True,2026-04-09,True,True,False,0.5185273,3,MANUAL_REVIEW,91.03701459467413,91.03701459467413,0.3663408053691258
DSP-11945,ORD-03517,duplicate_charge,2026-07-19,10,pending,0.5017,True,RULE_DUPLICATE_CHARGE,clean_fight,1,False,CUST-05765,901.11,apparel,2026-07-09,True,2026-07-17,True,True,False,0.54900336,10,FIGHT,194.71242012262343,194.71242012262343,0.23225946308724615
DSP-01319,ORD-12160,not_as_described,2026-04-02,10,pending,0.4964,False,RULE_NOT_AS_DESCRIBED,clean_concede,2,False,CUST-03646,666.99,groceries,2026-03-23,True,2026-03-31,True,True,False,0.4925158,10,MANUAL_REVIEW,28.503115031719233,28.503115031719233,0.22283181208053537
DSP-09831,ORD-06190,not_as_described,2026-06-28,12,pending,0.5846,False,RULE_NOT_AS_DESCRIBED,clean_fight,0,False,CUST-04759,799.53,electronics,2026-06-16,True,2026-06-21,True,True,False,0.5915006,8,FIGHT,172.92245897591113,172.92245897591113,0.2681689932885887
DSP-07598,ORD-00517,unauthorized_transaction,2026-06-04,1,pending,0.2301,False,RULE_UNAUTHORIZED_TRANSACTION,clean_concede,2,False,CUST-01462,3779.56,apparel,2026-06-03,True,2026-06-06,False,True,False,0.3238831,19,FIGHT,924.1355581963062,924.1355581963062,0.16817020134227192
DSP-04206,ORD-17088,unauthorized_transaction,2026-05-01,1,pending,0.2894,True,RULE_UNAUTHORIZED_TRANSACTION,clean_concede,1,False,CUST-03500,478.6,apparel,2026-04-30,True,2026-05-02,False,True,False,0.29871207,19,CONCEDE,-157.03640102148054,-157.03640102148054,0.03524563758389161
DSP-04154,ORD-06383,item_not_received,2026-04-30,14,pending,0.7192,True,RULE_ITEM_NOT_RECEIVED,clean_fight,0,False,CUST-05208,725.7,digital_goods,2026-04-16,True,2026-04-19,True,True,False,0.71618235,6,FIGHT,219.73353220224385,219.73353220224385,0.3051959731543607
DSP-00217,ORD-17485,duplicate_charge,2026-03-17,1,pending,0.3337,False,RULE_DUPLICATE_CHARGE,clean_concede,3,False,CUST-05682,707.53,home_goods,2026-03-16,True,2026-03-20,True,True,False,0.4275162,19,MANUAL_REVIEW,2.4805314657091913,2.4805314657091913,0.04446429530201179
DSP-10130,ORD-14564,not_as_described,2026-07-01,10,pending,0.5831,False,RULE_NOT_AS_DESCRIBED,clean_fight,1,False,CUST-05284,452.1,electronics,2026-06-21,True,2026-06-26,True,True,False,0.58193254,10,MANUAL_REVIEW,-36.90829653739928,-36.90829653739928,0.21417852348993194
DSP-09582,ORD-08925,not_as_described,2026-06-25,11,pending,0.5481,True,RULE_NOT_AS_DESCRIBED,clean_fight,1,False,CUST-02852,1293.27,home_goods,2026-06-14,True,2026-06-22,True,True,False,0.47720146,9,FIGHT,317.1503344917297,317.1503344917297,0.26805114093959415
DSP-08676,ORD-07600,unauthorized_transaction,2026-06-15,12,pending,0.529,True,RULE_UNAUTHORIZED_TRANSACTION,clean_fight,4,False,CUST-05048,321.85,apparel,2026-06-03,True,2026-06-07,True,True,False,0.58825016,8,MANUAL_REVIEW,-110.67168593406677,-110.67168593406677,0.24893355704697925
DSP-08166,ORD-19262,item_not_received,2026-06-10,23,pending,0.6263,False,RULE_ITEM_NOT_RECEIVED,clean_fight,1,False,CUST-04566,1241.76,digital_goods,2026-05-18,True,2026-05-22,True,True,False,0.6713561,0,FIGHT,533.6631283378601,533.6631283378601,0.4459769127516748
DSP-01186,ORD-13712,item_not_received,2026-03-31,12,pending,0.5623,False,RULE_ITEM_NOT_RECEIVED,clean_fight,0,False,CUST-02960,474.68,apparel,2026-03-19,True,2026-03-20,True,False,True,0.46559927,8,MANUAL_REVIEW,-78.98933914542198,-78.98933914542198,0.2550877852348983
DSP-06862,ORD-03539,unauthorized_transaction,2026-05-28,19,pending,0.5696,True,RULE_UNAUTHORIZED_TRANSACTION,clean_fight,2,False,CUST-00935,600.75,electronics,2026-05-09,True,2026-05-12,True,True,False,0.57806766,1,MANUAL_REVIEW,47.27414694428444,47.27414694428444,0.4001644295302
DSP-01845,ORD-11347,duplicate_charge,2026-04-07,8,pending,0.1718,False,RULE_DUPLICATE_CHARGE,clean_concede,1,False,CUST-05718,1026.43,electronics,2026-03-30,False,,False,True,False,0.08280692,12,CONCEDE,-215.00449054308234,-215.00449054308234,0.197305906040266
DSP-06546,ORD-09220,not_as_described,2026-05-25,7,pending,0.3889,False,RULE_NOT_AS_DESCRIBED,clean_concede,0,False,CUST-03374,757.57,home_goods,2026-05-18,False,,True,True,False,0.3102121,13,MANUAL_REVIEW,-64.99261522680519,-64.99261522680519,0.1664793288590586
DSP-12542,ORD-19036,unauthorized_transaction,2026-07-25,2,pending,0.8057,True,RULE_UNAUTHORIZED_TRANSACTION,clean_fight,1,False,CUST-00322,1057.77,apparel,2026-07-23,True,2026-07-27,True,True,False,0.7256908,18,FIGHT,467.61393855035305,467.61393855035305,0.07856791946308464
DSP-04372,ORD-10284,duplicate_charge,2026-05-03,8,pending,0.5286,True,RULE_DUPLICATE_CHARGE,clean_fight,1,False,CUST-00391,1137.8,electronics,2026-04-25,True,2026-05-02,True,True,True,0.56401694,12,FIGHT,341.73847229480737,341.73847229480737,0.20179060402684285
DSP-05352,ORD-13700,unauthorized_transaction,2026-05-12,9,pending,0.6265,True,RULE_UNAUTHORIZED_TRANSACTION,clean_fight,3,False,CUST-00908,152.44,electronics,2026-05-03,True,2026-05-04,True,True,False,0.5608738,11,CONCEDE,-214.50039694070816,-214.50039694070816,0.18211167785234886
DSP-04100,ORD-07891,unauthorized_transaction,2026-04-30,7,pending,0.6023,True,RULE_UNAUTHORIZED_TRANSACTION,clean_fight,1,False,CUST-04692,2778.78,apparel,2026-04-23,True,2026-04-26,True,True,True,0.65862834,13,FIGHT,1530.1832712292673,1530.1832712292673,0.24787033557046256
DSP-00756,ORD-09825,unauthorized_transaction,2026-03-27,11,pending,0.3092,False,RULE_UNAUTHORIZED_TRANSACTION,clean_concede,2,False,CUST-04943,1602.38,apparel,2026-03-16,False,,True,True,False,0.48390603,9,FIGHT,475.4013454008103,475.4013454008103,0.2804985234899289
DSP-11261,ORD-16164,item_not_received,2026-07-12,17,pending,0.571,True,RULE_ITEM_NOT_RECEIVED,clean_fight,1,False,CUST-01262,417.51,groceries,2026-06-25,True,2026-06-28,True,True,False,0.5678986,3,MANUAL_REVIEW,-62.8966674166918,-62.8966674166918,0.3527856375838918
DSP-10011,ORD-03278,item_not_received,2026-06-29,9,pending,0.6073,True,RULE_ITEM_NOT_RECEIVED,clean_fight,2,False,CUST-04562,393.54,electronics,2026-06-20,True,2026-06-29,True,True,False,0.54887164,11,MANUAL_REVIEW,-83.99705621480942,-83.99705621480942,0.19182040268456296
DSP-14023,ORD-19296,not_as_described,2026-08-09,12,pending,0.6276,False,RULE_NOT_AS_DESCRIBED,clean_fight,0,False,CUST-02189,372.09,electronics,2026-07-28,True,2026-08-05,True,True,False,0.59961915,8,MANUAL_REVIEW,-76.88771041631699,-76.88771041631699,0.2509566442953013
DSP-00785,ORD-09626,not_as_described,2026-03-27,16,pending,0.6376,True,RULE_NOT_AS_DESCRIBED,clean_fight,0,False,CUST-04775,1312.8,groceries,2026-03-11,True,2026-03-15,True,True,False,0.5691917,4,FIGHT,447.2348562240601,447.2348562240601,0.36883758389261423
DSP-14002,ORD-07244,unauthorized_transaction,2026-08-09,15,pending,0.6035,False,RULE_UNAUTHORIZED_TRANSACTION,clean_fight,0,False,CUST-04508,661.08,home_goods,2026-07-25,True,2026-08-02,True,True,False,0.72058487,5,FIGHT,176.36424545288088,176.36424545288088,0.32259382550335425
DSP-12304,ORD-13789,duplicate_charge,2026-07-23,18,pending,0.1979,False,RULE_DUPLICATE_CHARGE,clean_concede,0,False,CUST-01416,351.56,groceries,2026-07-05,False,,True,False,False,0.27198243,2,CONCEDE,-204.38185641288757,-204.38185641288757,0.3701299328859054
DSP-12854,ORD-16173,duplicate_charge,2026-07-28,3,pending,0.5582,False,RULE_DUPLICATE_CHARGE,clean_fight,3,False,CUST-03856,100.0,apparel,2026-07-25,True,2026-08-01,True,True,False,0.45255128,17,CONCEDE,-254.74487245082855,-254.74487245082855,0.06000000000000001
DSP-09246,ORD-14419,item_not_received,2026-06-21,8,pending,0.6146,False,RULE_ITEM_NOT_RECEIVED,clean_fight,1,False,CUST-02380,3050.46,electronics,2026-06-13,True,2026-06-19,True,True,True,0.4582135,12,FIGHT,1097.761978007555,1097.761978007555,0.27881046979864976
DSP-03697,ORD-16722,item_not_received,2026-04-26,9,pending,0.5721,False,RULE_ITEM_NOT_RECEIVED,clean_fight,1,False,CUST-05841,218.92,groceries,2026-04-17,True,2026-04-18,True,False,False,0.36770716,11,CONCEDE,-219.50154785513877,-219.50154785513877,0.18478872483221442
DSP-10313,ORD-11886,duplicate_charge,2026-07-02,21,pending,0.5238,False,RULE_DUPLICATE_CHARGE,clean_fight,1,False,CUST-05065,1967.89,apparel,2026-06-11,True,2026-06-15,True,True,False,0.6108531,0,FIGHT,902.091659692526,902.091659692526,0.4752170469798607
DSP-05296,ORD-06002,item_not_received,2026-05-12,5,pending,0.6045,False,RULE_ITEM_NOT_RECEIVED,clean_fight,0,False,CUST-05935,232.55,apparel,2026-05-07,True,2026-05-15,True,True,False,0.76918864,15,MANUAL_REVIEW,-121.12518118619917,-121.12518118619917,0.1053375838926171
DSP-09234,ORD-08773,not_as_described,2026-06-21,24,pending,0.5287,False,RULE_NOT_AS_DESCRIBED,clean_fight,1,False,CUST-04898,510.3,apparel,2026-05-28,True,2026-05-31,True,True,True,0.44030786,0,MANUAL_REVIEW,-75.31090128421783,-75.31090128421783,0.41652214765100565
DSP-11313,ORD-04934,item_not_received,2026-07-13,3,pending,0.5661,True,RULE_ITEM_NOT_RECEIVED,clean_fight,3,False,CUST-01730,2507.49,groceries,2026-07-10,True,2026-07-14,True,True,False,0.45606893,17,FIGHT,843.5882888334988,843.5882888334988,0.15694590604026193
DSP-10910,ORD-00642,unauthorized_transaction,2026-07-09,16,pending,0.4693,True,RULE_UNAUTHORIZED_TRANSACTION,clean_concede,2,False,CUST-01092,507.26,groceries,2026-06-23,True,2026-07-01,True,True,False,0.4993314,4,MANUAL_REVIEW,-46.70914657950402,-46.70914657950402,0.3363997315436231
DSP-05365,ORD-18149,unauthorized_transaction,2026-05-13,21,pending,0.0877,False,RULE_UNAUTHORIZED_TRANSACTION,clean_concede,2,False,CUST-04057,1181.91,electronics,2026-04-22,True,2026-04-27,False,False,False,0.14489932,0,MANUAL_REVIEW,-128.74204046443103,-128.74204046443103,0.443566845637581
DSP-00160,ORD-06264,item_not_received,2026-03-16,4,pending,0.7653,True,RULE_ITEM_NOT_RECEIVED,clean_fight,1,False,CUST-04590,151.31,apparel,2026-03-12,True,2026-03-15,True,True,False,0.7590559,16,CONCEDE,-185.1472498804331,-185.1472498804331,0.08206617449664415
DSP-00605,ORD-18922,unauthorized_transaction,2026-03-25,14,pending,0.6459,True,RULE_UNAUTHORIZED_TRANSACTION,clean_fight,1,False,CUST-05108,453.83,apparel,2026-03-11,True,2026-03-20,True,True,False,0.6342855,6,MANUAL_REVIEW,-12.142207184433971,-12.142207184433971,0.2942481879194621
DSP-09694,ORD-18293,not_as_described,2026-06-26,18,pending,0.0804,False,RULE_NOT_AS_DESCRIBED,clean_concede,5,False,CUST-03595,219.5,home_goods,2026-06-08,False,,True,True,True,0.11638616,2,CONCEDE,-274.453237824142,-274.453237824142,0.3648120805369125
DSP-13245,ORD-19768,duplicate_charge,2026-08-01,19,pending,0.511,True,RULE_DUPLICATE_CHARGE,clean_fight,2,False,CUST-00745,1548.29,electronics,2026-07-13,True,2026-07-15,True,True,False,0.5444576,1,FIGHT,542.9782798331976,542.9782798331976,0.43832040268455985
DSP-12046,ORD-03715,unauthorized_transaction,2026-07-20,21,pending,0.6601,False,RULE_UNAUTHORIZED_TRANSACTION,clean_fight,0,False,CUST-03755,973.56,apparel,2026-06-29,True,2026-07-07,True,True,False,0.6752241,0,FIGHT,357.3711995100974,357.3711995100974,0.4351769127516755
DSP-05378,ORD-11722,item_not_received,2026-05-13,1,pending,0.0233,False,RULE_ITEM_NOT_RECEIVED,retry_needed,1,False,CUST-03913,152.16,digital_goods,2026-05-12,False,,False,True,False,0.09742884,19,CONCEDE,-285.1752271914482,-285.1752271914482,0.022100402684563633
DSP-14110,ORD-01154,item_not_received,2026-08-10,22,pending,0.6415,True,RULE_ITEM_NOT_RECEIVED,clean_fight,0,False,CUST-04168,2406.13,apparel,2026-07-19,True,2026-07-25,True,True,True,0.51236266,0,FIGHT,932.8111646455527,932.8111646455527,0.4928642953020072
DSP-00912,ORD-11020,not_as_described,2026-03-28,20,pending,0.521,False,RULE_NOT_AS_DESCRIBED,clean_fight,0,False,CUST-03098,1170.82,apparel,2026-03-08,True,2026-03-11,True,True,False,0.67756855,0,FIGHT,493.3108154225349,493.3108154225349,0.443120268456373
DSP-09082,ORD-08282,unauthorized_transaction,2026-06-20,16,pending,0.6885,True,RULE_UNAUTHORIZED_TRANSACTION,clean_fight,0,False,CUST-05671,363.93,digital_goods,2026-06-04,True,2026-06-10,True,True,False,0.6953707,4,MANUAL_REVIEW,-46.93375056266785,-46.93375056266785,0.3306280536912745
DSP-14981,ORD-17144,not_as_described,2026-08-28,22,pending,0.3907,False,RULE_NOT_AS_DESCRIBED,clean_concede,2,False,CUST-02406,7999.69,electronics,2026-08-06,False,,True,True,False,0.3221427,0,FIGHT,2277.0416591271755,2277.0416591271755,0.7181083221476297
DSP-09875,ORD-18677,unauthorized_transaction,2026-06-28,7,pending,0.6178,True,RULE_UNAUTHORIZED_TRANSACTION,clean_fight,0,False,CUST-00750,578.25,apparel,2026-06-21,True,2026-06-24,True,True,False,0.6969239,13,MANUAL_REVIEW,102.99625186622143,102.99625186622143,0.15925838926174365
DSP-05895,ORD-06179,not_as_described,2026-05-18,1,pending,0.7154,False,RULE_NOT_AS_DESCRIBED,clean_fight,0,False,CUST-00986,330.63,groceries,2026-05-17,True,2026-05-24,True,True,False,0.5764296,19,MANUAL_REVIEW,-109.41507953882217,-109.41507953882217,0.029287114093959125
DSP-13323,ORD-10198,duplicate_charge,2026-08-02,13,pending,0.4814,False,RULE_DUPLICATE_CHARGE,clean_concede,0,False,CUST-02578,2813.47,electronics,2026-07-20,False,,True,True,False,0.43851098,7,FIGHT,933.7374986675381,933.7374986675381,0.3692672483221403
DSP-14218,ORD-07662,item_not_received,2026-08-11,13,pending,0.724,True,RULE_ITEM_NOT_RECEIVED,clean_fight,0,False,CUST-03283,1789.69,digital_goods,2026-07-29,True,2026-07-31,True,True,False,0.71883625,7,FIGHT,986.4940445417167,986.4940445417167,0.32804120805368675
DSP-12258,ORD-08651,not_as_described,2026-07-22,9,pending,0.6148,True,RULE_NOT_AS_DESCRIBED,clean_fight,0,False,CUST-01320,227.59,apparel,2026-07-13,True,2026-07-20,True,True,False,0.60880953,11,CONCEDE,-161.44103890001773,-161.44103890001773,0.18513785234899294
DSP-11124,ORD-16324,duplicate_charge,2026-07-11,24,pending,0.5739,False,RULE_DUPLICATE_CHARGE,clean_fight,0,False,CUST-01464,236.47,groceries,2026-06-17,True,2026-06-23,True,True,False,0.75768834,0,MANUAL_REVIEW,-120.82943740665914,-120.82943740665914,0.4054954362416104
DSP-13838,ORD-15432,item_not_received,2026-08-07,9,pending,0.6842,True,RULE_ITEM_NOT_RECEIVED,clean_fight,1,False,CUST-05773,1478.92,electronics,2026-07-29,True,2026-08-02,True,True,False,0.67288613,11,FIGHT,695.1447601032257,695.1447601032257,0.2355269798657681
DSP-02975,ORD-03769,duplicate_charge,2026-04-18,8,pending,0.2744,False,RULE_DUPLICATE_CHARGE,clean_concede,1,False,CUST-02502,440.24,groceries,2026-04-10,True,2026-04-13,True,False,True,0.30202797,12,CONCEDE,-167.03520624399184,-167.03520624399184,0.17370093959731456
DSP-10586,ORD-17754,unauthorized_transaction,2026-07-05,12,pending,0.02,False,RULE_UNAUTHORIZED_TRANSACTION,clean_concede,2,False,CUST-04586,740.91,apparel,2026-06-23,False,,False,True,False,0.06588332,8,CONCEDE,-251.18638674840332,-251.18638674840332,0.26580845637583717
DSP-02357,ORD-12766,item_not_received,2026-04-12,3,pending,0.4779,True,RULE_ITEM_NOT_RECEIVED,clean_concede,5,False,CUST-05707,539.55,home_goods,2026-04-09,True,2026-04-13,True,True,False,0.4640687,17,MANUAL_REVIEW,-49.61172708570959,-49.61172708570959,0.07769999999999883
DSP-08318,ORD-14665,duplicate_charge,2026-06-12,18,pending,0.4498,False,RULE_DUPLICATE_CHARGE,clean_concede,2,False,CUST-04672,452.81,home_goods,2026-05-25,True,2026-05-26,True,True,False,0.46386352,2,MANUAL_REVIEW,-89.95795868724585,-89.95795868724585,0.3742071140939588
DSP-04156,ORD-01387,duplicate_charge,2026-04-30,5,pending,0.3645,False,RULE_DUPLICATE_CHARGE,clean_concede,1,False,CUST-04565,668.04,digital_goods,2026-04-25,True,2026-04-28,False,True,True,0.2501184,15,MANUAL_REVIEW,-132.9109009730816,-132.9109009730816,0.12287409395973001
DSP-09817,ORD-13048,item_not_received,2026-06-27,14,pending,0.1984,False,RULE_ITEM_NOT_RECEIVED,retry_needed,2,False,CUST-01489,684.08,home_goods,2026-06-13,False,,True,True,False,0.15681677,6,CONCEDE,-192.72478694319724,-192.72478694319724,0.3035199999999984
DSP-12026,ORD-14563,unauthorized_transaction,2026-07-20,23,pending,0.6642,False,RULE_UNAUTHORIZED_TRANSACTION,clean_fight,0,False,CUST-00558,580.8,groceries,2026-06-27,True,2026-07-02,True,True,False,0.6162356,0,MANUAL_REVIEW,57.909644508361794,57.909644508361794,0.4193610738255021
DSP-10446,ORD-12525,item_not_received,2026-07-04,17,pending,0.5896,True,RULE_ITEM_NOT_RECEIVED,clean_fight,1,False,CUST-04334,1607.23,apparel,2026-06-17,True,2026-06-23,True,True,False,0.6807873,3,FIGHT,794.1818122076988,794.1818122076988,0.40069382550335164
DSP-02035,ORD-07433,item_not_received,2026-04-09,5,pending,0.7379,False,RULE_ITEM_NOT_RECEIVED,clean_fight,0,False,CUST-05508,934.08,apparel,2026-04-04,True,2026-04-09,True,True,False,0.7508695,15,FIGHT,401.37219429016113,401.37219429016113,0.1335871140939575
DSP-07419,ORD-15157,not_as_described,2026-06-03,10,pending,0.4315,False,RULE_NOT_AS_DESCRIBED,clean_concede,0,False,CUST-00667,368.27,home_goods,2026-05-24,False,,True,True,False,0.31365988,10,CONCEDE,-184.48847725003958,-184.48847725003958,0.2108028187919456
DSP-02946,ORD-15416,duplicate_charge,2026-04-18,4,pending,0.4397,True,RULE_DUPLICATE_CHARGE,clean_concede,1,False,CUST-02353,1396.53,apparel,2026-04-14,True,2026-04-21,True,False,False,0.63865674,16,FIGHT,591.9032907164096,591.9032907164096,0.13220926174496292
DSP-07283,ORD-06936,not_as_described,2026-06-02,13,pending,0.1307,True,RULE_NOT_AS_DESCRIBED,clean_concede,1,False,CUST-01209,170.41,apparel,2026-05-20,False,,False,True,False,0.12110153,7,CONCEDE,-279.36308854430916,-279.36308854430916,0.26283530201342264
DSP-00467,ORD-12196,item_not_received,2026-03-22,11,pending,0.5276,False,RULE_ITEM_NOT_RECEIVED,clean_fight,1,False,CUST-03320,609.49,apparel,2026-03-11,True,2026-03-12,True,True,False,0.67467505,9,MANUAL_REVIEW,111.20769463837149,111.20769463837149,0.24051637583892482
DSP-08740,ORD-15060,item_not_received,2026-06-16,2,pending,0.02,False,RULE_ITEM_NOT_RECEIVED,retry_needed,5,False,CUST-05341,215.21,electronics,2026-06-14,False,,True,True,True,0.0847605,18,CONCEDE,-281.758692368716,-281.758692368716,0.044639328859060086
DSP-14152,ORD-10074,duplicate_charge,2026-08-11,23,pending,0.4344,False,RULE_DUPLICATE_CHARGE,clean_concede,0,False,CUST-05094,503.05,home_goods,2026-07-19,True,2026-07-23,False,True,True,0.42853916,0,MANUAL_REVIEW,-84.42337711453436,-84.42337711453436,0.41623020134228084
DSP-03357,ORD-13920,unauthorized_transaction,2026-04-22,24,pending,0.1736,False,RULE_UNAUTHORIZED_TRANSACTION,clean_concede,0,False,CUST-03400,616.62,electronics,2026-03-29,True,2026-04-07,False,False,False,0.15246479,0,CONCEDE,-205.9871598753333,-205.9871598753333,0.4208034899328845
DSP-10068,ORD-01753,unauthorized_transaction,2026-06-30,20,pending,0.6706,True,RULE_UNAUTHORIZED_TRANSACTION,clean_fight,1,False,CUST-03318,690.55,digital_goods,2026-06-10,True,2026-06-13,True,True,False,0.6724321,0,FIGHT,164.34800365269183,164.34800365269183,0.4237805369127501
DSP-13615,ORD-09431,item_not_received,2026-08-05,10,pending,0.5764,False,RULE_ITEM_NOT_RECEIVED,clean_fight,2,False,CUST-01181,322.24,home_goods,2026-07-26,True,2026-07-31,True,True,False,0.5813611,10,MANUAL_REVIEW,-112.66219430923462,-112.66219430923462,0.20894926174496586
DSP-05630,ORD-08312,not_as_described,2026-05-15,14,pending,0.5528,True,RULE_NOT_AS_DESCRIBED,clean_fight,1,False,CUST-00783,140.79,apparel,2026-05-01,True,2026-05-02,True,True,False,0.5396237,6,CONCEDE,-224.02638241231443,-224.02638241231443,0.28164255033557034
DSP-12534,ORD-12988,unauthorized_transaction,2026-07-25,5,pending,0.4388,False,RULE_UNAUTHORIZED_TRANSACTION,clean_concede,1,False,CUST-00920,1400.09,digital_goods,2026-07-20,False,,True,False,False,0.5307966,15,FIGHT,443.162994146943,443.162994146943,0.15235261744966092
DSP-10764,ORD-09454,item_not_received,2026-07-07,22,pending,0.1533,False,RULE_ITEM_NOT_RECEIVED,retry_needed,0,False,CUST-02973,5133.4,groceries,2026-06-15,False,,True,True,True,0.12623702,0,FIGHT,348.02511793673034,348.02511793673034,0.602687248322134
DSP-00058,ORD-16478,item_not_received,2026-03-12,1,pending,0.6653,True,RULE_ITEM_NOT_RECEIVED,clean_fight,0,False,CUST-01700,1747.35,apparel,2026-03-11,True,2026-03-16,False,True,False,0.6672596,19,FIGHT,865.9360165178775,865.9360165178775,0.08633624161073382
DSP-02921,ORD-19357,unauthorized_transaction,2026-04-18,6,pending,0.6625,True,RULE_UNAUTHORIZED_TRANSACTION,clean_fight,1,False,CUST-03822,1866.3,groceries,2026-04-12,True,2026-04-13,True,True,True,0.5780816,14,FIGHT,778.8737046718597,778.8737046718597,0.19112617449663954
DSP-01018,ORD-01381,duplicate_charge,2026-03-29,7,pending,0.6141,True,RULE_DUPLICATE_CHARGE,clean_fight,1,False,CUST-01153,1239.64,digital_goods,2026-03-22,True,2026-03-24,True,True,False,0.6121745,13,FIGHT,458.876010761261,458.876010761261,0.185891543624158
DSP-13159,ORD-07422,duplicate_charge,2026-07-31,15,pending,0.5167,False,RULE_DUPLICATE_CHARGE,clean_fight,2,False,CUST-02730,542.31,apparel,2026-07-16,True,2026-07-25,True,True,False,0.3837568,5,MANUAL_REVIEW,-91.88485706716779,-91.88485706716779,0.31781114093959617
DSP-12334,ORD-01641,unauthorized_transaction,2026-07-23,13,pending,0.599,True,RULE_UNAUTHORIZED_TRANSACTION,clean_fight,1,False,CUST-04560,1113.19,electronics,2026-07-10,True,2026-07-12,True,False,False,0.6527519,7,FIGHT,426.63691272735605,426.63691272735605,0.3007995973154335
DSP-12354,ORD-13714,duplicate_charge,2026-07-23,5,pending,0.5862,True,RULE_DUPLICATE_CHARGE,clean_fight,0,False,CUST-03201,1003.76,apparel,2026-07-18,True,2026-07-21,True,True,True,0.6236121,15,FIGHT,325.9568873643875,325.9568873643875,0.13639302013422575
DSP-12962,ORD-15639,unauthorized_transaction,2026-07-29,15,pending,0.1088,False,RULE_UNAUTHORIZED_TRANSACTION,clean_concede,2,False,CUST-05655,1121.98,electronics,2026-07-14,True,2026-07-19,False,True,False,0.32665968,5,MANUAL_REVIEW,66.50562710762023,66.50562710762023,0.34115355704697714
DSP-02149,ORD-07560,item_not_received,2026-04-10,9,pending,0.63,True,RULE_ITEM_NOT_RECEIVED,clean_fight,1,False,CUST-04211,803.03,groceries,2026-04-01,True,2026-04-02,True,True,False,0.5582225,11,MANUAL_REVIEW,148.26939222633837,148.26939222633837,0.20830993288590413
DSP-09299,ORD-01423,not_as_described,2026-06-22,14,pending,0.5886,True,RULE_NOT_AS_DESCRIBED,clean_fight,0,False,CUST-01145,143.26,digital_goods,2026-06-08,True,2026-06-14,True,False,False,0.5181957,6,CONCEDE,-225.76328563332558,-225.76328563332558,0.2817420134228186
DSP-11588,ORD-02984,not_as_described,2026-07-15,12,pending,0.5246,True,RULE_NOT_AS_DESCRIBED,clean_fight,3,False,CUST-03412,267.16,digital_goods,2026-07-03,True,2026-07-09,True,True,False,0.48884615,8,CONCEDE,-169.39986175894737,-169.39986175894737,0.24673127516778479
DSP-05843,ORD-07639,item_not_received,2026-05-18,14,pending,0.5983,True,RULE_ITEM_NOT_RECEIVED,clean_fight,2,False,CUST-03893,575.89,digital_goods,2026-05-04,True,2026-05-12,True,True,False,0.5823889,6,MANUAL_REVIEW,35.3919308757782,35.3919308757782,0.29916335570469665
DSP-11899,ORD-05998,item_not_received,2026-07-19,5,pending,0.8271,False,RULE_ITEM_NOT_RECEIVED,clean_fight,0,False,CUST-03037,1901.48,apparel,2026-07-14,True,2026-07-20,True,True,False,0.7949697,15,FIGHT,1211.6189431810378,1211.6189431810378,0.17254281879194144
DSP-14034,ORD-16974,not_as_described,2026-08-09,10,pending,0.7082,True,RULE_NOT_AS_DESCRIBED,clean_fight,0,False,CUST-00046,7874.82,electronics,2026-07-30,True,2026-08-01,True,True,False,0.6626915,10,FIGHT,4918.576072976589,4918.576072976589,0.513079999999979
DSP-05710,ORD-12940,not_as_described,2026-05-16,6,pending,0.714,True,RULE_NOT_AS_DESCRIBED,clean_fight,1,False,CUST-00076,780.98,apparel,2026-05-10,True,2026-05-11,True,True,False,0.6303641,14,FIGHT,192.30177044272426,192.30177044272426,0.14742201342281697
DSP-14591,ORD-16234,unauthorized_transaction,2026-08-17,19,pending,0.5657,False,RULE_UNAUTHORIZED_TRANSACTION,clean_fight,5,False,CUST-02334,1216.9,groceries,2026-07-29,True,2026-07-31,True,True,False,0.415481,1,FIGHT,205.59883028566838,205.59883028566838,0.42497583892617147
DSP-07202,ORD-19585,unauthorized_transaction,2026-06-01,3,pending,0.5932,False,RULE_UNAUTHORIZED_TRANSACTION,clean_fight,3,False,CUST-04957,1506.11,home_goods,2026-05-29,True,2026-06-07,True,True,False,0.5790184,17,FIGHT,572.0654235404729,572.0654235404729,0.11662187919462708
DSP-02148,ORD-12975,duplicate_charge,2026-04-10,21,pending,0.2811,False,RULE_DUPLICATE_CHARGE,clean_concede,2,False,CUST-00196,144.02,groceries,2026-03-20,True,2026-03-25,False,True,False,0.32203835,0,CONCEDE,-253.6200364744663,-253.6200364744663,0.40177261744966436
DSP-01814,ORD-14762,not_as_described,2026-04-06,24,pending,0.6771,True,RULE_NOT_AS_DESCRIBED,clean_fight,1,False,CUST-02485,323.58,electronics,2026-03-13,True,2026-03-14,True,True,False,0.6490739,0,MANUAL_REVIEW,-89.97266782879831,-89.97266782879831,0.40900322147650947
DSP-13837,ORD-17799,item_not_received,2026-08-07,18,pending,0.4256,False,RULE_ITEM_NOT_RECEIVED,clean_concede,3,False,CUST-05307,1631.79,electronics,2026-07-20,True,2026-07-23,True,True,True,0.43810305,2,FIGHT,414.89217594891784,414.89217594891784,0.4216828187919422
DSP-11830,ORD-14986,not_as_described,2026-07-18,1,pending,0.669,True,RULE_NOT_AS_DESCRIBED,clean_fight,1,False,CUST-00479,806.46,digital_goods,2026-07-17,True,2026-07-23,True,True,False,0.6088003,19,FIGHT,190.97308349847793,190.97308349847793,0.04844805369127327
DSP-02302,ORD-00477,unauthorized_transaction,2026-04-11,3,pending,0.5787,False,RULE_UNAUTHORIZED_TRANSACTION,clean_fight,0,False,CUST-01450,505.38,electronics,2026-04-08,False,,True,True,False,0.502824,17,MANUAL_REVIEW,-45.88280260205269,-45.88280260205269,0.0763240268456365
DSP-06247,ORD-15211,unauthorized_transaction,2026-05-22,8,pending,0.7085,True,RULE_UNAUTHORIZED_TRANSACTION,clean_fight,0,False,CUST-03684,483.65,electronics,2026-05-14,True,2026-05-18,True,True,False,0.70280457,12,MANUAL_REVIEW,39.911428070068325,39.911428070068325,0.1754489932885896
DSP-06641,ORD-03983,item_not_received,2026-05-26,9,pending,0.6225,True,RULE_ITEM_NOT_RECEIVED,clean_fight,2,False,CUST-01367,977.24,electronics,2026-05-17,True,2026-05-18,True,True,False,0.68566024,11,FIGHT,370.05461590290065,370.05461590290065,0.21532510067113855
DSP-14913,ORD-09709,not_as_described,2026-08-25,20,pending,0.5096,True,RULE_NOT_AS_DESCRIBED,clean_fight,2,False,CUST-03604,133.83,apparel,2026-08-05,True,2026-08-14,True,True,False,0.52282655,0,CONCEDE,-230.03012249350547,-230.03012249350547,0.40136228187919454
DSP-05817,ORD-04286,unauthorized_transaction,2026-05-17,12,pending,0.5513,True,RULE_UNAUTHORIZED_TRANSACTION,clean_fight,2,False,CUST-01542,793.98,groceries,2026-05-05,True,2026-05-09,True,True,False,0.58706945,8,FIGHT,166.12140334725382,166.12140334725382,0.26794550335570283
DSP-04013,ORD-17115,item_not_received,2026-04-29,15,pending,0.0673,False,RULE_ITEM_NOT_RECEIVED,retry_needed,2,False,CUST-01296,553.13,home_goods,2026-04-14,False,,True,True,False,0.1210151,5,CONCEDE,-233.0629168125987,-233.0629168125987,0.3182468456375827
DSP-07426,ORD-12483,not_as_described,2026-06-03,3,pending,0.4787,True,RULE_NOT_AS_DESCRIBED,clean_concede,1,False,CUST-02046,218.52,electronics,2026-05-31,True,2026-06-01,True,False,False,0.5922133,17,CONCEDE,-170.58955557346343,-170.58955557346343,0.06477261744966412
DSP-12690,ORD-16160,unauthorized_transaction,2026-07-26,4,pending,0.628,True,RULE_UNAUTHORIZED_TRANSACTION,clean_fight,1,False,CUST-03576,100.0,groceries,2026-07-22,True,2026-07-23,True,True,True,0.75026894,16,CONCEDE,-224.97310638427734,-224.97310638427734,0.07999999999999999
DSP-13728,ORD-07886,item_not_received,2026-08-06,10,pending,0.6791,True,RULE_ITEM_NOT_RECEIVED,clean_fight,2,False,CUST-00503,1148.6,home_goods,2026-07-27,True,2026-08-03,True,True,False,0.562676,10,FIGHT,346.2896679759025,346.2896679759025,0.24222550335570187
DSP-09295,ORD-06350,not_as_described,2026-06-22,16,pending,0.6441,True,RULE_NOT_AS_DESCRIBED,clean_fight,0,False,CUST-01272,491.08,electronics,2026-06-06,True,2026-06-10,True,False,False,0.57046455,4,MANUAL_REVIEW,-19.856268074512514,-19.856268074512514,0.3357481879194621
DSP-07088,ORD-12121,not_as_described,2026-05-30,12,pending,0.2766,False,RULE_NOT_AS_DESCRIBED,clean_concede,2,False,CUST-01378,1131.41,electronics,2026-05-18,False,,True,False,False,0.44779146,8,FIGHT,206.6357325637341,206.6357325637341,0.2815332885906012
DSP-08066,ORD-03862,not_as_described,2026-06-09,14,pending,0.4855,True,RULE_NOT_AS_DESCRIBED,clean_concede,2,False,CUST-03209,308.63,groceries,2026-05-26,True,2026-06-03,True,True,False,0.47315678,6,CONCEDE,-153.96962298721076,-153.96962298721076,0.2884012080536907
DSP-13745,ORD-19922,duplicate_charge,2026-08-06,17,pending,0.3229,False,RULE_DUPLICATE_CHARGE,clean_concede,2,False,CUST-01801,513.14,home_goods,2026-07-20,True,2026-07-22,True,False,False,0.33299264,3,MANUAL_REVIEW,-129.12815511047842,-129.12815511047842,0.356636510067113
DSP-12216,ORD-04186,not_as_described,2026-07-22,15,pending,0.3307,False,RULE_NOT_AS_DESCRIBED,clean_concede,0,False,CUST-02716,956.57,groceries,2026-07-07,True,2026-07-14,False,True,False,0.3148518,5,MANUAL_REVIEW,1.1777773979306403,1.1777773979306403,0.3344927516778501
DSP-03860,ORD-04959,item_not_received,2026-04-27,2,pending,0.615,True,RULE_ITEM_NOT_RECEIVED,clean_fight,0,False,CUST-03414,310.8,digital_goods,2026-04-25,True,2026-04-30,True,True,True,0.6767943,18,MANUAL_REVIEW,-89.65233449935911,-89.65233449935911,0.04848859060402627
DSP-07953,ORD-12672,unauthorized_transaction,2026-06-08,17,pending,0.7624,True,RULE_UNAUTHORIZED_TRANSACTION,clean_fight,1,False,CUST-02875,745.27,apparel,2026-05-22,True,2026-05-25,True,True,False,0.6286779,3,FIGHT,168.53478196561338,168.53478196561338,0.36598402684563586
DSP-12531,ORD-17942,unauthorized_transaction,2026-07-25,8,pending,0.5908,True,RULE_UNAUTHORIZED_TRANSACTION,clean_fight,0,False,CUST-03305,713.47,electronics,2026-07-17,True,2026-07-20,True,True,False,0.73091024,12,FIGHT,221.4825300770998,221.4825300770998,0.18470348993288427
DSP-06985,ORD-00295,item_not_received,2026-05-29,16,pending,0.2247,False,RULE_ITEM_NOT_RECEIVED,clean_concede,3,False,CUST-00617,1066.27,groceries,2026-05-13,True,2026-05-16,False,False,False,0.23496406,4,MANUAL_REVIEW,-49.46487408623099,-49.46487408623099,0.35891020134227936
DSP-02610,ORD-11275,not_as_described,2026-04-14,15,pending,0.2988,False,RULE_NOT_AS_DESCRIBED,clean_concede,1,False,CUST-03917,940.5,apparel,2026-03-30,False,,True,True,True,0.19734599,5,MANUAL_REVIEW,-114.39609926193953,-114.39609926193953,0.3338456375838904
DSP-11994,ORD-02809,duplicate_charge,2026-07-19,16,pending,0.5372,True,RULE_DUPLICATE_CHARGE,clean_fight,0,False,CUST-00505,688.09,home_goods,2026-07-03,True,2026-07-04,False,True,False,0.4424404,4,MANUAL_REVIEW,4.438808358907693,4.438808358907693,0.3436814765100656
DSP-02876,ORD-04346,not_as_described,2026-04-17,24,pending,0.3317,True,RULE_NOT_AS_DESCRIBED,clean_concede,1,False,CUST-01436,2378.33,home_goods,2026-03-24,False,,True,True,False,0.24705194,0,FIGHT,287.57103895768523,287.57103895768523,0.49174483221475895
DSP-14464,ORD-17654,not_as_described,2026-08-15,20,pending,0.4108,True,RULE_NOT_AS_DESCRIBED,clean_concede,0,False,CUST-00777,1486.11,groceries,2026-07-26,False,,True,True,False,0.3884255,0,FIGHT,277.2430186173319,277.2430186173319,0.4558165100671104
DSP-06390,ORD-03598,unauthorized_transaction,2026-05-23,5,pending,0.706,True,RULE_UNAUTHORIZED_TRANSACTION,clean_fight,1,False,CUST-05609,229.81,groceries,2026-05-18,True,2026-05-24,True,True,False,0.6708925,15,MANUAL_REVIEW,-145.82219985246658,-145.82219985246658,0.1052272483221473
DSP-12573,ORD-15506,not_as_described,2026-07-25,5,pending,0.622,False,RULE_NOT_AS_DESCRIBED,clean_fight,0,False,CUST-03062,231.58,apparel,2026-07-20,True,2026-07-23,True,True,False,0.70309657,15,MANUAL_REVIEW,-137.17689664721487,-137.17689664721487,0.10529852348993253
DSP-13807,ORD-02696,item_not_received,2026-08-07,12,pending,0.587,True,RULE_ITEM_NOT_RECEIVED,clean_fight,0,False,CUST-04058,696.42,electronics,2026-07-26,True,2026-07-31,True,True,True,0.51688784,8,MANUAL_REVIEW,59.97103204607964,59.97103204607964,0.2640169127516762
DSP-14732,ORD-00587,item_not_received,2026-08-20,22,pending,0.5915,True,RULE_ITEM_NOT_RECEIVED,clean_fight,3,False,CUST-03619,278.09,groceries,2026-07-29,True,2026-08-04,True,True,False,0.419311,0,CONCEDE,-183.39380762636662,-183.39380762636662,0.4071714093959727
DSP-14805,ORD-04647,duplicate_charge,2026-08-21,16,pending,0.307,False,RULE_DUPLICATE_CHARGE,clean_concede,3,False,CUST-00460,619.33,digital_goods,2026-08-05,True,2026-08-07,True,True,False,0.41839638,4,MANUAL_REVIEW,-40.8745677921176,-40.8745677921176,0.3409126174496631
DSP-05970,ORD-03910,item_not_received,2026-05-19,2,pending,0.161,False,RULE_ITEM_NOT_RECEIVED,retry_needed,0,False,CUST-04404,1805.47,apparel,2026-05-17,False,,False,True,False,0.11644634,18,MANUAL_REVIEW,-89.75962905876338,-89.75962905876338,0.10867664429529739
DSP-14230,ORD-01010,duplicate_charge,2026-08-11,5,pending,0.3922,False,RULE_DUPLICATE_CHARGE,clean_concede,3,False,CUST-04864,2595.37,groceries,2026-08-06,True,2026-08-08,True,True,False,0.4900623,15,FIGHT,971.8929821830986,971.8929821830986,0.20048469798657043
DSP-10630,ORD-19791,unauthorized_transaction,2026-07-06,11,pending,0.507,False,RULE_UNAUTHORIZED_TRANSACTION,clean_fight,1,False,CUST-02509,1170.92,electronics,2026-06-25,True,2026-06-30,True,False,False,0.6393321,9,FIGHT,448.6067608571053,448.6067608571053,0.26312429530201054
DSP-07039,ORD-12106,unauthorized_transaction,2026-05-30,13,pending,0.6577,False,RULE_UNAUTHORIZED_TRANSACTION,clean_fight,0,False,CUST-01186,420.74,groceries,2026-05-17,True,2026-05-22,True,True,False,0.69807076,7,MANUAL_REVIEW,-6.293706526756296,-6.293706526756296,0.2729157046979857
DSP-10617,ORD-19555,unauthorized_transaction,2026-07-06,16,pending,0.5991,True,RULE_UNAUTHORIZED_TRANSACTION,clean_fight,2,False,CUST-00898,223.78,digital_goods,2026-06-20,True,2026-06-28,True,True,False,0.59534836,4,CONCEDE,-166.77294441223145,-166.77294441223145,0.32498442953020107
DSP-11103,ORD-06485,item_not_received,2026-07-11,14,pending,0.5375,False,RULE_ITEM_NOT_RECEIVED,clean_fight,2,False,CUST-04043,1010.07,apparel,2026-06-27,True,2026-07-04,True,False,False,0.56489146,6,FIGHT,270.57991453528405,270.57991453528405,0.31664711409395724
DSP-12209,ORD-01031,item_not_received,2026-07-22,19,pending,0.4189,True,RULE_ITEM_NOT_RECEIVED,clean_concede,0,False,CUST-01841,2335.83,apparel,2026-07-03,True,2026-07-06,False,True,False,0.54595524,1,FIGHT,975.2586299461127,975.2586299461127,0.4700334228187859
DSP-03924,ORD-00942,unauthorized_transaction,2026-04-28,6,pending,0.7235,False,RULE_UNAUTHORIZED_TRANSACTION,clean_fight,2,False,CUST-02393,491.36,electronics,2026-04-22,True,2026-04-24,True,True,False,0.68502915,14,MANUAL_REVIEW,36.59592267990115,36.59592267990115,0.1357594630872473
DSP-06300,ORD-08211,item_not_received,2026-05-22,20,pending,0.6318,False,RULE_ITEM_NOT_RECEIVED,clean_fight,1,False,CUST-05314,777.15,apparel,2026-05-02,True,2026-05-08,True,True,False,0.6395459,0,FIGHT,197.02310979366302,197.02310979366302,0.4272677852348975
DSP-11302,ORD-04947,unauthorized_transaction,2026-07-12,2,pending,0.6343,False,RULE_UNAUTHORIZED_TRANSACTION,clean_fight,0,False,CUST-04380,304.1,digital_goods,2026-07-10,True,2026-07-18,True,False,False,0.67253107,18,MANUAL_REVIEW,-95.4833021223545,-95.4833021223545,0.04821879194630817
DSP-11810,ORD-11066,duplicate_charge,2026-07-18,7,pending,0.7223,True,RULE_DUPLICATE_CHARGE,clean_fight,0,False,CUST-03959,899.3,digital_goods,2026-07-11,True,2026-07-13,True,True,False,0.7141991,13,FIGHT,342.279273802042,342.279273802042,0.17218657718120586
DSP-06210,ORD-17543,unauthorized_transaction,2026-05-21,9,pending,0.6438,True,RULE_UNAUTHORIZED_TRANSACTION,clean_fight,0,False,CUST-00577,773.13,home_goods,2026-05-12,True,2026-05-13,True,True,True,0.55104244,11,MANUAL_REVIEW,126.0274397456646,126.0274397456646,0.20710590604026663
DSP-08659,ORD-16262,duplicate_charge,2026-06-15,5,pending,0.7595,False,RULE_DUPLICATE_CHARGE,clean_fight,0,False,CUST-05622,374.72,digital_goods,2026-06-10,True,2026-06-17,True,True,False,0.6818137,15,MANUAL_REVIEW,-44.510764007568355,-44.510764007568355,0.11106255033556973
DSP-11024,ORD-17463,item_not_received,2026-07-10,13,pending,0.6923,True,RULE_ITEM_NOT_RECEIVED,clean_fight,0,False,CUST-04134,599.0,digital_goods,2026-06-27,True,2026-07-05,True,True,False,0.74338835,7,MANUAL_REVIEW,145.2896245121956,145.2896245121956,0.2800939597315423
DSP-06192,ORD-06462,not_as_described,2026-05-21,19,pending,0.1756,True,RULE_NOT_AS_DESCRIBED,clean_concede,3,False,CUST-05738,182.12,groceries,2026-05-02,True,2026-05-03,True,True,True,0.40024284,1,CONCEDE,-227.10777483820914,-227.10777483820914,0.38330684563758366
DSP-13541,ORD-02414,item_not_received,2026-08-04,24,pending,0.3022,False,RULE_ITEM_NOT_RECEIVED,clean_concede,4,False,CUST-02191,605.0,electronics,2026-07-11,True,2026-07-14,False,True,False,0.27057344,0,MANUAL_REVIEW,-136.3030704855919,-136.3030704855919,0.4203355704697973
DSP-01910,ORD-00484,not_as_described,2026-04-07,4,pending,0.4451,False,RULE_NOT_AS_DESCRIBED,clean_concede,0,False,CUST-02032,266.39,groceries,2026-04-03,False,,True,True,False,0.4283435,16,CONCEDE,-185.89357379168274,-185.89357379168274,0.08670026845637538
DSP-12657,ORD-03920,item_not_received,2026-07-26,3,pending,0.8232,True,RULE_ITEM_NOT_RECEIVED,clean_fight,0,False,CUST-04394,853.74,electronics,2026-07-23,True,2026-07-24,True,True,False,0.7784125,17,FIGHT,364.561905580759,364.561905580759,0.0903519463087228
DSP-07078,ORD-08577,item_not_received,2026-05-30,22,pending,0.6953,True,RULE_ITEM_NOT_RECEIVED,clean_fight,0,False,CUST-02362,1330.15,electronics,2026-05-08,True,2026-05-11,True,True,False,0.74509984,0,FIGHT,691.0945555657149,691.0945555657149,0.44953624161073497
DSP-03437,ORD-01016,duplicate_charge,2026-04-23,20,pending,0.5722,False,RULE_DUPLICATE_CHARGE,clean_fight,0,False,CUST-05791,3872.88,electronics,2026-04-03,True,2026-04-05,True,False,False,0.5489801,0,FIGHT,1826.1341149234772,1826.1341149234772,0.551928053691265
DSP-04072,ORD-14234,item_not_received,2026-04-29,16,pending,0.7229,True,RULE_ITEM_NOT_RECEIVED,clean_fight,0,False,CUST-00253,343.75,electronics,2026-04-13,True,2026-04-20,True,True,False,0.71347314,4,MANUAL_REVIEW,-54.743607714772224,-54.743607714772224,0.32981543624161014
DSP-10142,ORD-07650,duplicate_charge,2026-07-01,11,pending,0.4943,False,RULE_DUPLICATE_CHARGE,clean_concede,0,False,CUST-04161,292.81,apparel,2026-06-20,False,,True,True,False,0.36049598,9,CONCEDE,-194.4431707626581,-194.4431707626581,0.22776416107382502
DSP-09041,ORD-06094,item_not_received,2026-06-19,11,pending,0.7191,True,RULE_ITEM_NOT_RECEIVED,clean_fight,0,False,CUST-03948,758.02,electronics,2026-06-08,True,2026-06-12,True,True,False,0.69116163,9,FIGHT,223.91434069633488,223.91434069633488,0.24649744966442777
DSP-06994,ORD-02014,not_as_described,2026-05-29,10,pending,0.4095,True,RULE_NOT_AS_DESCRIBED,clean_concede,3,False,CUST-04112,15000.0,electronics,2026-05-19,True,2026-05-26,True,True,True,0.41782644,10,FIGHT,5967.396658658981,5967.396658658981,0.7999999999999596
DSP-00443,ORD-04999,not_as_described,2026-03-22,5,pending,0.25,False,RULE_NOT_AS_DESCRIBED,clean_concede,4,False,CUST-01652,100.0,electronics,2026-03-17,False,,True,True,False,0.22143939,15,CONCEDE,-277.8560608625412,-277.8560608625412,0.1
DSP-05662,ORD-18615,not_as_described,2026-05-16,23,pending,0.5321,True,RULE_NOT_AS_DESCRIBED,clean_fight,0,False,CUST-03073,193.13,home_goods,2026-04-23,True,2026-04-26,True,True,False,0.6404066,0,CONCEDE,-176.31827168464662,-176.31827168464662,0.4037502013422816
DSP-02362,ORD-08419,not_as_described,2026-04-12,5,pending,0.7627,True,RULE_NOT_AS_DESCRIBED,clean_fight,0,False,CUST-01881,520.56,electronics,2026-04-07,True,2026-04-16,True,True,False,0.66746837,15,MANUAL_REVIEW,47.45733417034148,47.45733417034148,0.11693530201342169
DSP-10169,ORD-11687,duplicate_charge,2026-07-01,11,pending,0.5334,True,RULE_DUPLICATE_CHARGE,clean_fight,1,False,CUST-04025,584.38,digital_goods,2026-06-20,True,2026-06-21,True,True,False,0.5618824,9,MANUAL_REVIEW,28.35282327890394,28.35282327890394,0.23950523489932757
DSP-13946,ORD-11065,item_not_received,2026-08-08,6,pending,0.7028,True,RULE_ITEM_NOT_RECEIVED,clean_fight,1,False,CUST-05689,431.71,groceries,2026-08-02,True,2026-08-09,True,True,False,0.59654737,14,MANUAL_REVIEW,-42.464536974430075,-42.464536974430075,0.13335744966442867
DSP-11981,ORD-00705,item_not_received,2026-07-19,6,pending,0.7152,True,RULE_ITEM_NOT_RECEIVED,clean_fight,0,False,CUST-02446,857.92,electronics,2026-07-13,True,2026-07-20,True,True,False,0.80209863,14,FIGHT,388.13645824432365,388.13645824432365,0.1505202684563738
DSP-01840,ORD-00933,unauthorized_transaction,2026-04-07,4,pending,0.6796,True,RULE_UNAUTHORIZED_TRANSACTION,clean_fight,2,False,CUST-02476,1572.12,electronics,2026-04-03,True,2026-04-09,True,True,False,0.7176434,16,FIGHT,828.2215108251571,828.2215108251571,0.13927999999999602
DSP-08617,ORD-08754,item_not_received,2026-06-15,10,pending,0.6329,True,RULE_ITEM_NOT_RECEIVED,clean_fight,1,False,CUST-02825,711.62,electronics,2026-06-05,True,2026-06-07,True,True,False,0.6522142,10,FIGHT,164.12868971705439,164.12868971705439,0.22462899328858896
DSP-14334,ORD-04719,unauthorized_transaction,2026-08-13,15,pending,0.2277,False,RULE_UNAUTHORIZED_TRANSACTION,clean_concede,3,False,CUST-01833,136.52,home_goods,2026-07-29,False,,True,True,False,0.37094557,5,CONCEDE,-249.35851039409636,-249.35851039409636,0.30147060402684556
DSP-03465,ORD-18891,not_as_described,2026-04-23,1,pending,0.1752,False,RULE_NOT_AS_DESCRIBED,clean_concede,5,False,CUST-05638,489.8,groceries,2026-04-22,True,2026-04-24,False,True,False,0.28433198,19,CONCEDE,-160.7341974854469,-160.7341974854469,0.03569664429530098
DSP-07496,ORD-13247,item_not_received,2026-06-04,21,pending,0.02,False,RULE_ITEM_NOT_RECEIVED,retry_needed,3,False,CUST-02576,2379.39,home_goods,2026-05-14,False,,False,False,False,0.028143004,0,CONCEDE,-233.03681870475413,-233.03681870475413,0.49178751677851734
DSP-06123,ORD-14345,not_as_described,2026-05-21,14,pending,0.4826,False,RULE_NOT_AS_DESCRIBED,clean_concede,2,False,CUST-05561,507.31,electronics,2026-05-07,True,2026-05-11,True,False,False,0.46876594,6,MANUAL_REVIEW,-62.19034882634878,-62.19034882634878,0.29640174496644184
DSP-10587,ORD-02899,unauthorized_transaction,2026-07-05,16,pending,0.7066,True,RULE_UNAUTHORIZED_TRANSACTION,clean_fight,0,False,CUST-03773,2858.73,apparel,2026-06-19,True,2026-06-24,True,True,False,0.7599485,4,FIGHT,1872.487552678585,1872.487552678585,0.43108979865771074
DSP-10924,ORD-18598,not_as_described,2026-07-09,13,pending,0.3417,True,RULE_NOT_AS_DESCRIBED,clean_concede,1,False,CUST-00257,1022.19,home_goods,2026-06-26,False,,True,True,False,0.29119936,7,MANUAL_REVIEW,-2.3389299657940796,-2.3389299657940796,0.2971351677852324
DSP-02873,ORD-12778,item_not_received,2026-04-17,10,pending,0.6097,True,RULE_ITEM_NOT_RECEIVED,clean_fight,0,False,CUST-04206,283.66,electronics,2026-04-07,True,2026-04-16,True,True,True,0.54894304,10,MANUAL_REVIEW,-144.28681649208067,-144.28681649208067,0.2073957046979861
DSP-02956,ORD-19815,unauthorized_transaction,2026-04-18,6,pending,0.7691,True,RULE_UNAUTHORIZED_TRANSACTION,clean_fight,0,False,CUST-02630,224.11,digital_goods,2026-04-12,True,2026-04-15,True,True,False,0.7580792,14,MANUAL_REVIEW,-130.1068769466877,-130.1068769466877,0.12499771812080505
DSP-02702,ORD-12859,item_not_received,2026-04-15,8,pending,0.6183,False,RULE_ITEM_NOT_RECEIVED,clean_fight,0,False,CUST-04778,1479.05,home_goods,2026-04-07,True,2026-04-12,True,True,False,0.6961841,12,FIGHT,729.6910912126302,729.6910912126302,0.21553221476509699
DSP-10211,ORD-03538,unauthorized_transaction,2026-07-01,9,pending,0.4786,True,RULE_UNAUTHORIZED_TRANSACTION,clean_concede,3,False,CUST-04808,692.48,groceries,2026-06-22,False,,True,True,False,0.28592753,11,MANUAL_REVIEW,-102.00090118408204,-102.00090118408204,0.20385825503355545
DSP-09507,ORD-03079,unauthorized_transaction,2026-06-24,17,pending,0.6464,False,RULE_UNAUTHORIZED_TRANSACTION,clean_fight,1,False,CUST-05927,172.24,digital_goods,2026-06-07,True,2026-06-08,True,True,False,0.64878106,3,CONCEDE,-188.2539500236511,-188.2539500236511,0.3429089932885904
DSP-06320,ORD-09622,not_as_described,2026-05-22,17,pending,0.4272,True,RULE_NOT_AS_DESCRIBED,clean_concede,1,False,CUST-05060,157.1,electronics,2026-05-05,True,2026-05-11,True,True,False,0.5936057,3,CONCEDE,-206.7445449769497,-206.7445449769497,0.3422993288590603
DSP-03715,ORD-16632,item_not_received,2026-04-26,8,pending,0.02,False,RULE_ITEM_NOT_RECEIVED,retry_needed,1,False,CUST-05544,2033.51,electronics,2026-04-18,False,,True,True,True,0.17446046,12,MANUAL_REVIEW,54.76708142355085,54.76708142355085,0.23785946308724312
DSP-05711,ORD-16113,not_as_described,2026-05-16,3,pending,0.6891,False,RULE_NOT_AS_DESCRIBED,clean_fight,1,False,CUST-05558,10036.65,electronics,2026-05-13,True,2026-05-16,True,True,False,0.8032589,17,FIGHT,7762.028397274017,7762.028397274017,0.460133557046953
DSP-05819,ORD-16442,item_not_received,2026-05-17,17,pending,0.4608,False,RULE_ITEM_NOT_RECEIVED,clean_concede,1,False,CUST-03773,924.67,apparel,2026-04-30,True,2026-05-05,False,False,False,0.35513332,3,MANUAL_REVIEW,28.381131499707692,28.381131499707692,0.37320818791946087
DSP-04642,ORD-04660,not_as_described,2026-05-05,9,pending,0.3984,False,RULE_NOT_AS_DESCRIBED,clean_concede,0,False,CUST-01579,1134.18,apparel,2026-04-26,False,,True,True,False,0.45606706,11,FIGHT,217.26213296592243,217.26213296592243,0.2216448322147623
DSP-14481,ORD-05586,item_not_received,2026-08-15,14,pending,0.6983,True,RULE_ITEM_NOT_RECEIVED,clean_fight,0,False,CUST-00697,207.49,groceries,2026-08-01,True,2026-08-08,True,True,False,0.72542614,6,MANUAL_REVIEW,-149.48133074104786,-149.48133074104786,0.2843284563758386
DSP-03839,ORD-08236,not_as_described,2026-04-27,1,pending,0.4498,True,RULE_NOT_AS_DESCRIBED,clean_concede,0,False,CUST-02656,152.76,digital_goods,2026-04-26,True,2026-05-05,False,True,False,0.44282815,19,CONCEDE,-232.35357201933863,-232.35357201933863,0.022124563758389136
DSP-07434,ORD-05507,unauthorized_transaction,2026-06-03,15,pending,0.4414,True,RULE_UNAUTHORIZED_TRANSACTION,clean_concede,4,False,CUST-05620,640.67,groceries,2026-05-19,True,2026-05-27,True,True,True,0.30498827,5,MANUAL_REVIEW,-104.60316823840142,-104.60316823840142,0.3217719463087234
DSP-08679,ORD-16914,not_as_described,2026-06-15,18,pending,0.5123,True,RULE_NOT_AS_DESCRIBED,clean_fight,3,False,CUST-02495,1463.53,electronics,2026-05-28,True,2026-06-02,True,True,False,0.49815425,2,FIGHT,429.0636935529112,429.0636935529112,0.414907248322144
DSP-07139,ORD-08350,item_not_received,2026-05-31,2,pending,0.6984,False,RULE_ITEM_NOT_RECEIVED,clean_fight,0,False,CUST-00238,1048.02,groceries,2026-05-29,True,2026-05-30,True,True,True,0.70514274,18,FIGHT,439.00369063854214,439.00369063854214,0.07817530201342024
DSP-10774,ORD-02496,unauthorized_transaction,2026-07-07,11,pending,0.4994,True,RULE_UNAUTHORIZED_TRANSACTION,clean_concede,2,False,CUST-03288,463.36,groceries,2026-06-26,True,2026-07-01,True,True,False,0.54543877,9,MANUAL_REVIEW,-47.26549316406249,-47.26549316406249,0.2346319463087239
DSP-09717,ORD-18737,unauthorized_transaction,2026-06-26,4,pending,0.7164,True,RULE_UNAUTHORIZED_TRANSACTION,clean_fight,0,False,CUST-02824,552.18,electronics,2026-06-22,True,2026-06-27,True,True,False,0.7205816,16,MANUAL_REVIEW,97.89074298977846,97.89074298977846,0.0982085906040256
DSP-11914,ORD-08992,not_as_described,2026-07-19,17,pending,0.4082,False,RULE_NOT_AS_DESCRIBED,clean_concede,0,False,CUST-05021,325.61,digital_goods,2026-07-02,False,,True,True,False,0.40296707,3,CONCEDE,-168.78989377886057,-168.78989377886057,0.34908496644295245
DSP-09675,ORD-12862,item_not_received,2026-06-26,20,pending,0.1057,False,RULE_ITEM_NOT_RECEIVED,retry_needed,2,False,CUST-05637,1393.11,digital_goods,2026-06-06,False,,True,True,False,0.22936885,0,MANUAL_REVIEW,19.53603944376107,19.53603944376107,0.4520715436241576
DSP-02553,ORD-09319,not_as_described,2026-04-14,1,pending,0.2746,True,RULE_NOT_AS_DESCRIBED,clean_concede,3,False,CUST-05501,278.75,electronics,2026-04-13,False,,True,True,False,0.22855055,19,CONCEDE,-236.29153326153755,-236.29153326153755,0.02719798657718074
DSP-01978,ORD-15059,unauthorized_transaction,2026-04-08,19,pending,0.7448,True,RULE_UNAUTHORIZED_TRANSACTION,clean_fight,1,False,CUST-03343,278.72,home_goods,2026-03-20,True,2026-03-23,True,True,False,0.60352445,1,MANUAL_REVIEW,-131.7856662750244,-131.7856662750244,0.38719677852348944
DSP-10260,ORD-06103,item_not_received,2026-07-02,14,pending,0.6389,False,RULE_ITEM_NOT_RECEIVED,clean_fight,0,False,CUST-01883,139.18,electronics,2026-06-18,True,2026-06-26,True,True,False,0.70712006,6,CONCEDE,-201.58302992105484,-201.58302992105484,0.28157771812080523
DSP-07827,ORD-13550,unauthorized_transaction,2026-06-07,14,pending,0.759,True,RULE_UNAUTHORIZED_TRANSACTION,clean_fight,2,False,CUST-03570,1238.11,apparel,2026-05-24,True,2026-05-29,True,True,False,0.60830057,6,FIGHT,453.1430146038532,453.1430146038532,0.32582993288590295
DSP-06683,ORD-19938,not_as_described,2026-05-26,20,pending,0.5866,True,RULE_NOT_AS_DESCRIBED,clean_fight,1,False,CUST-03329,137.84,digital_goods,2026-05-06,True,2026-05-14,True,True,False,0.5918786,0,CONCEDE,-218.41545474529266,-218.41545474529266,0.4015237583892617
DSP-13188,ORD-08569,not_as_described,2026-07-31,4,pending,0.6385,True,RULE_NOT_AS_DESCRIBED,clean_fight,1,False,CUST-05678,1308.8,apparel,2026-07-27,True,2026-08-01,True,True,False,0.655837,16,FIGHT,558.3594648361205,558.3594648361205,0.1286765100671108
DSP-05451,ORD-19949,item_not_received,2026-05-13,24,pending,0.5472,False,RULE_ITEM_NOT_RECEIVED,clean_fight,2,False,CUST-01956,117.22,apparel,2026-04-19,True,2026-04-24,True,True,False,0.44751987,0,CONCEDE,-247.54172100126743,-247.54172100126743,0.40069342281879194
DSP-03085,ORD-13490,item_not_received,2026-04-19,5,pending,0.6795,True,RULE_ITEM_NOT_RECEIVED,clean_fight,0,False,CUST-02592,401.78,electronics,2026-04-14,True,2026-04-16,True,True,False,0.69806254,15,MANUAL_REVIEW,-19.532433040142053,-19.532433040142053,0.11215221476509986
DSP-06163,ORD-05109,not_as_described,2026-05-21,7,pending,0.5806,True,RULE_NOT_AS_DESCRIBED,clean_fight,0,False,CUST-05929,464.38,electronics,2026-05-14,True,2026-05-23,True,True,False,0.63908684,13,MANUAL_REVIEW,-3.2208520627021926,-3.2208520627021926,0.15467302013422718
DSP-14728,ORD-16841,unauthorized_transaction,2026-08-19,19,pending,0.0946,False,RULE_UNAUTHORIZED_TRANSACTION,clean_concede,4,False,CUST-03803,2540.38,electronics,2026-07-31,True,2026-08-05,False,True,False,0.11221814,1,MANUAL_REVIEW,-14.923277554512026,-14.923277554512026,0.4782703355704632
DSP-07659,ORD-09918,unauthorized_transaction,2026-06-05,14,pending,0.6951,True,RULE_UNAUTHORIZED_TRANSACTION,clean_fight,2,False,CUST-03685,998.59,electronics,2026-05-22,True,2026-05-27,True,True,False,0.63022995,6,FIGHT,329.34132572174076,329.34132572174076,0.3161848322147626
DSP-12207,ORD-07190,duplicate_charge,2026-07-22,11,pending,0.7395,True,RULE_DUPLICATE_CHARGE,clean_fight,0,False,CUST-03460,1421.57,apparel,2026-07-11,True,2026-07-16,True,True,False,0.6648554,9,FIGHT,645.1385202473401,645.1385202473401,0.2732175838926139
DSP-03865,ORD-19063,item_not_received,2026-04-27,10,pending,0.5511,True,RULE_ITEM_NOT_RECEIVED,clean_fight,2,False,CUST-04465,926.25,electronics,2026-04-17,True,2026-04-23,True,True,False,0.61931986,10,FIGHT,273.6450167745352,273.6450167745352,0.23327181208053469
DSP-07996,ORD-09477,duplicate_charge,2026-06-08,24,pending,0.5767,True,RULE_DUPLICATE_CHARGE,clean_fight,0,False,CUST-04381,431.74,groceries,2026-05-15,True,2026-05-21,True,True,False,0.7095123,0,MANUAL_REVIEW,6.324837526083002,6.324837526083002,0.4133586577181199
DSP-03294,ORD-01909,not_as_described,2026-04-22,11,pending,0.4004,False,RULE_NOT_AS_DESCRIBED,clean_concede,6,False,CUST-00694,247.93,electronics,2026-04-11,True,2026-04-19,True,True,False,0.34039795,9,CONCEDE,-215.60513526797294,-215.60513526797294,0.22595691275167748
DSP-03792,ORD-18810,unauthorized_transaction,2026-04-27,2,pending,0.5709,True,RULE_UNAUTHORIZED_TRANSACTION,clean_fight,1,False,CUST-03558,555.67,groceries,2026-04-25,True,2026-04-27,True,True,False,0.5257261,18,MANUAL_REVIEW,-7.869789159297966,-7.869789159297966,0.05834912751677728
DSP-09923,ORD-17221,unauthorized_transaction,2026-06-29,4,pending,0.4453,False,RULE_UNAUTHORIZED_TRANSACTION,clean_concede,0,False,CUST-01334,152.09,digital_goods,2026-06-25,True,2026-06-26,False,True,False,0.3758375,16,CONCEDE,-242.83887388527393,-242.83887388527393,0.0820975838926173
DSP-05243,ORD-02757,duplicate_charge,2026-05-11,3,pending,0.6831,True,RULE_DUPLICATE_CHARGE,clean_fight,0,False,CUST-05921,2093.82,groceries,2026-05-08,True,2026-05-12,True,True,True,0.5632189,17,FIGHT,879.2789796531201,879.2789796531201,0.1402880536912698
DSP-02728,ORD-12755,unauthorized_transaction,2026-04-16,4,pending,0.6634,True,RULE_UNAUTHORIZED_TRANSACTION,clean_fight,2,False,CUST-00961,688.62,electronics,2026-04-12,True,2026-04-14,True,True,True,0.6008466,16,MANUAL_REVIEW,113.75497784972191,113.75497784972191,0.1037028187919447
DSP-01698,ORD-05403,not_as_described,2026-04-05,8,pending,0.3783,False,RULE_NOT_AS_DESCRIBED,clean_concede,1,False,CUST-01318,212.42,apparel,2026-03-28,True,2026-04-03,True,True,True,0.51827234,12,CONCEDE,-189.9085894739628,-189.9085894739628,0.16452697986577153
DSP-11498,ORD-03882,unauthorized_transaction,2026-07-14,12,pending,0.6112,True,RULE_UNAUTHORIZED_TRANSACTION,clean_fight,1,False,CUST-03447,1107.83,home_goods,2026-07-02,True,2026-07-03,True,True,False,0.6256948,8,FIGHT,393.163482851386,393.163482851386,0.280583758389259
DSP-00872,ORD-10442,unauthorized_transaction,2026-03-28,20,pending,0.6142,True,RULE_UNAUTHORIZED_TRANSACTION,clean_fight,3,False,CUST-03629,154.61,digital_goods,2026-03-08,True,2026-03-17,True,True,False,0.58351034,0,CONCEDE,-209.78346644699573,-209.78346644699573,0.40219906040268444
DSP-10865,ORD-14537,unauthorized_transaction,2026-07-08,20,pending,0.6312,True,RULE_UNAUTHORIZED_TRANSACTION,clean_fight,0,False,CUST-01296,204.58,electronics,2026-06-18,True,2026-06-23,True,False,False,0.5269779,0,CONCEDE,-192.19086189508437,-192.19086189508437,0.404211275167785
DSP-00168,ORD-07997,not_as_described,2026-03-16,7,pending,0.3922,False,RULE_NOT_AS_DESCRIBED,clean_concede,1,False,CUST-04259,637.58,electronics,2026-03-09,True,2026-03-15,True,False,False,0.6125286,13,MANUAL_REVIEW,90.53599891066551,90.53599891066551,0.16164751677852202
DSP-10750,ORD-09830,item_not_received,2026-07-07,7,pending,0.7984,False,RULE_ITEM_NOT_RECEIVED,clean_fight,0,False,CUST-03010,1336.96,digital_goods,2026-06-30,True,2026-07-09,True,True,False,0.76224375,13,FIGHT,719.0894009399415,719.0894009399415,0.18981046979865435
DSP-03565,ORD-05450,item_not_received,2026-04-24,7,pending,0.6234,True,RULE_ITEM_NOT_RECEIVED,clean_fight,0,False,CUST-03890,697.62,groceries,2026-04-17,True,2026-04-24,True,True,False,0.6725315,13,FIGHT,169.17141495466234,169.17141495466234,0.16406523489932723
DSP-04633,ORD-04466,unauthorized_transaction,2026-05-05,4,pending,0.0551,False,RULE_UNAUTHORIZED_TRANSACTION,clean_concede,1,False,CUST-02955,797.64,home_goods,2026-05-01,False,,False,True,False,0.090739325,16,CONCEDE,-227.62268505513669,-227.62268505513669,0.10809288590603837
DSP-13161,ORD-19647,duplicate_charge,2026-07-31,8,pending,0.5232,True,RULE_DUPLICATE_CHARGE,clean_fight,2,False,CUST-01091,357.14,home_goods,2026-07-23,True,2026-07-31,True,True,False,0.45220494,12,MANUAL_REVIEW,-138.49952676296235,-138.49952676296235,0.17035463087248257
DSP-11521,ORD-18870,unauthorized_transaction,2026-07-15,4,pending,0.6776,True,RULE_UNAUTHORIZED_TRANSACTION,clean_fight,1,False,CUST-00998,708.56,electronics,2026-07-11,True,2026-07-20,True,False,False,0.64551294,16,FIGHT,157.38464770317074,157.38464770317074,0.10450577181207887
DSP-11535,ORD-08041,item_not_received,2026-07-15,17,pending,0.4085,True,RULE_ITEM_NOT_RECEIVED,clean_concede,3,False,CUST-01513,651.67,groceries,2026-06-28,True,2026-07-04,True,True,True,0.3424165,3,MANUAL_REVIEW,-76.8574426481128,-76.8574426481128,0.3622148993288576
DSP-04749,ORD-18117,unauthorized_transaction,2026-05-06,8,pending,0.3997,False,RULE_UNAUTHORIZED_TRANSACTION,clean_concede,0,False,CUST-05250,1645.05,electronics,2026-04-28,True,2026-04-29,False,True,False,0.36505148,12,FIGHT,300.5279341265559,300.5279341265559,0.2222167785234858
DSP-02637,ORD-11872,not_as_described,2026-04-15,22,pending,0.3832,False,RULE_NOT_AS_DESCRIBED,clean_concede,1,False,CUST-03743,4410.8,electronics,2026-03-24,True,2026-04-02,False,True,False,0.5207501,0,FIGHT,1996.9245648145675,1996.9245648145675,0.5735892617449548
DSP-00542,ORD-14435,duplicate_charge,2026-03-24,5,pending,0.5792,False,RULE_DUPLICATE_CHARGE,clean_fight,0,False,CUST-04604,1630.7,apparel,2026-03-19,True,2026-03-26,False,True,False,0.5791519,15,FIGHT,644.4230496823787,644.4230496823787,0.16163892617449252
DSP-13255,ORD-15190,unauthorized_transaction,2026-08-01,1,pending,0.7617,True,RULE_UNAUTHORIZED_TRANSACTION,clean_fight,0,False,CUST-01044,688.55,home_goods,2026-07-31,True,2026-08-04,True,True,False,0.7315581,19,FIGHT,203.71431907415388,203.71431907415388,0.04369999999999842
DSP-02938,ORD-00552,item_not_received,2026-04-18,21,pending,0.02,False,RULE_ITEM_NOT_RECEIVED,retry_needed,1,False,CUST-05434,4165.02,apparel,2026-03-28,False,,False,False,False,0.05710221,0,MANUAL_REVIEW,-62.1681498916447,-62.1681498916447,0.5636920805369018
DSP-09523,ORD-10906,duplicate_charge,2026-06-24,21,pending,0.2509,False,RULE_DUPLICATE_CHARGE,clean_concede,4,False,CUST-04804,932.15,apparel,2026-06-03,True,2026-06-06,True,True,False,0.23706704,0,MANUAL_REVIEW,-79.01795513927937,-79.01795513927937,0.43350939597315213
DSP-02661,ORD-12317,not_as_described,2026-04-15,14,pending,0.5966,False,RULE_NOT_AS_DESCRIBED,clean_fight,0,False,CUST-02591,1243.42,apparel,2026-04-01,True,2026-04-09,True,True,False,0.6079096,6,FIGHT,455.88697946190837,455.88697946190837,0.32604375838925864
DSP-11166,ORD-04977,not_as_described,2026-07-11,10,pending,0.3927,False,RULE_NOT_AS_DESCRIBED,clean_concede,1,False,CUST-05427,2050.69,digital_goods,2026-07-01,True,2026-07-06,False,True,False,0.4510798,10,FIGHT,625.0248059910537,625.0248059910537,0.27855127516778
DSP-01169,ORD-16857,item_not_received,2026-03-31,5,pending,0.6619,False,RULE_ITEM_NOT_RECEIVED,clean_fight,0,False,CUST-04828,120.92,electronics,2026-03-26,True,2026-04-02,True,True,True,0.6212748,15,CONCEDE,-224.87544768810272,-224.87544768810272,0.1008424161073825
DSP-06962,ORD-03414,duplicate_charge,2026-05-29,20,pending,0.5891,False,RULE_DUPLICATE_CHARGE,clean_fight,0,False,CUST-00895,2011.61,apparel,2026-05-09,True,2026-05-10,True,False,False,0.552352,0,FIGHT,811.1168292576074,811.1168292576074,0.4769775838926123
DSP-07033,ORD-10016,not_as_described,2026-05-30,19,pending,0.4203,True,RULE_NOT_AS_DESCRIBED,clean_concede,0,False,CUST-03982,602.71,digital_goods,2026-05-11,True,2026-05-16,False,True,False,0.47374508,1,MANUAL_REVIEW,-14.469104129970049,-14.469104129970049,0.40024335570469666
DSP-08480,ORD-03686,not_as_described,2026-06-13,12,pending,0.4629,False,RULE_NOT_AS_DESCRIBED,clean_concede,4,False,CUST-05827,668.26,groceries,2026-06-01,True,2026-06-04,True,True,False,0.35818353,8,MANUAL_REVIEW,-60.64027226865292,-60.64027226865292,0.2628829530201327
DSP-11750,ORD-13479,duplicate_charge,2026-07-17,14,pending,0.5244,True,RULE_DUPLICATE_CHARGE,clean_fight,0,False,CUST-04738,971.76,electronics,2026-07-03,True,2026-07-10,False,True,False,0.46289247,6,MANUAL_REVIEW,149.82038931369783,149.82038931369783,0.31510442953019896
DSP-08301,ORD-06526,item_not_received,2026-06-11,24,pending,0.02,False,RULE_ITEM_NOT_RECEIVED,retry_needed,1,False,CUST-02646,489.96,groceries,2026-05-18,False,,False,True,False,0.08040546,0,CONCEDE,-260.6045414024592,-260.6045414024592,0.4157030872483211
DSP-02399,ORD-05015,not_as_described,2026-04-12,12,pending,0.02,False,RULE_NOT_AS_DESCRIBED,clean_concede,2,False,CUST-05502,2475.95,home_goods,2026-03-31,False,,True,True,True,0.17491361,8,MANUAL_REVIEW,133.0773650303483,133.0773650303483,0.33567583892616804
DSP-09331,ORD-11713,unauthorized_transaction,2026-06-22,18,pending,0.3436,False,RULE_UNAUTHORIZED_TRANSACTION,clean_concede,0,False,CUST-05640,1063.49,apparel,2026-06-04,True,2026-06-07,False,True,False,0.39745203,2,MANUAL_REVIEW,122.686255774796,122.686255774796,0.3987982550335545
DSP-04532,ORD-05523,item_not_received,2026-05-04,17,pending,0.4622,False,RULE_ITEM_NOT_RECEIVED,clean_concede,2,False,CUST-02118,1483.82,groceries,2026-04-17,True,2026-04-19,True,True,True,0.4386038,3,FIGHT,350.80907362163066,350.80907362163066,0.3957242953020097
DSP-13503,ORD-14065,not_as_described,2026-08-04,4,pending,0.6962,True,RULE_NOT_AS_DESCRIBED,clean_fight,0,False,CUST-03775,1082.51,electronics,2026-07-31,True,2026-08-02,True,True,False,0.7825989,16,FIGHT,547.1711490041017,547.1711490041017,0.11956416107382284
DSP-04260,ORD-10750,not_as_described,2026-05-01,17,pending,0.6062,True,RULE_NOT_AS_DESCRIBED,clean_fight,0,False,CUST-03333,738.2,electronics,2026-04-14,True,2026-04-16,True,True,False,0.57588583,3,MANUAL_REVIEW,125.11892141103749,125.11892141103749,0.3656993288590587
DSP-06254,ORD-19786,item_not_received,2026-05-22,16,pending,0.5864,False,RULE_ITEM_NOT_RECEIVED,clean_fight,2,False,CUST-02655,113.37,apparel,2026-05-06,True,2026-05-12,True,True,False,0.6230077,4,CONCEDE,-229.36961537897588,-229.36961537897588,0.320538389261745
DSP-12856,ORD-02300,item_not_received,2026-07-28,5,pending,0.7075,True,RULE_ITEM_NOT_RECEIVED,clean_fight,0,False,CUST-05888,4530.5,groceries,2026-07-23,True,2026-07-31,True,True,False,0.6223668,15,FIGHT,2519.6327239871025,2519.6327239871025,0.2784093959731424
DSP-07859,ORD-09685,duplicate_charge,2026-06-07,19,pending,0.7179,True,RULE_DUPLICATE_CHARGE,clean_fight,0,False,CUST-01161,1237.29,home_goods,2026-05-19,True,2026-05-21,True,True,False,0.64133376,1,FIGHT,493.51584646403785,493.51584646403785,0.42579691275167475
DSP-06647,ORD-03331,not_as_described,2026-05-26,22,pending,0.5764,False,RULE_NOT_AS_DESCRIBED,clean_fight,0,False,CUST-01109,150.47,home_goods,2026-05-04,True,2026-05-09,True,True,False,0.5837698,0,CONCEDE,-212.16015845298767,-212.16015845298767,0.4020323489932885
DSP-03999,ORD-04373,not_as_described,2026-04-29,13,pending,0.5105,True,RULE_NOT_AS_DESCRIBED,clean_fight,0,False,CUST-02841,213.69,groceries,2026-04-16,True,2026-04-21,True,True,False,0.61370575,7,CONCEDE,-168.8572173678875,-168.8572173678875,0.26457812080536885
DSP-03722,ORD-08638,item_not_received,2026-04-26,23,pending,0.6006,False,RULE_ITEM_NOT_RECEIVED,clean_fight,0,False,CUST-03734,161.07,apparel,2026-04-03,True,2026-04-11,False,True,False,0.5207719,0,CONCEDE,-216.11926673591137,-216.11926673591137,0.4024591946308723
DSP-04459,ORD-04254,unauthorized_transaction,2026-05-03,17,pending,0.6653,False,RULE_UNAUTHORIZED_TRANSACTION,clean_fight,1,False,CUST-04337,724.8,groceries,2026-04-16,True,2026-04-24,True,True,False,0.5597685,3,MANUAL_REVIEW,105.72020730972287,105.72020730972287,0.36515973154362247
DSP-08191,ORD-19407,duplicate_charge,2026-06-10,3,pending,0.2417,False,RULE_DUPLICATE_CHARGE,clean_concede,4,False,CUST-02876,108.15,digital_goods,2026-06-07,True,2026-06-09,True,False,False,0.31739116,17,CONCEDE,-265.67414635419846,-265.67414635419846,0.06032818791946308
DSP-12895,ORD-02655,item_not_received,2026-07-29,23,pending,0.5574,False,RULE_ITEM_NOT_RECEIVED,clean_fight,1,False,CUST-00415,397.25,apparel,2026-07-06,True,2026-07-08,True,False,False,0.48255485,0,MANUAL_REVIEW,-108.3050846606493,-108.3050846606493,0.4119697986577173
DSP-00867,ORD-15075,item_not_received,2026-03-28,5,pending,0.6974,False,RULE_ITEM_NOT_RECEIVED,clean_fight,0,False,CUST-01732,520.48,groceries,2026-03-23,True,2026-03-29,True,True,False,0.6623923,15,MANUAL_REVIEW,44.76195380210879,44.76195380210879,0.11693208053691162
DSP-06447,ORD-02661,duplicate_charge,2026-05-24,1,pending,0.5636,True,RULE_DUPLICATE_CHARGE,clean_fight,0,False,CUST-00430,370.61,apparel,2026-05-23,True,2026-05-31,True,False,False,0.44681907,19,MANUAL_REVIEW,-134.40438557863234,-134.40438557863234,0.03089704697986506
DSP-02270,ORD-12346,item_not_received,2026-04-11,12,pending,0.02,False,RULE_ITEM_NOT_RECEIVED,retry_needed,0,False,CUST-00860,3050.64,groceries,2026-03-30,False,,False,True,False,0.08538342,8,MANUAL_REVIEW,-39.525915457606345,-39.525915457606345,0.3588177181207974
DSP-12203,ORD-15031,item_not_received,2026-07-22,16,pending,0.4784,False,RULE_ITEM_NOT_RECEIVED,clean_concede,2,False,CUST-00366,361.18,groceries,2026-07-06,True,2026-07-14,True,True,False,0.49692053,4,MANUAL_REVIEW,-120.52224440932272,-120.52224440932272,0.33051731543624097
DSP-05262,ORD-14635,unauthorized_transaction,2026-05-11,21,pending,0.3838,False,RULE_UNAUTHORIZED_TRANSACTION,clean_concede,0,False,CUST-01648,682.15,digital_goods,2026-04-20,False,,True,True,False,0.40660626,0,MANUAL_REVIEW,-22.633541813492798,-22.633541813492798,0.4234422818791931
DSP-02383,ORD-14004,not_as_described,2026-04-12,18,pending,0.499,False,RULE_NOT_AS_DESCRIBED,clean_concede,1,False,CUST-02426,701.24,home_goods,2026-03-25,True,2026-03-30,True,False,False,0.4672505,2,MANUAL_REVIEW,27.654737919569016,27.654737919569016,0.3842110067114078
DSP-08057,ORD-13284,item_not_received,2026-06-09,5,pending,0.8229,True,RULE_ITEM_NOT_RECEIVED,clean_fight,0,False,CUST-04229,790.64,groceries,2026-06-04,True,2026-06-12,True,True,False,0.72297466,15,FIGHT,271.6126836109162,271.6126836109162,0.12781100671140755
DSP-02491,ORD-05699,item_not_received,2026-04-13,18,pending,0.7277,False,RULE_ITEM_NOT_RECEIVED,clean_fight,0,False,CUST-03215,516.23,electronics,2026-03-26,True,2026-03-27,True,True,False,0.71526194,2,MANUAL_REVIEW,69.23966931819916,69.23966931819916,0.3767609395973144
DSP-05340,ORD-07319,item_not_received,2026-05-12,22,pending,0.5535,True,RULE_ITEM_NOT_RECEIVED,clean_fight,1,False,CUST-02329,281.74,digital_goods,2026-04-20,True,2026-04-25,True,False,False,0.5689769,0,MANUAL_REVIEW,-139.69645407676697,-139.69645407676697,0.4073183892617445
DSP-13895,ORD-12780,unauthorized_transaction,2026-08-08,23,pending,0.5386,False,RULE_UNAUTHORIZED_TRANSACTION,clean_fight,0,False,CUST-01355,2205.73,home_goods,2026-07-16,True,2026-07-25,True,True,True,0.55933505,0,FIGHT,933.7421063810586,933.7421063810586,0.48479449664428964
DSP-14992,ORD-00381,not_as_described,2026-08-29,24,pending,0.6217,True,RULE_NOT_AS_DESCRIBED,clean_fight,2,False,CUST-00076,649.27,digital_goods,2026-08-05,True,2026-08-13,True,True,False,0.4902316,0,MANUAL_REVIEW,18.29267312914135,18.29267312914135,0.4221182550335556
DSP-00999,ORD-09570,not_as_described,2026-03-29,20,pending,0.6042,True,RULE_NOT_AS_DESCRIBED,clean_fight,0,False,CUST-01873,1960.31,home_goods,2026-03-09,True,2026-03-12,True,True,False,0.6060708,0,FIGHT,888.0866823261977,888.0866823261977,0.4749118120805319
DSP-10961,ORD-02647,item_not_received,2026-07-09,13,pending,0.4467,True,RULE_ITEM_NOT_RECEIVED,clean_concede,2,False,CUST-05703,1411.54,home_goods,2026-06-26,True,2026-06-30,False,True,False,0.48056296,7,FIGHT,378.33383369982243,378.33383369982243,0.31281369127516423
DSP-07578,ORD-16546,unauthorized_transaction,2026-06-04,10,pending,0.7157,True,RULE_UNAUTHORIZED_TRANSACTION,clean_fight,0,False,CUST-03277,487.27,electronics,2026-05-25,True,2026-05-26,True,True,False,0.71364725,10,MANUAL_REVIEW,47.738893734216674,47.738893734216674,0.2155947651006701
DSP-12985,ORD-12291,unauthorized_transaction,2026-07-29,17,pending,0.2364,False,RULE_UNAUTHORIZED_TRANSACTION,clean_concede,0,False,CUST-03736,206.68,groceries,2026-07-12,True,2026-07-15,False,True,False,0.33746114,3,CONCEDE,-230.2535308134556,-230.2535308134556,0.3442958389261742
DSP-12900,ORD-19934,not_as_described,2026-07-29,5,pending,0.5332,True,RULE_NOT_AS_DESCRIBED,clean_fight,1,False,CUST-03983,386.43,groceries,2026-07-24,True,2026-07-27,True,False,False,0.4670273,15,MANUAL_REVIEW,-119.52663792729376,-119.52663792729376,0.11153409395973077
DSP-09168,ORD-07505,unauthorized_transaction,2026-06-21,16,pending,0.7048,True,RULE_UNAUTHORIZED_TRANSACTION,clean_fight,0,False,CUST-01558,1014.05,electronics,2026-06-05,True,2026-06-06,True,True,False,0.72448653,4,FIGHT,434.66556557118895,434.66556557118895,0.3568073825503332
DSP-07857,ORD-01238,not_as_described,2026-06-07,13,pending,0.3364,False,RULE_NOT_AS_DESCRIBED,clean_concede,2,False,CUST-04371,286.36,home_goods,2026-05-25,True,2026-05-26,False,True,False,0.3530598,7,CONCEDE,-198.8977961075306,-198.8977961075306,0.26750442953020087
DSP-06795,ORD-06722,duplicate_charge,2026-05-27,24,pending,0.5602,False,RULE_DUPLICATE_CHARGE,clean_fight,0,False,CUST-01465,1753.33,home_goods,2026-05-03,True,2026-05-08,True,True,False,0.577737,0,FIGHT,712.9635682070254,712.9635682070254,0.46657704697986135
DSP-11389,ORD-11803,duplicate_charge,2026-07-13,15,pending,0.6013,True,RULE_DUPLICATE_CHARGE,clean_fight,0,False,CUST-04117,2464.81,electronics,2026-06-28,True,2026-07-01,True,True,True,0.4355548,5,FIGHT,773.559832547307,773.559832547307,0.3952272483221413
DSP-04390,ORD-04227,unauthorized_transaction,2026-05-03,17,pending,0.693,True,RULE_UNAUTHORIZED_TRANSACTION,clean_fight,0,False,CUST-05264,217.53,electronics,2026-04-16,True,2026-04-21,True,True,False,0.6957644,3,MANUAL_REVIEW,-148.65036519169809,-148.65036519169809,0.34473275167785206
DSP-05599,ORD-00759,unauthorized_transaction,2026-05-15,4,pending,0.207,True,RULE_UNAUTHORIZED_TRANSACTION,clean_concede,0,False,CUST-01836,1760.74,groceries,2026-05-11,False,,False,True,False,0.15854241,16,MANUAL_REVIEW,-20.848037827908968,-20.848037827908968,0.14687543624160623
DSP-03733,ORD-02920,item_not_received,2026-04-26,20,pending,0.02,False,RULE_ITEM_NOT_RECEIVED,retry_needed,4,False,CUST-05761,155.13,groceries,2026-04-06,False,,True,True,False,0.03953532,0,CONCEDE,-293.8668856074661,-293.8668856074661,0.40221999999999986
DSP-02976,ORD-08946,duplicate_charge,2026-04-18,10,pending,0.3092,False,RULE_DUPLICATE_CHARGE,clean_concede,0,False,CUST-01026,1561.36,apparel,2026-04-08,False,,True,False,False,0.31851512,10,FIGHT,197.31677078723902,197.31677078723902,0.258846711409392
DSP-06255,ORD-04688,item_not_received,2026-05-22,24,pending,0.4859,True,RULE_ITEM_NOT_RECEIVED,clean_concede,1,False,CUST-02865,1384.21,digital_goods,2026-04-28,True,2026-05-04,False,True,False,0.5745999,0,FIGHT,495.3669576209784,495.3669576209784,0.45171315436241266
DSP-10093,ORD-18113,unauthorized_transaction,2026-06-30,12,pending,0.0752,False,RULE_UNAUTHORIZED_TRANSACTION,clean_concede,1,False,CUST-04812,848.08,apparel,2026-06-18,False,,False,True,False,0.085088745,8,CONCEDE,-227.83793734431265,-227.83793734431265,0.2701240268456355
DSP-09294,ORD-11292,not_as_described,2026-06-22,2,pending,0.6658,True,RULE_NOT_AS_DESCRIBED,clean_fight,1,False,CUST-04116,498.6,digital_goods,2026-06-20,True,2026-06-23,True,True,False,0.5700135,18,MANUAL_REVIEW,-15.791257381439209,-15.791257381439209,0.05605100671140831
DSP-10975,ORD-10382,duplicate_charge,2026-07-09,9,pending,0.4159,True,RULE_DUPLICATE_CHARGE,clean_concede,5,False,CUST-04282,617.89,apparel,2026-06-30,True,2026-07-08,True,True,False,0.27892077,11,MANUAL_REVIEW,-127.65764561533928,-127.65764561533928,0.20085463087248182
DSP-07156,ORD-01958,duplicate_charge,2026-05-31,18,pending,0.5744,True,RULE_DUPLICATE_CHARGE,clean_fight,0,False,CUST-00357,3185.67,groceries,2026-05-13,True,2026-05-20,True,True,True,0.6177013,2,FIGHT,1667.7924750065804,1667.7924750065804,0.4842551677852266
DSP-10139,ORD-06553,duplicate_charge,2026-07-01,13,pending,0.0272,False,RULE_DUPLICATE_CHARGE,clean_concede,5,False,CUST-03242,1432.82,apparel,2026-06-18,False,,True,True,False,0.18272682,7,MANUAL_REVIEW,-38.185364440381534,-38.185364440381534,0.31367060402684205
DSP-05147,ORD-14884,not_as_described,2026-05-10,14,pending,0.4387,True,RULE_NOT_AS_DESCRIBED,clean_concede,0,False,CUST-02277,242.17,home_goods,2026-04-26,True,2026-04-28,False,True,False,0.36604244,6,CONCEDE,-211.35550347507,-211.35550347507,0.2857249664429526
DSP-03147,ORD-09810,unauthorized_transaction,2026-04-20,23,pending,0.7395,True,RULE_UNAUTHORIZED_TRANSACTION,clean_fight,0,False,CUST-00168,1361.36,electronics,2026-03-28,True,2026-04-06,True,True,False,0.6635401,0,FIGHT,603.3169844245909,603.3169844245909,0.4507930201342248
DSP-11426,ORD-13670,item_not_received,2026-07-14,10,pending,0.0476,False,RULE_ITEM_NOT_RECEIVED,retry_needed,2,False,CUST-00645,439.12,electronics,2026-07-04,False,,True,False,False,0.16570789,10,CONCEDE,-227.2343530035019,-227.2343530035019,0.2136558389261736
DSP-04930,ORD-10959,item_not_received,2026-05-08,12,pending,0.4751,True,RULE_ITEM_NOT_RECEIVED,clean_concede,1,False,CUST-01509,152.4,electronics,2026-04-26,True,2026-04-27,False,False,False,0.3580507,8,CONCEDE,-245.43307271003724,-245.43307271003724,0.2421100671140938
DSP-08025,ORD-06658,item_not_received,2026-06-08,14,pending,0.1383,False,RULE_ITEM_NOT_RECEIVED,retry_needed,1,False,CUST-05397,998.21,apparel,2026-05-25,False,,True,True,False,0.27690458,6,MANUAL_REVIEW,-23.591076226234406,-23.591076226234406,0.3161695302013398
DSP-13500,ORD-19601,not_as_described,2026-08-04,6,pending,0.5933,False,RULE_NOT_AS_DESCRIBED,clean_fight,2,False,CUST-03429,1742.94,apparel,2026-07-29,True,2026-08-05,True,True,False,0.663698,14,FIGHT,856.7858227908612,856.7858227908612,0.1861586577181164
DSP-09151,ORD-07075,unauthorized_transaction,2026-06-20,5,pending,0.7159,False,RULE_UNAUTHORIZED_TRANSACTION,clean_fight,0,False,CUST-05375,819.67,groceries,2026-06-15,True,2026-06-19,True,True,False,0.74107456,15,FIGHT,307.43658629417416,307.43658629417416,0.12897999999999807
DSP-14797,ORD-04694,duplicate_charge,2026-08-21,21,pending,0.3003,False,RULE_DUPLICATE_CHARGE,clean_concede,4,False,CUST-02335,1080.36,apparel,2026-07-31,True,2026-08-06,True,True,False,0.30082747,0,MANUAL_REVIEW,25.001969164609875,25.001969164609875,0.4394775838926148
DSP-09010,ORD-06714,duplicate_charge,2026-06-19,3,pending,0.2797,False,RULE_DUPLICATE_CHARGE,clean_concede,1,False,CUST-03156,854.94,groceries,2026-06-16,False,,True,False,False,0.32338947,17,MANUAL_REVIEW,-23.521406024694443,-23.521406024694443,0.0904002684563738
DSP-09393,ORD-07645,item_not_received,2026-06-23,1,pending,0.6893,True,RULE_ITEM_NOT_RECEIVED,clean_fight,0,False,CUST-02312,321.29,electronics,2026-06-22,True,2026-06-29,True,True,True,0.6101628,19,MANUAL_REVIEW,-103.96079572618007,-103.96079572618007,0.028911006711408817
DSP-14812,ORD-07333,item_not_received,2026-08-22,16,pending,0.02,False,RULE_ITEM_NOT_RECEIVED,retry_needed,2,False,CUST-02451,157.75,home_goods,2026-08-06,False,,False,True,False,0.059995085,4,CONCEDE,-290.53577534109354,-290.53577534109354,0.3223255033557046
DSP-01700,ORD-04685,item_not_received,2026-04-05,19,pending,0.6459,True,RULE_ITEM_NOT_RECEIVED,clean_fight,2,False,CUST-03887,159.14,digital_goods,2026-03-17,True,2026-03-20,True,True,False,0.7068265,1,CONCEDE,-187.51562950968741,-187.51562950968741,0.38238147651006693
DSP-02615,ORD-15208,unauthorized_transaction,2026-04-14,3,pending,0.6962,False,RULE_UNAUTHORIZED_TRANSACTION,clean_fight,1,False,CUST-03677,1115.82,groceries,2026-04-11,True,2026-04-15,True,True,False,0.69585013,17,FIGHT,476.4434964036941,476.4434964036941,0.10090550335570196
DSP-07707,ORD-06916,not_as_described,2026-06-06,24,pending,0.5011,False,RULE_NOT_AS_DESCRIBED,clean_fight,3,False,CUST-02497,359.26,apparel,2026-05-13,True,2026-05-19,True,True,False,0.41738123,0,CONCEDE,-150.05162038207055,-150.05162038207055,0.4104399999999993
DSP-12942,ORD-00026,duplicate_charge,2026-07-29,15,pending,0.6795,False,RULE_DUPLICATE_CHARGE,clean_fight,0,False,CUST-04464,3195.76,groceries,2026-07-14,True,2026-07-19,True,True,False,0.7014556,5,FIGHT,1941.683726234436,1941.683726234436,0.4246614765100588
DSP-08458,ORD-16994,not_as_described,2026-06-13,5,pending,0.5373,False,RULE_NOT_AS_DESCRIBED,clean_fight,0,False,CUST-03502,135.43,home_goods,2026-06-08,True,2026-06-12,True,True,True,0.55127275,15,CONCEDE,-225.34113148093223,-225.34113148093223,0.10142671140939588
DSP-05611,ORD-08014,not_as_described,2026-05-15,10,pending,0.6507,False,RULE_NOT_AS_DESCRIBED,clean_fight,1,False,CUST-03653,1040.82,electronics,2026-05-05,True,2026-05-06,True,True,False,0.6243023,10,FIGHT,349.7863486468791,349.7863486468791,0.23788536912751423
DSP-11478,ORD-05028,duplicate_charge,2026-07-14,4,pending,0.6144,True,RULE_DUPLICATE_CHARGE,clean_fight,0,False,CUST-02096,2503.74,electronics,2026-07-10,True,2026-07-19,True,True,False,0.66917574,16,FIGHT,1375.4420774245261,1375.4420774245261,0.17679489932885253
DSP-11917,ORD-18747,item_not_received,2026-07-19,3,pending,0.6852,False,RULE_ITEM_NOT_RECEIVED,clean_fight,0,False,CUST-00504,812.86,digital_goods,2026-07-16,True,2026-07-19,True,False,False,0.6990018,17,FIGHT,268.1905942821503,268.1905942821503,0.08870577181207862
DSP-00076,ORD-06226,not_as_described,2026-03-13,3,pending,0.6506,True,RULE_NOT_AS_DESCRIBED,clean_fight,0,False,CUST-04549,3090.88,apparel,2026-03-10,True,2026-03-15,True,True,False,0.7098925,17,FIGHT,1894.192565536499,1894.192565536499,0.18043812080536104
DSP-13584,ORD-17384,not_as_described,2026-08-04,22,pending,0.5814,True,RULE_NOT_AS_DESCRIBED,clean_fight,1,False,CUST-04728,446.99,home_goods,2026-07-13,True,2026-07-19,True,True,False,0.49610743,0,MANUAL_REVIEW,-78.2449401924014,-78.2449401924014,0.4139727516778514
DSP-14836,ORD-16706,item_not_received,2026-08-22,23,pending,0.5063,True,RULE_ITEM_NOT_RECEIVED,clean_fight,2,False,CUST-04274,487.02,groceries,2026-07-30,True,2026-08-02,True,True,False,0.54530114,0,MANUAL_REVIEW,-34.42743911147119,-34.42743911147119,0.41558469798657616
DSP-08763,ORD-05490,item_not_received,2026-06-16,17,pending,0.5783,True,RULE_ITEM_NOT_RECEIVED,clean_fight,1,False,CUST-04368,129.64,digital_goods,2026-05-30,True,2026-06-08,True,True,False,0.70107955,3,CONCEDE,-209.11204747438433,-209.11204747438433,0.3411935570469798
DSP-14263,ORD-00807,not_as_described,2026-08-12,15,pending,0.511,True,RULE_NOT_AS_DESCRIBED,clean_fight,1,False,CUST-04918,784.16,apparel,2026-07-28,True,2026-08-04,True,True,False,0.5587901,5,MANUAL_REVIEW,138.1808351707458,138.1808351707458,0.3275500671140922
DSP-01426,ORD-07548,unauthorized_transaction,2026-04-03,3,pending,0.6503,True,RULE_UNAUTHORIZED_TRANSACTION,clean_fight,3,False,CUST-02614,1899.37,digital_goods,2026-03-31,True,2026-04-09,True,True,False,0.6484175,17,FIGHT,931.5846953868866,931.5846953868866,0.13245785234898844
DSP-01827,ORD-00697,not_as_described,2026-04-06,7,pending,0.4859,False,RULE_NOT_AS_DESCRIBED,clean_concede,3,False,CUST-04784,485.77,apparel,2026-03-30,True,2026-04-01,True,True,False,0.5199236,13,MANUAL_REVIEW,-47.436699529290195,-47.436699529290195,0.15553436241610633
DSP-10539,ORD-13621,item_not_received,2026-07-05,9,pending,0.5255,True,RULE_ITEM_NOT_RECEIVED,clean_fight,0,False,CUST-04687,980.83,digital_goods,2026-06-26,True,2026-07-04,True,False,True,0.53360665,11,FIGHT,223.37740899443634,223.37740899443634,0.2154696644295278
DSP-13455,ORD-05168,unauthorized_transaction,2026-08-03,4,pending,0.7552,True,RULE_UNAUTHORIZED_TRANSACTION,clean_fight,0,False,CUST-00840,558.27,groceries,2026-07-30,True,2026-08-01,True,True,False,0.63609797,16,MANUAL_REVIEW,55.11441238582131,55.11441238582131,0.09845382550335445
DSP-04693,ORD-06856,unauthorized_transaction,2026-05-06,24,pending,0.3885,False,RULE_UNAUTHORIZED_TRANSACTION,clean_concede,1,False,CUST-05993,435.55,apparel,2026-04-12,True,2026-04-15,False,True,False,0.27176026,0,CONCEDE,-181.63482089191675,-181.63482089191675,0.41351208053691185
DSP-02029,ORD-13127,not_as_described,2026-04-08,9,pending,0.2585,True,RULE_NOT_AS_DESCRIBED,clean_concede,3,False,CUST-01203,488.54,groceries,2026-03-30,False,,True,True,False,0.23841192,11,CONCEDE,-183.52624144226314,-183.52624144226314,0.1956459060402674
DSP-13252,ORD-13432,unauthorized_transaction,2026-08-01,20,pending,0.6667,False,RULE_UNAUTHORIZED_TRANSACTION,clean_fight,0,False,CUST-03464,1675.09,groceries,2026-07-12,True,2026-07-17,True,True,False,0.7057014,0,FIGHT,882.1133761674166,882.1133761674166,0.4634264429530159
DSP-05680,ORD-17214,unauthorized_transaction,2026-05-16,22,pending,0.1924,True,RULE_UNAUTHORIZED_TRANSACTION,clean_concede,3,False,CUST-00760,1490.51,electronics,2026-04-24,True,2026-05-02,False,True,False,0.21981695,0,MANUAL_REVIEW,27.639366532266138,27.639366532266138,0.45599369127516404
DSP-11127,ORD-05840,unauthorized_transaction,2026-07-11,19,pending,0.7481,True,RULE_UNAUTHORIZED_TRANSACTION,clean_fight,0,False,CUST-04968,919.28,groceries,2026-06-22,True,2026-06-24,True,True,False,0.666252,1,FIGHT,312.47215420722955,312.47215420722955,0.4129911409395951
DSP-09870,ORD-17649,not_as_described,2026-06-28,4,pending,0.4836,False,RULE_NOT_AS_DESCRIBED,clean_concede,5,False,CUST-00883,281.13,groceries,2026-06-24,True,2026-06-25,True,True,False,0.3904618,16,CONCEDE,-190.22947346806527,-190.22947346806527,0.0872938255033552
DSP-03068,ORD-13121,not_as_described,2026-04-19,14,pending,0.3632,False,RULE_NOT_AS_DESCRIBED,clean_concede,1,False,CUST-04764,303.92,electronics,2026-04-05,False,,True,True,False,0.3973388,6,CONCEDE,-179.24078959941863,-179.24078959941863,0.2882115436241605
DSP-11738,ORD-12353,item_not_received,2026-07-17,13,pending,0.645,True,RULE_ITEM_NOT_RECEIVED,clean_fight,1,False,CUST-04010,232.17,digital_goods,2026-07-04,True,2026-07-06,True,True,False,0.65592164,7,MANUAL_REVIEW,-147.71467330276968,-147.71467330276968,0.26532228187919427
DSP-06625,ORD-01448,item_not_received,2026-05-26,24,pending,0.3379,False,RULE_ITEM_NOT_RECEIVED,retry_needed,0,False,CUST-03343,309.36,apparel,2026-05-02,False,,True,True,False,0.16947864,0,CONCEDE,-247.570087941885,-247.570087941885,0.4084306040268451
DSP-10521,ORD-17538,not_as_described,2026-07-05,23,pending,0.355,True,RULE_NOT_AS_DESCRIBED,clean_concede,4,False,CUST-03203,608.98,groceries,2026-06-12,True,2026-06-21,True,True,False,0.3346017,0,MANUAL_REVIEW,-96.23425654768943,-96.23425654768943,0.42049583892617315
DSP-12951,ORD-18078,duplicate_charge,2026-07-29,10,pending,0.0642,False,RULE_DUPLICATE_CHARGE,clean_concede,2,False,CUST-04475,508.53,digital_goods,2026-07-19,False,,False,True,False,0.07023214,10,CONCEDE,-264.28485084369777,-264.28485084369777,0.21645087248322037
DSP-13696,ORD-15080,item_not_received,2026-08-06,14,pending,0.4532,False,RULE_ITEM_NOT_RECEIVED,clean_concede,0,False,CUST-04763,2829.18,apparel,2026-07-23,True,2026-07-24,False,True,False,0.59379566,6,FIGHT,1379.9547973179817,1379.9547973179817,0.3898998657718047
DSP-02760,ORD-17196,not_as_described,2026-04-16,11,pending,0.3818,False,RULE_NOT_AS_DESCRIBED,clean_concede,1,False,CUST-00223,328.75,digital_goods,2026-04-05,False,,True,True,False,0.3542432,9,CONCEDE,-183.5425515845418,-183.5425515845418,0.22921140939597257
DSP-00103,ORD-00231,unauthorized_transaction,2026-03-14,5,pending,0.7204,True,RULE_UNAUTHORIZED_TRANSACTION,clean_fight,2,False,CUST-00524,243.8,home_goods,2026-03-09,True,2026-03-11,True,True,False,0.6647223,15,MANUAL_REVIEW,-137.94069755077362,-137.94069755077362,0.10579060402684526
DSP-13845,ORD-09617,item_not_received,2026-08-07,12,pending,0.6226,True,RULE_ITEM_NOT_RECEIVED,clean_fight,2,False,CUST-01195,274.44,groceries,2026-07-26,True,2026-07-29,True,True,False,0.51529455,8,CONCEDE,-158.5825631904602,-158.5825631904602,0.24702442953020087
DSP-00598,ORD-08339,unauthorized_transaction,2026-03-24,15,pending,0.5174,False,RULE_UNAUTHORIZED_TRANSACTION,clean_fight,1,False,CUST-03560,610.51,electronics,2026-03-09,True,2026-03-17,True,True,True,0.5073489,5,MANUAL_REVIEW,9.741573930978745,9.741573930978745,0.3205574496644282
DSP-05498,ORD-04291,not_as_described,2026-05-14,4,pending,0.5606,False,RULE_NOT_AS_DESCRIBED,clean_fight,1,False,CUST-04017,583.19,apparel,2026-05-10,True,2026-05-16,True,False,False,0.5837285,16,MANUAL_REVIEW,40.424619401097345,40.424619401097345,0.09945731543624028
DSP-05849,ORD-05077,item_not_received,2026-05-18,6,pending,0.542,True,RULE_ITEM_NOT_RECEIVED,clean_fight,4,False,CUST-01305,787.89,digital_goods,2026-05-12,True,2026-05-17,True,True,False,0.5352564,14,MANUAL_REVIEW,121.72315381050112,121.72315381050112,0.147700268456374
DSP-06982,ORD-06904,duplicate_charge,2026-05-29,22,pending,0.4017,True,RULE_DUPLICATE_CHARGE,clean_concede,2,False,CUST-00921,412.7,groceries,2026-05-07,True,2026-05-16,True,True,False,0.50578016,0,MANUAL_REVIEW,-91.26452779173852,-91.26452779173852,0.41259194630872403
DSP-06057,ORD-06124,not_as_described,2026-05-20,15,pending,0.358,True,RULE_NOT_AS_DESCRIBED,clean_concede,2,False,CUST-01790,449.62,apparel,2026-05-05,True,2026-05-14,True,True,True,0.350455,5,MANUAL_REVIEW,-142.42842915177346,-142.42842915177346,0.3140786577181199
DSP-13829,ORD-11814,unauthorized_transaction,2026-08-07,1,pending,0.6751,True,RULE_UNAUTHORIZED_TRANSACTION,clean_fight,0,False,CUST-03348,1903.34,groceries,2026-08-06,True,2026-08-08,True,False,False,0.6512853,19,FIGHT,939.6173452353478,939.6173452353478,0.09261771812080051
DSP-07343,ORD-06308,unauthorized_transaction,2026-06-02,12,pending,0.4447,False,RULE_UNAUTHORIZED_TRANSACTION,clean_concede,1,False,CUST-02568,652.08,home_goods,2026-05-21,False,,True,True,False,0.4249233,8,MANUAL_REVIEW,-22.916014051437344,-22.916014051437344,0.26223140939597167
DSP-01442,ORD-01123,not_as_described,2026-04-03,4,pending,0.5857,False,RULE_NOT_AS_DESCRIBED,clean_fight,1,False,CUST-00422,2683.36,digital_goods,2026-03-30,True,2026-04-02,True,True,False,0.6804411,16,FIGHT,1525.8683805179596,1525.8683805179596,0.18402791946308025
DSP-14383,ORD-19341,item_not_received,2026-08-14,16,pending,0.1721,False,RULE_ITEM_NOT_RECEIVED,retry_needed,0,False,CUST-02395,1203.52,apparel,2026-07-29,False,,True,True,False,0.28506413,4,MANUAL_REVIEW,43.08038296699522,43.08038296699522,0.36443704697986284
DSP-07532,ORD-08696,not_as_described,2026-06-04,11,pending,0.4898,True,RULE_NOT_AS_DESCRIBED,clean_concede,2,False,CUST-04630,192.37,groceries,2026-05-24,True,2026-05-27,True,True,False,0.4619173,9,CONCEDE,-211.1409668919444,-211.1409668919444,0.22371959731543603
DSP-07599,ORD-04657,item_not_received,2026-06-04,5,pending,0.548,False,RULE_ITEM_NOT_RECEIVED,clean_fight,2,False,CUST-04658,307.3,groceries,2026-05-30,True,2026-06-03,True,False,False,0.5697892,15,MANUAL_REVIEW,-124.9037876844406,-124.9037876844406,0.10834765100671086
DSP-02461,ORD-15319,unauthorized_transaction,2026-04-13,19,pending,0.3964,False,RULE_UNAUTHORIZED_TRANSACTION,clean_concede,4,False,CUST-02281,1511.44,apparel,2026-03-25,True,2026-03-28,True,True,False,0.5317463,1,FIGHT,503.70266980648046,503.70266980648046,0.4368365100671103
DSP-08872,ORD-08342,duplicate_charge,2026-06-17,2,pending,0.1543,False,RULE_DUPLICATE_CHARGE,clean_concede,1,False,CUST-05052,332.68,apparel,2026-06-15,False,,True,False,False,0.28174308,18,CONCEDE,-206.26971233725547,-206.26971233725547,0.049369664429529565
DSP-13982,ORD-09418,unauthorized_transaction,2026-08-09,6,pending,0.7241,True,RULE_UNAUTHORIZED_TRANSACTION,clean_fight,1,False,CUST-02062,1037.92,electronics,2026-08-03,True,2026-08-06,True,True,False,0.7685989,14,FIGHT,497.7441849708557,497.7441849708557,0.15776859060402432
DSP-09670,ORD-15560,not_as_described,2026-06-26,20,pending,0.461,True,RULE_NOT_AS_DESCRIBED,clean_concede,1,False,CUST-02245,972.03,electronics,2026-06-06,True,2026-06-11,True,True,True,0.47496545,0,FIGHT,161.68066942334173,161.68066942334173,0.43511530201342047
DSP-11903,ORD-00300,duplicate_charge,2026-07-19,11,pending,0.7177,False,RULE_DUPLICATE_CHARGE,clean_fight,0,False,CUST-05342,2394.21,apparel,2026-07-08,True,2026-07-13,True,True,False,0.63571954,9,FIGHT,1222.0460744404793,1222.0460744404793,0.31238429530200723
DSP-03694,ORD-19371,not_as_described,2026-04-26,9,pending,0.5938,False,RULE_NOT_AS_DESCRIBED,clean_fight,1,False,CUST-01306,679.61,electronics,2026-04-17,True,2026-04-19,True,True,True,0.3879727,11,MANUAL_REVIEW,-36.329864846467956,-36.329864846467956,0.2033399999999984
DSP-13073,ORD-04340,unauthorized_transaction,2026-07-30,10,pending,0.5522,True,RULE_UNAUTHORIZED_TRANSACTION,clean_fight,2,False,CUST-05681,543.0,home_goods,2026-07-20,True,2026-07-26,True,True,False,0.5159218,10,MANUAL_REVIEW,-19.85447806119919,-19.85447806119919,0.21783892617449546
DSP-10582,ORD-18206,unauthorized_transaction,2026-07-05,20,pending,0.7493,True,RULE_UNAUTHORIZED_TRANSACTION,clean_fight,0,False,CUST-05430,761.7,apparel,2026-06-15,True,2026-06-19,True,True,False,0.6810937,0,FIGHT,218.78906579017644,218.78906579017644,0.42664563758389085
DSP-00344,ORD-15362,item_not_received,2026-03-20,12,pending,0.109,False,RULE_ITEM_NOT_RECEIVED,retry_needed,1,False,CUST-02173,897.54,digital_goods,2026-03-08,False,,True,False,False,0.29770982,8,MANUAL_REVIEW,-32.79352577447895,-32.79352577447895,0.2721157046979844
DSP-02137,ORD-09029,duplicate_charge,2026-04-10,18,pending,0.4493,True,RULE_DUPLICATE_CHARGE,clean_concede,3,False,CUST-00924,610.73,electronics,2026-03-23,True,2026-03-27,True,True,False,0.42404142,2,MANUAL_REVIEW,-41.02518342822788,-41.02518342822788,0.3805663087248309
DSP-09501,ORD-00812,unauthorized_transaction,2026-06-24,14,pending,0.2992,True,RULE_UNAUTHORIZED_TRANSACTION,clean_concede,1,False,CUST-04364,767.43,apparel,2026-06-10,True,2026-06-15,False,True,False,0.2757375,6,MANUAL_REVIEW,-88.3907748028636,-88.3907748028636,0.30687637583892435
DSP-12556,ORD-19932,item_not_received,2026-07-25,13,pending,0.5729,True,RULE_ITEM_NOT_RECEIVED,clean_fight,2,False,CUST-05030,2972.77,electronics,2026-07-12,True,2026-07-20,True,True,False,0.57960886,7,FIGHT,1423.0438237017393,1423.0438237017393,0.37568201342281105
DSP-05219,ORD-00132,not_as_described,2026-05-11,5,pending,0.2937,False,RULE_NOT_AS_DESCRIBED,clean_concede,2,False,CUST-01796,330.87,apparel,2026-05-06,True,2026-05-11,True,True,True,0.43880612,15,CONCEDE,-154.81222020685672,-154.81222020685672,0.10929677852348932
DSP-01816,ORD-16838,duplicate_charge,2026-04-06,5,pending,0.185,False,RULE_DUPLICATE_CHARGE,clean_concede,0,False,CUST-04797,447.56,apparel,2026-04-01,False,,False,True,False,0.20754887,15,CONCEDE,-207.109427010417,-207.109427010417,0.11399570469798564
DSP-13491,ORD-16121,duplicate_charge,2026-08-04,11,pending,0.1608,False,RULE_DUPLICATE_CHARGE,clean_concede,1,False,CUST-03488,241.47,groceries,2026-07-24,False,,True,True,True,0.16335389,9,CONCEDE,-260.55493613809347,-260.55493613809347,0.22569677852348957
DSP-01477,ORD-19241,not_as_described,2026-04-03,19,pending,0.431,True,RULE_NOT_AS_DESCRIBED,clean_concede,1,False,CUST-00286,1685.45,electronics,2026-03-15,True,2026-03-20,False,True,False,0.40648058,1,FIGHT,385.10269451886415,385.10269451886415,0.44384362416106954
DSP-08684,ORD-01710,duplicate_charge,2026-06-15,2,pending,0.3597,False,RULE_DUPLICATE_CHARGE,clean_concede,3,False,CUST-01806,3848.91,digital_goods,2026-06-13,False,,True,True,False,0.4194728,18,FIGHT,1314.5131070172786,1314.5131070172786,0.19096281879193616
DSP-08538,ORD-03626,not_as_described,2026-06-14,18,pending,0.1771,False,RULE_NOT_AS_DESCRIBED,clean_concede,1,False,CUST-03005,888.81,groceries,2026-05-27,False,,True,True,False,0.30204883,2,MANUAL_REVIEW,-31.535977471768888,-31.535977471768888,0.3917641610738234
DSP-02049,ORD-10286,not_as_described,2026-04-09,7,pending,0.4634,False,RULE_NOT_AS_DESCRIBED,clean_concede,4,False,CUST-01021,1866.69,groceries,2026-04-02,True,2026-04-06,True,True,False,0.35633448,13,FIGHT,365.1660061088205,365.1660061088205,0.21114187919462607
DSP-01345,ORD-02837,not_as_described,2026-04-02,8,pending,0.7065,True,RULE_NOT_AS_DESCRIBED,clean_fight,0,False,CUST-04577,745.13,electronics,2026-03-25,True,2026-04-02,True,True,False,0.6353397,12,FIGHT,173.41065377175806,173.41065377175806,0.18597838926174326
DSP-04703,ORD-14475,item_not_received,2026-05-06,3,pending,0.61,True,RULE_ITEM_NOT_RECEIVED,clean_fight,2,False,CUST-02132,907.78,groceries,2026-05-03,True,2026-05-11,True,True,False,0.59346664,17,FIGHT,238.73714602231973,238.73714602231973,0.092528053691273
DSP-03444,ORD-18928,not_as_described,2026-04-23,8,pending,0.6043,True,RULE_NOT_AS_DESCRIBED,clean_fight,0,False,CUST-04936,550.72,groceries,2026-04-15,True,2026-04-16,True,True,False,0.5121691,12,MANUAL_REVIEW,-17.938220748901358,-17.938220748901358,0.17814979865771693
DSP-11133,ORD-05105,item_not_received,2026-07-11,10,pending,0.5199,True,RULE_ITEM_NOT_RECEIVED,clean_fight,3,False,CUST-05771,7895.96,groceries,2026-07-01,True,2026-07-07,True,True,False,0.34426317,10,FIGHT,2418.288189703226,2418.288189703226,0.5139312751677642
DSP-02043,ORD-12799,duplicate_charge,2026-04-09,1,pending,0.2333,True,RULE_DUPLICATE_CHARGE,clean_concede,3,False,CUST-03730,428.01,apparel,2026-04-08,False,,True,True,False,0.1886111,19,CONCEDE,-219.2725609128177,-219.2725609128177,0.03320845637583805
DSP-10548,ORD-09701,unauthorized_transaction,2026-07-05,24,pending,0.6277,False,RULE_UNAUTHORIZED_TRANSACTION,clean_fight,0,False,CUST-03569,2126.37,groceries,2026-06-11,True,2026-06-19,True,True,False,0.68078357,0,FIGHT,1147.5977593427897,1147.5977593427897,0.4815987919463033
DSP-04602,ORD-02897,item_not_received,2026-05-05,3,pending,0.7654,True,RULE_ITEM_NOT_RECEIVED,clean_fight,1,False,CUST-01881,852.5,home_goods,2026-05-02,True,2026-05-04,True,True,False,0.6722439,17,FIGHT,273.08791890740395,273.08791890740395,0.09030201342281677
DSP-01071,ORD-09099,unauthorized_transaction,2026-03-30,15,pending,0.7606,False,RULE_UNAUTHORIZED_TRANSACTION,clean_fight,0,False,CUST-04863,104.44,apparel,2026-03-15,True,2026-03-20,True,False,False,0.5346571,5,CONCEDE,-244.16041031360626,-244.16041031360626,0.30017879194630875
DSP-01326,ORD-04344,unauthorized_transaction,2026-04-02,8,pending,0.4057,False,RULE_UNAUTHORIZED_TRANSACTION,clean_concede,0,False,CUST-05452,482.87,digital_goods,2026-03-25,False,,True,True,False,0.4203083,12,MANUAL_REVIEW,-97.04573508441447,-97.04573508441447,0.17541758389261644
DSP-11764,ORD-12152,item_not_received,2026-07-17,8,pending,0.02,False,RULE_ITEM_NOT_RECEIVED,retry_needed,1,False,CUST-05394,1321.02,groceries,2026-07-09,False,,False,True,False,0.056253824,12,CONCEDE,-225.6875729135424,-225.6875729135424,0.20916859060402357
DSP-06570,ORD-07672,duplicate_charge,2026-05-25,9,pending,0.3017,False,RULE_DUPLICATE_CHARGE,clean_concede,3,False,CUST-00541,446.32,groceries,2026-05-16,True,2026-05-17,True,True,False,0.32354608,11,CONCEDE,-155.5949127793312,-155.5949127793312,0.1939457718120796
DSP-05403,ORD-01832,item_not_received,2026-05-13,20,pending,0.5297,True,RULE_ITEM_NOT_RECEIVED,clean_fight,3,False,CUST-02351,750.65,apparel,2026-04-23,True,2026-05-02,True,True,False,0.5156508,0,MANUAL_REVIEW,87.07327963411808,87.07327963411808,0.42620067114093785
DSP-01753,ORD-15387,item_not_received,2026-04-06,24,pending,0.5913,True,RULE_ITEM_NOT_RECEIVED,clean_fight,2,False,CUST-05635,261.29,apparel,2026-03-13,True,2026-03-17,True,True,True,0.45190048,0,CONCEDE,-181.92292301177977,-181.92292301177977,0.4064948993288586
DSP-13290,ORD-06924,item_not_received,2026-08-01,23,pending,0.7261,True,RULE_ITEM_NOT_RECEIVED,clean_fight,0,False,CUST-00367,404.35,apparel,2026-07-09,True,2026-07-14,True,True,False,0.5970424,0,MANUAL_REVIEW,-58.58591293394565,-58.58591293394565,0.4122557046979858
DSP-06684,ORD-04640,duplicate_charge,2026-05-26,9,pending,0.4243,True,RULE_DUPLICATE_CHARGE,clean_concede,2,False,CUST-01539,259.63,apparel,2026-05-17,True,2026-05-21,True,False,False,0.3595865,11,CONCEDE,-206.64055516630413,-206.64055516630413,0.18642805369127474
DSP-01112,ORD-05064,not_as_described,2026-03-30,18,pending,0.3428,True,RULE_NOT_AS_DESCRIBED,clean_concede,1,False,CUST-03739,921.96,apparel,2026-03-12,False,,True,True,False,0.34181985,2,MANUAL_REVIEW,15.144231294393535,15.144231294393535,0.3930990604026824
DSP-00989,ORD-15661,item_not_received,2026-03-29,13,pending,0.5032,False,RULE_ITEM_NOT_RECEIVED,clean_fight,2,False,CUST-00111,737.98,electronics,2026-03-16,True,2026-03-22,True,True,False,0.6189341,7,FIGHT,156.76098335862162,156.76098335862162,0.285690469798656
DSP-09830,ORD-12232,not_as_described,2026-06-28,4,pending,0.3282,False,RULE_NOT_AS_DESCRIBED,clean_concede,0,False,CUST-00286,164.8,home_goods,2026-06-24,True,2026-07-03,False,True,False,0.502247,16,CONCEDE,-217.2296983718872,-217.2296983718872,0.08260939597315417
DSP-04034,ORD-17717,not_as_described,2026-04-29,7,pending,0.5477,True,RULE_NOT_AS_DESCRIBED,clean_fight,1,False,CUST-05049,579.53,groceries,2026-04-22,True,2026-05-01,True,True,False,0.4611138,13,MANUAL_REVIEW,-32.77071337819103,-32.77071337819103,0.15930993288590473
DSP-12864,ORD-11028,item_not_received,2026-07-28,19,pending,0.02,False,RULE_ITEM_NOT_RECEIVED,retry_needed,2,False,CUST-00378,709.79,groceries,2026-07-09,False,,True,False,False,0.13073301,1,CONCEDE,-207.2070145940781,-207.2070145940781,0.40455530201342116
DSP-02151,ORD-10526,unauthorized_transaction,2026-04-10,19,pending,0.6144,True,RULE_UNAUTHORIZED_TRANSACTION,clean_fight,1,False,CUST-03381,239.12,electronics,2026-03-22,True,2026-03-26,True,True,False,0.6412389,1,MANUAL_REVIEW,-146.66694757461548,-146.66694757461548,0.38560214765100637
DSP-07732,ORD-08411,unauthorized_transaction,2026-06-06,10,pending,0.5332,False,RULE_UNAUTHORIZED_TRANSACTION,clean_fight,2,False,CUST-02417,210.94,home_goods,2026-05-27,True,2026-05-31,True,True,False,0.6643443,10,CONCEDE,-159.86321108818055,-159.86321108818055,0.20446738255033528
DSP-14719,ORD-12713,unauthorized_transaction,2026-08-19,17,pending,0.7061,True,RULE_UNAUTHORIZED_TRANSACTION,clean_fight,1,False,CUST-02260,1413.22,apparel,2026-08-02,True,2026-08-07,True,True,False,0.7284621,3,FIGHT,729.4772090029717,729.4772090029717,0.39288134228187566
DSP-03510,ORD-05199,item_not_received,2026-04-24,4,pending,0.6166,True,RULE_ITEM_NOT_RECEIVED,clean_fight,2,False,CUST-05864,162.81,electronics,2026-04-20,True,2026-04-29,True,False,False,0.62905246,16,CONCEDE,-197.58396895587444,-197.58396895587444,0.08252926174496626
DSP-02820,ORD-07375,duplicate_charge,2026-04-17,7,pending,0.1361,False,RULE_DUPLICATE_CHARGE,clean_concede,2,False,CUST-02898,217.5,groceries,2026-04-10,False,,True,True,False,0.25616333,13,CONCEDE,-244.28447596728802,-244.28447596728802,0.14473154362416074
DSP-03855,ORD-06734,item_not_received,2026-04-27,11,pending,0.4554,False,RULE_ITEM_NOT_RECEIVED,clean_concede,2,False,CUST-03498,1251.47,groceries,2026-04-16,True,2026-04-18,True,False,False,0.45018202,9,FIGHT,263.3892934006452,263.3892934006452,0.2663679194630842
DSP-03696,ORD-18767,unauthorized_transaction,2026-04-26,7,pending,0.4468,False,RULE_UNAUTHORIZED_TRANSACTION,clean_concede,4,False,CUST-05555,917.83,digital_goods,2026-04-19,True,2026-04-23,True,True,False,0.5463756,13,FIGHT,201.47989187419415,201.47989187419415,0.17293275167785013
DSP-11637,ORD-14796,item_not_received,2026-07-16,5,pending,0.6807,True,RULE_ITEM_NOT_RECEIVED,clean_fight,1,False,CUST-01951,222.16,digital_goods,2026-07-11,True,2026-07-18,True,True,False,0.7461012,15,MANUAL_REVIEW,-134.2461572790146,-134.2461572790146,0.10491919463087215
DSP-04954,ORD-04043,item_not_received,2026-05-08,24,pending,0.1489,False,RULE_ITEM_NOT_RECEIVED,retry_needed,1,False,CUST-01987,1214.58,home_goods,2026-04-14,False,,True,True,False,0.15056293,0,MANUAL_REVIEW,-117.12927997022868,-117.12927997022868,0.44488241610737955
DSP-08182,ORD-07048,not_as_described,2026-06-10,13,pending,0.6116,True,RULE_NOT_AS_DESCRIBED,clean_fight,0,False,CUST-01863,373.96,groceries,2026-05-28,True,2026-05-30,True,True,False,0.5405927,7,MANUAL_REVIEW,-97.83996496200564,-97.83996496200564,0.2710319463087241
DSP-11979,ORD-03056,not_as_described,2026-07-19,22,pending,0.418,True,RULE_NOT_AS_DESCRIBED,clean_concede,3,False,CUST-01195,391.2,digital_goods,2026-06-27,True,2026-07-02,True,True,False,0.41033506,0,MANUAL_REVIEW,-139.4769229888916,-139.4769229888916,0.4117261744966435
DSP-13308,ORD-01715,unauthorized_transaction,2026-08-02,11,pending,0.6327,True,RULE_UNAUTHORIZED_TRANSACTION,clean_fight,3,False,CUST-01674,1065.12,apparel,2026-07-22,True,2026-07-25,True,True,False,0.6280876,9,FIGHT,368.9886434268951,368.9886434268951,0.2588638926174471
DSP-07673,ORD-13430,not_as_described,2026-06-05,12,pending,0.547,True,RULE_NOT_AS_DESCRIBED,clean_fight,1,False,CUST-00187,718.45,home_goods,2026-05-24,True,2026-05-27,True,True,False,0.49115747,8,MANUAL_REVIEW,52.872085854411125,52.872085854411125,0.2649040268456359
DSP-05091,ORD-09790,not_as_described,2026-05-10,21,pending,0.6232,False,RULE_NOT_AS_DESCRIBED,clean_fight,1,False,CUST-05992,313.67,apparel,2026-04-19,True,2026-04-21,True,True,False,0.64101124,0,MANUAL_REVIEW,-98.93400494575499,-98.93400494575499,0.40860416107382497
DSP-09672,ORD-16741,not_as_described,2026-06-26,3,pending,0.4863,True,RULE_NOT_AS_DESCRIBED,clean_concede,2,False,CUST-04786,700.81,electronics,2026-06-23,True,2026-06-24,True,True,False,0.58127314,17,MANUAL_REVIEW,107.36202820837497,107.36202820837497,0.08419369127516617
DSP-10568,ORD-09233,item_not_received,2026-07-05,17,pending,0.6843,True,RULE_ITEM_NOT_RECEIVED,clean_fight,0,False,CUST-02497,174.11,apparel,2026-06-18,True,2026-06-21,True,True,False,0.7558485,3,CONCEDE,-168.39921297192572,-168.39921297192572,0.34298429530201324
DSP-08343,ORD-05537,item_not_received,2026-06-12,10,pending,0.6374,False,RULE_ITEM_NOT_RECEIVED,clean_fight,2,False,CUST-05254,267.16,digital_goods,2026-06-02,True,2026-06-11,True,True,False,0.57861227,10,MANUAL_REVIEW,-145.41794648885727,-145.41794648885727,0.2067312751677848
DSP-01081,ORD-13674,not_as_described,2026-03-30,16,pending,0.6014,True,RULE_NOT_AS_DESCRIBED,clean_fight,2,False,CUST-01069,1021.58,electronics,2026-03-14,True,2026-03-18,True,True,False,0.54588497,4,FIGHT,257.6651644349098,257.6651644349098,0.3571106040268432
DSP-11646,ORD-08930,unauthorized_transaction,2026-07-16,14,pending,0.6823,True,RULE_UNAUTHORIZED_TRANSACTION,clean_fight,0,False,CUST-03620,341.44,electronics,2026-07-02,True,2026-07-05,True,True,False,0.6690654,6,MANUAL_REVIEW,-71.55430440902711,-71.55430440902711,0.28972241610738186
DSP-14307,ORD-14992,not_as_described,2026-08-13,8,pending,0.5494,True,RULE_NOT_AS_DESCRIBED,clean_fight,1,False,CUST-02572,520.98,apparel,2026-08-05,True,2026-08-12,True,False,False,0.49649036,12,MANUAL_REVIEW,-41.33845260858533,-41.33845260858533,0.17695221476509956
DSP-01490,ORD-18875,item_not_received,2026-04-03,7,pending,0.02,False,RULE_ITEM_NOT_RECEIVED,retry_needed,2,False,CUST-02794,355.23,digital_goods,2026-03-27,False,,False,True,False,0.05536122,13,CONCEDE,-280.3340342632681,-280.3340342632681,0.15027771812080468
DSP-00012,ORD-05112,item_not_received,2026-03-09,1,pending,0.6207,True,RULE_ITEM_NOT_RECEIVED,clean_fight,0,False,CUST-05487,900.31,home_goods,2026-03-08,True,2026-03-15,True,True,False,0.7765383,19,FIGHT,399.12520806849,399.12520806849,0.0522272483221455
DSP-02361,ORD-07546,unauthorized_transaction,2026-04-12,14,pending,0.67,True,RULE_UNAUTHORIZED_TRANSACTION,clean_fight,1,False,CUST-02266,3183.84,digital_goods,2026-03-29,True,2026-03-30,True,True,False,0.6220815,6,FIGHT,1680.6080208206179,1680.6080208206179,0.40418147651005876
DSP-07457,ORD-04199,not_as_described,2026-06-03,15,pending,0.708,True,RULE_NOT_AS_DESCRIBED,clean_fight,1,False,CUST-05596,1785.43,digital_goods,2026-05-19,True,2026-05-24,True,True,False,0.54606605,5,FIGHT,674.9627000832558,674.9627000832558,0.3678696644295257
DSP-03950,ORD-08317,not_as_described,2026-04-28,11,pending,0.4874,False,RULE_NOT_AS_DESCRIBED,clean_concede,1,False,CUST-01796,627.19,apparel,2026-04-17,True,2026-04-20,True,True,False,0.61417973,9,MANUAL_REVIEW,85.20738511919978,85.20738511919978,0.24122912751677714
DSP-07235,ORD-16626,duplicate_charge,2026-06-01,13,pending,0.4518,False,RULE_DUPLICATE_CHARGE,clean_concede,1,False,CUST-03786,654.68,home_goods,2026-05-19,True,2026-05-21,True,True,False,0.55984885,7,MANUAL_REVIEW,66.52184184789655,66.52184184789655,0.28233610738254883
DSP-12466,ORD-11349,duplicate_charge,2026-07-24,11,pending,0.5728,False,RULE_DUPLICATE_CHARGE,clean_fight,0,False,CUST-05917,600.34,home_goods,2026-07-13,True,2026-07-15,True,True,False,0.6714874,9,MANUAL_REVIEW,103.1207403099537,103.1207403099537,0.24014791946308592
DSP-07760,ORD-00015,not_as_described,2026-06-06,16,pending,0.4013,False,RULE_NOT_AS_DESCRIBED,clean_concede,1,False,CUST-00767,2138.79,electronics,2026-05-21,True,2026-05-28,False,True,False,0.3608292,4,FIGHT,471.7378939095139,471.7378939095139,0.40209892617449117
DSP-02449,ORD-19431,item_not_received,2026-04-13,6,pending,0.7881,False,RULE_ITEM_NOT_RECEIVED,clean_fight,0,False,CUST-04439,574.97,home_goods,2026-04-07,True,2026-04-14,True,True,False,0.7196128,14,MANUAL_REVIEW,113.75575852572922,113.75575852572922,0.13912630872483095
DSP-03142,ORD-11406,unauthorized_transaction,2026-04-20,19,pending,0.3198,True,RULE_UNAUTHORIZED_TRANSACTION,clean_concede,0,False,CUST-02409,508.05,digital_goods,2026-04-01,True,2026-04-04,False,True,False,0.37638932,1,MANUAL_REVIEW,-108.7754036039114,-108.7754036039114,0.39643154362416
DSP-06793,ORD-00512,item_not_received,2026-05-27,5,pending,0.7358,True,RULE_ITEM_NOT_RECEIVED,clean_fight,1,False,CUST-04392,1165.99,electronics,2026-05-22,True,2026-05-25,True,True,False,0.7928367,15,FIGHT,624.4396938127279,624.4396938127279,0.14292577181207766
DSP-09555,ORD-12825,unauthorized_transaction,2026-06-25,10,pending,0.669,True,RULE_UNAUTHORIZED_TRANSACTION,clean_fight,2,False,CUST-05262,907.56,apparel,2026-06-15,True,2026-06-21,True,True,False,0.66752297,10,FIGHT,305.81714380502694,305.81714380502694,0.2325191946308703
DSP-10920,ORD-05545,not_as_described,2026-07-09,4,pending,0.4502,False,RULE_NOT_AS_DESCRIBED,clean_concede,2,False,CUST-02930,562.17,electronics,2026-07-05,True,2026-07-06,False,True,False,0.4453977,16,MANUAL_REVIEW,-49.61077227026226,-49.61077227026226,0.09861087248322022
DSP-02684,ORD-12835,not_as_described,2026-04-15,8,pending,0.5412,False,RULE_NOT_AS_DESCRIBED,clean_fight,2,False,CUST-03023,463.29,apparel,2026-04-07,True,2026-04-13,True,True,False,0.50614005,12,MANUAL_REVIEW,-65.51037471950053,-65.51037471950053,0.17462912751677756
DSP-12400,ORD-04480,item_not_received,2026-07-23,18,pending,0.2079,False,RULE_ITEM_NOT_RECEIVED,retry_needed,1,False,CUST-05228,923.1,home_goods,2026-07-05,False,,True,True,False,0.17796339,2,MANUAL_REVIEW,-135.721993817389,-135.721993817389,0.3931449664429508
DSP-07053,ORD-16799,item_not_received,2026-05-30,15,pending,0.6647,True,RULE_ITEM_NOT_RECEIVED,clean_fight,0,False,CUST-02699,423.79,apparel,2026-05-15,True,2026-05-21,True,True,False,0.7227191,5,MANUAL_REVIEW,6.281116071939493,6.281116071939493,0.31303852348993205
DSP-12592,ORD-18354,not_as_described,2026-07-25,16,pending,0.452,False,RULE_NOT_AS_DESCRIBED,clean_concede,0,False,CUST-02048,981.7,apparel,2026-07-09,False,,True,True,False,0.3817912,4,MANUAL_REVIEW,74.80442517697816,74.80442517697816,0.35550469798657486
DSP-05614,ORD-15947,not_as_described,2026-05-15,23,pending,0.6387,True,RULE_NOT_AS_DESCRIBED,clean_fight,0,False,CUST-05971,309.21,electronics,2026-04-22,True,2026-04-26,True,True,False,0.69037145,0,MANUAL_REVIEW,-86.53024278223515,-86.53024278223515,0.4084245637583887
DSP-12762,ORD-14236,item_not_received,2026-07-27,17,pending,0.4161,True,RULE_ITEM_NOT_RECEIVED,clean_concede,2,False,CUST-04731,580.8,electronics,2026-07-10,True,2026-07-13,True,True,True,0.3933761,3,MANUAL_REVIEW,-71.52715415954592,-71.52715415954592,0.3593610738255021
DSP-00557,ORD-07699,unauthorized_transaction,2026-03-24,16,pending,0.7389,False,RULE_UNAUTHORIZED_TRANSACTION,clean_fight,1,False,CUST-01443,1287.41,electronics,2026-03-08,True,2026-03-17,True,True,False,0.6416817,4,FIGHT,526.1074002456666,526.1074002456666,0.36781516778523177
DSP-06831,ORD-17731,unauthorized_transaction,2026-05-28,11,pending,0.507,False,RULE_UNAUTHORIZED_TRANSACTION,clean_fight,3,False,CUST-01525,100.0,apparel,2026-05-17,True,2026-05-18,True,False,False,0.46719646,9,CONCEDE,-253.28035354614258,-253.28035354614258,0.22000000000000003
DSP-06845,ORD-13888,item_not_received,2026-05-28,9,pending,0.6812,False,RULE_ITEM_NOT_RECEIVED,clean_fight,3,False,CUST-02248,422.33,digital_goods,2026-05-19,True,2026-05-27,True,True,False,0.5493424,11,MANUAL_REVIEW,-67.99622679471972,-67.99622679471972,0.19297973154362327
DSP-08534,ORD-14461,item_not_received,2026-06-14,10,pending,0.584,True,RULE_ITEM_NOT_RECEIVED,clean_fight,0,False,CUST-00848,668.5,groceries,2026-06-04,True,2026-06-09,True,True,False,0.69693065,10,FIGHT,165.8981374502182,165.8981374502182,0.2228926174496629
DSP-00442,ORD-14010,item_not_received,2026-03-22,14,pending,0.7031,True,RULE_ITEM_NOT_RECEIVED,clean_fight,0,False,CUST-05402,625.72,groceries,2026-03-08,True,2026-03-14,True,True,False,0.68661064,6,MANUAL_REVIEW,129.62600909471513,129.62600909471513,0.3011699328859046
DSP-14130,ORD-14981,not_as_described,2026-08-10,22,pending,0.5676,False,RULE_NOT_AS_DESCRIBED,clean_fight,2,False,CUST-03933,697.48,apparel,2026-07-19,True,2026-07-22,True,True,False,0.52016896,0,MANUAL_REVIEW,62.80744628667833,62.80744628667833,0.42405959731543463
DSP-07511,ORD-04157,duplicate_charge,2026-06-04,10,pending,0.3787,True,RULE_DUPLICATE_CHARGE,clean_concede,5,False,CUST-04506,1170.0,electronics,2026-05-25,True,2026-06-02,True,True,False,0.29095677,10,MANUAL_REVIEW,40.41941553354263,40.41941553354263,0.24308724832214476
DSP-14422,ORD-16805,unauthorized_transaction,2026-08-14,12,pending,0.6379,False,RULE_UNAUTHORIZED_TRANSACTION,clean_fight,1,False,CUST-04405,273.17,electronics,2026-08-02,True,2026-08-03,True,True,False,0.66798496,8,MANUAL_REVIEW,-117.52654780387877,-117.52654780387877,0.24697328859060355
DSP-12222,ORD-13293,not_as_described,2026-07-22,20,pending,0.4711,True,RULE_NOT_AS_DESCRIBED,clean_concede,3,False,CUST-02382,1293.87,apparel,2026-07-02,True,2026-07-03,True,True,False,0.5246161,0,FIGHT,378.78506209015836,378.78506209015836,0.4480753020134196
DSP-12825,ORD-18106,not_as_described,2026-07-28,20,pending,0.6448,False,RULE_NOT_AS_DESCRIBED,clean_fight,0,False,CUST-05725,2094.96,digital_goods,2026-07-08,True,2026-07-16,True,True,False,0.6751634,0,FIGHT,1114.440291852951,1114.440291852951,0.48033395973153825
DSP-04944,ORD-07383,not_as_described,2026-05-08,8,pending,0.5299,True,RULE_NOT_AS_DESCRIBED,clean_fight,0,False,CUST-04077,1106.09,digital_goods,2026-04-30,True,2026-05-06,True,True,False,0.68246186,12,FIGHT,454.86423628926275,454.86423628926275,0.2005136912751651
DSP-01267,ORD-16227,not_as_described,2026-04-01,16,pending,0.6078,True,RULE_NOT_AS_DESCRIBED,clean_fight,0,False,CUST-00760,100.0,apparel,2026-03-16,True,2026-03-20,True,True,False,0.6154782,4,CONCEDE,-238.4521782398224,-238.4521782398224,0.32000000000000006
DSP-09926,ORD-14331,not_as_described,2026-06-29,17,pending,0.6208,True,RULE_NOT_AS_DESCRIBED,clean_fight,1,False,CUST-02037,471.55,electronics,2026-06-12,True,2026-06-17,True,True,False,0.56378466,3,MANUAL_REVIEW,-34.14734409153459,-34.14734409153459,0.35496174496644195
DSP-12087,ORD-08783,duplicate_charge,2026-07-20,8,pending,0.5458,False,RULE_DUPLICATE_CHARGE,clean_fight,2,False,CUST-03078,1975.99,apparel,2026-07-12,True,2026-07-21,True,True,False,0.5797355,12,FIGHT,845.5515852284432,845.5515852284432,0.23554322147650503
DSP-05191,ORD-09597,unauthorized_transaction,2026-05-11,21,pending,0.1959,False,RULE_UNAUTHORIZED_TRANSACTION,clean_concede,2,False,CUST-01838,100.0,apparel,2026-04-20,True,2026-04-29,False,True,False,0.2867481,0,CONCEDE,-271.32518887519836,-271.32518887519836,0.4
DSP-01274,ORD-00580,item_not_received,2026-04-01,13,pending,0.5701,False,RULE_ITEM_NOT_RECEIVED,clean_fight,1,False,CUST-01721,143.08,groceries,2026-03-19,True,2026-03-27,True,False,False,0.46851283,7,CONCEDE,-232.96518383741378,-232.96518383741378,0.261734765100671
DSP-01765,ORD-19680,item_not_received,2026-04-06,17,pending,0.02,False,RULE_ITEM_NOT_RECEIVED,retry_needed,5,False,CUST-04435,470.39,electronics,2026-03-20,False,,True,True,False,0.056163102,3,CONCEDE,-273.581438267529,-273.581438267529,0.354915033557046
DSP-00603,ORD-14110,item_not_received,2026-03-25,12,pending,0.2216,False,RULE_ITEM_NOT_RECEIVED,retry_needed,0,False,CUST-05580,1351.97,digital_goods,2026-03-13,False,,True,True,True,0.18697004,8,MANUAL_REVIEW,-47.22211474791169,-47.22211474791169,0.29041489932885567
DSP-11485,ORD-13958,unauthorized_transaction,2026-07-14,21,pending,0.579,False,RULE_UNAUTHORIZED_TRANSACTION,clean_fight,3,False,CUST-03021,625.61,apparel,2026-06-23,True,2026-06-24,True,True,False,0.561266,0,MANUAL_REVIEW,51.13362541258334,51.13362541258334,0.4211655033557033
DSP-04907,ORD-19472,not_as_described,2026-05-08,24,pending,0.5351,True,RULE_NOT_AS_DESCRIBED,clean_fight,1,False,CUST-04095,4343.38,apparel,2026-04-14,True,2026-04-18,True,False,False,0.5208359,0,FIGHT,1962.1881291198729,1962.1881291198729,0.5708743624160959
DSP-08895,ORD-18800,not_as_described,2026-06-17,21,pending,0.579,True,RULE_NOT_AS_DESCRIBED,clean_fight,0,False,CUST-03437,282.66,electronics,2026-05-27,True,2026-06-02,True,True,False,0.6189961,0,MANUAL_REVIEW,-125.03456697106361,-125.03456697106361,0.40735543624161025
DSP-05274,ORD-15664,item_not_received,2026-05-12,4,pending,0.1989,False,RULE_ITEM_NOT_RECEIVED,retry_needed,1,False,CUST-00995,634.8,digital_goods,2026-05-08,False,,True,False,False,0.29198918,16,MANUAL_REVIEW,-114.64527014493945,-114.64527014493945,0.10153557046979719
DSP-07555,ORD-13552,item_not_received,2026-06-04,7,pending,0.5219,True,RULE_ITEM_NOT_RECEIVED,clean_fight,3,False,CUST-02334,1338.93,home_goods,2026-05-28,True,2026-06-05,True,True,False,0.4603041,13,FIGHT,316.3149836656452,316.3149836656452,0.18988979865771477
DSP-10389,ORD-12379,unauthorized_transaction,2026-07-03,22,pending,0.154,False,RULE_UNAUTHORIZED_TRANSACTION,clean_concede,2,False,CUST-00077,4227.94,apparel,2026-06-11,True,2026-06-19,False,True,False,0.30202213,0,FIGHT,976.9314413410425,976.9314413410425,0.5662257718120693
DSP-07500,ORD-19104,not_as_described,2026-06-04,13,pending,0.4444,False,RULE_NOT_AS_DESCRIBED,clean_concede,0,False,CUST-04179,3044.06,home_goods,2026-05-22,True,2026-05-31,True,True,False,0.59805274,7,FIGHT,1520.5084240198134,1520.5084240198134,0.3785527516778444
DSP-13975,ORD-13706,item_not_received,2026-08-09,20,pending,0.6506,False,RULE_ITEM_NOT_RECEIVED,clean_fight,2,False,CUST-02313,2172.03,apparel,2026-07-20,True,2026-07-25,True,True,False,0.56131524,0,FIGHT,919.1935374265911,919.1935374265911,0.4834374496644239
DSP-12979,ORD-15345,duplicate_charge,2026-07-29,19,pending,0.1912,False,RULE_DUPLICATE_CHARGE,clean_concede,4,False,CUST-04270,350.39,apparel,2026-07-10,True,2026-07-19,True,True,True,0.20267202,1,CONCEDE,-228.9857510520518,-228.9857510520518,0.3900828187919456
DSP-12668,ORD-05875,unauthorized_transaction,2026-07-26,14,pending,0.6789,False,RULE_UNAUTHORIZED_TRANSACTION,clean_fight,0,False,CUST-00788,308.76,home_goods,2026-07-12,True,2026-07-17,True,True,False,0.719502,6,MANUAL_REVIEW,-77.84657106399536,-77.84657106399536,0.28840644295301954
DSP-04294,ORD-16502,duplicate_charge,2026-05-02,22,pending,0.1754,True,RULE_DUPLICATE_CHARGE,clean_concede,3,False,CUST-03074,1207.08,apparel,2026-04-10,True,2026-04-15,False,True,True,0.14182222,0,MANUAL_REVIEW,-128.8092360162735,-128.8092360162735,0.4445804026845608
DSP-10324,ORD-00406,unauthorized_transaction,2026-07-03,2,pending,0.805,False,RULE_UNAUTHORIZED_TRANSACTION,clean_fight,1,False,CUST-05471,1321.15,electronics,2026-07-01,True,2026-07-06,True,True,False,0.71543705,18,FIGHT,645.1996647298337,645.1996647298337,0.0891738255033524
DSP-10794,ORD-00545,duplicate_charge,2026-07-08,13,pending,0.5668,True,RULE_DUPLICATE_CHARGE,clean_fight,2,False,CUST-02983,415.76,electronics,2026-06-25,True,2026-06-30,True,True,False,0.53759825,7,MANUAL_REVIEW,-76.48815062522888,-76.48815062522888,0.2727151677852341
DSP-10921,ORD-12212,item_not_received,2026-07-09,22,pending,0.6932,True,RULE_ITEM_NOT_RECEIVED,clean_fight,1,False,CUST-05395,1659.85,electronics,2026-06-17,True,2026-06-24,True,True,False,0.6636055,0,FIGHT,801.4856077462434,801.4856077462434,0.46281275167784813
DSP-07925,ORD-12603,unauthorized_transaction,2026-06-08,13,pending,0.8251,False,RULE_UNAUTHORIZED_TRANSACTION,clean_fight,1,False,CUST-03933,113.46,electronics,2026-05-26,True,2026-05-30,True,True,False,0.66098475,7,CONCEDE,-225.0046697473526,-225.0046697473526,0.26054201342281874
DSP-06446,ORD-08797,item_not_received,2026-05-24,23,pending,0.0297,False,RULE_ITEM_NOT_RECEIVED,retry_needed,3,False,CUST-01523,976.9,digital_goods,2026-05-01,False,,True,True,False,0.09543709,0,CONCEDE,-206.76750959381462,-206.76750959381462,0.4353114093959708
DSP-08825,ORD-03111,duplicate_charge,2026-06-17,9,pending,0.576,True,RULE_DUPLICATE_CHARGE,clean_fight,0,False,CUST-03057,1319.82,home_goods,2026-06-08,True,2026-06-14,True,True,False,0.6534352,11,FIGHT,562.4168069279193,562.4168069279193,0.2291202684563725
DSP-11283,ORD-02107,item_not_received,2026-07-12,24,pending,0.5543,False,RULE_ITEM_NOT_RECEIVED,clean_fight,0,False,CUST-00849,431.81,groceries,2026-06-18,True,2026-06-19,True,True,False,0.6832537,0,MANUAL_REVIEW,-4.964217427372944,-4.964217427372944,0.4133614765100662
DSP-05245,ORD-16679,unauthorized_transaction,2026-05-11,14,pending,0.1895,False,RULE_UNAUTHORIZED_TRANSACTION,clean_concede,3,False,CUST-03953,234.4,apparel,2026-04-27,True,2026-04-29,False,True,False,0.17266555,6,CONCEDE,-259.52719477415087,-259.52719477415087,0.28541208053691236
DSP-05173,ORD-01601,not_as_described,2026-05-10,4,pending,0.5476,True,RULE_NOT_AS_DESCRIBED,clean_fight,0,False,CUST-04557,484.8,apparel,2026-05-06,True,2026-05-09,True,True,True,0.5241737,16,MANUAL_REVIEW,-45.88060140609741,-45.88060140609741,0.09549530201342177
DSP-03723,ORD-12195,not_as_described,2026-04-26,7,pending,0.4072,False,RULE_NOT_AS_DESCRIBED,clean_concede,0,False,CUST-01514,1816.96,apparel,2026-04-19,False,,True,True,False,0.40284425,13,FIGHT,431.95188884735114,431.95188884735114,0.20913932885905573
DSP-12603,ORD-02570,item_not_received,2026-07-26,2,pending,0.0723,False,RULE_ITEM_NOT_RECEIVED,retry_needed,4,False,CUST-03382,913.4,electronics,2026-07-24,False,,True,True,False,0.08128057,18,CONCEDE,-225.75833032876255,-225.75833032876255,0.07275436241610517
DSP-03190,ORD-04990,item_not_received,2026-04-20,11,pending,0.5762,True,RULE_ITEM_NOT_RECEIVED,clean_fight,3,False,CUST-02315,633.08,electronics,2026-04-09,True,2026-04-10,True,True,False,0.56356555,9,MANUAL_REVIEW,56.78207980871201,56.78207980871201,0.2414663087248308
DSP-01714,ORD-19557,item_not_received,2026-04-05,24,pending,0.6849,False,RULE_ITEM_NOT_RECEIVED,clean_fight,1,False,CUST-01268,1979.99,apparel,2026-03-12,True,2026-03-18,True,True,False,0.65575284,0,FIGHT,998.3840610343218,998.3840610343218,0.47570429530200836
DSP-04277,ORD-12605,not_as_described,2026-05-02,13,pending,0.3584,False,RULE_NOT_AS_DESCRIBED,clean_concede,1,False,CUST-02311,1134.29,digital_goods,2026-04-19,False,,True,False,False,0.4290077,7,FIGHT,186.6191542714834,186.6191542714834,0.30164926174496365
DSP-14521,ORD-09228,not_as_described,2026-08-15,23,pending,0.6096,False,RULE_NOT_AS_DESCRIBED,clean_fight,1,False,CUST-02556,1713.63,apparel,2026-07-23,True,2026-08-01,True,True,False,0.6143039,0,FIGHT,752.6895696920158,752.6895696920158,0.4649783892617406
DSP-05465,ORD-18146,item_not_received,2026-05-14,18,pending,0.7498,False,RULE_ITEM_NOT_RECEIVED,clean_fight,1,False,CUST-00597,1003.83,electronics,2026-04-26,True,2026-04-30,True,True,False,0.6981791,2,FIGHT,400.85315183758735,400.85315183758735,0.3963958389261721
DSP-08153,ORD-04230,unauthorized_transaction,2026-06-10,11,pending,0.4265,False,RULE_UNAUTHORIZED_TRANSACTION,clean_concede,1,False,CUST-05167,303.89,groceries,2026-05-30,False,,True,False,False,0.3678199,9,CONCEDE,-188.2232089841366,-188.2232089841366,0.22821033557046927
DSP-08364,ORD-14877,duplicate_charge,2026-06-12,20,pending,0.4032,False,RULE_DUPLICATE_CHARGE,clean_concede,1,False,CUST-05324,3051.33,electronics,2026-05-23,True,2026-05-24,False,True,False,0.44629914,0,FIGHT,1061.8059416896103,1061.8059416896103,0.5188455033556967
DSP-03339,ORD-04081,item_not_received,2026-04-22,6,pending,0.7821,False,RULE_ITEM_NOT_RECEIVED,clean_fight,1,False,CUST-03383,1230.64,apparel,2026-04-16,True,2026-04-21,True,True,False,0.740578,14,FIGHT,611.3849047231674,611.3849047231674,0.1655291275167755
DSP-02047,ORD-01739,duplicate_charge,2026-04-09,16,pending,0.2114,False,RULE_DUPLICATE_CHARGE,clean_concede,0,False,CUST-03573,763.5,home_goods,2026-03-24,False,,True,False,True,0.19299857,4,CONCEDE,-152.6455893740058,-152.6455893740058,0.3467181208053674
DSP-00044,ORD-04942,item_not_received,2026-03-11,4,pending,0.6641,True,RULE_ITEM_NOT_RECEIVED,clean_fight,1,False,CUST-05329,1019.2,home_goods,2026-03-07,True,2026-03-12,True,True,False,0.6822184,16,FIGHT,395.3169655799866,395.3169655799866,0.11701476510066865
DSP-01519,ORD-07956,duplicate_charge,2026-04-04,7,pending,0.5128,True,RULE_DUPLICATE_CHARGE,clean_fight,2,False,CUST-01914,532.48,apparel,2026-03-28,True,2026-04-06,True,True,False,0.46722656,13,MANUAL_REVIEW,-51.21119873046874,-51.21119873046874,0.15741530201342163
DSP-12963,ORD-09308,item_not_received,2026-07-29,17,pending,0.633,True,RULE_ITEM_NOT_RECEIVED,clean_fight,2,False,CUST-03546,100.0,apparel,2026-07-12,True,2026-07-17,True,True,False,0.65024954,3,CONCEDE,-234.97504591941833,-234.97504591941833,0.34
DSP-10069,ORD-12418,unauthorized_transaction,2026-06-30,21,pending,0.6525,True,RULE_UNAUTHORIZED_TRANSACTION,clean_fight,1,False,CUST-00738,266.97,electronics,2026-06-09,True,2026-06-17,True,False,False,0.49703,0,CONCEDE,-167.3079035809636,-167.3079035809636,0.4067236241610734
DSP-05006,ORD-12478,unauthorized_transaction,2026-05-09,22,pending,0.6368,False,RULE_UNAUTHORIZED_TRANSACTION,clean_fight,2,False,CUST-01396,275.61,home_goods,2026-04-17,True,2026-04-26,True,True,False,0.5928954,0,MANUAL_REVIEW,-136.59210194706915,-136.59210194706915,0.40707154362416065
DSP-06393,ORD-18050,duplicate_charge,2026-05-23,11,pending,0.4251,False,RULE_DUPLICATE_CHARGE,clean_concede,3,False,CUST-02771,1253.31,electronics,2026-05-12,True,2026-05-13,True,True,False,0.38428372,9,FIGHT,181.62663092672824,181.62663092672824,0.2664420134228157
DSP-09699,ORD-15013,item_not_received,2026-06-26,19,pending,0.6172,True,RULE_ITEM_NOT_RECEIVED,clean_fight,1,False,CUST-05606,964.11,electronics,2026-06-07,True,2026-06-14,True,True,False,0.7078044,1,FIGHT,382.40128258287905,382.40128258287905,0.4147963758389238
DSP-06976,ORD-16843,unauthorized_transaction,2026-05-29,23,pending,0.1961,False,RULE_UNAUTHORIZED_TRANSACTION,clean_concede,2,False,CUST-04398,601.32,electronics,2026-05-06,True,2026-05-12,False,True,False,0.2757366,0,MANUAL_REVIEW,-134.19406759142873,-134.19406759142873,0.4201873825503342
DSP-07063,ORD-14368,item_not_received,2026-05-30,6,pending,0.7813,False,RULE_ITEM_NOT_RECEIVED,clean_fight,0,False,CUST-01135,566.99,home_goods,2026-05-24,True,2026-06-02,True,True,False,0.73399967,14,MANUAL_REVIEW,116.17047263920307,116.17047263920307,0.1388049664429518
DSP-06915,ORD-19066,not_as_described,2026-05-29,10,pending,0.3656,False,RULE_NOT_AS_DESCRIBED,clean_concede,0,False,CUST-03410,818.32,apparel,2026-05-19,False,,True,True,False,0.33421463,10,MANUAL_REVIEW,-26.505485825538642,-26.505485825538642,0.22892563758389067
DSP-14257,ORD-04358,unauthorized_transaction,2026-08-12,17,pending,0.6037,False,RULE_UNAUTHORIZED_TRANSACTION,clean_fight,1,False,CUST-04648,2879.97,electronics,2026-07-26,False,,True,True,False,0.3566151,3,FIGHT,727.040778979361,727.040778979361,0.4519451006711334
DSP-14954,ORD-06293,not_as_described,2026-08-26,24,pending,0.1113,False,RULE_NOT_AS_DESCRIBED,clean_concede,2,False,CUST-05174,227.78,home_goods,2026-08-02,False,,False,True,False,0.12177661,0,CONCEDE,-272.2617236346006,-272.2617236346006,0.4051455033557044
DSP-04055,ORD-02677,duplicate_charge,2026-04-29,19,pending,0.5888,True,RULE_DUPLICATE_CHARGE,clean_fight,0,False,CUST-05329,622.14,groceries,2026-04-10,True,2026-04-11,True,True,False,0.6781892,1,MANUAL_REVIEW,121.92864011406897,121.92864011406897,0.4010257718120791
DSP-03899,ORD-16758,unauthorized_transaction,2026-04-28,24,pending,0.4317,True,RULE_UNAUTHORIZED_TRANSACTION,clean_concede,2,False,CUST-04287,388.94,digital_goods,2026-04-04,False,,True,True,False,0.26512143,0,CONCEDE,-196.88367095410825,-196.88367095410825,0.4116351677852341
DSP-11634,ORD-13645,not_as_described,2026-07-16,14,pending,0.0232,False,RULE_NOT_AS_DESCRIBED,clean_concede,1,False,CUST-05816,346.83,groceries,2026-07-02,False,,False,True,False,0.07594184,6,CONCEDE,-273.6610922140628,-273.6610922140628,0.2899394630872476
DSP-07384,ORD-04017,item_not_received,2026-06-02,17,pending,0.6099,True,RULE_ITEM_NOT_RECEIVED,clean_fight,2,False,CUST-04682,792.69,electronics,2026-05-16,True,2026-05-17,True,True,False,0.6057889,3,FIGHT,180.2027924770117,180.2027924770117,0.367893557046978
DSP-08601,ORD-04089,duplicate_charge,2026-06-14,24,pending,0.6799,True,RULE_DUPLICATE_CHARGE,clean_fight,0,False,CUST-01093,976.94,electronics,2026-05-21,True,2026-05-25,True,True,False,0.65421754,0,FIGHT,339.1312847173215,339.1312847173215,0.43531302013422585
DSP-04663,ORD-19099,item_not_received,2026-05-05,24,pending,0.6281,True,RULE_ITEM_NOT_RECEIVED,clean_fight,0,False,CUST-03174,1854.38,electronics,2026-04-11,True,2026-04-17,True,True,True,0.49832827,0,FIGHT,624.0899745929241,624.0899745929241,0.4706461744966396
DSP-00425,ORD-18581,not_as_described,2026-03-21,4,pending,0.0333,False,RULE_NOT_AS_DESCRIBED,clean_concede,5,False,CUST-00426,102.33,home_goods,2026-03-17,False,,False,True,False,0.15821803,16,CONCEDE,-283.809549382925,-283.809549382925,0.08009382550335568
DSP-12176,ORD-06760,item_not_received,2026-07-21,6,pending,0.5516,False,RULE_ITEM_NOT_RECEIVED,clean_fight,5,False,CUST-04469,606.72,digital_goods,2026-07-15,True,2026-07-16,True,False,False,0.48134467,14,MANUAL_REVIEW,-7.9585617828369095,-7.9585617828369095,0.14040483221476374
DSP-03027,ORD-07575,unauthorized_transaction,2026-04-19,24,pending,0.7119,False,RULE_UNAUTHORIZED_TRANSACTION,clean_fight,0,False,CUST-02550,552.0,apparel,2026-03-26,True,2026-04-04,True,True,True,0.42936394,0,MANUAL_REVIEW,-62.99110722541809,-62.99110722541809,0.418201342281878
DSP-03259,ORD-03764,unauthorized_transaction,2026-04-21,20,pending,0.5535,False,RULE_UNAUTHORIZED_TRANSACTION,clean_fight,1,False,CUST-05315,591.14,digital_goods,2026-04-01,True,2026-04-07,True,False,False,0.58119345,0,MANUAL_REVIEW,43.56669432640075,43.56669432640075,0.4197774496644282
DSP-09541,ORD-06600,item_not_received,2026-06-25,23,pending,0.5799,True,RULE_ITEM_NOT_RECEIVED,clean_fight,0,False,CUST-03584,407.84,electronics,2026-06-02,True,2026-06-11,True,False,False,0.45577312,0,MANUAL_REVIEW,-114.11749271392824,-114.11749271392824,0.41239624161073746
DSP-09781,ORD-08213,not_as_described,2026-06-27,8,pending,0.6147,True,RULE_NOT_AS_DESCRIBED,clean_fight,0,False,CUST-00117,490.02,groceries,2026-06-19,True,2026-06-26,True,True,False,0.5780354,12,MANUAL_REVIEW,-16.751086324453354,-16.751086324453354,0.17570550335570367
DSP-14472,ORD-06056,unauthorized_transaction,2026-08-15,15,pending,0.5659,False,RULE_UNAUTHORIZED_TRANSACTION,clean_fight,1,False,CUST-02851,226.15,digital_goods,2026-07-31,True,2026-08-02,True,True,False,0.6302671,5,CONCEDE,-157.46509903371333,-157.46509903371333,0.3050798657718118
DSP-00907,ORD-06236,item_not_received,2026-03-28,6,pending,0.5963,False,RULE_ITEM_NOT_RECEIVED,clean_fight,2,False,CUST-04092,588.37,digital_goods,2026-03-22,True,2026-03-26,True,True,False,0.6108291,14,MANUAL_REVIEW,59.393526341915106,59.393526341915106,0.13966590604026716
DSP-07978,ORD-07046,item_not_received,2026-06-08,6,pending,0.7682,True,RULE_ITEM_NOT_RECEIVED,clean_fight,0,False,CUST-05124,640.71,electronics,2026-06-02,True,2026-06-05,True,True,False,0.77391016,14,FIGHT,195.85198171019556,195.85198171019556,0.14177355704697842
DSP-14634,ORD-15053,not_as_described,2026-08-18,19,pending,0.4793,True,RULE_NOT_AS_DESCRIBED,clean_concede,0,False,CUST-01172,147.3,apparel,2026-07-30,True,2026-08-08,True,True,True,0.45294634,1,CONCEDE,-233.2810048431158,-233.2810048431158,0.38190469798657706
DSP-06948,ORD-14637,unauthorized_transaction,2026-05-29,9,pending,0.744,True,RULE_UNAUTHORIZED_TRANSACTION,clean_fight,0,False,CUST-03555,871.93,electronics,2026-05-20,True,2026-05-21,True,True,False,0.76093537,11,FIGHT,363.4823738104104,363.4823738104104,0.21108442953019924
DSP-10046,ORD-01315,duplicate_charge,2026-06-30,10,pending,0.3343,False,RULE_DUPLICATE_CHARGE,clean_concede,1,False,CUST-03958,624.99,electronics,2026-06-20,False,,True,True,False,0.32551354,10,MANUAL_REVIEW,-96.55729157388211,-96.55729157388211,0.22114053691275026
DSP-07066,ORD-03546,unauthorized_transaction,2026-05-30,21,pending,0.2149,True,RULE_UNAUTHORIZED_TRANSACTION,clean_concede,2,False,CUST-05783,1022.97,home_goods,2026-05-09,True,2026-05-17,False,True,False,0.24596578,0,MANUAL_REVIEW,-48.384387232661254,-48.384387232661254,0.43716657718120555
DSP-04601,ORD-10719,duplicate_charge,2026-05-05,21,pending,0.7348,True,RULE_DUPLICATE_CHARGE,clean_fight,0,False,CUST-01437,100.0,apparel,2026-04-14,True,2026-04-22,True,True,False,0.69863266,0,CONCEDE,-230.13673424720764,-230.13673424720764,0.4
DSP-11890,ORD-08741,unauthorized_transaction,2026-07-18,13,pending,0.6894,True,RULE_UNAUTHORIZED_TRANSACTION,clean_fight,1,False,CUST-04190,288.41,apparel,2026-07-05,True,2026-07-10,True,True,False,0.65471745,7,MANUAL_REVIEW,-111.17294157981871,-111.17294157981871,0.2675869798657713
DSP-06341,ORD-02738,not_as_described,2026-05-23,17,pending,0.6933,True,RULE_NOT_AS_DESCRIBED,clean_fight,1,False,CUST-02686,1374.29,home_goods,2026-05-06,True,2026-05-12,True,True,False,0.5495516,3,FIGHT,455.2432768547535,455.2432768547535,0.39131369127516435
DSP-12168,ORD-14960,item_not_received,2026-07-21,24,pending,0.5207,True,RULE_ITEM_NOT_RECEIVED,clean_fight,0,False,CUST-02201,1923.58,electronics,2026-06-27,True,2026-07-06,False,True,True,0.4465651,0,FIGHT,559.0036789190768,559.0036789190768,0.47343275167784743
DSP-02298,ORD-08860,item_not_received,2026-04-11,11,pending,0.2656,False,RULE_ITEM_NOT_RECEIVED,retry_needed,0,False,CUST-00433,665.51,apparel,2026-03-31,False,,True,True,False,0.3048088,9,MANUAL_REVIEW,-97.14669853866101,-97.14669853866101,0.24277221476509916
DSP-05116,ORD-05618,not_as_described,2026-05-10,22,pending,0.6381,True,RULE_NOT_AS_DESCRIBED,clean_fight,0,False,CUST-05944,245.14,home_goods,2026-04-18,True,2026-04-19,True,True,False,0.60411686,0,CONCEDE,-151.90679366230967,-151.90679366230967,0.4058445637583889
DSP-11713,ORD-11767,unauthorized_transaction,2026-07-17,9,pending,0.727,True,RULE_UNAUTHORIZED_TRANSACTION,clean_fight,0,False,CUST-02522,588.2,apparel,2026-07-08,True,2026-07-12,True,True,False,0.67759836,11,MANUAL_REVIEW,98.5633537054062,98.5633537054062,0.19965906040268325
DSP-05929,ORD-00456,item_not_received,2026-05-18,17,pending,0.6833,False,RULE_ITEM_NOT_RECEIVED,clean_fight,0,False,CUST-04526,564.65,digital_goods,2026-05-01,True,2026-05-06,True,True,False,0.7210096,3,MANUAL_REVIEW,107.11807746291157,107.11807746291157,0.3587107382550323
DSP-06555,ORD-07849,duplicate_charge,2026-05-25,16,pending,0.622,False,RULE_DUPLICATE_CHARGE,clean_fight,1,False,CUST-04287,923.07,apparel,2026-05-09,True,2026-05-17,True,True,False,0.5556791,4,FIGHT,212.93069102525715,212.93069102525715,0.3531437583892596
DSP-07968,ORD-07226,duplicate_charge,2026-06-08,24,pending,0.6215,True,RULE_DUPLICATE_CHARGE,clean_fight,0,False,CUST-01343,376.35,groceries,2026-05-15,True,2026-05-23,True,True,True,0.5649756,0,MANUAL_REVIEW,-87.37142567038535,-87.37142567038535,0.4111281879194624
DSP-13879,ORD-07160,unauthorized_transaction,2026-08-08,22,pending,0.5432,True,RULE_UNAUTHORIZED_TRANSACTION,clean_fight,2,False,CUST-04685,3830.42,electronics,2026-07-17,True,2026-07-18,True,True,True,0.43541673,0,FIGHT,1367.8289442545176,1367.8289442545176,0.550218255033547
DSP-11658,ORD-16539,not_as_described,2026-07-16,14,pending,0.4465,True,RULE_NOT_AS_DESCRIBED,clean_concede,1,False,CUST-03309,372.19,apparel,2026-07-02,True,2026-07-09,False,True,False,0.3899203,6,CONCEDE,-154.87556567013263,-154.87556567013263,0.2909606711409388
DSP-02279,ORD-19658,unauthorized_transaction,2026-04-11,16,pending,0.2947,True,RULE_UNAUTHORIZED_TRANSACTION,clean_concede,0,False,CUST-02178,592.89,groceries,2026-03-26,True,2026-03-31,False,True,False,0.30224326,4,MANUAL_REVIEW,-120.80299207895996,-120.80299207895996,0.33984791946308596
DSP-12646,ORD-10309,not_as_described,2026-07-26,14,pending,0.2102,False,RULE_NOT_AS_DESCRIBED,clean_concede,4,False,CUST-01146,1153.64,apparel,2026-07-12,False,,True,True,False,0.23715688,6,MANUAL_REVIEW,-26.40633363187311,-26.40633363187311,0.32242845637583606
DSP-09142,ORD-05590,duplicate_charge,2026-06-20,5,pending,0.3277,True,RULE_DUPLICATE_CHARGE,clean_concede,1,False,CUST-02816,1033.1,apparel,2026-06-15,False,,True,True,False,0.3880336,15,MANUAL_REVIEW,100.87751077711579,100.87751077711579,0.13757449664429278
DSP-02025,ORD-02223,unauthorized_transaction,2026-04-08,3,pending,0.4476,False,RULE_UNAUTHORIZED_TRANSACTION,clean_concede,2,False,CUST-03038,370.15,groceries,2026-04-05,False,,True,True,False,0.4318059,17,MANUAL_REVIEW,-140.16704290211203,-140.16704290211203,0.07087852348993216
DSP-05928,ORD-15922,unauthorized_transaction,2026-05-18,22,pending,0.4402,False,RULE_UNAUTHORIZED_TRANSACTION,clean_concede,2,False,CUST-02273,538.64,electronics,2026-04-26,False,,True,True,False,0.27308145,0,CONCEDE,-152.90740688085558,-152.90740688085558,0.4176633557046968
DSP-07566,ORD-14976,unauthorized_transaction,2026-06-04,14,pending,0.6908,True,RULE_UNAUTHORIZED_TRANSACTION,clean_fight,1,False,CUST-03603,355.01,groceries,2026-05-21,True,2026-05-24,True,True,False,0.57209444,6,MANUAL_REVIEW,-96.9007526922226,-96.9007526922226,0.29026885906040195
DSP-09343,ORD-13617,item_not_received,2026-06-23,21,pending,0.7136,False,RULE_ITEM_NOT_RECEIVED,clean_fight,0,False,CUST-04914,1621.65,groceries,2026-06-02,True,2026-06-06,True,True,False,0.7160177,0,FIGHT,861.1301406383516,861.1301406383516,0.4612744966442912
DSP-00750,ORD-11434,unauthorized_transaction,2026-03-26,2,pending,0.6465,True,RULE_UNAUTHORIZED_TRANSACTION,clean_fight,0,False,CUST-05407,964.74,apparel,2026-03-24,True,2026-03-30,True,False,False,0.692062,18,FIGHT,367.65991346597673,367.65991346597673,0.07482174496644062
DSP-00173,ORD-14659,unauthorized_transaction,2026-03-16,9,pending,0.7239,True,RULE_UNAUTHORIZED_TRANSACTION,clean_fight,0,False,CUST-05966,3029.56,digital_goods,2026-03-07,True,2026-03-12,True,True,False,0.71269536,11,FIGHT,1859.153355398178,1859.153355398178,0.2979688590603947
DSP-01185,ORD-02110,item_not_received,2026-03-31,7,pending,0.02,False,RULE_ITEM_NOT_RECEIVED,retry_needed,0,False,CUST-01092,667.36,apparel,2026-03-24,False,,False,True,True,0.07349816,13,CONCEDE,-250.95026817798615,-250.95026817798615,0.16284671140939444
DSP-00285,ORD-18787,not_as_described,2026-03-19,11,pending,0.2975,False,RULE_NOT_AS_DESCRIBED,clean_concede,1,False,CUST-05659,294.53,digital_goods,2026-03-08,True,2026-03-09,False,False,False,0.3271043,9,CONCEDE,-203.65797044426205,-203.65797044426205,0.22783342281879146
DSP-05494,ORD-15999,not_as_described,2026-05-14,13,pending,0.373,False,RULE_NOT_AS_DESCRIBED,clean_concede,1,False,CUST-02543,168.09,apparel,2026-05-01,True,2026-05-10,True,True,True,0.37539285,7,CONCEDE,-236.9002151352167,-236.9002151352167,0.2627418791946307
DSP-09269,ORD-07409,item_not_received,2026-06-22,10,pending,0.5201,False,RULE_ITEM_NOT_RECEIVED,clean_fight,2,False,CUST-01648,3154.53,home_goods,2026-06-12,True,2026-06-15,True,True,False,0.4872694,10,FIGHT,1237.1059452724458,1237.1059452724458,0.32300120805368304
DSP-10061,ORD-17315,not_as_described,2026-06-30,18,pending,0.6009,True,RULE_NOT_AS_DESCRIBED,clean_fight,0,False,CUST-04419,360.45,home_goods,2026-06-12,True,2026-06-21,True,True,False,0.5763656,2,MANUAL_REVIEW,-92.24902305006981,-92.24902305006981,0.37048791946308657
DSP-06914,ORD-07921,unauthorized_transaction,2026-05-29,8,pending,0.4969,True,RULE_UNAUTHORIZED_TRANSACTION,clean_concede,4,False,CUST-05740,445.35,groceries,2026-05-21,True,2026-05-25,True,True,False,0.4046648,12,MANUAL_REVIEW,-119.7825248748064,-119.7825248748064,0.17390671140939507
DSP-11923,ORD-18271,not_as_described,2026-07-19,8,pending,0.5622,False,RULE_NOT_AS_DESCRIBED,clean_fight,1,False,CUST-01251,100.0,apparel,2026-07-11,True,2026-07-18,True,True,False,0.61111796,12,CONCEDE,-238.8882040977478,-238.8882040977478,0.16000000000000003
DSP-11984,ORD-02906,item_not_received,2026-07-19,11,pending,0.5972,True,RULE_ITEM_NOT_RECEIVED,clean_fight,3,False,CUST-00263,2413.04,electronics,2026-07-08,True,2026-07-16,True,True,False,0.42145464,9,FIGHT,716.9869002652168,716.9869002652168,0.31314255033556426
DSP-07161,ORD-10630,duplicate_charge,2026-05-31,3,pending,0.3183,False,RULE_DUPLICATE_CHARGE,clean_concede,2,False,CUST-02634,2583.89,groceries,2026-05-28,False,,True,True,False,0.37064436,17,FIGHT,657.704257377684,657.704257377684,0.16002241610737583
DSP-06951,ORD-18813,item_not_received,2026-05-29,9,pending,0.4303,True,RULE_ITEM_NOT_RECEIVED,clean_concede,0,False,CUST-01237,436.72,groceries,2026-05-20,True,2026-05-28,False,True,False,0.503032,11,MANUAL_REVIEW,-80.31585243701934,-80.31585243701934,0.19355919463087157
DSP-14329,ORD-03076,not_as_described,2026-08-13,11,pending,0.359,False,RULE_NOT_AS_DESCRIBED,clean_concede,3,False,CUST-02765,1879.33,groceries,2026-08-02,True,2026-08-06,True,False,False,0.40700993,9,FIGHT,464.90597065418956,464.90597065418956,0.2916508724832167
DSP-05424,ORD-02869,duplicate_charge,2026-05-13,8,pending,0.6186,False,RULE_DUPLICATE_CHARGE,clean_fight,0,False,CUST-03674,460.87,groceries,2026-05-05,True,2026-05-11,True,True,False,0.6049311,12,MANUAL_REVIEW,-21.205396521091473,-21.205396521091473,0.17453167785234805
DSP-04983,ORD-04430,item_not_received,2026-05-08,8,pending,0.6281,False,RULE_ITEM_NOT_RECEIVED,clean_fight,1,False,CUST-02768,307.07,apparel,2026-04-30,True,2026-05-04,True,True,False,0.6379036,12,MANUAL_REVIEW,-104.11895041346551,-104.11895041346551,0.16833838926174444
DSP-08829,ORD-02135,duplicate_charge,2026-06-17,3,pending,0.5141,False,RULE_DUPLICATE_CHARGE,clean_fight,3,False,CUST-04222,1945.74,electronics,2026-06-14,True,2026-06-23,True,True,False,0.47970155,17,FIGHT,633.3744915908575,633.3744915908575,0.13432510067113596
DSP-07193,ORD-13657,duplicate_charge,2026-06-01,21,pending,0.6341,False,RULE_DUPLICATE_CHARGE,clean_fight,1,False,CUST-01669,116.4,home_goods,2026-05-11,True,2026-05-15,True,True,True,0.4846911,0,CONCEDE,-243.58195441961288,-243.58195441961288,0.4006604026845637
DSP-11460,ORD-10670,unauthorized_transaction,2026-07-14,13,pending,0.5967,False,RULE_UNAUTHORIZED_TRANSACTION,clean_fight,4,False,CUST-05710,101.73,apparel,2026-07-01,True,2026-07-06,True,True,False,0.48435992,7,CONCEDE,-250.72606533586978,-250.72606533586978,0.2600696644295302
DSP-01707,ORD-04858,not_as_described,2026-04-05,3,pending,0.6964,False,RULE_NOT_AS_DESCRIBED,clean_fight,0,False,CUST-00662,542.01,groceries,2026-04-02,True,2026-04-10,True,True,False,0.5337283,17,MANUAL_REVIEW,-10.713923290371895,-10.713923290371895,0.07779906040268338
DSP-11380,ORD-01598,item_not_received,2026-07-13,19,pending,0.6194,True,RULE_ITEM_NOT_RECEIVED,clean_fight,1,False,CUST-00791,3727.81,apparel,2026-06-24,True,2026-07-03,True,True,False,0.6216711,1,FIGHT,2017.4716709315776,2017.4716709315776,0.5260863087248224
DSP-03563,ORD-07119,unauthorized_transaction,2026-04-24,17,pending,0.2046,False,RULE_UNAUTHORIZED_TRANSACTION,clean_concede,2,False,CUST-04115,375.74,digital_goods,2026-04-07,True,2026-04-13,False,True,False,0.30960312,3,CONCEDE,-183.66972186625003,-183.66972186625003,0.3511036241610731
DSP-00633,ORD-16753,not_as_described,2026-03-25,13,pending,0.0695,False,RULE_NOT_AS_DESCRIBED,clean_concede,1,False,CUST-05274,552.49,groceries,2026-03-12,False,,False,True,False,0.076286025,7,CONCEDE,-257.85273385696115,-257.85273385696115,0.27822107382550215
DSP-01662,ORD-19242,duplicate_charge,2026-04-05,19,pending,0.3476,False,RULE_DUPLICATE_CHARGE,clean_concede,1,False,CUST-00983,268.81,electronics,2026-03-17,True,2026-03-21,False,True,False,0.42743757,1,CONCEDE,-185.10050582140684,-185.10050582140684,0.38679771812080493
DSP-08503,ORD-03169,item_not_received,2026-06-13,15,pending,0.6653,True,RULE_ITEM_NOT_RECEIVED,clean_fight,2,False,CUST-03899,564.23,electronics,2026-05-29,True,2026-06-07,True,True,False,0.578053,5,MANUAL_REVIEW,26.154842829704307,26.154842829704307,0.3186938255033545
DSP-05744,ORD-14866,unauthorized_transaction,2026-05-17,20,pending,0.752,True,RULE_UNAUTHORIZED_TRANSACTION,clean_fight,0,False,CUST-02498,1373.24,electronics,2026-04-27,True,2026-05-05,True,True,False,0.6946288,0,FIGHT,653.8920191454887,653.8920191454887,0.4512714093959697
DSP-06578,ORD-13868,unauthorized_transaction,2026-05-25,24,pending,0.1763,False,RULE_UNAUTHORIZED_TRANSACTION,clean_concede,4,False,CUST-00843,1341.32,electronics,2026-05-01,True,2026-05-07,False,True,False,0.10640041,0,CONCEDE,-157.2830049416423,-157.2830049416423,0.449986040268453
DSP-08395,ORD-19904,item_not_received,2026-06-12,17,pending,0.0483,False,RULE_ITEM_NOT_RECEIVED,retry_needed,2,False,CUST-02270,304.21,digital_goods,2026-05-26,False,,True,False,False,0.13470459,3,CONCEDE,-259.0215167236328,-259.0215167236328,0.3482232214765095
DSP-13617,ORD-16480,not_as_described,2026-08-05,2,pending,0.5803,False,RULE_NOT_AS_DESCRIBED,clean_fight,2,False,CUST-03024,689.26,electronics,2026-08-03,True,2026-08-06,True,True,False,0.59218657,18,MANUAL_REVIEW,108.17051535367966,108.17051535367966,0.06372859060402525
DSP-07549,ORD-15573,item_not_received,2026-06-04,16,pending,0.4342,False,RULE_ITEM_NOT_RECEIVED,clean_concede,0,False,CUST-03328,3134.36,groceries,2026-05-19,True,2026-05-21,False,True,False,0.4928767,4,FIGHT,1244.8530400776863,1244.8530400776863,0.44218899328858247
DSP-06079,ORD-11105,unauthorized_transaction,2026-05-20,9,pending,0.5365,False,RULE_UNAUTHORIZED_TRANSACTION,clean_fight,2,False,CUST-02755,1595.97,electronics,2026-05-11,True,2026-05-13,True,True,False,0.65091,11,FIGHT,738.832864419222,738.832864419222,0.2402404026845597
DSP-04484,ORD-14175,duplicate_charge,2026-05-04,5,pending,0.4419,False,RULE_DUPLICATE_CHARGE,clean_concede,2,False,CUST-01398,779.07,digital_goods,2026-04-29,True,2026-05-07,True,True,False,0.6102547,15,FIGHT,175.43113298714167,175.43113298714167,0.1273451006711391
DSP-14594,ORD-19401,duplicate_charge,2026-08-17,21,pending,0.5428,True,RULE_DUPLICATE_CHARGE,clean_fight,3,False,CUST-03235,1834.08,apparel,2026-07-27,True,2026-08-04,True,True,False,0.4174629,0,FIGHT,465.6603288173675,465.6603288173675,0.4698287248322101
DSP-06524,ORD-06033,unauthorized_transaction,2026-05-24,8,pending,0.3699,False,RULE_UNAUTHORIZED_TRANSACTION,clean_concede,0,False,CUST-01959,878.55,electronics,2026-05-16,False,,True,False,False,0.4718358,12,MANUAL_REVIEW,114.53133511841293,114.53133511841293,0.1913510067114073
DSP-06420,ORD-00640,item_not_received,2026-05-23,7,pending,0.4592,True,RULE_ITEM_NOT_RECEIVED,clean_concede,2,False,CUST-00994,1205.93,electronics,2026-05-16,True,2026-05-18,False,False,False,0.3217052,13,MANUAL_REVIEW,87.95394258350137,87.95394258350137,0.18453409395972853
DSP-09914,ORD-00291,item_not_received,2026-06-28,3,pending,0.6292,False,RULE_ITEM_NOT_RECEIVED,clean_fight,0,False,CUST-01503,506.91,apparel,2026-06-25,True,2026-06-28,True,True,True,0.60195154,17,MANUAL_REVIEW,5.135254896283186,5.135254896283186,0.07638563758389152
DSP-03277,ORD-19197,unauthorized_transaction,2026-04-21,18,pending,0.1605,False,RULE_UNAUTHORIZED_TRANSACTION,clean_concede,2,False,CUST-03183,844.0,apparel,2026-04-03,True,2026-04-09,False,False,False,0.18865241,2,MANUAL_REVIEW,-140.77736502885818,-140.77736502885818,0.3899597315436222
DSP-01502,ORD-05750,item_not_received,2026-04-04,9,pending,0.5802,False,RULE_ITEM_NOT_RECEIVED,clean_fight,3,False,CUST-05765,431.25,apparel,2026-03-26,True,2026-04-03,True,True,False,0.5580597,11,MANUAL_REVIEW,-59.33675765991211,-59.33675765991211,0.19333892617449575
DSP-12020,ORD-04964,not_as_described,2026-07-20,8,pending,0.5097,False,RULE_NOT_AS_DESCRIBED,clean_fight,0,False,CUST-02070,1967.45,digital_goods,2026-07-12,True,2026-07-17,True,False,False,0.65196735,12,FIGHT,982.7131562024356,982.7131562024356,0.23519932885905537
DSP-11053,ORD-01912,item_not_received,2026-07-10,21,pending,0.4285,False,RULE_ITEM_NOT_RECEIVED,clean_concede,0,False,CUST-03085,864.56,groceries,2026-06-19,True,2026-06-23,True,True,False,0.6769685,0,FIGHT,285.27989925861357,285.27989925861357,0.43078765100670935
DSP-03987,ORD-00218,duplicate_charge,2026-04-29,2,pending,0.3586,False,RULE_DUPLICATE_CHARGE,clean_concede,0,False,CUST-01647,100.0,apparel,2026-04-27,True,2026-05-02,False,False,False,0.30305147,18,CONCEDE,-269.6948528289795,-269.6948528289795,0.039999999999999994
DSP-11487,ORD-17229,item_not_received,2026-07-14,6,pending,0.6804,True,RULE_ITEM_NOT_RECEIVED,clean_fight,0,False,CUST-01564,494.33,digital_goods,2026-07-08,True,2026-07-17,True,False,False,0.64617693,14,MANUAL_REVIEW,19.42464390397072,19.42464390397072,0.13587906040268352
DSP-13741,ORD-02406,not_as_described,2026-08-06,2,pending,0.4384,True,RULE_NOT_AS_DESCRIBED,clean_concede,2,False,CUST-03035,233.3,groceries,2026-08-04,True,2026-08-11,True,True,False,0.4973565,18,CONCEDE,-183.9667275696993,-183.9667275696993,0.04536778523489896
DSP-07169,ORD-02464,not_as_described,2026-05-31,23,pending,0.5549,False,RULE_NOT_AS_DESCRIBED,clean_fight,0,False,CUST-03303,2980.59,electronics,2026-05-08,True,2026-05-15,True,True,False,0.61473006,0,FIGHT,1532.2582698351146,1532.2582698351146,0.5159969127516701
DSP-04617,ORD-02992,unauthorized_transaction,2026-05-05,23,pending,0.1701,True,RULE_UNAUTHORIZED_TRANSACTION,clean_concede,3,False,CUST-02705,4720.3,digital_goods,2026-04-12,True,2026-04-18,False,True,False,0.22790153,0,FIGHT,775.7636073812844,775.7636073812844,0.5860523489932761
DSP-08380,ORD-15110,item_not_received,2026-06-12,5,pending,0.3934,False,RULE_ITEM_NOT_RECEIVED,retry_needed,0,False,CUST-03612,2626.78,apparel,2026-06-07,False,,True,True,False,0.3355091,15,FIGHT,581.3085716742278,581.3085716742278,0.20174953020133546
DSP-14599,ORD-05293,not_as_described,2026-08-17,20,pending,0.4887,False,RULE_NOT_AS_DESCRIBED,clean_concede,0,False,CUST-01645,806.39,home_goods,2026-07-28,True,2026-08-04,False,True,False,0.37662163,0,MANUAL_REVIEW,3.703919254243374,3.703919254243374,0.42844523489932695
DSP-00949,ORD-11128,item_not_received,2026-03-29,2,pending,0.6567,True,RULE_ITEM_NOT_RECEIVED,clean_fight,1,False,CUST-04478,304.22,apparel,2026-03-27,True,2026-03-29,True,True,False,0.6987051,18,MANUAL_REVIEW,-87.43994142293928,-87.43994142293928,0.048223624161073265
DSP-09428,ORD-03683,duplicate_charge,2026-06-23,14,pending,0.3046,True,RULE_DUPLICATE_CHARGE,clean_concede,3,False,CUST-01087,270.13,groceries,2026-06-09,True,2026-06-18,True,True,False,0.3024607,6,CONCEDE,-218.2962910351157,-218.2962910351157,0.286850872483221
DSP-13934,ORD-14700,not_as_described,2026-08-08,3,pending,0.3329,False,RULE_NOT_AS_DESCRIBED,clean_concede,3,False,CUST-01293,639.09,groceries,2026-08-05,False,,True,True,False,0.27039218,17,MANUAL_REVIEW,-127.19506201028824,-127.19506201028824,0.08170832214764956
DSP-03667,ORD-02400,item_not_received,2026-04-25,1,pending,0.5762,True,RULE_ITEM_NOT_RECEIVED,clean_fight,2,False,CUST-02560,868.69,home_goods,2026-04-24,True,2026-05-03,True,True,False,0.6390506,19,FIGHT,255.13686824440958,255.13686824440958,0.050953959731541563
DSP-00691,ORD-02399,item_not_received,2026-03-26,4,pending,0.2429,False,RULE_ITEM_NOT_RECEIVED,retry_needed,0,False,CUST-01176,548.41,electronics,2026-03-22,False,,True,True,False,0.23343103,16,CONCEDE,-171.98409084513784,-171.98409084513784,0.09805677852348871
DSP-12424,ORD-09689,item_not_received,2026-07-24,3,pending,0.5119,False,RULE_ITEM_NOT_RECEIVED,clean_fight,2,False,CUST-00361,705.93,digital_goods,2026-07-21,True,2026-07-25,True,True,True,0.526235,17,MANUAL_REVIEW,71.48506253600118,71.48506253600118,0.08439986577181045
DSP-09038,ORD-03255,duplicate_charge,2026-06-19,9,pending,0.6837,False,RULE_DUPLICATE_CHARGE,clean_fight,0,False,CUST-00672,456.77,groceries,2026-06-10,True,2026-06-14,True,True,False,0.60868037,11,MANUAL_REVIEW,-21.973068550825133,-21.973068550825133,0.1943665771812071
DSP-07256,ORD-04946,unauthorized_transaction,2026-06-01,21,pending,0.6558,True,RULE_UNAUTHORIZED_TRANSACTION,clean_fight,0,False,CUST-02095,539.83,apparel,2026-05-11,True,2026-05-18,True,True,False,0.6696589,0,MANUAL_REVIEW,61.5019636130333,61.5019636130333,0.41771127516778406
DSP-03668,ORD-08361,unauthorized_transaction,2026-04-25,13,pending,0.7018,True,RULE_UNAUTHORIZED_TRANSACTION,clean_fight,0,False,CUST-03432,606.88,groceries,2026-04-12,True,2026-04-16,True,True,False,0.6630181,7,MANUAL_REVIEW,102.37242902755736,102.37242902755736,0.28041127516778386
DSP-03562,ORD-09143,duplicate_charge,2026-04-24,10,pending,0.7237,True,RULE_DUPLICATE_CHARGE,clean_fight,0,False,CUST-01654,784.94,apparel,2026-04-14,True,2026-04-21,True,True,False,0.6480437,10,FIGHT,208.67541568636898,208.67541568636898,0.22758147651006527
DSP-00167,ORD-02450,duplicate_charge,2026-03-16,8,pending,0.2124,False,RULE_DUPLICATE_CHARGE,clean_concede,1,False,CUST-04054,654.16,apparel,2026-03-08,False,,True,True,False,0.28643084,12,MANUAL_REVIEW,-112.62840450286865,-112.62840450286865,0.18231516778523343
DSP-04352,ORD-07562,duplicate_charge,2026-05-02,15,pending,0.48,False,RULE_DUPLICATE_CHARGE,clean_concede,1,False,CUST-01692,2385.26,electronics,2026-04-17,True,2026-04-19,True,True,True,0.38592103,5,FIGHT,620.5219989675285,620.5219989675285,0.3920238926174435
DSP-05546,ORD-18426,unauthorized_transaction,2026-05-14,18,pending,0.7189,False,RULE_UNAUTHORIZED_TRANSACTION,clean_fight,1,False,CUST-04446,1456.02,digital_goods,2026-04-26,True,2026-05-03,True,True,False,0.69542605,2,FIGHT,712.5542327320576,712.5542327320576,0.41460483221476147
DSP-05282,ORD-15215,not_as_described,2026-05-12,4,pending,0.7148,True,RULE_NOT_AS_DESCRIBED,clean_fight,0,False,CUST-05735,119.89,digital_goods,2026-05-08,True,2026-05-10,True,True,False,0.6927125,16,CONCEDE,-216.9507000786066,-216.9507000786066,0.08080093959731537
DSP-09014,ORD-15597,unauthorized_transaction,2026-06-19,12,pending,0.338,False,RULE_UNAUTHORIZED_TRANSACTION,clean_concede,1,False,CUST-03662,685.2,apparel,2026-06-07,False,,True,False,False,0.42646772,8,MANUAL_REVIEW,-7.78432052135463,-7.78432052135463,0.26356510067113936
DSP-04130,ORD-01260,item_not_received,2026-04-30,7,pending,0.2103,False,RULE_ITEM_NOT_RECEIVED,retry_needed,1,False,CUST-01362,2838.53,apparel,2026-04-23,False,,True,True,False,0.26925218,13,FIGHT,464.28039348483094,464.28039348483094,0.25027637583891876
DSP-04607,ORD-02434,item_not_received,2026-05-05,22,pending,0.8715,True,RULE_ITEM_NOT_RECEIVED,clean_fight,0,False,CUST-03824,5354.41,digital_goods,2026-04-13,True,2026-04-22,True,True,False,0.7484551,0,FIGHT,3707.5355106073616,3707.5355106073616,0.6115869798657576
DSP-10986,ORD-07675,unauthorized_transaction,2026-07-09,19,pending,0.2081,False,RULE_UNAUTHORIZED_TRANSACTION,clean_concede,0,False,CUST-05685,297.38,digital_goods,2026-06-20,False,,False,True,False,0.21818613,1,CONCEDE,-235.1158101001382,-235.1158101001382,0.38794818791946256
DSP-00460,ORD-13892,unauthorized_transaction,2026-03-22,9,pending,0.2621,False,RULE_UNAUTHORIZED_TRANSACTION,clean_concede,2,False,CUST-03709,1224.1,groceries,2026-03-13,True,2026-03-14,False,True,False,0.22315653,11,MANUAL_REVIEW,-26.834095685184025,-26.834095685184025,0.2252657718120775
DSP-11327,ORD-05295,unauthorized_transaction,2026-07-13,14,pending,0.681,False,RULE_UNAUTHORIZED_TRANSACTION,clean_fight,1,False,CUST-05113,829.43,digital_goods,2026-06-29,True,2026-07-01,True,True,False,0.6909988,6,FIGHT,273.13512858629224,273.13512858629224,0.3093730201342262
DSP-12894,ORD-14979,item_not_received,2026-07-29,7,pending,0.7144,True,RULE_ITEM_NOT_RECEIVED,clean_fight,1,False,CUST-00303,1155.39,home_goods,2026-07-22,True,2026-07-27,True,True,False,0.6286297,13,FIGHT,426.31245111465455,426.31245111465455,0.1824989261744938
DSP-08229,ORD-11304,item_not_received,2026-06-11,3,pending,0.5609,True,RULE_ITEM_NOT_RECEIVED,clean_fight,0,False,CUST-02022,239.21,home_goods,2026-06-08,True,2026-06-10,False,True,False,0.6371404,17,MANUAL_REVIEW,-147.58964652895926,-147.58964652895926,0.06560577181208017
DSP-05615,ORD-12751,not_as_described,2026-05-15,15,pending,0.5292,True,RULE_NOT_AS_DESCRIBED,clean_fight,0,False,CUST-02998,137.27,electronics,2026-04-30,True,2026-05-06,True,False,False,0.51888406,5,CONCEDE,-228.77278470396993,-228.77278470396993,0.30150080536912743
DSP-03183,ORD-09227,unauthorized_transaction,2026-04-20,22,pending,0.3843,False,RULE_UNAUTHORIZED_TRANSACTION,clean_concede,0,False,CUST-05309,452.16,apparel,2026-03-29,True,2026-04-04,False,True,False,0.34262258,0,MANUAL_REVIEW,-145.07977506637573,-145.07977506637573,0.4141809395973145
DSP-09503,ORD-02150,not_as_described,2026-06-24,20,pending,0.3493,False,RULE_NOT_AS_DESCRIBED,clean_concede,0,False,CUST-03014,320.16,home_goods,2026-06-04,True,2026-06-09,True,True,True,0.47468716,0,MANUAL_REVIEW,-148.02415915489195,-148.02415915489195,0.40886550335570415
DSP-11791,ORD-15990,not_as_described,2026-07-17,24,pending,0.6762,True,RULE_NOT_AS_DESCRIBED,clean_fight,0,False,CUST-03771,1262.62,electronics,2026-06-23,True,2026-06-27,True,True,False,0.58826315,0,FIGHT,442.7528235411644,442.7528235411644,0.44681691275167473
DSP-05181,ORD-18240,unauthorized_transaction,2026-05-10,22,pending,0.3157,False,RULE_UNAUTHORIZED_TRANSACTION,clean_concede,0,False,CUST-04245,4377.71,digital_goods,2026-04-18,True,2026-04-27,False,True,False,0.39532766,0,FIGHT,1430.6298393443226,1430.6298393443226,0.5722567785234784
DSP-14195,ORD-04405,item_not_received,2026-08-11,21,pending,0.7142,False,RULE_ITEM_NOT_RECEIVED,clean_fight,0,False,CUST-03074,298.31,apparel,2026-07-21,True,2026-07-29,True,True,False,0.7624585,0,MANUAL_REVIEW,-72.55100389659404,-72.55100389659404,0.4079856375838921
DSP-11404,ORD-19256,not_as_described,2026-07-13,24,pending,0.2371,True,RULE_NOT_AS_DESCRIBED,clean_concede,4,False,CUST-00705,210.65,electronics,2026-06-19,True,2026-06-22,True,True,True,0.45602307,0,CONCEDE,-203.93874088674784,-203.93874088674784,0.4044557046979863
DSP-08350,ORD-19700,unauthorized_transaction,2026-06-12,6,pending,0.1922,False,RULE_UNAUTHORIZED_TRANSACTION,clean_concede,2,False,CUST-03329,1312.54,groceries,2026-06-06,True,2026-06-09,False,True,False,0.33275804,14,MANUAL_REVIEW,136.7582368189096,136.7582368189096,0.16882711409395648
DSP-06078,ORD-15713,unauthorized_transaction,2026-05-20,1,pending,0.7345,True,RULE_UNAUTHORIZED_TRANSACTION,clean_fight,0,False,CUST-04295,806.38,electronics,2026-05-19,True,2026-05-20,True,True,False,0.78479147,19,FIGHT,332.84014523506164,332.84014523506164,0.04844483221476321
DSP-14724,ORD-15333,not_as_described,2026-08-19,21,pending,0.392,False,RULE_NOT_AS_DESCRIBED,clean_concede,2,False,CUST-03714,301.22,apparel,2026-07-29,False,,True,True,False,0.40585232,0,CONCEDE,-177.74916482925414,-177.74916482925414,0.40810281879194577
DSP-05920,ORD-13627,not_as_described,2026-05-18,6,pending,0.4981,True,RULE_NOT_AS_DESCRIBED,clean_concede,3,False,CUST-05048,1641.51,home_goods,2026-05-12,True,2026-05-16,True,True,False,0.4745709,14,FIGHT,479.0128783902526,479.0128783902526,0.18207422818791533
DSP-07239,ORD-19486,item_not_received,2026-06-01,22,pending,0.7287,True,RULE_ITEM_NOT_RECEIVED,clean_fight,0,False,CUST-02875,305.46,home_goods,2026-05-10,True,2026-05-15,True,True,False,0.7791433,0,MANUAL_REVIEW,-62.00289557576181,-62.00289557576181,0.4082735570469793
DSP-13941,ORD-11506,not_as_described,2026-08-08,17,pending,0.3268,False,RULE_NOT_AS_DESCRIBED,clean_concede,3,False,CUST-02470,1061.3,electronics,2026-07-22,True,2026-07-29,True,False,True,0.46650317,3,FIGHT,195.09981762468811,195.09981762468811,0.3787100671140914
DSP-06301,ORD-06230,not_as_described,2026-05-22,13,pending,0.4136,True,RULE_NOT_AS_DESCRIBED,clean_concede,1,False,CUST-01194,306.86,apparel,2026-05-09,False,,True,True,False,0.40516078,7,CONCEDE,-175.67236160039903,-175.67236160039903,0.2683299328859055
DSP-05770,ORD-13008,item_not_received,2026-05-17,5,pending,0.0849,False,RULE_ITEM_NOT_RECEIVED,retry_needed,0,False,CUST-02743,871.16,groceries,2026-05-12,False,,True,False,False,0.29529944,15,MANUAL_REVIEW,-42.74693930745127,-42.74693930745127,0.13105342281878987
DSP-05726,ORD-10240,item_not_received,2026-05-16,8,pending,0.7529,True,RULE_ITEM_NOT_RECEIVED,clean_fight,1,False,CUST-02828,212.68,apparel,2026-05-08,True,2026-05-15,True,True,False,0.7299968,12,MANUAL_REVIEW,-144.74428048610687,-144.74428048610687,0.16453744966442926
DSP-11307,ORD-00408,not_as_described,2026-07-13,5,pending,0.4739,True,RULE_NOT_AS_DESCRIBED,clean_concede,1,False,CUST-02452,1084.01,groceries,2026-07-08,True,2026-07-14,True,False,False,0.62057763,15,FIGHT,372.71236036121843,372.71236036121843,0.1396245637583866
DSP-07473,ORD-18717,item_not_received,2026-06-03,4,pending,0.6115,False,RULE_ITEM_NOT_RECEIVED,clean_fight,2,False,CUST-01015,490.47,home_goods,2026-05-30,True,2026-06-05,True,True,False,0.60959005,16,MANUAL_REVIEW,-1.0143664312362262,-1.0143664312362262,0.09572362416107276
DSP-07224,ORD-08225,unauthorized_transaction,2026-06-01,20,pending,0.6232,True,RULE_UNAUTHORIZED_TRANSACTION,clean_fight,3,False,CUST-00935,1068.78,electronics,2026-05-12,True,2026-05-19,True,True,False,0.6211381,0,FIGHT,363.85997408866876,363.85997408866876,0.43901127516778266
DSP-10522,ORD-07248,item_not_received,2026-07-05,12,pending,0.1683,False,RULE_ITEM_NOT_RECEIVED,retry_needed,1,False,CUST-02745,2106.22,digital_goods,2026-06-23,False,,True,True,False,0.2996108,8,FIGHT,331.046245676279,331.046245676279,0.3207873825503301
DSP-00354,ORD-15035,item_not_received,2026-03-20,7,pending,0.2061,False,RULE_ITEM_NOT_RECEIVED,retry_needed,0,False,CUST-00894,100.0,apparel,2026-03-13,False,,True,True,False,0.25626233,13,CONCEDE,-274.3737667798996,-274.3737667798996,0.13999999999999999
DSP-12605,ORD-03025,unauthorized_transaction,2026-07-26,2,pending,0.7403,True,RULE_UNAUTHORIZED_TRANSACTION,clean_fight,0,False,CUST-05698,249.33,digital_goods,2026-07-24,True,2026-07-25,True,True,False,0.6976564,18,MANUAL_REVIEW,-126.0533315205574,-126.0533315205574,0.04601328859060362
DSP-00112,ORD-09664,item_not_received,2026-03-15,6,pending,0.7895,False,RULE_ITEM_NOT_RECEIVED,clean_fight,0,False,CUST-02478,318.69,electronics,2026-03-09,True,2026-03-17,True,True,False,0.7640256,14,MANUAL_REVIEW,-56.51267243206502,-56.51267243206502,0.12880630872483165
DSP-12452,ORD-12546,not_as_described,2026-07-24,14,pending,0.3399,False,RULE_NOT_AS_DESCRIBED,clean_concede,4,False,CUST-03592,2482.38,apparel,2026-07-10,True,2026-07-11,True,True,False,0.3105346,6,FIGHT,470.86487151861195,470.86487151861195,0.3759347651006647
DSP-07956,ORD-15677,not_as_described,2026-06-08,10,pending,0.5054,False,RULE_NOT_AS_DESCRIBED,clean_fight,2,False,CUST-04481,203.88,digital_goods,2026-05-29,True,2026-06-06,True,False,False,0.4430898,10,CONCEDE,-209.6628489267826,-209.6628489267826,0.20418308724832188
DSP-08640,ORD-15653,not_as_described,2026-06-15,14,pending,0.4198,True,RULE_NOT_AS_DESCRIBED,clean_concede,4,False,CUST-04544,573.82,electronics,2026-06-01,True,2026-06-04,True,True,False,0.41732955,6,MANUAL_REVIEW,-60.527957739829986,-60.527957739829986,0.2990799999999987
DSP-01224,ORD-14493,unauthorized_transaction,2026-04-01,12,pending,0.1425,True,RULE_UNAUTHORIZED_TRANSACTION,clean_concede,2,False,CUST-04478,177.4,digital_goods,2026-03-20,True,2026-03-23,False,True,True,0.15198979,8,CONCEDE,-273.037011641264,-273.037011641264,0.2431167785234897
DSP-07014,ORD-18107,item_not_received,2026-05-30,16,pending,0.1481,False,RULE_ITEM_NOT_RECEIVED,retry_needed,0,False,CUST-00451,100.0,apparel,2026-05-14,False,,True,True,False,0.23214845,4,CONCEDE,-276.7851546406746,-276.7851546406746,0.32000000000000006
DSP-01482,ORD-10550,duplicate_charge,2026-04-03,5,pending,0.1489,False,RULE_DUPLICATE_CHARGE,clean_concede,3,False,CUST-00236,452.6,apparel,2026-03-29,False,,True,True,False,0.2691443,15,CONCEDE,-178.18529133796693,-178.18529133796693,0.11419865771811986
DSP-11538,ORD-05569,not_as_described,2026-07-15,13,pending,0.6711,False,RULE_NOT_AS_DESCRIBED,clean_fight,0,False,CUST-02441,103.75,electronics,2026-07-02,True,2026-07-11,True,True,False,0.65519375,7,CONCEDE,-232.0236488431692,-232.0236488431692,0.2601510067114094
DSP-12710,ORD-15850,duplicate_charge,2026-07-27,19,pending,0.658,True,RULE_DUPLICATE_CHARGE,clean_fight,0,False,CUST-05967,731.39,apparel,2026-07-08,True,2026-07-17,True,True,False,0.662659,1,FIGHT,184.66215827882291,184.66215827882291,0.40542510067113924
DSP-12183,ORD-14328,duplicate_charge,2026-07-21,12,pending,0.3999,False,RULE_DUPLICATE_CHARGE,clean_concede,2,False,CUST-00263,172.45,electronics,2026-07-09,True,2026-07-16,True,True,False,0.52562773,8,CONCEDE,-209.35549756884575,-209.35549756884575,0.24291744966442932
DSP-09457,ORD-14058,item_not_received,2026-06-24,23,pending,0.6621,True,RULE_ITEM_NOT_RECEIVED,clean_fight,0,False,CUST-00836,703.98,home_goods,2026-06-01,True,2026-06-09,True,True,True,0.5340984,0,MANUAL_REVIEW,75.99458231449125,75.99458231449125,0.42432134228187757
DSP-09594,ORD-17732,item_not_received,2026-06-25,22,pending,0.5069,False,RULE_ITEM_NOT_RECEIVED,clean_fight,1,False,CUST-03135,1646.65,groceries,2026-06-03,True,2026-06-04,False,True,False,0.5573531,0,FIGHT,617.7654480606318,617.7654480606318,0.4622812080536871
DSP-00723,ORD-13160,unauthorized_transaction,2026-03-26,3,pending,0.2753,True,RULE_UNAUTHORIZED_TRANSACTION,clean_concede,0,False,CUST-01313,112.24,electronics,2026-03-23,True,2026-03-30,False,False,False,0.1963611,17,CONCEDE,-277.9604307293892,-277.9604307293892,0.060492885906040246
DSP-09218,ORD-16186,item_not_received,2026-06-21,19,pending,0.7533,False,RULE_ITEM_NOT_RECEIVED,clean_fight,0,False,CUST-03175,3094.35,apparel,2026-06-02,True,2026-06-07,True,True,False,0.70549816,1,FIGHT,1883.0582280904055,1883.0582280904055,0.5005778523489852
DSP-07942,ORD-09147,not_as_described,2026-06-08,16,pending,0.5819,True,RULE_NOT_AS_DESCRIBED,clean_fight,1,False,CUST-04016,2926.39,electronics,2026-05-23,True,2026-05-28,True,True,False,0.5444452,4,FIGHT,1293.2590375691652,1293.2590375691652,0.4338143624160998
DSP-01974,ORD-14519,duplicate_charge,2026-04-08,3,pending,0.7678,False,RULE_DUPLICATE_CHARGE,clean_fight,0,False,CUST-03190,1667.93,groceries,2026-04-05,True,2026-04-08,True,True,False,0.6865857,17,FIGHT,845.1769272214174,845.1769272214174,0.1231381208053649
DSP-08199,ORD-04739,item_not_received,2026-06-10,2,pending,0.62,False,RULE_ITEM_NOT_RECEIVED,clean_fight,0,False,CUST-04788,2048.18,apparel,2026-06-08,True,2026-06-13,False,True,False,0.63623637,18,FIGHT,1003.1266075074673,1003.1266075074673,0.1184502013422766
DSP-08405,ORD-11791,unauthorized_transaction,2026-06-12,24,pending,0.3426,False,RULE_UNAUTHORIZED_TRANSACTION,clean_concede,0,False,CUST-05361,665.5,electronics,2026-05-19,True,2026-05-25,False,True,False,0.29664832,0,MANUAL_REVIEW,-102.58054068684578,-102.58054068684578,0.4227718120805354
DSP-03324,ORD-11641,duplicate_charge,2026-04-22,23,pending,0.242,False,RULE_DUPLICATE_CHARGE,clean_concede,5,False,CUST-03262,210.65,apparel,2026-03-30,True,2026-04-03,True,True,False,0.27407992,0,CONCEDE,-242.26506509184838,-242.26506509184838,0.4044557046979863
DSP-09557,ORD-04328,not_as_described,2026-06-25,17,pending,0.2931,True,RULE_NOT_AS_DESCRIBED,clean_concede,2,False,CUST-02642,279.02,apparel,2026-06-08,False,,True,True,False,0.31888786,3,CONCEDE,-211.02390941917895,-211.02390941917895,0.3472088590604022
DSP-10401,ORD-02308,unauthorized_transaction,2026-07-03,8,pending,0.6113,False,RULE_UNAUTHORIZED_TRANSACTION,clean_fight,2,False,CUST-02597,1493.67,groceries,2026-06-25,True,2026-06-30,True,True,False,0.6139449,12,FIGHT,617.0310610306263,617.0310610306263,0.2161209395973117
DSP-04045,ORD-08378,item_not_received,2026-04-29,21,pending,0.7115,True,RULE_ITEM_NOT_RECEIVED,clean_fight,0,False,CUST-03968,176.35,apparel,2026-04-08,True,2026-04-17,True,True,False,0.7993598,0,CONCEDE,-159.03289954662324,-159.03289954662324,0.4030744966442951
DSP-03082,ORD-16985,not_as_described,2026-04-19,15,pending,0.02,False,RULE_NOT_AS_DESCRIBED,clean_concede,2,False,CUST-01656,481.93,apparel,2026-04-04,False,,False,True,True,0.04332914,5,CONCEDE,-279.1183883748576,-279.1183883748576,0.3153797315436232
DSP-00924,ORD-14942,not_as_described,2026-03-28,13,pending,0.2858,False,RULE_NOT_AS_DESCRIBED,clean_concede,3,False,CUST-03828,454.06,home_goods,2026-03-15,True,2026-03-19,False,True,False,0.30495444,7,CONCEDE,-161.53238724529743,-161.53238724529743,0.27425744966442855
DSP-05423,ORD-02034,item_not_received,2026-05-13,20,pending,0.5913,False,RULE_ITEM_NOT_RECEIVED,clean_fight,1,False,CUST-05779,326.02,electronics,2026-04-23,True,2026-04-28,True,False,False,0.5579735,0,MANUAL_REVIEW,-118.08947820425036,-118.08947820425036,0.4091014765100665
DSP-10925,ORD-11095,item_not_received,2026-07-09,10,pending,0.7446,True,RULE_ITEM_NOT_RECEIVED,clean_fight,0,False,CUST-02417,1123.73,apparel,2026-06-29,True,2026-07-05,True,True,False,0.7704725,10,FIGHT,565.8030922603607,565.8030922603607,0.24122402684563482
DSP-05366,ORD-14920,unauthorized_transaction,2026-05-13,8,pending,0.8178,True,RULE_UNAUTHORIZED_TRANSACTION,clean_fight,0,False,CUST-05945,100.0,apparel,2026-05-05,True,2026-05-14,True,True,False,0.72285724,12,CONCEDE,-227.71427631378174,-227.71427631378174,0.16000000000000003
DSP-02590,ORD-07249,duplicate_charge,2026-04-14,14,pending,0.3005,False,RULE_DUPLICATE_CHARGE,clean_concede,2,False,CUST-04632,325.01,home_goods,2026-03-31,True,2026-04-01,True,False,False,0.38237113,6,CONCEDE,-175.72555981695652,-175.72555981695652,0.28906080536912687
DSP-02085,ORD-13767,unauthorized_transaction,2026-04-09,19,pending,0.6717,True,RULE_UNAUTHORIZED_TRANSACTION,clean_fight,0,False,CUST-01800,1005.1,digital_goods,2026-03-21,True,2026-03-30,True,True,False,0.74021447,1,FIGHT,443.9895608305932,443.9895608305932,0.4164469798657694
DSP-08552,ORD-11530,item_not_received,2026-06-14,8,pending,0.0501,False,RULE_ITEM_NOT_RECEIVED,retry_needed,3,False,CUST-03949,2169.58,apparel,2026-06-06,False,,True,True,False,0.08723077,12,MANUAL_REVIEW,-110.74586216151715,-110.74586216151715,0.24333879194630315
DSP-08693,ORD-07454,item_not_received,2026-06-15,8,pending,0.593,False,RULE_ITEM_NOT_RECEIVED,clean_fight,1,False,CUST-04548,1135.53,apparel,2026-06-07,True,2026-06-12,False,True,False,0.5904001,12,FIGHT,370.41702527403834,370.41702527403834,0.20169919463086972
DSP-04422,ORD-18628,duplicate_charge,2026-05-03,10,pending,0.5266,True,RULE_DUPLICATE_CHARGE,clean_fight,2,False,CUST-01580,564.39,apparel,2026-04-23,True,2026-05-01,True,True,False,0.48682454,10,MANUAL_REVIEW,-25.24109658032654,-25.24109658032654,0.21870026845637458
DSP-07032,ORD-09629,item_not_received,2026-05-30,14,pending,0.6103,True,RULE_ITEM_NOT_RECEIVED,clean_fight,1,False,CUST-03753,784.56,groceries,2026-05-16,True,2026-05-19,True,True,False,0.56085414,6,MANUAL_REVIEW,140.02372168064113,140.02372168064113,0.3075661744966424
DSP-06468,ORD-00736,item_not_received,2026-05-24,10,pending,0.1228,False,RULE_ITEM_NOT_RECEIVED,retry_needed,1,False,CUST-05265,510.69,groceries,2026-05-14,False,,True,True,False,0.17047368,10,CONCEDE,-212.94079641178251,-212.94079641178251,0.2165378523489922
DSP-03318,ORD-06645,not_as_described,2026-04-22,5,pending,0.1288,False,RULE_NOT_AS_DESCRIBED,clean_concede,3,False,CUST-05596,2924.84,apparel,2026-04-17,False,,False,True,False,0.16131195,15,FIGHT,171.81165629744532,171.81165629744532,0.2137519463087172
DSP-03079,ORD-02967,unauthorized_transaction,2026-04-19,13,pending,0.3144,False,RULE_UNAUTHORIZED_TRANSACTION,clean_concede,3,False,CUST-03410,1626.42,apparel,2026-04-06,False,,True,True,False,0.4674362,7,FIGHT,460.2475753283501,460.2475753283501,0.3214665771812039
DSP-09786,ORD-13280,item_not_received,2026-06-27,21,pending,0.1326,False,RULE_ITEM_NOT_RECEIVED,retry_needed,0,False,CUST-01153,3707.36,electronics,2026-06-06,False,,True,True,True,0.13187066,0,FIGHT,188.89199969768526,188.89199969768526,0.5452628187919366
DSP-00651,ORD-01451,unauthorized_transaction,2026-03-25,1,pending,0.5018,False,RULE_UNAUTHORIZED_TRANSACTION,clean_fight,0,False,CUST-05654,2529.17,groceries,2026-03-24,True,2026-03-30,False,True,False,0.38668656,19,FIGHT,677.9960557866096,677.9960557866096,0.1178189261744901
DSP-01260,ORD-02562,duplicate_charge,2026-04-01,2,pending,0.3212,False,RULE_DUPLICATE_CHARGE,clean_concede,4,False,CUST-05738,134.22,apparel,2026-03-30,True,2026-03-31,True,True,False,0.36349398,18,CONCEDE,-251.21183814167978,-251.21183814167978,0.04137798657718111
DSP-06896,ORD-11847,not_as_described,2026-05-28,3,pending,0.5017,True,RULE_NOT_AS_DESCRIBED,clean_fight,0,False,CUST-03077,263.58,electronics,2026-05-25,True,2026-06-01,True,False,False,0.62949514,17,MANUAL_REVIEW,-134.07766997337342,-134.07766997337342,0.0665871140939593
DSP-06839,ORD-10185,unauthorized_transaction,2026-05-28,2,pending,0.4932,False,RULE_UNAUTHORIZED_TRANSACTION,clean_concede,3,False,CUST-03758,346.49,groceries,2026-05-26,True,2026-05-30,True,True,False,0.6045907,18,MANUAL_REVIEW,-90.51536351382731,-90.51536351382731,0.04992577181207986
DSP-13125,ORD-15285,duplicate_charge,2026-07-31,20,pending,0.3513,False,RULE_DUPLICATE_CHARGE,clean_concede,0,False,CUST-01694,743.78,apparel,2026-07-11,True,2026-07-20,False,True,False,0.45412683,0,MANUAL_REVIEW,37.77045723915097,37.77045723915097,0.42592402684563585
DSP-06455,ORD-16465,unauthorized_transaction,2026-05-24,7,pending,0.6354,True,RULE_UNAUTHORIZED_TRANSACTION,clean_fight,2,False,CUST-05513,881.27,home_goods,2026-05-17,True,2026-05-22,True,True,False,0.62535536,13,FIGHT,251.10692065596584,251.10692065596584,0.17146053691274954
DSP-10928,ORD-01594,item_not_received,2026-07-09,18,pending,0.6253,True,RULE_ITEM_NOT_RECEIVED,clean_fight,1,False,CUST-00747,1389.42,home_goods,2026-06-21,True,2026-06-23,True,True,False,0.66296566,2,FIGHT,621.1377408242226,621.1377408242226,0.41192295302013077
DSP-06568,ORD-00078,item_not_received,2026-05-25,21,pending,0.7012,False,RULE_ITEM_NOT_RECEIVED,clean_fight,0,False,CUST-03032,112.69,electronics,2026-05-04,True,2026-05-12,True,True,False,0.72568464,0,CONCEDE,-218.2225976037979,-218.2225976037979,0.4005110067114094
DSP-09919,ORD-00487,not_as_described,2026-06-29,8,pending,0.5208,False,RULE_NOT_AS_DESCRIBED,clean_fight,2,False,CUST-05744,392.78,home_goods,2026-06-21,True,2026-06-30,True,True,False,0.39634123,12,MANUAL_REVIEW,-144.32508993446828,-144.32508993446828,0.17178979865771735
DSP-07955,ORD-18523,unauthorized_transaction,2026-06-08,3,pending,0.6585,False,RULE_UNAUTHORIZED_TRANSACTION,clean_fight,0,False,CUST-00322,1370.24,digital_goods,2026-06-05,True,2026-06-10,True,False,False,0.6799827,17,FIGHT,631.7395247268677,631.7395247268677,0.11115060402684221
DSP-05704,ORD-14786,unauthorized_transaction,2026-05-16,1,pending,0.6615,False,RULE_UNAUTHORIZED_TRANSACTION,clean_fight,1,False,CUST-00946,680.37,apparel,2026-05-15,True,2026-05-22,True,False,False,0.61373705,19,MANUAL_REVIEW,117.56827447593213,117.56827447593213,0.04337060402684409
DSP-08603,ORD-17331,item_not_received,2026-06-14,23,pending,0.6002,False,RULE_ITEM_NOT_RECEIVED,clean_fight,1,False,CUST-03804,2095.84,electronics,2026-05-22,True,2026-05-28,True,True,True,0.55178475,0,FIGHT,856.4525584030152,856.4525584030152,0.480369395973149
DSP-12376,ORD-10717,not_as_described,2026-07-23,9,pending,0.3437,False,RULE_NOT_AS_DESCRIBED,clean_concede,0,False,CUST-04939,710.09,groceries,2026-07-14,True,2026-07-18,False,True,False,0.35445037,11,MANUAL_REVIEW,-48.308333328664304,-48.308333328664304,0.2045673825503339
DSP-13465,ORD-03904,item_not_received,2026-08-03,16,pending,0.5539,True,RULE_ITEM_NOT_RECEIVED,clean_fight,1,False,CUST-03469,647.0,groceries,2026-07-18,True,2026-07-25,True,True,False,0.5955037,4,MANUAL_REVIEW,85.29088604450226,85.29088604450226,0.34202684563758246
DSP-09004,ORD-01825,item_not_received,2026-06-19,23,pending,0.5951,True,RULE_ITEM_NOT_RECEIVED,clean_fight,2,False,CUST-00607,732.4,electronics,2026-05-27,True,2026-06-05,True,True,False,0.58674806,0,MANUAL_REVIEW,129.73428175449368,129.73428175449368,0.42546577181207884
DSP-04962,ORD-04198,not_as_described,2026-05-08,2,pending,0.2247,False,RULE_NOT_AS_DESCRIBED,clean_concede,4,False,CUST-03135,310.38,home_goods,2026-05-06,True,2026-05-15,False,True,False,0.44189468,18,CONCEDE,-162.8447291404009,-162.8447291404009,0.04847167785234842
DSP-09755,ORD-19365,unauthorized_transaction,2026-06-27,23,pending,0.2981,True,RULE_UNAUTHORIZED_TRANSACTION,clean_concede,1,False,CUST-05120,1323.27,electronics,2026-06-04,False,,True,False,True,0.21899194,0,MANUAL_REVIEW,-10.214541837573051,-10.214541837573051,0.4492591946308692
DSP-11463,ORD-19898,unauthorized_transaction,2026-07-14,3,pending,0.6055,False,RULE_UNAUTHORIZED_TRANSACTION,clean_fight,3,False,CUST-00490,124.86,groceries,2026-07-11,True,2026-07-13,True,True,False,0.5822648,17,CONCEDE,-227.298419444561,-227.298419444561,0.0610010738255033
DSP-09367,ORD-08922,item_not_received,2026-06-23,16,pending,0.6657,False,RULE_ITEM_NOT_RECEIVED,clean_fight,2,False,CUST-01075,312.36,apparel,2026-06-07,True,2026-06-10,True,True,False,0.63544893,4,MANUAL_REVIEW,-101.51117139816284,-101.51117139816284,0.32855140939597266
DSP-04596,ORD-05111,unauthorized_transaction,2026-05-05,14,pending,0.6094,True,RULE_UNAUTHORIZED_TRANSACTION,clean_fight,0,False,CUST-01834,1300.55,electronics,2026-04-21,True,2026-04-27,True,True,True,0.5335349,6,FIGHT,393.8887939751148,393.8887939751148,0.32834429530201015
DSP-10464,ORD-06241,not_as_described,2026-07-04,3,pending,0.4895,False,RULE_NOT_AS_DESCRIBED,clean_concede,2,False,CUST-05902,1369.13,groceries,2026-07-01,True,2026-07-06,True,True,True,0.39794916,17,FIGHT,244.84413226068023,244.84413226068023,0.11110590604026505
DSP-02232,ORD-01452,item_not_received,2026-04-11,8,pending,0.7199,True,RULE_ITEM_NOT_RECEIVED,clean_fight,0,False,CUST-03035,1078.42,electronics,2026-04-03,True,2026-04-10,True,True,False,0.79622996,12,FIGHT,558.670311882496,558.670311882496,0.1993994630872457
DSP-07813,ORD-06042,duplicate_charge,2026-06-06,5,pending,0.6124,True,RULE_DUPLICATE_CHARGE,clean_fight,0,False,CUST-03237,861.59,apparel,2026-06-01,True,2026-06-07,True,False,False,0.6156168,15,FIGHT,230.40927733421324,230.40927733421324,0.1306680536912731
DSP-10178,ORD-09979,unauthorized_transaction,2026-07-01,23,pending,0.4757,False,RULE_UNAUTHORIZED_TRANSACTION,clean_concede,2,False,CUST-03796,1638.66,electronics,2026-06-08,True,2026-06-13,True,True,False,0.6017633,0,FIGHT,686.0854623663425,686.0854623663425,0.46195946308724417
DSP-12262,ORD-06711,unauthorized_transaction,2026-07-22,6,pending,0.2773,True,RULE_UNAUTHORIZED_TRANSACTION,clean_concede,1,False,CUST-05940,2567.4,apparel,2026-07-16,True,2026-07-21,False,True,False,0.3957317,14,FIGHT,716.0015346050263,716.0015346050263,0.2193583892617383
DSP-08455,ORD-08952,item_not_received,2026-06-13,22,pending,0.8311,True,RULE_ITEM_NOT_RECEIVED,clean_fight,1,False,CUST-00915,567.68,electronics,2026-05-22,True,2026-05-31,True,True,False,0.66713375,0,MANUAL_REVIEW,78.71848636627192,78.71848636627192,0.4188327516778511
DSP-02741,ORD-00898,unauthorized_transaction,2026-04-16,19,pending,0.715,False,RULE_UNAUTHORIZED_TRANSACTION,clean_fight,0,False,CUST-04349,683.87,apparel,2026-03-28,True,2026-03-29,True,True,False,0.7232907,1,FIGHT,194.6367985892296,194.6367985892296,0.4035115436241595
DSP-03266,ORD-07495,duplicate_charge,2026-04-21,19,pending,0.4232,True,RULE_DUPLICATE_CHARGE,clean_concede,1,False,CUST-03065,537.85,electronics,2026-04-02,True,2026-04-11,True,False,False,0.47210738,1,MANUAL_REVIEW,-46.07704532891512,-46.07704532891512,0.39763154362415987
DSP-08855,ORD-10046,duplicate_charge,2026-06-17,19,pending,0.3212,True,RULE_DUPLICATE_CHARGE,clean_concede,3,False,CUST-01321,297.14,home_goods,2026-05-29,True,2026-06-01,True,True,False,0.4201457,1,CONCEDE,-175.15790954232216,-175.15790954232216,0.38793852348993235
DSP-12699,ORD-16643,item_not_received,2026-07-26,24,pending,0.6157,True,RULE_ITEM_NOT_RECEIVED,clean_fight,2,False,CUST-05863,594.53,groceries,2026-07-02,True,2026-07-03,True,True,False,0.50720847,0,MANUAL_REVIEW,1.550649605989463,1.550649605989463,0.41991395973154233
DSP-13814,ORD-19169,duplicate_charge,2026-08-07,4,pending,0.4706,False,RULE_DUPLICATE_CHARGE,clean_concede,1,False,CUST-01684,1145.57,electronics,2026-08-03,False,,True,True,False,0.4461033,16,FIGHT,211.04256267875428,211.04256267875428,0.12210348993288306
DSP-14179,ORD-04790,item_not_received,2026-08-11,12,pending,0.2393,False,RULE_ITEM_NOT_RECEIVED,retry_needed,1,False,CUST-02811,1154.35,home_goods,2026-07-30,False,,True,True,False,0.28100792,8,MANUAL_REVIEW,24.381487528979733,24.381487528979733,0.2824570469798629
DSP-01092,ORD-06531,unauthorized_transaction,2026-03-30,6,pending,0.7363,False,RULE_UNAUTHORIZED_TRANSACTION,clean_fight,1,False,CUST-04502,1871.0,home_goods,2026-03-24,True,2026-04-02,True,True,False,0.6483932,14,FIGHT,913.1437029242516,913.1437029242516,0.19131543624160596
DSP-12755,ORD-15542,unauthorized_transaction,2026-07-27,15,pending,0.7551,True,RULE_UNAUTHORIZED_TRANSACTION,clean_fight,0,False,CUST-05762,780.16,apparel,2026-07-12,True,2026-07-21,True,True,False,0.6875205,5,FIGHT,236.37599639892574,236.37599639892574,0.32738899328858884
DSP-09290,ORD-10497,item_not_received,2026-06-22,4,pending,0.8726,True,RULE_ITEM_NOT_RECEIVED,clean_fight,0,False,CUST-03129,452.96,apparel,2026-06-18,True,2026-06-21,True,True,False,0.7319832,16,MANUAL_REVIEW,31.559103393554665,31.559103393554665,0.09421315436241513
DSP-09895,ORD-12104,unauthorized_transaction,2026-06-28,5,pending,0.5605,False,RULE_UNAUTHORIZED_TRANSACTION,clean_fight,2,False,CUST-03952,488.62,groceries,2026-06-23,True,2026-06-30,True,False,False,0.5604133,15,MANUAL_REVIEW,-26.17085286974907,-26.17085286974907,0.11564912751677747
DSP-02852,ORD-09707,unauthorized_transaction,2026-04-17,20,pending,0.2724,False,RULE_UNAUTHORIZED_TRANSACTION,clean_concede,0,False,CUST-05385,105.03,apparel,2026-03-28,True,2026-03-31,False,False,False,0.14455236,0,CONCEDE,-284.81766510978343,-284.81766510978343,0.4002025503355705
DSP-03782,ORD-07532,not_as_described,2026-04-26,23,pending,0.3824,False,RULE_NOT_AS_DESCRIBED,clean_concede,0,False,CUST-00377,219.19,home_goods,2026-04-03,False,,True,True,False,0.3627955,0,CONCEDE,-220.47885392814874,-220.47885392814874,0.40479959731543597
DSP-11761,ORD-15621,item_not_received,2026-07-17,13,pending,0.6054,False,RULE_ITEM_NOT_RECEIVED,clean_fight,0,False,CUST-05923,1335.31,groceries,2026-07-04,True,2026-07-08,True,False,False,0.65298027,7,FIGHT,571.9310816651582,571.9310816651582,0.30974402684563423
DSP-13992,ORD-06076,not_as_described,2026-08-09,13,pending,0.4024,False,RULE_NOT_AS_DESCRIBED,clean_concede,1,False,CUST-00958,1571.58,digital_goods,2026-07-27,True,2026-08-04,False,True,False,0.43028617,7,FIGHT,376.22913755893705,376.22913755893705,0.3192582550335531
DSP-07356,ORD-11350,not_as_described,2026-06-02,14,pending,0.6152,False,RULE_NOT_AS_DESCRIBED,clean_fight,0,False,CUST-01779,382.51,apparel,2026-05-19,True,2026-05-28,False,True,False,0.424588,6,MANUAL_REVIEW,-137.5908461037278,-137.5908461037278,0.29137624161073744
DSP-10467,ORD-05879,unauthorized_transaction,2026-07-04,2,pending,0.1186,False,RULE_UNAUTHORIZED_TRANSACTION,clean_concede,3,False,CUST-04913,112.32,home_goods,2026-07-02,True,2026-07-06,False,True,False,0.32864344,18,CONCEDE,-263.0867686843872,-263.0867686843872,0.04049610738255029
DSP-04561,ORD-17763,not_as_described,2026-05-04,9,pending,0.3471,True,RULE_NOT_AS_DESCRIBED,clean_concede,0,False,CUST-00741,121.2,electronics,2026-04-25,True,2026-05-02,False,True,True,0.2724117,11,CONCEDE,-266.98370146751404,-266.98370146751404,0.18085369127516773
DSP-01314,ORD-10588,not_as_described,2026-04-02,2,pending,0.6967,False,RULE_NOT_AS_DESCRIBED,clean_fight,1,False,CUST-00004,986.41,apparel,2026-03-31,True,2026-04-03,True,True,False,0.6349851,18,FIGHT,326.3556419384479,326.3556419384479,0.07569436241610497
DSP-12039,ORD-09127,item_not_received,2026-07-20,23,pending,0.1158,False,RULE_ITEM_NOT_RECEIVED,retry_needed,1,False,CUST-00219,456.08,groceries,2026-06-27,False,,True,True,False,0.15374231,0,CONCEDE,-229.88120571136474,-229.88120571136474,0.4143387919463078
DSP-14736,ORD-02830,item_not_received,2026-08-20,19,pending,0.6612,True,RULE_ITEM_NOT_RECEIVED,clean_fight,1,False,CUST-03714,188.57,digital_goods,2026-08-01,True,2026-08-08,True,True,False,0.7455338,1,CONCEDE,-159.4146868145466,-159.4146868145466,0.3835665771812078
DSP-07625,ORD-01291,not_as_described,2026-06-05,17,pending,0.562,False,RULE_NOT_AS_DESCRIBED,clean_fight,2,False,CUST-05225,910.76,digital_goods,2026-05-19,True,2026-05-21,True,True,False,0.54622525,3,FIGHT,197.48010847806933,197.48010847806933,0.372648053691273
DSP-11755,ORD-18081,duplicate_charge,2026-07-17,11,pending,0.4554,True,RULE_DUPLICATE_CHARGE,clean_concede,0,False,CUST-02314,355.91,home_goods,2026-07-06,True,2026-07-07,True,False,False,0.5021969,9,MANUAL_REVIEW,-121.26309847474096,-121.26309847474096,0.23030510067114027
DSP-13287,ORD-02895,not_as_described,2026-08-01,21,pending,0.3762,True,RULE_NOT_AS_DESCRIBED,clean_concede,1,False,CUST-04357,557.96,apparel,2026-07-11,True,2026-07-19,False,False,False,0.34437016,0,MANUAL_REVIEW,-107.85522746443746,-107.85522746443746,0.41844134228187796
DSP-13660,ORD-14409,duplicate_charge,2026-08-05,1,pending,0.4266,False,RULE_DUPLICATE_CHARGE,clean_concede,3,False,CUST-03770,1565.15,home_goods,2026-08-04,True,2026-08-09,True,True,False,0.43290755,19,FIGHT,377.56525427252063,377.56525427252063,0.07899932885905646
DSP-05332,ORD-18500,unauthorized_transaction,2026-05-12,10,pending,0.55,True,RULE_UNAUTHORIZED_TRANSACTION,clean_fight,1,False,CUST-04602,2296.02,groceries,2026-05-02,True,2026-05-09,True,True,True,0.41334847,10,FIGHT,649.0563452678919,649.0563452678919,0.2884303355704639
DSP-01107,ORD-15419,item_not_received,2026-03-30,7,pending,0.5854,False,RULE_ITEM_NOT_RECEIVED,clean_fight,0,False,CUST-02665,1195.65,digital_goods,2026-03-23,True,2026-03-28,True,True,True,0.5924935,13,FIGHT,408.4148227661849,408.4148227661849,0.18412013422818496
DSP-04386,ORD-07979,not_as_described,2026-05-03,12,pending,0.2984,True,RULE_NOT_AS_DESCRIBED,clean_concede,2,False,CUST-03537,100.0,electronics,2026-04-21,False,,True,True,False,0.41911498,8,CONCEDE,-258.0885022878647,-258.0885022878647,0.24
DSP-09769,ORD-09030,not_as_described,2026-06-27,17,pending,0.5097,True,RULE_NOT_AS_DESCRIBED,clean_fight,3,False,CUST-02574,286.61,apparel,2026-06-10,True,2026-06-13,True,True,False,0.46480772,3,CONCEDE,-166.78145965963603,-166.78145965963603,0.34751449664429485
DSP-04599,ORD-12519,duplicate_charge,2026-05-05,5,pending,0.3659,True,RULE_DUPLICATE_CHARGE,clean_concede,3,False,CUST-00072,1512.84,home_goods,2026-04-30,True,2026-05-06,True,True,False,0.4835238,15,FIGHT,431.49412451505657,431.49412451505657,0.15689288590603645
DSP-00751,ORD-05083,unauthorized_transaction,2026-03-26,18,pending,0.6438,False,RULE_UNAUTHORIZED_TRANSACTION,clean_fight,0,False,CUST-05557,1358.05,home_goods,2026-03-08,True,2026-03-17,True,True,False,0.70049757,2,FIGHT,651.3107217520475,651.3107217520475,0.4106597315436208
DSP-11000,ORD-19578,unauthorized_transaction,2026-07-10,19,pending,0.4426,True,RULE_UNAUTHORIZED_TRANSACTION,clean_concede,1,False,CUST-03642,679.89,digital_goods,2026-06-21,False,,True,True,False,0.37974617,1,MANUAL_REVIEW,-41.814377259314085,-41.814377259314085,0.4033512751677837
DSP-11086,ORD-02079,item_not_received,2026-07-11,16,pending,0.3318,False,RULE_ITEM_NOT_RECEIVED,clean_concede,4,False,CUST-03412,204.04,apparel,2026-06-25,True,2026-06-26,False,True,False,0.3848671,4,CONCEDE,-221.47171652674675,-221.47171652674675,0.32418953020134206
DSP-10374,ORD-05853,not_as_described,2026-07-03,17,pending,0.5112,True,RULE_NOT_AS_DESCRIBED,clean_fight,5,False,CUST-02166,290.99,digital_goods,2026-06-16,True,2026-06-21,True,True,False,0.42665312,3,CONCEDE,-175.84820950120687,-175.84820950120687,0.347690872483221
DSP-11680,ORD-07545,duplicate_charge,2026-07-16,10,pending,0.1561,True,RULE_DUPLICATE_CHARGE,clean_concede,3,False,CUST-02347,2981.58,home_goods,2026-07-06,False,,True,True,False,0.2666587,10,FIGHT,495.06422752082347,495.06422752082347,0.3160367785234821
DSP-11377,ORD-08748,unauthorized_transaction,2026-07-13,10,pending,0.7178,False,RULE_UNAUTHORIZED_TRANSACTION,clean_fight,0,False,CUST-03503,2151.84,groceries,2026-07-03,True,2026-07-12,True,True,False,0.6588545,10,FIGHT,1117.7494340515138,1117.7494340515138,0.2826244295301958
DSP-07340,ORD-19434,unauthorized_transaction,2026-06-02,7,pending,0.6187,True,RULE_UNAUTHORIZED_TRANSACTION,clean_fight,2,False,CUST-01564,320.53,electronics,2026-05-26,True,2026-06-03,True,True,False,0.669437,13,MANUAL_REVIEW,-85.4253612059355,-85.4253612059355,0.14888040268456315
DSP-12374,ORD-11956,duplicate_charge,2026-07-23,6,pending,0.3035,False,RULE_DUPLICATE_CHARGE,clean_concede,3,False,CUST-05891,480.11,digital_goods,2026-07-17,True,2026-07-23,True,False,False,0.3489311,14,MANUAL_REVIEW,-132.4746876850724,-132.4746876850724,0.13530644295301913
DSP-04404,ORD-15367,unauthorized_transaction,2026-05-03,23,pending,0.3917,False,RULE_UNAUTHORIZED_TRANSACTION,clean_concede,0,False,CUST-04069,597.92,digital_goods,2026-04-10,False,,True,False,False,0.3105678,0,MANUAL_REVIEW,-114.30530327796939,-114.30530327796939,0.4200504697986564
DSP-10027,ORD-09343,not_as_described,2026-06-30,10,pending,0.5608,False,RULE_NOT_AS_DESCRIBED,clean_fight,0,False,CUST-02984,1054.48,home_goods,2026-06-20,True,2026-06-28,True,True,False,0.63967997,10,FIGHT,374.52973303318026,374.52973303318026,0.23843543624160818
DSP-04135,ORD-13697,not_as_described,2026-04-30,20,pending,0.3622,True,RULE_NOT_AS_DESCRIBED,clean_concede,1,False,CUST-05229,989.32,apparel,2026-04-10,False,,True,True,False,0.3677545,0,MANUAL_REVIEW,63.82687123894692,63.82687123894692,0.4358115436241587
DSP-07168,ORD-03680,item_not_received,2026-05-31,8,pending,0.5104,True,RULE_ITEM_NOT_RECEIVED,clean_fight,1,False,CUST-05373,671.06,electronics,2026-05-23,True,2026-05-29,False,True,False,0.4664895,12,MANUAL_REVIEW,13.042439740896214,13.042439740896214,0.18299570469798507
DSP-11727,ORD-09009,duplicate_charge,2026-07-17,12,pending,0.6649,True,RULE_DUPLICATE_CHARGE,clean_fight,1,False,CUST-00808,517.18,home_goods,2026-07-05,True,2026-07-07,True,True,False,0.51424354,8,MANUAL_REVIEW,-34.043524354696274,-34.043524354696274,0.25679919463087136
DSP-14838,ORD-09106,duplicate_charge,2026-08-22,17,pending,0.3686,True,RULE_DUPLICATE_CHARGE,clean_concede,2,False,CUST-04941,100.0,digital_goods,2026-08-05,True,2026-08-10,False,True,False,0.37455437,3,CONCEDE,-262.5445634126663,-262.5445634126663,0.34
DSP-12749,ORD-07686,not_as_described,2026-07-27,14,pending,0.2505,False,RULE_NOT_AS_DESCRIBED,clean_concede,3,False,CUST-05485,836.99,digital_goods,2026-07-13,False,,True,True,False,0.26691815,6,MANUAL_REVIEW,-76.59217547982931,-76.59217547982931,0.3096774496644275
DSP-10644,ORD-14134,duplicate_charge,2026-07-06,11,pending,0.7314,False,RULE_DUPLICATE_CHARGE,clean_fight,0,False,CUST-01801,778.26,electronics,2026-06-25,True,2026-06-27,True,True,False,0.6403749,9,FIGHT,198.3781688261032,198.3781688261032,0.2473124832214747
DSP-05976,ORD-07840,duplicate_charge,2026-05-19,7,pending,0.02,False,RULE_DUPLICATE_CHARGE,clean_concede,4,False,CUST-00655,669.16,apparel,2026-05-12,True,2026-05-18,False,True,False,0.16859432,13,CONCEDE,-187.1834277409315,-187.1834277409315,0.16291919463087093
DSP-01850,ORD-08695,unauthorized_transaction,2026-04-07,12,pending,0.7178,True,RULE_UNAUTHORIZED_TRANSACTION,clean_fight,0,False,CUST-01204,509.45,groceries,2026-03-26,True,2026-04-01,True,True,False,0.6565539,8,MANUAL_REVIEW,34.48139662444589,34.48139662444589,0.25648791946308613
DSP-08647,ORD-09049,unauthorized_transaction,2026-06-15,5,pending,0.4306,True,RULE_UNAUTHORIZED_TRANSACTION,clean_concede,2,False,CUST-03743,676.88,home_goods,2026-06-10,False,,True,False,False,0.3779693,15,MANUAL_REVIEW,-44.160143744945515,-44.160143744945515,0.1232300671140924
DSP-09618,ORD-05250,item_not_received,2026-06-25,18,pending,0.267,False,RULE_ITEM_NOT_RECEIVED,retry_needed,0,False,CUST-00397,468.98,apparel,2026-06-07,False,,True,True,False,0.20130195,2,CONCEDE,-205.59341278523206,-205.59341278523206,0.3748582550335561
DSP-06615,ORD-04163,item_not_received,2026-05-26,8,pending,0.5275,False,RULE_ITEM_NOT_RECEIVED,clean_fight,1,False,CUST-00994,1424.75,digital_goods,2026-05-18,True,2026-05-20,True,True,False,0.6777272,12,FIGHT,665.5918601751328,665.5918601751328,0.21334563758388908
DSP-01400,ORD-18977,item_not_received,2026-04-03,3,pending,0.5069,False,RULE_ITEM_NOT_RECEIVED,clean_fight,3,False,CUST-01180,517.38,electronics,2026-03-31,True,2026-04-05,True,False,True,0.39875504,17,MANUAL_REVIEW,-93.69211546719075,-93.69211546719075,0.07680724832214653
DSP-11258,ORD-03959,unauthorized_transaction,2026-07-12,19,pending,0.3824,False,RULE_UNAUTHORIZED_TRANSACTION,clean_concede,2,False,CUST-02123,343.17,groceries,2026-06-23,False,,True,True,False,0.35599804,1,CONCEDE,-177.83215287208557,-177.83215287208557,0.3897920805369121
DSP-09502,ORD-05582,item_not_received,2026-06-24,24,pending,0.5002,True,RULE_ITEM_NOT_RECEIVED,clean_fight,1,False,CUST-04887,1944.38,home_goods,2026-05-31,True,2026-06-05,True,False,False,0.36979672,0,FIGHT,419.0253525143862,419.0253525143862,0.47427033557046483
DSP-06355,ORD-19417,unauthorized_transaction,2026-05-23,19,pending,0.7122,False,RULE_UNAUTHORIZED_TRANSACTION,clean_fight,0,False,CUST-01542,2990.02,apparel,2026-05-04,True,2026-05-08,True,True,True,0.595642,1,FIGHT,1480.9814050364494,1480.9814050364494,0.4963766442952942
DSP-10735,ORD-00535,unauthorized_transaction,2026-07-07,1,pending,0.6279,False,RULE_UNAUTHORIZED_TRANSACTION,clean_fight,1,False,CUST-00363,637.32,home_goods,2026-07-06,True,2026-07-15,True,True,False,0.63540965,19,MANUAL_REVIEW,104.95928016901019,104.95928016901019,0.04163704697986434
DSP-05609,ORD-13870,item_not_received,2026-05-15,6,pending,0.8253,True,RULE_ITEM_NOT_RECEIVED,clean_fight,1,False,CUST-02277,470.64,apparel,2026-05-09,True,2026-05-11,True,True,False,0.69036275,14,MANUAL_REVIEW,24.912325358390774,24.912325358390774,0.13492510067113997
DSP-08425,ORD-19973,duplicate_charge,2026-06-13,18,pending,0.2287,False,RULE_DUPLICATE_CHARGE,clean_concede,5,False,CUST-05515,1375.34,apparel,2026-05-26,True,2026-05-31,False,True,True,0.17799875,2,MANUAL_REVIEW,-55.191197246909155,-55.191197246909155,0.411355973154359
DSP-14824,ORD-10395,duplicate_charge,2026-08-22,16,pending,0.5322,False,RULE_DUPLICATE_CHARGE,clean_fight,1,False,CUST-03455,302.4,apparel,2026-08-06,True,2026-08-07,True,True,False,0.6272965,4,MANUAL_REVIEW,-110.30553617477418,-110.30553617477418,0.3281503355704693
DSP-06623,ORD-09837,unauthorized_transaction,2026-05-26,5,pending,0.2243,False,RULE_UNAUTHORIZED_TRANSACTION,clean_concede,1,False,CUST-02199,1738.62,groceries,2026-05-21,True,2026-05-30,False,True,False,0.4290936,15,FIGHT,446.030713648796,446.030713648796,0.16598469798657273
DSP-01175,ORD-04397,duplicate_charge,2026-03-31,8,pending,0.1803,False,RULE_DUPLICATE_CHARGE,clean_concede,3,False,CUST-03589,618.0,electronics,2026-03-23,True,2026-03-28,False,True,False,0.26493317,12,MANUAL_REVIEW,-136.27130162715912,-136.27130162715912,0.18085906040268318
DSP-01214,ORD-00227,not_as_described,2026-03-31,15,pending,0.4193,True,RULE_NOT_AS_DESCRIBED,clean_concede,2,False,CUST-03698,679.01,electronics,2026-03-16,True,2026-03-22,True,True,False,0.542676,5,MANUAL_REVIEW,68.48241173744202,68.48241173744202,0.323315838926173
DSP-06943,ORD-01013,not_as_described,2026-05-29,1,pending,0.5254,False,RULE_NOT_AS_DESCRIBED,clean_fight,0,False,CUST-00267,238.93,groceries,2026-05-28,True,2026-05-29,False,True,False,0.3667314,19,CONCEDE,-212.37686534166335,-212.37686534166335,0.025594496644294945
DSP-14715,ORD-16495,duplicate_charge,2026-08-19,20,pending,0.3976,False,RULE_DUPLICATE_CHARGE,clean_concede,0,False,CUST-03535,1310.1,groceries,2026-07-30,True,2026-08-01,False,True,False,0.47342178,0,FIGHT,320.2298769325017,320.2298769325017,0.44872885906039944
DSP-13827,ORD-05195,duplicate_charge,2026-08-07,17,pending,0.6483,True,RULE_DUPLICATE_CHARGE,clean_fight,0,False,CUST-03875,238.0,electronics,2026-07-21,True,2026-07-22,True,True,False,0.6411793,3,MANUAL_REVIEW,-147.39932107925415,-147.39932107925415,0.34555704697986545
DSP-14701,ORD-10901,duplicate_charge,2026-08-19,21,pending,0.6393,False,RULE_DUPLICATE_CHARGE,clean_fight,0,False,CUST-02809,1001.7,digital_goods,2026-07-29,True,2026-08-02,True,True,True,0.5176734,0,FIGHT,218.5534179568291,218.5534179568291,0.43631006711409154
DSP-06574,ORD-10723,not_as_described,2026-05-25,12,pending,0.3599,True,RULE_NOT_AS_DESCRIBED,clean_concede,0,False,CUST-00532,1017.97,groceries,2026-05-13,True,2026-05-20,False,False,False,0.3312527,8,MANUAL_REVIEW,37.205305043458964,37.205305043458964,0.27696523489932634
DSP-10072,ORD-07110,unauthorized_transaction,2026-06-30,23,pending,0.209,True,RULE_UNAUTHORIZED_TRANSACTION,clean_concede,2,False,CUST-01902,1173.1,electronics,2026-06-07,True,2026-06-12,False,False,False,0.17394827,0,MANUAL_REVIEW,-95.94128087013962,-95.94128087013962,0.44321208053690986
DSP-12949,ORD-14968,unauthorized_transaction,2026-07-29,10,pending,0.5285,False,RULE_UNAUTHORIZED_TRANSACTION,clean_fight,3,False,CUST-04656,2572.08,groceries,2026-07-19,True,2026-07-21,True,True,False,0.46403357,10,FIGHT,893.5314746689796,893.5314746689796,0.2995468456375772
DSP-14286,ORD-06495,unauthorized_transaction,2026-08-12,6,pending,0.4107,False,RULE_UNAUTHORIZED_TRANSACTION,clean_concede,4,False,CUST-02705,190.15,home_goods,2026-08-06,False,,True,True,False,0.29241318,14,CONCEDE,-244.39763475358487,-244.39763475358487,0.12363020134228166
DSP-01306,ORD-05505,item_not_received,2026-04-01,12,pending,0.699,True,RULE_ITEM_NOT_RECEIVED,clean_fight,0,False,CUST-05296,750.87,electronics,2026-03-20,True,2026-03-21,True,True,False,0.7158569,8,FIGHT,237.5154778254032,237.5154778254032,0.2662095302013405
DSP-08143,ORD-01572,item_not_received,2026-06-10,12,pending,0.2287,False,RULE_ITEM_NOT_RECEIVED,retry_needed,0,False,CUST-05905,683.38,digital_goods,2026-05-29,False,,True,True,False,0.32115847,8,MANUAL_REVIEW,-80.52672564387322,-80.52672564387322,0.26349181208053535
DSP-10625,ORD-03823,unauthorized_transaction,2026-07-06,18,pending,0.663,True,RULE_UNAUTHORIZED_TRANSACTION,clean_fight,0,False,CUST-01745,2105.33,apparel,2026-06-18,True,2026-06-21,True,True,False,0.727609,2,FIGHT,1231.8570112282036,1231.8570112282036,0.4407515436241557
DSP-12240,ORD-01662,not_as_described,2026-07-22,24,pending,0.6313,True,RULE_NOT_AS_DESCRIBED,clean_fight,0,False,CUST-05186,2305.16,digital_goods,2026-06-28,True,2026-07-01,True,False,False,0.42288917,0,FIGHT,674.8272061038017,674.8272061038017,0.488798389261739
DSP-02283,ORD-03473,not_as_described,2026-04-11,16,pending,0.5125,False,RULE_NOT_AS_DESCRIBED,clean_fight,2,False,CUST-05707,426.23,electronics,2026-03-26,True,2026-03-28,True,True,False,0.47989786,4,MANUAL_REVIEW,-95.45313653349876,-95.45313653349876,0.3331367785234891
DSP-03282,ORD-12784,unauthorized_transaction,2026-04-21,2,pending,0.5135,False,RULE_UNAUTHORIZED_TRANSACTION,clean_fight,2,False,CUST-04607,225.54,electronics,2026-04-19,False,,True,True,False,0.39449272,18,CONCEDE,-211.02611292421818,-211.02611292421818,0.04505530201342247
DSP-11675,ORD-19635,item_not_received,2026-07-16,10,pending,0.652,True,RULE_ITEM_NOT_RECEIVED,clean_fight,1,False,CUST-00547,1123.43,digital_goods,2026-07-06,True,2026-07-11,True,True,False,0.71409905,10,FIGHT,502.24029525637627,502.24029525637627,0.24121194630872206
DSP-06200,ORD-13142,duplicate_charge,2026-05-21,16,pending,0.4987,True,RULE_DUPLICATE_CHARGE,clean_concede,0,False,CUST-02453,143.54,apparel,2026-05-05,False,,True,True,False,0.39385635,4,CONCEDE,-243.46586000800133,-243.46586000800133,0.321753288590604
DSP-02710,ORD-00274,unauthorized_transaction,2026-04-15,18,pending,0.4095,True,RULE_UNAUTHORIZED_TRANSACTION,clean_concede,0,False,CUST-00443,1129.12,groceries,2026-03-28,False,,True,True,False,0.4522816,2,FIGHT,210.68019372940057,210.68019372940057,0.4014410738255006
DSP-07024,ORD-11000,unauthorized_transaction,2026-05-30,17,pending,0.561,True,RULE_UNAUTHORIZED_TRANSACTION,clean_fight,1,False,CUST-02772,2026.38,groceries,2026-05-13,True,2026-05-20,True,True,True,0.50739926,3,FIGHT,728.1837145006657,728.1837145006657,0.41757234899328344
DSP-11420,ORD-19871,not_as_described,2026-07-14,18,pending,0.4856,True,RULE_NOT_AS_DESCRIBED,clean_concede,0,False,CUST-04876,423.65,apparel,2026-06-26,True,2026-06-28,False,True,False,0.4689127,2,MANUAL_REVIEW,-101.34513850957157,-101.34513850957157,0.37303288590603945
DSP-00182,ORD-11424,item_not_received,2026-03-16,2,pending,0.2641,False,RULE_ITEM_NOT_RECEIVED,retry_needed,0,False,CUST-04360,763.35,home_goods,2026-03-14,False,,True,True,False,0.26391396,18,MANUAL_REVIEW,-98.54127919524907,-98.54127919524907,0.06671208053691095
DSP-03863,ORD-06483,unauthorized_transaction,2026-04-27,3,pending,0.7499,False,RULE_UNAUTHORIZED_TRANSACTION,clean_fight,1,False,CUST-01234,100.0,digital_goods,2026-04-24,True,2026-04-29,True,True,False,0.7169116,17,CONCEDE,-228.30883860588074,-228.30883860588074,0.06000000000000001
DSP-02489,ORD-07871,unauthorized_transaction,2026-04-13,24,pending,0.02,False,RULE_UNAUTHORIZED_TRANSACTION,clean_concede,1,False,CUST-03843,1749.14,home_goods,2026-03-20,False,,False,True,False,0.059988324,0,CONCEDE,-195.07202365987,-195.07202365987,0.4664083221476466
DSP-11710,ORD-01024,duplicate_charge,2026-07-17,13,pending,0.2581,False,RULE_DUPLICATE_CHARGE,clean_concede,0,False,CUST-05120,1340.18,apparel,2026-07-04,True,2026-07-05,False,False,False,0.36079353,7,FIGHT,183.52827429652217,183.52827429652217,0.30994013422818456
DSP-05926,ORD-00672,not_as_described,2026-05-18,21,pending,0.5886,False,RULE_NOT_AS_DESCRIBED,clean_fight,1,False,CUST-01920,656.49,electronics,2026-04-27,True,2026-05-04,True,True,False,0.61956966,0,MANUAL_REVIEW,106.7412855899334,106.7412855899334,0.4224089932885891
DSP-10610,ORD-11003,duplicate_charge,2026-07-06,24,pending,0.2919,False,RULE_DUPLICATE_CHARGE,clean_concede,3,False,CUST-03737,381.75,apparel,2026-06-12,True,2026-06-15,True,True,False,0.32586685,0,CONCEDE,-175.60033068805933,-175.60033068805933,0.41134563758389187
DSP-11516,ORD-10288,not_as_described,2026-07-15,9,pending,0.5835,True,RULE_NOT_AS_DESCRIBED,clean_fight,0,False,CUST-02440,11607.64,digital_goods,2026-07-06,True,2026-07-08,True,False,False,0.61899,11,FIGHT,6885.0131307578085,6885.0131307578085,0.6433948993288279
DSP-11518,ORD-05737,item_not_received,2026-07-15,19,pending,0.1959,False,RULE_ITEM_NOT_RECEIVED,retry_needed,1,False,CUST-00350,596.89,apparel,2026-06-26,False,,True,True,False,0.19962528,1,CONCEDE,-180.84566454380752,-180.84566454380752,0.40000899328858924
DSP-05844,ORD-07155,unauthorized_transaction,2026-05-18,2,pending,0.7112,True,RULE_UNAUTHORIZED_TRANSACTION,clean_fight,2,False,CUST-03116,414.62,home_goods,2026-05-16,True,2026-05-22,True,True,False,0.5580929,18,MANUAL_REVIEW,-68.60352504849433,-68.60352504849433,0.052669261744965584
DSP-07485,ORD-17544,unauthorized_transaction,2026-06-03,4,pending,0.5368,True,RULE_UNAUTHORIZED_TRANSACTION,clean_fight,4,False,CUST-01853,434.94,groceries,2026-05-30,True,2026-06-06,True,True,False,0.5520175,16,MANUAL_REVIEW,-59.90550422787666,-59.90550422787666,0.09348751677852257
DSP-04114,ORD-09399,not_as_described,2026-04-30,3,pending,0.3373,False,RULE_NOT_AS_DESCRIBED,clean_concede,1,False,CUST-02441,908.78,groceries,2026-04-27,True,2026-05-01,False,True,False,0.3093527,17,MANUAL_REVIEW,-18.866456981897386,-18.866456981897386,0.09256832214764883
DSP-06081,ORD-05554,unauthorized_transaction,2026-05-20,2,pending,0.5228,False,RULE_UNAUTHORIZED_TRANSACTION,clean_fight,1,False,CUST-03585,391.09,groceries,2026-05-18,False,,True,True,False,0.32515645,18,CONCEDE,-172.83456386327742,-172.83456386327742,0.05172174496644216
DSP-00434,ORD-17891,unauthorized_transaction,2026-03-22,11,pending,0.2476,False,RULE_UNAUTHORIZED_TRANSACTION,clean_concede,0,False,CUST-04896,302.11,groceries,2026-03-11,True,2026-03-20,False,True,False,0.35468,9,CONCEDE,-192.84762467563152,-192.84762467563152,0.22813865771812028
DSP-01448,ORD-18088,item_not_received,2026-04-03,22,pending,0.5909,False,RULE_ITEM_NOT_RECEIVED,clean_fight,2,False,CUST-03492,1013.94,apparel,2026-03-12,True,2026-03-15,True,True,False,0.61475784,0,FIGHT,323.32756009697914,323.32756009697914,0.4368029530201318
DSP-06276,ORD-10961,item_not_received,2026-05-22,8,pending,0.5737,True,RULE_ITEM_NOT_RECEIVED,clean_fight,1,False,CUST-02972,368.45,apparel,2026-05-14,True,2026-05-18,True,True,False,0.61145407,12,MANUAL_REVIEW,-74.70974805057048,-74.70974805057048,0.17081006711409327
DSP-06782,ORD-12594,item_not_received,2026-05-27,9,pending,0.4137,False,RULE_ITEM_NOT_RECEIVED,clean_concede,4,False,CUST-05606,434.79,apparel,2026-05-18,True,2026-05-23,True,True,False,0.4890028,11,MANUAL_REVIEW,-87.38647518485783,-87.38647518485783,0.1934814765100662
DSP-08958,ORD-15289,item_not_received,2026-06-18,16,pending,0.6075,False,RULE_ITEM_NOT_RECEIVED,clean_fight,3,False,CUST-00224,4943.37,apparel,2026-06-02,True,2026-06-07,True,True,False,0.48124894,4,FIGHT,2078.9915972337126,2078.9915972337126,0.515035033557034
DSP-06584,ORD-14557,not_as_described,2026-05-25,24,pending,0.3027,False,RULE_NOT_AS_DESCRIBED,clean_concede,0,False,CUST-05858,873.02,digital_goods,2026-05-01,False,,False,True,False,0.19597462,0,MANUAL_REVIEW,-128.91023882210254,-128.91023882210254,0.43112832214764896
DSP-03167,ORD-05344,not_as_described,2026-04-20,8,pending,0.5378,True,RULE_NOT_AS_DESCRIBED,clean_fight,2,False,CUST-04433,470.22,apparel,2026-04-12,True,2026-04-14,True,True,False,0.5068424,12,MANUAL_REVIEW,-61.672578520774834,-61.672578520774834,0.1749081879194621
DSP-02739,ORD-12077,unauthorized_transaction,2026-04-16,19,pending,0.6375,True,RULE_UNAUTHORIZED_TRANSACTION,clean_fight,1,False,CUST-02853,1498.23,digital_goods,2026-03-28,True,2026-04-04,True,False,False,0.61479115,1,FIGHT,621.0985519480705,621.0985519480705,0.4363045637583855
DSP-06406,ORD-10260,item_not_received,2026-05-23,10,pending,0.5128,True,RULE_ITEM_NOT_RECEIVED,clean_fight,2,False,CUST-02557,157.88,groceries,2026-05-13,True,2026-05-21,True,True,False,0.49123484,10,CONCEDE,-222.44384362459184,-222.44384362459184,0.20233073825503342
DSP-09358,ORD-10976,not_as_described,2026-06-23,4,pending,0.3272,False,RULE_NOT_AS_DESCRIBED,clean_concede,0,False,CUST-00243,616.81,home_goods,2026-06-19,False,,True,False,True,0.2773157,16,MANUAL_REVIEW,-128.94889937311413,-128.94889937311413,0.1008111409395959
DSP-14140,ORD-01413,not_as_described,2026-08-10,11,pending,0.6407,True,RULE_NOT_AS_DESCRIBED,clean_fight,0,False,CUST-01813,268.58,digital_goods,2026-07-30,True,2026-08-01,True,True,False,0.6048102,9,MANUAL_REVIEW,-137.5600823175907,-137.5600823175907,0.2267884563758385
DSP-08088,ORD-04585,item_not_received,2026-06-09,17,pending,0.663,True,RULE_ITEM_NOT_RECEIVED,clean_fight,0,False,CUST-04773,428.74,home_goods,2026-05-23,True,2026-05-31,True,True,False,0.6817105,3,MANUAL_REVIEW,-7.723448100090025,-7.723448100090025,0.3532378523489924
DSP-02497,ORD-11812,unauthorized_transaction,2026-04-13,5,pending,0.2683,False,RULE_UNAUTHORIZED_TRANSACTION,clean_concede,0,False,CUST-01571,459.25,apparel,2026-04-08,True,2026-04-16,False,True,True,0.33740985,15,MANUAL_REVIEW,-145.04452458024025,-145.04452458024025,0.11446644295301917
DSP-09858,ORD-00032,not_as_described,2026-06-28,6,pending,0.3071,False,RULE_NOT_AS_DESCRIBED,clean_concede,4,False,CUST-00053,1895.54,digital_goods,2026-06-22,True,2026-06-29,True,True,True,0.42380244,14,FIGHT,503.3344683945179,503.3344683945179,0.192303624161069
DSP-05443,ORD-05794,item_not_received,2026-05-13,9,pending,0.8104,True,RULE_ITEM_NOT_RECEIVED,clean_fight,0,False,CUST-00969,2349.25,digital_goods,2026-05-04,True,2026-05-09,True,True,False,0.67905545,11,FIGHT,1295.271021425724,1295.271021425724,0.27057382550334963
DSP-11515,ORD-01517,item_not_received,2026-07-15,18,pending,0.472,True,RULE_ITEM_NOT_RECEIVED,clean_concede,4,False,CUST-03901,754.52,electronics,2026-06-27,True,2026-07-02,True,True,True,0.26562342,2,MANUAL_REVIEW,-99.58181678175927,-99.58181678175927,0.38635651006711236
DSP-01294,ORD-12430,unauthorized_transaction,2026-04-01,7,pending,0.5946,True,RULE_UNAUTHORIZED_TRANSACTION,clean_fight,2,False,CUST-04539,369.58,electronics,2026-03-25,True,2026-03-28,True,True,False,0.65255547,13,MANUAL_REVIEW,-58.82855098724366,-58.82855098724366,0.15085557046979792
DSP-09061,ORD-15306,not_as_described,2026-06-19,4,pending,0.5566,False,RULE_NOT_AS_DESCRIBED,clean_fight,1,False,CUST-01033,4182.67,home_goods,2026-06-15,True,2026-06-23,True,True,False,0.651666,16,FIGHT,2425.703767923713,2425.703767923713,0.24440281879193526
DSP-03168,ORD-09449,not_as_described,2026-04-20,5,pending,0.5325,True,RULE_NOT_AS_DESCRIBED,clean_fight,1,False,CUST-03890,196.41,home_goods,2026-04-15,True,2026-04-20,True,True,False,0.69856876,15,CONCEDE,-162.79410958349706,-162.79410958349706,0.10388228187919438
DSP-05959,ORD-05779,unauthorized_transaction,2026-05-19,12,pending,0.4325,True,RULE_UNAUTHORIZED_TRANSACTION,clean_concede,2,False,CUST-01138,735.24,electronics,2026-05-07,True,2026-05-14,True,False,True,0.3897531,8,MANUAL_REVIEW,-13.437928361892716,-13.437928361892716,0.2655801342281862
DSP-01189,ORD-15689,item_not_received,2026-03-31,11,pending,0.5039,True,RULE_ITEM_NOT_RECEIVED,clean_fight,0,False,CUST-02640,193.39,groceries,2026-03-20,True,2026-03-25,False,True,False,0.52983123,9,CONCEDE,-197.53593830645084,-197.53593830645084,0.22376067114093937
DSP-03763,ORD-16612,duplicate_charge,2026-04-26,3,pending,0.4065,False,RULE_DUPLICATE_CHARGE,clean_concede,2,False,CUST-02007,690.95,apparel,2026-04-23,True,2026-04-26,True,True,False,0.52561575,17,MANUAL_REVIEW,63.17420366704465,63.17420366704465,0.08379664429530043
DSP-12902,ORD-09087,item_not_received,2026-07-29,13,pending,0.5108,True,RULE_ITEM_NOT_RECEIVED,clean_fight,1,False,CUST-02774,3518.36,groceries,2026-07-16,True,2026-07-24,True,True,False,0.5190887,7,FIGHT,1526.3408675599098,1526.3408675599098,0.3976520805369035
DSP-13214,ORD-13099,not_as_described,2026-08-01,10,pending,0.3851,False,RULE_NOT_AS_DESCRIBED,clean_concede,2,False,CUST-03771,234.1,apparel,2026-07-22,False,,True,True,False,0.29898918,10,CONCEDE,-230.00663372278214,-230.00663372278214,0.20539999999999964
DSP-08495,ORD-12666,item_not_received,2026-06-13,3,pending,0.1698,False,RULE_ITEM_NOT_RECEIVED,retry_needed,0,False,CUST-00423,108.54,digital_goods,2026-06-10,False,,True,False,False,0.24900576,17,CONCEDE,-272.9729142969847,-272.9729142969847,0.06034389261744965
DSP-04788,ORD-11731,not_as_described,2026-05-06,8,pending,0.4152,False,RULE_NOT_AS_DESCRIBED,clean_concede,1,False,CUST-05286,169.97,home_goods,2026-04-28,True,2026-05-05,True,True,False,0.59359413,12,CONCEDE,-199.10680506885052,-199.10680506885052,0.1628175838926173
DSP-11496,ORD-12472,unauthorized_transaction,2026-07-14,13,pending,0.6754,True,RULE_UNAUTHORIZED_TRANSACTION,clean_fight,0,False,CUST-04208,276.38,home_goods,2026-07-01,True,2026-07-10,True,True,False,0.7013169,7,MANUAL_REVIEW,-106.17003708481789,-106.17003708481789,0.26710255033557
DSP-03272,ORD-09536,not_as_described,2026-04-21,1,pending,0.55,True,RULE_NOT_AS_DESCRIBED,clean_fight,2,False,CUST-01292,503.91,electronics,2026-04-20,True,2026-04-26,True,True,False,0.58477646,19,MANUAL_REVIEW,-5.325293474793398,-5.325293474793398,0.03626483221476402
DSP-09961,ORD-19902,not_as_described,2026-06-29,14,pending,0.7277,True,RULE_NOT_AS_DESCRIBED,clean_fight,0,False,CUST-05114,576.37,home_goods,2026-06-15,True,2026-06-20,True,True,False,0.5818937,6,MANUAL_REVIEW,35.386061770916,35.386061770916,0.2991826845637571
DSP-08598,ORD-02065,unauthorized_transaction,2026-06-14,4,pending,0.4306,False,RULE_UNAUTHORIZED_TRANSACTION,clean_concede,1,False,CUST-00134,1536.28,home_goods,2026-06-10,False,,True,True,False,0.40534803,16,FIGHT,322.7280756962299,322.7280756962299,0.13783677852348603
DSP-00549,ORD-00550,item_not_received,2026-03-24,6,pending,0.7487,True,RULE_ITEM_NOT_RECEIVED,clean_fight,0,False,CUST-05104,939.25,electronics,2026-03-18,True,2026-03-25,True,True,False,0.7652097,14,FIGHT,418.72318708896637,418.72318708896637,0.15379530201342057
DSP-11015,ORD-06261,not_as_described,2026-07-10,24,pending,0.4923,False,RULE_NOT_AS_DESCRIBED,clean_concede,0,False,CUST-02128,2400.5,electronics,2026-06-16,True,2026-06-23,True,True,True,0.37082404,0,FIGHT,590.1631055772305,590.1631055772305,0.49263758389261125
DSP-07312,ORD-04537,not_as_described,2026-06-02,19,pending,0.3432,False,RULE_NOT_AS_DESCRIBED,clean_concede,1,False,CUST-04113,133.3,apparel,2026-05-14,False,,True,False,False,0.3866764,1,CONCEDE,-248.45603576004504,-248.45603576004504,0.38134093959731535
DSP-05830,ORD-09345,unauthorized_transaction,2026-05-17,14,pending,0.6464,False,RULE_UNAUTHORIZED_TRANSACTION,clean_fight,0,False,CUST-01210,546.86,electronics,2026-05-03,True,2026-05-07,True,True,False,0.66106135,6,MANUAL_REVIEW,61.50800796389581,61.50800796389581,0.29799436241610616
DSP-00933,ORD-09276,not_as_described,2026-03-28,20,pending,0.331,False,RULE_NOT_AS_DESCRIBED,clean_concede,1,False,CUST-04071,1085.85,apparel,2026-03-08,True,2026-03-13,False,True,False,0.4303716,0,FIGHT,167.31901522725815,167.31901522725815,0.43969865771811817
DSP-11672,ORD-05249,item_not_received,2026-07-16,12,pending,0.679,True,RULE_ITEM_NOT_RECEIVED,clean_fight,0,False,CUST-04344,100.0,groceries,2026-07-04,True,2026-07-06,True,True,False,0.778452,8,CONCEDE,-222.15480208396912,-222.15480208396912,0.24
DSP-10638,ORD-02433,item_not_received,2026-07-06,3,pending,0.5049,False,RULE_ITEM_NOT_RECEIVED,clean_fight,2,False,CUST-04216,233.4,groceries,2026-07-03,True,2026-07-12,True,True,True,0.47826415,17,CONCEDE,-188.37314668893814,-188.37314668893814,0.06537181208053656
DSP-09413,ORD-09039,unauthorized_transaction,2026-06-23,6,pending,0.5181,True,RULE_UNAUTHORIZED_TRANSACTION,clean_fight,0,False,CUST-02361,100.0,groceries,2026-06-17,False,,True,False,False,0.46473828,14,CONCEDE,-253.526172041893,-253.526172041893,0.12000000000000002
DSP-05073,ORD-06232,duplicate_charge,2026-05-09,18,pending,0.6629,True,RULE_DUPLICATE_CHARGE,clean_fight,1,False,CUST-03874,1614.3,home_goods,2026-04-21,True,2026-04-29,True,True,False,0.46890807,2,FIGHT,456.95829985141756,456.95829985141756,0.4209785234899288
DSP-08144,ORD-09997,not_as_described,2026-06-10,5,pending,0.6939,False,RULE_NOT_AS_DESCRIBED,clean_fight,1,False,CUST-04664,161.63,groceries,2026-06-05,True,2026-06-08,True,True,False,0.5503106,15,CONCEDE,-211.05329582691195,-211.05329582691195,0.10248174496644279
DSP-08460,ORD-03301,duplicate_charge,2026-06-13,7,pending,0.5252,True,RULE_DUPLICATE_CHARGE,clean_fight,3,False,CUST-04268,1268.11,electronics,2026-06-06,True,2026-06-12,True,True,False,0.42691237,13,FIGHT,241.37184215247623,241.37184215247623,0.18703798657717802
DSP-04432,ORD-01770,not_as_described,2026-05-03,20,pending,0.4644,False,RULE_NOT_AS_DESCRIBED,clean_concede,0,False,CUST-03242,1816.5,home_goods,2026-04-13,True,2026-04-14,True,True,True,0.40495902,0,FIGHT,435.608065277338,435.608065277338,0.4691208053691229
DSP-12155,ORD-12743,not_as_described,2026-07-21,8,pending,0.4976,False,RULE_NOT_AS_DESCRIBED,clean_concede,2,False,CUST-01047,372.97,electronics,2026-07-13,True,2026-07-21,True,True,False,0.50254726,12,MANUAL_REVIEW,-112.56494690895079,-112.56494690895079,0.17099208053691203
DSP-13675,ORD-04190,item_not_received,2026-08-05,3,pending,0.4843,False,RULE_ITEM_NOT_RECEIVED,clean_concede,3,False,CUST-00414,1116.54,apparel,2026-08-02,True,2026-08-05,False,True,False,0.43091312,17,FIGHT,181.13173557221887,181.13173557221887,0.10093449664429258
DSP-07251,ORD-16077,duplicate_charge,2026-06-01,6,pending,0.691,True,RULE_DUPLICATE_CHARGE,clean_fight,1,False,CUST-00856,1110.15,electronics,2026-05-26,True,2026-06-02,True,True,False,0.73499227,14,FIGHT,515.9516637682915,515.9516637682915,0.16067718120805097
DSP-01790,ORD-01197,unauthorized_transaction,2026-04-06,16,pending,0.3881,True,RULE_UNAUTHORIZED_TRANSACTION,clean_concede,3,False,CUST-04684,878.08,apparel,2026-03-21,False,,True,True,False,0.34921715,4,MANUAL_REVIEW,6.640592117309609,6.640592117309609,0.35133208053691073
DSP-00956,ORD-15423,item_not_received,2026-03-29,13,pending,0.2032,False,RULE_ITEM_NOT_RECEIVED,retry_needed,1,False,CUST-00948,2250.14,electronics,2026-03-16,False,,True,True,False,0.17815883,7,MANUAL_REVIEW,100.88232003420592,100.88232003420592,0.3465828187919405
DSP-02215,ORD-08087,item_not_received,2026-04-10,15,pending,0.5929,True,RULE_ITEM_NOT_RECEIVED,clean_fight,0,False,CUST-05860,947.5,digital_goods,2026-03-26,True,2026-03-30,True,True,False,0.7119302,5,FIGHT,374.5538790524006,374.5538790524006,0.33412751677852126
DSP-11848,ORD-07154,item_not_received,2026-07-18,9,pending,0.4717,False,RULE_ITEM_NOT_RECEIVED,clean_concede,0,False,CUST-04980,1178.53,home_goods,2026-07-09,True,2026-07-17,False,True,True,0.43884555,11,FIGHT,217.1926402118802,217.1926402118802,0.22343073825503063
DSP-12442,ORD-09690,not_as_described,2026-07-24,16,pending,0.4342,False,RULE_NOT_AS_DESCRIBED,clean_concede,0,False,CUST-01047,295.45,home_goods,2026-07-08,True,2026-07-09,False,True,False,0.4406576,4,CONCEDE,-169.8077162578702,-169.8077162578702,0.32787046979865725
DSP-14256,ORD-10091,item_not_received,2026-08-12,18,pending,0.6647,True,RULE_ITEM_NOT_RECEIVED,clean_fight,1,False,CUST-01922,1800.46,groceries,2026-07-25,True,2026-08-03,True,True,False,0.59739256,2,FIGHT,775.5814068698883,775.5814068698883,0.4284748993288545
DSP-07686,ORD-01307,item_not_received,2026-06-05,10,pending,0.4728,True,RULE_ITEM_NOT_RECEIVED,clean_concede,4,False,CUST-05234,1058.36,home_goods,2026-05-26,True,2026-06-01,True,True,False,0.4132083,10,MANUAL_REVIEW,137.3231425642967,137.3231425642967,0.23859167785234642
DSP-08642,ORD-04816,unauthorized_transaction,2026-06-15,3,pending,0.7591,False,RULE_UNAUTHORIZED_TRANSACTION,clean_fight,1,False,CUST-05361,2474.58,apparel,2026-06-12,True,2026-06-15,True,True,False,0.7042231,17,FIGHT,1442.6563898169993,1442.6563898169993,0.1556206711409332
DSP-05890,ORD-01521,not_as_described,2026-05-18,1,pending,0.6741,False,RULE_NOT_AS_DESCRIBED,clean_fight,2,False,CUST-04863,2003.56,apparel,2026-05-17,True,2026-05-25,True,True,False,0.67546856,19,FIGHT,1053.3417961549758,1053.3417961549758,0.09665342281878682
DSP-04004,ORD-14061,duplicate_charge,2026-04-29,20,pending,0.5084,False,RULE_DUPLICATE_CHARGE,clean_fight,0,False,CUST-00877,324.02,apparel,2026-04-09,False,,True,True,False,0.37615982,0,CONCEDE,-178.11669610202313,-178.11669610202313,0.40902093959731484
DSP-06974,ORD-16687,unauthorized_transaction,2026-05-29,22,pending,0.679,False,RULE_UNAUTHORIZED_TRANSACTION,clean_fight,0,False,CUST-03753,1270.69,electronics,2026-05-07,True,2026-05-13,True,True,False,0.6957211,0,FIGHT,584.0458316487075,584.0458316487075,0.4471418791946277
DSP-08073,ORD-09951,not_as_described,2026-06-09,9,pending,0.5407,True,RULE_NOT_AS_DESCRIBED,clean_fight,3,False,CUST-05657,100.0,digital_goods,2026-05-31,True,2026-06-08,True,True,False,0.38571385,11,CONCEDE,-261.42861545085907,-261.42861545085907,0.18
DSP-02120,ORD-02446,duplicate_charge,2026-04-09,17,pending,0.3619,True,RULE_DUPLICATE_CHARGE,clean_concede,0,False,CUST-02890,139.23,electronics,2026-03-23,True,2026-03-24,False,True,False,0.4560303,3,CONCEDE,-236.50690005004407,-236.50690005004407,0.3415797315436241
DSP-08650,ORD-06539,item_not_received,2026-06-15,12,pending,0.4916,True,RULE_ITEM_NOT_RECEIVED,clean_concede,0,False,CUST-02952,4140.75,groceries,2026-06-03,True,2026-06-11,False,True,False,0.41923687,8,FIGHT,1435.9550637379289,1435.9550637379289,0.4027147651006602
DSP-07849,ORD-13334,duplicate_charge,2026-06-07,23,pending,0.6713,True,RULE_DUPLICATE_CHARGE,clean_fight,1,False,CUST-03876,1280.78,electronics,2026-05-15,True,2026-05-21,True,True,False,0.61349607,0,FIGHT,485.7534903097153,485.7534903097153,0.44754818791945994
DSP-09946,ORD-16418,duplicate_charge,2026-06-29,8,pending,0.4906,True,RULE_DUPLICATE_CHARGE,clean_concede,0,False,CUST-01696,2488.71,groceries,2026-06-21,False,,True,True,False,0.30140987,12,FIGHT,450.1217585286498,450.1217585286498,0.2561896644295238
DSP-02896,ORD-13050,not_as_described,2026-04-17,10,pending,0.6477,True,RULE_NOT_AS_DESCRIBED,clean_fight,1,False,CUST-02888,100.0,electronics,2026-04-07,True,2026-04-13,True,True,False,0.4658028,10,CONCEDE,-253.4197211265564,-253.4197211265564,0.2
DSP-02008,ORD-03544,unauthorized_transaction,2026-04-08,14,pending,0.7023,True,RULE_UNAUTHORIZED_TRANSACTION,clean_fight,0,False,CUST-01413,741.71,groceries,2026-03-25,True,2026-04-02,True,True,False,0.6442161,6,FIGHT,177.82153854548932,177.82153854548932,0.3058406711409378
DSP-00649,ORD-12678,item_not_received,2026-03-25,3,pending,0.6559,False,RULE_ITEM_NOT_RECEIVED,clean_fight,1,False,CUST-01488,1075.96,apparel,2026-03-22,True,2026-03-28,True,True,False,0.7544091,17,FIGHT,511.71398810386665,511.71398810386665,0.09930040268456114
DSP-08486,ORD-10527,not_as_described,2026-06-13,2,pending,0.3951,True,RULE_NOT_AS_DESCRIBED,clean_concede,1,False,CUST-02655,179.92,apparel,2026-06-11,True,2026-06-19,False,True,False,0.5337205,18,CONCEDE,-203.9730088424683,-203.9730088424683,0.04321825503355682
DSP-06064,ORD-13302,not_as_described,2026-05-20,20,pending,0.4667,True,RULE_NOT_AS_DESCRIBED,clean_concede,0,False,CUST-01710,767.08,home_goods,2026-04-30,True,2026-05-03,True,False,False,0.56253374,0,MANUAL_REVIEW,131.5083783864975,131.5083783864975,0.42686228187919284
DSP-14369,ORD-14079,unauthorized_transaction,2026-08-13,8,pending,0.4646,True,RULE_UNAUTHORIZED_TRANSACTION,clean_concede,0,False,CUST-03534,682.94,digital_goods,2026-08-05,False,,True,True,False,0.46854237,12,MANUAL_REVIEW,19.986324269175554,19.986324269175554,0.18347409395973
DSP-03249,ORD-10916,item_not_received,2026-04-21,5,pending,0.7516,True,RULE_ITEM_NOT_RECEIVED,clean_fight,2,False,CUST-02816,1473.21,electronics,2026-04-16,True,2026-04-18,True,True,False,0.7192115,15,FIGHT,759.5496015590429,759.5496015590429,0.15529704697986207
DSP-08186,ORD-18623,item_not_received,2026-06-10,13,pending,0.5586,True,RULE_ITEM_NOT_RECEIVED,clean_fight,1,False,CUST-01084,1334.56,apparel,2026-05-28,True,2026-06-03,False,True,False,0.5318947,7,FIGHT,409.84536926269527,409.84536926269527,0.30971382550335236
DSP-10180,ORD-10517,not_as_described,2026-07-01,2,pending,0.4912,True,RULE_NOT_AS_DESCRIBED,clean_concede,3,False,CUST-01486,201.75,apparel,2026-06-29,True,2026-07-08,True,False,False,0.5850279,18,CONCEDE,-181.9706265181303,-181.9706265181303,0.04409731543624133
DSP-01494,ORD-11844,not_as_described,2026-04-03,5,pending,0.5369,True,RULE_NOT_AS_DESCRIBED,clean_fight,0,False,CUST-01729,242.75,apparel,2026-03-29,True,2026-04-02,True,True,True,0.5509452,15,CONCEDE,-166.2580472677946,-166.2580472677946,0.10574832214765062
DSP-08882,ORD-03580,item_not_received,2026-06-17,3,pending,0.4789,False,RULE_ITEM_NOT_RECEIVED,clean_concede,0,False,CUST-02366,558.02,apparel,2026-06-14,True,2026-06-15,False,False,False,0.504029,17,MANUAL_REVIEW,-18.74175083279613,-18.74175083279613,0.07844375838926052
DSP-08085,ORD-07791,item_not_received,2026-06-09,18,pending,0.8019,True,RULE_ITEM_NOT_RECEIVED,clean_fight,0,False,CUST-01179,566.12,apparel,2026-05-22,True,2026-05-28,True,True,False,0.73159534,2,MANUAL_REVIEW,114.17075240373612,114.17075240373612,0.3787699328859048
DSP-09495,ORD-17281,not_as_described,2026-06-24,23,pending,0.3307,True,RULE_NOT_AS_DESCRIBED,clean_concede,1,False,CUST-02400,997.49,groceries,2026-06-01,True,2026-06-09,False,True,False,0.33808967,0,MANUAL_REVIEW,37.241069627702245,37.241069627702245,0.4361405369127493
DSP-05668,ORD-11544,not_as_described,2026-05-16,10,pending,0.272,False,RULE_NOT_AS_DESCRIBED,clean_concede,2,False,CUST-00108,567.84,apparel,2026-05-06,True,2026-05-12,False,True,False,0.3849278,10,MANUAL_REVIEW,-81.42259280204772,-81.42259280204772,0.21883919463087123
DSP-01518,ORD-14106,item_not_received,2026-04-04,7,pending,0.5874,False,RULE_ITEM_NOT_RECEIVED,clean_fight,1,False,CUST-04043,345.46,groceries,2026-03-28,True,2026-04-03,True,True,False,0.55935454,13,MANUAL_REVIEW,-106.76537933826447,-106.76537933826447,0.14988429530201275
DSP-05206,ORD-11800,item_not_received,2026-05-11,10,pending,0.6336,False,RULE_ITEM_NOT_RECEIVED,clean_fight,1,False,CUST-01622,899.03,electronics,2026-05-01,True,2026-05-05,True,False,False,0.57633847,10,FIGHT,218.1455746680498,218.1455746680498,0.23217570469798443
DSP-14250,ORD-18310,item_not_received,2026-08-12,16,pending,0.5271,False,RULE_ITEM_NOT_RECEIVED,clean_fight,2,False,CUST-03358,332.42,home_goods,2026-07-27,True,2026-08-03,True,True,True,0.37569985,4,CONCEDE,-175.10985654890538,-175.10985654890538,0.32935919463087193
DSP-10799,ORD-02179,duplicate_charge,2026-07-08,21,pending,0.5442,True,RULE_DUPLICATE_CHARGE,clean_fight,2,False,CUST-03652,1770.07,digital_goods,2026-06-17,True,2026-06-19,True,True,True,0.32649758,0,FIGHT,277.92357953995463,277.92357953995463,0.4672511409395928
DSP-10835,ORD-05107,unauthorized_transaction,2026-07-08,20,pending,0.3581,True,RULE_UNAUTHORIZED_TRANSACTION,clean_concede,0,False,CUST-04299,355.43,apparel,2026-06-18,True,2026-06-23,False,True,False,0.37303466,0,CONCEDE,-167.41229220092296,-167.41229220092296,0.41028577181207987
DSP-01869,ORD-17151,duplicate_charge,2026-04-07,20,pending,0.4778,True,RULE_DUPLICATE_CHARGE,clean_concede,2,False,CUST-02640,368.3,electronics,2026-03-18,True,2026-03-26,True,True,False,0.5522706,0,MANUAL_REVIEW,-96.5987412393093,-96.5987412393093,0.4108040268456369
DSP-01194,ORD-10844,not_as_described,2026-03-31,9,pending,0.023,False,RULE_NOT_AS_DESCRIBED,clean_concede,2,False,CUST-05111,305.41,electronics,2026-03-22,False,,False,True,False,0.10345008,11,CONCEDE,-268.4053103823215,-268.4053103823215,0.18827154362416051
DSP-04129,ORD-04803,unauthorized_transaction,2026-04-30,13,pending,0.5775,True,RULE_UNAUTHORIZED_TRANSACTION,clean_fight,2,False,CUST-05387,703.82,apparel,2026-04-17,True,2026-04-20,True,True,False,0.6579873,7,FIGHT,163.1046190798283,163.1046190798283,0.28431489932885745
DSP-01617,ORD-15325,item_not_received,2026-04-04,3,pending,0.5785,True,RULE_ITEM_NOT_RECEIVED,clean_fight,1,False,CUST-01822,1482.22,home_goods,2026-04-01,True,2026-04-10,True,False,False,0.51981294,17,FIGHT,470.47713822603225,470.47713822603225,0.11565986577180835
DSP-10263,ORD-01766,duplicate_charge,2026-07-02,14,pending,0.3296,True,RULE_DUPLICATE_CHARGE,clean_concede,2,False,CUST-04824,2299.53,electronics,2026-06-18,True,2026-06-27,False,True,False,0.2592565,6,FIGHT,296.1681268706918,296.1681268706918,0.368571677852343
DSP-00098,ORD-12128,unauthorized_transaction,2026-03-14,6,pending,0.1253,False,RULE_UNAUTHORIZED_TRANSACTION,clean_concede,5,False,CUST-00961,956.14,electronics,2026-03-08,True,2026-03-11,False,True,False,0.18941778,14,MANUAL_REVIEW,-118.89008436083793,-118.89008436083793,0.15447543624160845
DSP-03948,ORD-12866,not_as_described,2026-04-28,8,pending,0.6224,True,RULE_NOT_AS_DESCRIBED,clean_fight,1,False,CUST-05130,1935.84,home_goods,2026-04-20,True,2026-04-25,True,True,False,0.51212496,12,FIGHT,691.3919741535186,691.3919741535186,0.23392644295301518
DSP-04086,ORD-19740,item_not_received,2026-04-29,19,pending,0.6519,True,RULE_ITEM_NOT_RECEIVED,clean_fight,0,False,CUST-03027,700.14,home_goods,2026-04-10,True,2026-04-19,True,True,False,0.7200498,1,FIGHT,204.13566591382028,204.13566591382028,0.40416671140939436
DSP-07530,ORD-15885,unauthorized_transaction,2026-06-04,1,pending,0.7358,True,RULE_UNAUTHORIZED_TRANSACTION,clean_fight,1,False,CUST-02072,260.16,digital_goods,2026-06-03,True,2026-06-05,True,True,False,0.5923061,19,MANUAL_REVIEW,-145.90565088272092,-145.90565088272092,0.026449395973153947
DSP-09485,ORD-00079,item_not_received,2026-06-24,3,pending,0.6447,False,RULE_ITEM_NOT_RECEIVED,clean_fight,2,False,CUST-02910,830.25,digital_goods,2026-06-21,True,2026-06-28,True,True,False,0.696247,17,FIGHT,278.0590564906597,278.0590564906597,0.08940604026845442
DSP-12826,ORD-16757,duplicate_charge,2026-07-28,10,pending,0.6242,True,RULE_DUPLICATE_CHARGE,clean_fight,0,False,CUST-02574,567.42,home_goods,2026-07-18,True,2026-07-27,True,True,False,0.65407765,10,MANUAL_REVIEW,71.13673966169353,71.13673966169353,0.2188222818791934
DSP-11296,ORD-16275,duplicate_charge,2026-07-12,18,pending,0.6553,True,RULE_DUPLICATE_CHARGE,clean_fight,0,False,CUST-00949,1992.67,groceries,2026-06-24,True,2026-06-27,True,True,False,0.7035618,2,FIGHT,1101.9664578056336,1101.9664578056336,0.436214899328854
DSP-09567,ORD-02823,not_as_described,2026-06-25,17,pending,0.4629,False,RULE_NOT_AS_DESCRIBED,clean_concede,1,False,CUST-05872,132.64,groceries,2026-06-08,True,2026-06-16,True,True,False,0.47395617,3,CONCEDE,-237.1344539165497,-237.1344539165497,0.3413143624161073
DSP-05550,ORD-16215,item_not_received,2026-05-15,22,pending,0.65,False,RULE_ITEM_NOT_RECEIVED,clean_fight,0,False,CUST-04908,569.1,electronics,2026-04-23,True,2026-04-24,True,True,True,0.5162575,0,MANUAL_REVIEW,-6.197842812538113,-6.197842812538113,0.4188899328859048
DSP-14957,ORD-17901,item_not_received,2026-08-26,21,pending,0.7907,True,RULE_ITEM_NOT_RECEIVED,clean_fight,0,False,CUST-04410,1074.05,home_goods,2026-08-05,True,2026-08-06,True,True,False,0.736635,0,FIGHT,491.1828532367945,491.1828532367945,0.4392234899328833
DSP-07484,ORD-04445,duplicate_charge,2026-06-03,17,pending,0.6611,True,RULE_DUPLICATE_CHARGE,clean_fight,0,False,CUST-01683,516.21,digital_goods,2026-05-17,True,2026-05-21,True,True,False,0.6788585,3,MANUAL_REVIEW,50.43355588674547,50.43355588674547,0.3567601342281868
DSP-02767,ORD-02412,not_as_described,2026-04-16,8,pending,0.5529,True,RULE_NOT_AS_DESCRIBED,clean_fight,1,False,CUST-03821,100.0,groceries,2026-04-08,True,2026-04-12,True,True,False,0.5884003,12,CONCEDE,-241.15996956825256,-241.15996956825256,0.16000000000000003
DSP-04874,ORD-01236,not_as_described,2026-05-07,24,pending,0.5249,True,RULE_NOT_AS_DESCRIBED,clean_fight,2,False,CUST-02691,919.07,apparel,2026-04-13,True,2026-04-19,True,True,False,0.4769321,0,MANUAL_REVIEW,138.33399286925794,138.33399286925794,0.4329826845637562
DSP-09137,ORD-18219,item_not_received,2026-06-20,17,pending,0.4252,True,RULE_ITEM_NOT_RECEIVED,clean_concede,4,False,CUST-01371,1587.01,groceries,2026-06-03,True,2026-06-07,True,True,False,0.35070187,3,FIGHT,256.5673723822832,256.5673723822832,0.3998795973154322
DSP-11873,ORD-04414,item_not_received,2026-07-18,11,pending,0.2968,False,RULE_ITEM_NOT_RECEIVED,retry_needed,0,False,CUST-00603,764.32,home_goods,2026-07-07,False,,True,True,False,0.24112663,9,MANUAL_REVIEW,-115.70209665775297,-115.70209665775297,0.24675114093959555
DSP-02717,ORD-18385,not_as_described,2026-04-16,20,pending,0.4117,True,RULE_NOT_AS_DESCRIBED,clean_concede,1,False,CUST-05132,804.25,apparel,2026-03-27,False,,True,True,False,0.3097261,0,MANUAL_REVIEW,-50.90279272943735,-50.90279272943735,0.4283590604026827
DSP-14953,ORD-17064,not_as_described,2026-08-26,24,pending,0.5288,False,RULE_NOT_AS_DESCRIBED,clean_fight,2,False,CUST-05728,1191.53,electronics,2026-08-02,True,2026-08-06,True,True,False,0.47217405,0,FIGHT,262.6095439183712,262.6095439183712,0.4439542281879165
DSP-05736,ORD-00529,not_as_described,2026-05-17,19,pending,0.4961,True,RULE_NOT_AS_DESCRIBED,clean_concede,0,False,CUST-04189,1374.26,home_goods,2026-04-28,True,2026-04-30,False,True,False,0.38526884,1,FIGHT,229.45955222904684,229.45955222904684,0.4313124832214731
DSP-08661,ORD-10059,not_as_described,2026-06-15,8,pending,0.4776,False,RULE_NOT_AS_DESCRIBED,clean_concede,2,False,CUST-04932,864.3,apparel,2026-06-07,True,2026-06-10,True,True,False,0.586129,12,FIGHT,206.5913031041622,206.5913031041622,0.19077718120805165
DSP-03511,ORD-13955,duplicate_charge,2026-04-24,2,pending,0.02,False,RULE_DUPLICATE_CHARGE,clean_concede,4,False,CUST-00721,1241.85,home_goods,2026-04-22,False,,False,True,False,0.041923925,18,CONCEDE,-247.9367733903229,-247.9367733903229,0.08598053691274857
DSP-05558,ORD-15408,item_not_received,2026-05-15,4,pending,0.6867,True,RULE_ITEM_NOT_RECEIVED,clean_fight,3,False,CUST-04897,822.32,home_goods,2026-05-11,True,2026-05-17,True,True,False,0.57206625,16,FIGHT,170.4215166139603,170.4215166139603,0.10908671140939401
DSP-07937,ORD-17788,unauthorized_transaction,2026-06-08,13,pending,0.6319,True,RULE_UNAUTHORIZED_TRANSACTION,clean_fight,2,False,CUST-01269,554.81,apparel,2026-05-26,True,2026-05-29,True,True,False,0.5953931,7,MANUAL_REVIEW,30.330057596564245,30.330057596564245,0.2783144966442941
DSP-12174,ORD-01757,unauthorized_transaction,2026-07-21,18,pending,0.4365,False,RULE_UNAUTHORIZED_TRANSACTION,clean_concede,0,False,CUST-05063,511.1,apparel,2026-07-03,True,2026-07-10,False,True,False,0.36432076,2,MANUAL_REVIEW,-113.79566211700438,-113.79566211700438,0.3765543624161063
DSP-09604,ORD-05864,item_not_received,2026-06-25,19,pending,0.7646,True,RULE_ITEM_NOT_RECEIVED,clean_fight,0,False,CUST-03157,3073.03,apparel,2026-06-06,True,2026-06-12,True,True,False,0.70146155,1,FIGHT,1855.612397978306,1855.612397978306,0.49971932885905235
DSP-04146,ORD-14772,unauthorized_transaction,2026-04-30,12,pending,0.556,False,RULE_UNAUTHORIZED_TRANSACTION,clean_fight,1,False,CUST-05600,861.32,groceries,2026-04-18,True,2026-04-23,True,True,False,0.6308947,8,FIGHT,243.40224070787428,243.40224070787428,0.2706571812080516
DSP-10173,ORD-10370,unauthorized_transaction,2026-07-01,21,pending,0.2284,True,RULE_UNAUTHORIZED_TRANSACTION,clean_concede,0,False,CUST-01284,900.99,apparel,2026-06-10,True,2026-06-12,False,True,True,0.19641145,0,MANUAL_REVIEW,-123.03525150552392,-123.03525150552392,0.43225463087248106
DSP-12564,ORD-15160,not_as_described,2026-07-25,18,pending,0.4417,False,RULE_NOT_AS_DESCRIBED,clean_concede,0,False,CUST-04137,777.65,apparel,2026-07-07,True,2026-07-11,False,True,False,0.40854946,2,MANUAL_REVIEW,17.70848584920168,17.70848584920168,0.38728791946308544
DSP-12794,ORD-16694,not_as_described,2026-07-27,21,pending,0.2734,False,RULE_NOT_AS_DESCRIBED,clean_concede,2,False,CUST-05645,1752.9,electronics,2026-07-06,True,2026-07-11,False,True,False,0.4116053,0,FIGHT,421.502927774191,421.502927774191,0.46655973154361974
DSP-01846,ORD-00131,item_not_received,2026-04-07,10,pending,0.1302,False,RULE_ITEM_NOT_RECEIVED,retry_needed,1,False,CUST-02965,700.48,groceries,2026-03-28,False,,True,True,True,0.13900876,10,CONCEDE,-202.62714347839355,-202.62714347839355,0.22418040268456213
DSP-10413,ORD-12818,item_not_received,2026-07-04,10,pending,0.2782,True,RULE_ITEM_NOT_RECEIVED,clean_concede,2,False,CUST-00320,742.89,apparel,2026-06-24,True,2026-06-30,False,True,True,0.30360916,10,MANUAL_REVIEW,-74.4517892190814,-74.4517892190814,0.22588818791946136
DSP-00727,ORD-02511,not_as_described,2026-03-26,13,pending,0.5159,False,RULE_NOT_AS_DESCRIBED,clean_fight,0,False,CUST-02686,1150.89,apparel,2026-03-13,False,,True,False,False,0.4759103,7,FIGHT,247.72041204571724,247.72041204571724,0.30231771812080255
DSP-02213,ORD-16761,duplicate_charge,2026-04-10,9,pending,0.6047,True,RULE_DUPLICATE_CHARGE,clean_fight,1,False,CUST-03975,887.56,home_goods,2026-04-01,True,2026-04-04,True,True,False,0.5182592,11,FIGHT,159.98615976095198,159.98615976095198,0.21171382550335358
DSP-12971,ORD-10359,not_as_described,2026-07-29,12,pending,0.5156,True,RULE_NOT_AS_DESCRIBED,clean_fight,1,False,CUST-03749,1619.03,home_goods,2026-07-17,True,2026-07-19,True,True,True,0.31042436,8,FIGHT,202.58634777039288,202.58634777039288,0.3011689932885865
DSP-05582,ORD-05516,unauthorized_transaction,2026-05-15,23,pending,0.7731,True,RULE_UNAUTHORIZED_TRANSACTION,clean_fight,0,False,CUST-00444,1121.26,home_goods,2026-04-22,True,2026-04-28,True,True,False,0.68688256,0,FIGHT,470.1739341628552,470.1739341628552,0.44112456375838655
DSP-09973,ORD-13167,unauthorized_transaction,2026-06-29,20,pending,0.5135,True,RULE_UNAUTHORIZED_TRANSACTION,clean_fight,3,False,CUST-05827,696.19,apparel,2026-06-09,True,2026-06-14,True,False,False,0.51093054,0,MANUAL_REVIEW,55.704731373786956,55.704731373786956,0.42400765100670984
DSP-07114,ORD-00794,unauthorized_transaction,2026-05-31,24,pending,0.5555,False,RULE_UNAUTHORIZED_TRANSACTION,clean_fight,2,False,CUST-03074,226.14,digital_goods,2026-05-07,True,2026-05-13,True,True,False,0.5901917,0,CONCEDE,-166.53404400587084,-166.53404400587084,0.405079463087248
DSP-08219,ORD-12295,not_as_described,2026-06-10,20,pending,0.6767,True,RULE_NOT_AS_DESCRIBED,clean_fight,1,False,CUST-03484,5061.34,apparel,2026-05-21,True,2026-05-27,True,True,False,0.65488344,0,FIGHT,3014.5877720201015,3014.5877720201015,0.5997855033556913
DSP-00766,ORD-15198,unauthorized_transaction,2026-03-27,11,pending,0.4442,False,RULE_UNAUTHORIZED_TRANSACTION,clean_concede,0,False,CUST-02759,1165.86,electronics,2026-03-16,False,,True,True,True,0.5621221,9,FIGHT,355.3556791448592,355.3556791448592,0.2629205369127488
DSP-04567,ORD-17114,not_as_described,2026-05-04,21,pending,0.7741,True,RULE_NOT_AS_DESCRIBED,clean_fight,0,False,CUST-04356,854.51,electronics,2026-04-13,True,2026-04-19,True,True,False,0.6131981,0,FIGHT,223.9839097303152,223.9839097303152,0.4303829530201322
DSP-05373,ORD-16884,not_as_described,2026-05-13,2,pending,0.419,False,RULE_NOT_AS_DESCRIBED,clean_concede,0,False,CUST-04155,964.43,home_goods,2026-05-11,False,,True,True,False,0.337505,18,MANUAL_REVIEW,25.499959447085814,25.499959447085814,0.0748092617449641
DSP-07246,ORD-03716,unauthorized_transaction,2026-06-01,16,pending,0.2692,True,RULE_UNAUTHORIZED_TRANSACTION,clean_concede,2,False,CUST-05200,2733.43,home_goods,2026-05-16,False,,True,True,True,0.3124483,4,FIGHT,554.0555374547839,554.0555374547839,0.42604416107381843
DSP-10280,ORD-05143,item_not_received,2026-07-02,10,pending,0.11,False,RULE_ITEM_NOT_RECEIVED,retry_needed,2,False,CUST-02626,2109.08,apparel,2026-06-22,False,,True,True,False,0.22179592,10,FIGHT,167.7853316926956,167.7853316926956,0.28090255033556505
DSP-12377,ORD-09606,unauthorized_transaction,2026-07-23,11,pending,0.6952,True,RULE_UNAUTHORIZED_TRANSACTION,clean_fight,0,False,CUST-03533,1221.93,groceries,2026-07-12,True,2026-07-15,True,True,False,0.66265553,9,FIGHT,509.7186746567488,509.7186746567488,0.265178389261742
DSP-13239,ORD-09435,duplicate_charge,2026-08-01,7,pending,0.5745,False,RULE_DUPLICATE_CHARGE,clean_fight,0,False,CUST-02249,1247.97,groceries,2026-07-25,True,2026-08-01,True,True,False,0.6395871,13,FIGHT,498.185518578887,498.185518578887,0.1862269798657687
DSP-03797,ORD-00128,unauthorized_transaction,2026-04-27,10,pending,0.6059,True,RULE_UNAUTHORIZED_TRANSACTION,clean_fight,0,False,CUST-03509,2277.1,digital_goods,2026-04-17,True,2026-04-25,True,True,True,0.49121907,10,FIGHT,818.5549523442983,818.5549523442983,0.28766845637583305
DSP-05456,ORD-18285,item_not_received,2026-05-13,24,pending,0.3875,True,RULE_ITEM_NOT_RECEIVED,clean_concede,2,False,CUST-00521,869.69,groceries,2026-04-19,True,2026-04-25,True,True,True,0.49100855,0,MANUAL_REVIEW,127.02522578746084,127.02522578746084,0.4309942281879174
DSP-00852,ORD-16544,item_not_received,2026-03-28,21,pending,0.6099,False,RULE_ITEM_NOT_RECEIVED,clean_fight,0,False,CUST-01285,581.1,apparel,2026-03-07,True,2026-03-09,True,True,False,0.6992036,0,MANUAL_REVIEW,106.30721801519394,106.30721801519394,0.41937315436241485
DSP-13103,ORD-03836,item_not_received,2026-07-31,18,pending,0.6451,True,RULE_ITEM_NOT_RECEIVED,clean_fight,0,False,CUST-05980,601.11,electronics,2026-07-13,True,2026-07-14,True,True,False,0.7173005,2,MANUAL_REVIEW,131.1764883130789,131.1764883130789,0.38017892617449534
DSP-00385,ORD-03380,not_as_described,2026-03-21,5,pending,0.5293,True,RULE_NOT_AS_DESCRIBED,clean_fight,1,False,CUST-02386,1129.76,electronics,2026-03-16,True,2026-03-22,False,True,False,0.5593372,15,FIGHT,331.916793642044,331.916793642044,0.1414668456375811
DSP-12328,ORD-17725,item_not_received,2026-07-23,6,pending,0.1469,True,RULE_ITEM_NOT_RECEIVED,retry_needed,2,False,CUST-05238,3476.3,electronics,2026-07-17,False,,True,True,False,0.21586454,14,FIGHT,450.4098974347115,450.4098974347115,0.25595838926173586
DSP-08310,ORD-08724,not_as_described,2026-06-11,11,pending,0.4207,False,RULE_NOT_AS_DESCRIBED,clean_concede,1,False,CUST-01819,882.96,groceries,2026-05-31,True,2026-06-02,True,True,True,0.32524276,9,MANUAL_REVIEW,-12.823654575347916,-12.823654575347916,0.25152859060402477
DSP-08041,ORD-19125,duplicate_charge,2026-06-09,18,pending,0.2334,False,RULE_DUPLICATE_CHARGE,clean_concede,0,False,CUST-00660,274.38,groceries,2026-05-22,False,,True,True,True,0.28536323,2,CONCEDE,-221.70203774034977,-221.70203774034977,0.36702201342281837
DSP-11305,ORD-14364,duplicate_charge,2026-07-12,23,pending,0.2276,False,RULE_DUPLICATE_CHARGE,clean_concede,0,False,CUST-01502,2143.99,home_goods,2026-06-19,False,,True,False,False,0.22884434,0,FIGHT,190.63998641312116,190.63998641312116,0.4823083221476455
DSP-10922,ORD-00352,duplicate_charge,2026-07-09,11,pending,0.02,False,RULE_DUPLICATE_CHARGE,clean_concede,4,False,CUST-00982,745.52,groceries,2026-06-28,False,,False,True,True,0.013935181,9,CONCEDE,-289.6110436280817,-289.6110436280817,0.24599409395972982
DSP-13373,ORD-09258,not_as_described,2026-08-02,6,pending,0.3001,True,RULE_NOT_AS_DESCRIBED,clean_concede,3,False,CUST-04690,467.23,electronics,2026-07-27,False,,True,True,False,0.305407,14,CONCEDE,-157.30469315230846,-157.30469315230846,0.13478778523489837
DSP-02129,ORD-06260,unauthorized_transaction,2026-04-10,1,pending,0.738,True,RULE_UNAUTHORIZED_TRANSACTION,clean_fight,1,False,CUST-02741,573.13,home_goods,2026-04-09,True,2026-04-15,True,True,False,0.56986433,19,MANUAL_REVIEW,26.606344986557986,26.606344986557986,0.03905221476509941
DSP-03771,ORD-11054,unauthorized_transaction,2026-04-26,14,pending,0.5665,True,RULE_UNAUTHORIZED_TRANSACTION,clean_fight,4,False,CUST-05284,847.26,apparel,2026-04-12,True,2026-04-16,True,True,False,0.45824385,6,MANUAL_REVIEW,88.25168171882626,88.25168171882626,0.3100910067114073
DSP-08992,ORD-07331,item_not_received,2026-06-19,5,pending,0.6621,True,RULE_ITEM_NOT_RECEIVED,clean_fight,1,False,CUST-00293,708.76,apparel,2026-06-14,True,2026-06-15,True,True,False,0.70958984,15,FIGHT,202.92889427661896,202.92889427661896,0.12451382550335406
DSP-14887,ORD-15006,duplicate_charge,2026-08-24,19,pending,0.4215,True,RULE_DUPLICATE_CHARGE,clean_concede,2,False,CUST-05373,264.01,electronics,2026-08-05,True,2026-08-08,True,True,False,0.5196808,1,CONCEDE,-162.79907250583173,-162.79907250583173,0.3866044295302009
DSP-09847,ORD-16411,duplicate_charge,2026-06-28,20,pending,0.4902,False,RULE_DUPLICATE_CHARGE,clean_concede,1,False,CUST-03265,237.53,electronics,2026-06-08,True,2026-06-13,True,True,False,0.60301995,0,CONCEDE,-156.7646706175804,-156.7646706175804,0.4055381208053688
DSP-13781,ORD-04666,not_as_described,2026-08-06,19,pending,0.6052,False,RULE_NOT_AS_DESCRIBED,clean_fight,1,False,CUST-00414,2071.72,apparel,2026-07-18,True,2026-07-21,True,True,False,0.58324665,1,FIGHT,908.3237462401389,908.3237462401389,0.4593981208053638
DSP-08660,ORD-13535,unauthorized_transaction,2026-06-15,8,pending,0.6296,True,RULE_UNAUTHORIZED_TRANSACTION,clean_fight,3,False,CUST-02885,218.85,apparel,2026-06-07,True,2026-06-14,True,True,False,0.60289425,12,CONCEDE,-168.05659413635732,-168.05659413635732,0.16478590604026816
DSP-02014,ORD-03229,not_as_described,2026-04-08,15,pending,0.2688,True,RULE_NOT_AS_DESCRIBED,clean_concede,4,False,CUST-04957,513.16,digital_goods,2026-03-24,True,2026-03-29,True,True,False,0.40085232,5,MANUAL_REVIEW,-94.29862214565279,-94.29862214565279,0.3166373154362405
DSP-05168,ORD-05260,not_as_described,2026-05-10,15,pending,0.6907,True,RULE_NOT_AS_DESCRIBED,clean_fight,0,False,CUST-05984,134.71,apparel,2026-04-25,True,2026-05-01,True,True,False,0.5778744,5,CONCEDE,-222.1545366024971,-222.1545366024971,0.30139771812080535
DSP-05989,ORD-02219,unauthorized_transaction,2026-05-19,10,pending,0.5074,False,RULE_UNAUTHORIZED_TRANSACTION,clean_fight,3,False,CUST-04956,692.85,electronics,2026-05-09,True,2026-05-16,True,True,False,0.5843928,10,MANUAL_REVIEW,104.89654179811481,104.89654179811481,0.2238731543624145
DSP-00884,ORD-10841,item_not_received,2026-03-28,16,pending,0.0436,False,RULE_ITEM_NOT_RECEIVED,retry_needed,1,False,CUST-01909,144.17,home_goods,2026-03-12,False,,True,True,True,0.10904382,4,CONCEDE,-284.2791522265971,-284.2791522265971,0.32177865771812075
DSP-01806,ORD-11503,item_not_received,2026-04-06,6,pending,0.02,False,RULE_ITEM_NOT_RECEIVED,retry_needed,1,False,CUST-00551,865.05,home_goods,2026-03-31,False,,False,True,False,0.081143185,14,CONCEDE,-229.80708738639953,-229.80708738639953,0.15080738255033352
DSP-12277,ORD-16436,item_not_received,2026-07-22,20,pending,0.6934,True,RULE_ITEM_NOT_RECEIVED,clean_fight,0,False,CUST-00522,900.46,apparel,2026-07-02,True,2026-07-06,True,True,False,0.72478825,0,FIGHT,352.6428262794018,352.6428262794018,0.4322332885906019
DSP-07758,ORD-12419,unauthorized_transaction,2026-06-06,20,pending,0.6068,False,RULE_UNAUTHORIZED_TRANSACTION,clean_fight,0,False,CUST-05199,342.08,electronics,2026-05-17,True,2026-05-25,True,True,True,0.543589,0,MANUAL_REVIEW,-114.04907627105715,-114.04907627105715,0.40974818791946244
DSP-03936,ORD-16922,unauthorized_transaction,2026-04-28,14,pending,0.5287,False,RULE_UNAUTHORIZED_TRANSACTION,clean_fight,2,False,CUST-01585,296.2,apparel,2026-04-14,False,,True,True,False,0.4093022,6,CONCEDE,-178.76468692421912,-178.76468692421912,0.28790067114093904
DSP-12471,ORD-12618,unauthorized_transaction,2026-07-24,22,pending,0.6414,True,RULE_UNAUTHORIZED_TRANSACTION,clean_fight,0,False,CUST-02158,631.98,apparel,2026-07-02,True,2026-07-08,True,True,False,0.71638614,0,FIGHT,152.7417123734951,152.7417123734951,0.4214220134228174
DSP-11337,ORD-09648,not_as_described,2026-07-13,14,pending,0.6067,True,RULE_NOT_AS_DESCRIBED,clean_fight,1,False,CUST-00481,399.43,groceries,2026-06-29,True,2026-07-08,True,True,False,0.4388604,6,MANUAL_REVIEW,-124.70599577635525,-124.70599577635525,0.2920575838926166
DSP-02478,ORD-17009,duplicate_charge,2026-04-13,17,pending,0.3913,False,RULE_DUPLICATE_CHARGE,clean_concede,2,False,CUST-02666,1685.92,electronics,2026-03-27,True,2026-04-03,True,False,False,0.3780636,3,FIGHT,337.38496653079994,337.38496653079994,0.4038625503355662
DSP-03222,ORD-12156,unauthorized_transaction,2026-04-21,11,pending,0.4764,True,RULE_UNAUTHORIZED_TRANSACTION,clean_concede,1,False,CUST-03130,623.4,electronics,2026-04-10,False,,True,True,False,0.44854942,9,MANUAL_REVIEW,-20.374291795492184,-20.374291795492184,0.2410765100671127
DSP-06739,ORD-05616,not_as_described,2026-05-27,21,pending,0.5229,False,RULE_NOT_AS_DESCRIBED,clean_fight,2,False,CUST-00804,789.7,home_goods,2026-05-06,True,2026-05-12,True,True,False,0.43399698,0,MANUAL_REVIEW,42.72741149067883,42.72741149067883,0.42777315436241425
DSP-13831,ORD-09649,unauthorized_transaction,2026-08-07,11,pending,0.3959,False,RULE_UNAUTHORIZED_TRANSACTION,clean_concede,0,False,CUST-00426,1414.98,electronics,2026-07-27,True,2026-08-03,False,True,False,0.35552308,9,FIGHT,203.0580472201109,203.0580472201109,0.2729522147650971
DSP-04115,ORD-11390,not_as_described,2026-04-30,21,pending,0.4917,False,RULE_NOT_AS_DESCRIBED,clean_concede,3,False,CUST-00558,578.55,apparel,2026-04-09,True,2026-04-17,True,True,False,0.43703005,0,MANUAL_REVIEW,-47.15626620501283,-47.15626620501283,0.41927046979865645
DSP-05565,ORD-16383,not_as_described,2026-05-15,15,pending,0.3756,True,RULE_NOT_AS_DESCRIBED,clean_concede,0,False,CUST-05911,704.36,electronics,2026-04-30,True,2026-05-06,False,True,False,0.40325472,5,MANUAL_REVIEW,-15.963507119417159,-15.963507119417159,0.3243366442953004
DSP-08788,ORD-17911,unauthorized_transaction,2026-06-16,22,pending,0.68,True,RULE_UNAUTHORIZED_TRANSACTION,clean_fight,1,False,CUST-04420,1236.59,groceries,2026-05-25,True,2026-06-03,True,True,False,0.5779075,0,FIGHT,414.6346387034654,414.6346387034654,0.4457687248322117
DSP-08352,ORD-04228,item_not_received,2026-06-12,12,pending,0.108,False,RULE_ITEM_NOT_RECEIVED,retry_needed,1,False,CUST-04307,321.41,digital_goods,2026-05-31,False,,True,True,False,0.2580775,8,CONCEDE,-217.05131000161168,-217.05131000161168,0.2489158389261739
DSP-01060,ORD-07968,not_as_described,2026-03-30,11,pending,0.4909,True,RULE_NOT_AS_DESCRIBED,clean_concede,0,False,CUST-03676,1583.53,electronics,2026-03-19,False,,True,True,False,0.3687888,9,FIGHT,283.98814205735925,283.98814205735925,0.27973946308724434
DSP-02627,ORD-06824,unauthorized_transaction,2026-04-15,16,pending,0.5899,False,RULE_UNAUTHORIZED_TRANSACTION,clean_fight,0,False,CUST-05986,876.98,groceries,2026-03-30,True,2026-03-31,True,True,False,0.67795324,4,FIGHT,294.5514352703094,294.5514352703094,0.3512877852348973
DSP-12800,ORD-14051,not_as_described,2026-07-28,6,pending,0.256,False,RULE_NOT_AS_DESCRIBED,clean_concede,3,False,CUST-02276,879.73,groceries,2026-07-22,True,2026-07-30,False,False,False,0.21537212,14,MANUAL_REVIEW,-110.53068894237279,-110.53068894237279,0.1513985234899308
DSP-03030,ORD-04799,duplicate_charge,2026-04-19,6,pending,0.3997,False,RULE_DUPLICATE_CHARGE,clean_concede,2,False,CUST-02936,1297.97,electronics,2026-04-13,True,2026-04-18,True,False,False,0.4709805,14,FIGHT,311.31855337351567,311.31855337351567,0.16824040268456053
DSP-14799,ORD-10557,unauthorized_transaction,2026-08-21,22,pending,0.2995,False,RULE_UNAUTHORIZED_TRANSACTION,clean_concede,2,False,CUST-04801,502.94,apparel,2026-07-30,True,2026-08-06,False,True,False,0.2496784,0,CONCEDE,-174.42674392521383,-174.42674392521383,0.4162257718120795
DSP-05912,ORD-18563,duplicate_charge,2026-05-18,19,pending,0.2261,False,RULE_DUPLICATE_CHARGE,clean_concede,1,False,CUST-02905,546.38,apparel,2026-04-29,True,2026-05-08,False,False,False,0.24773842,1,CONCEDE,-164.64068155407907,-164.64068155407907,0.3979750335570458
DSP-02697,ORD-18335,not_as_described,2026-04-15,11,pending,0.5191,False,RULE_NOT_AS_DESCRIBED,clean_fight,0,False,CUST-00288,507.59,groceries,2026-04-04,True,2026-04-09,True,True,False,0.547224,9,MANUAL_REVIEW,-22.23457735478877,-22.23457735478877,0.2364130201342271
DSP-08049,ORD-05818,duplicate_charge,2026-06-09,13,pending,0.6568,False,RULE_DUPLICATE_CHARGE,clean_fight,0,False,CUST-05157,1645.69,electronics,2026-05-27,True,2026-06-05,True,True,False,0.6384247,7,FIGHT,750.6491355544329,750.6491355544329,0.3222425503355663
DSP-02764,ORD-15880,not_as_described,2026-04-16,10,pending,0.6336,False,RULE_NOT_AS_DESCRIBED,clean_fight,1,False,CUST-03921,810.95,electronics,2026-04-06,True,2026-04-09,True,True,False,0.5629161,10,FIGHT,156.4968113154173,156.4968113154173,0.22862885906040076
DSP-03037,ORD-17928,item_not_received,2026-04-19,19,pending,0.6647,True,RULE_ITEM_NOT_RECEIVED,clean_fight,2,False,CUST-01320,474.01,groceries,2026-03-31,True,2026-04-04,True,True,False,0.5361721,1,MANUAL_REVIEW,-45.84906668961048,-45.84906668961048,0.3950608053691265
DSP-04326,ORD-13075,item_not_received,2026-05-02,12,pending,0.5396,False,RULE_ITEM_NOT_RECEIVED,clean_fight,2,False,CUST-04759,479.8,apparel,2026-04-20,True,2026-04-24,True,False,False,0.5236617,8,MANUAL_REVIEW,-48.74712926149368,-48.74712926149368,0.25529395973154256
DSP-06876,ORD-16586,not_as_described,2026-05-28,21,pending,0.5087,False,RULE_NOT_AS_DESCRIBED,clean_fight,1,False,CUST-03033,614.75,electronics,2026-05-07,True,2026-05-08,True,True,False,0.60680544,0,MANUAL_REVIEW,73.0336465537548,73.0336465537548,0.4207281879194617
DSP-06712,ORD-07595,unauthorized_transaction,2026-05-27,15,pending,0.7352,True,RULE_UNAUTHORIZED_TRANSACTION,clean_fight,0,False,CUST-04855,1201.14,apparel,2026-05-12,True,2026-05-21,True,True,False,0.67626494,5,FIGHT,512.2888720643521,512.2888720643521,0.34434120805368834
DSP-05107,ORD-17426,not_as_described,2026-05-10,17,pending,0.5876,True,RULE_NOT_AS_DESCRIBED,clean_fight,1,False,CUST-04214,3628.83,groceries,2026-04-23,True,2026-04-30,True,True,False,0.47151878,3,FIGHT,1411.0615117058157,1411.0615117058157,0.48210053691274213
DSP-07195,ORD-19019,item_not_received,2026-06-01,5,pending,0.7899,True,RULE_ITEM_NOT_RECEIVED,clean_fight,1,False,CUST-03072,559.89,apparel,2026-05-27,True,2026-06-01,True,True,False,0.66837615,15,MANUAL_REVIEW,74.2171213620901,74.2171213620901,0.11851906040268333
DSP-11849,ORD-19263,not_as_described,2026-07-18,7,pending,0.568,False,RULE_NOT_AS_DESCRIBED,clean_fight,0,False,CUST-02237,924.59,apparel,2026-07-11,True,2026-07-20,True,True,False,0.6691488,13,FIGHT,318.688291541338,318.688291541338,0.17320496644295078
DSP-13315,ORD-14491,not_as_described,2026-08-02,19,pending,0.5191,True,RULE_NOT_AS_DESCRIBED,clean_fight,0,False,CUST-04190,101.31,electronics,2026-07-14,True,2026-07-17,True,True,True,0.5365793,1,CONCEDE,-245.6391500133276,-245.6391500133276,0.38005275167785235
DSP-04710,ORD-03219,not_as_described,2026-05-06,2,pending,0.6628,True,RULE_NOT_AS_DESCRIBED,clean_fight,0,False,CUST-05932,637.13,electronics,2026-05-04,True,2026-05-12,True,True,False,0.69044214,18,MANUAL_REVIEW,139.90140376150606,139.90140376150606,0.0616293959731529
DSP-11415,ORD-04500,unauthorized_transaction,2026-07-14,22,pending,0.7827,True,RULE_UNAUTHORIZED_TRANSACTION,clean_fight,1,False,CUST-03651,164.74,electronics,2026-06-22,True,2026-07-01,True,True,False,0.6422039,0,CONCEDE,-194.20332505941388,-194.20332505941388,0.40260697986577165
DSP-04549,ORD-13032,item_not_received,2026-05-04,20,pending,0.2105,False,RULE_ITEM_NOT_RECEIVED,retry_needed,0,False,CUST-02623,313.1,electronics,2026-04-14,False,,True,True,False,0.17586409,0,CONCEDE,-244.93695481270552,-244.93695481270552,0.40858120805369075
DSP-12428,ORD-11801,item_not_received,2026-07-24,20,pending,0.6003,False,RULE_ITEM_NOT_RECEIVED,clean_fight,2,False,CUST-03985,509.86,electronics,2026-07-04,True,2026-07-11,True,False,False,0.49659666,0,MANUAL_REVIEW,-46.805224795937534,-46.805224795937534,0.4165044295302003
DSP-05408,ORD-02815,duplicate_charge,2026-05-13,18,pending,0.8238,True,RULE_DUPLICATE_CHARGE,clean_fight,0,False,CUST-01227,158.62,groceries,2026-04-25,True,2026-04-30,True,True,False,0.7120709,2,CONCEDE,-187.0513166463375,-187.0513166463375,0.36236053691275155
DSP-04460,ORD-15489,not_as_described,2026-05-03,11,pending,0.3896,False,RULE_NOT_AS_DESCRIBED,clean_concede,0,False,CUST-02889,684.85,groceries,2026-04-22,True,2026-04-23,False,True,False,0.35104072,9,MANUAL_REVIEW,-59.58976226449013,-59.58976226449013,0.24355100671140784
DSP-00560,ORD-10709,duplicate_charge,2026-03-24,10,pending,0.0793,False,RULE_DUPLICATE_CHARGE,clean_concede,2,False,CUST-04046,327.71,home_goods,2026-03-14,False,,True,False,False,0.23906814,10,CONCEDE,-221.65498127624392,-221.65498127624392,0.20916953020134169
DSP-01206,ORD-17829,item_not_received,2026-03-31,11,pending,0.5665,True,RULE_ITEM_NOT_RECEIVED,clean_fight,0,False,CUST-01922,147.96,apparel,2026-03-20,True,2026-03-23,False,True,False,0.5679375,9,CONCEDE,-215.96796848773954,-215.96796848773954,0.22193127516778513
DSP-06282,ORD-09475,item_not_received,2026-05-22,7,pending,0.6568,True,RULE_ITEM_NOT_RECEIVED,clean_fight,0,False,CUST-05613,670.62,groceries,2026-05-15,True,2026-05-19,True,True,False,0.67939013,13,FIGHT,155.6126106083393,155.6126106083393,0.16297798657717966
DSP-14742,ORD-15926,duplicate_charge,2026-08-20,16,pending,0.3081,False,RULE_DUPLICATE_CHARGE,clean_concede,2,False,CUST-00136,1811.25,digital_goods,2026-08-04,True,2026-08-13,False,True,False,0.37441108,4,FIGHT,378.15206196159124,378.15206196159124,0.3889093959731498
DSP-11317,ORD-10487,duplicate_charge,2026-07-13,19,pending,0.788,True,RULE_DUPLICATE_CHARGE,clean_fight,0,False,CUST-00368,525.76,home_goods,2026-06-24,True,2026-06-29,True,True,False,0.66577774,1,MANUAL_REVIEW,50.03930608749391,50.03930608749391,0.39714469798657603
DSP-00889,ORD-05272,unauthorized_transaction,2026-03-28,15,pending,0.1853,False,RULE_UNAUTHORIZED_TRANSACTION,clean_concede,1,False,CUST-05673,311.72,digital_goods,2026-03-13,True,2026-03-14,False,True,False,0.31654325,5,CONCEDE,-201.32713771224022,-201.32713771224022,0.30852563758389207
DSP-00596,ORD-04269,unauthorized_transaction,2026-03-24,16,pending,0.6362,True,RULE_UNAUTHORIZED_TRANSACTION,clean_fight,1,False,CUST-02906,2703.99,home_goods,2026-03-08,True,2026-03-13,True,True,False,0.64052594,4,FIGHT,1431.9757286059855,1431.9757286059855,0.4248586577181138
DSP-05575,ORD-05316,not_as_described,2026-05-15,12,pending,0.4686,True,RULE_NOT_AS_DESCRIBED,clean_concede,3,False,CUST-04674,1148.67,digital_goods,2026-05-03,True,2026-05-05,True,True,False,0.520819,8,FIGHT,298.24917032182225,298.24917032182225,0.28222832214764815
DSP-03385,ORD-03265,item_not_received,2026-04-22,3,pending,0.698,False,RULE_ITEM_NOT_RECEIVED,clean_fight,2,False,CUST-00872,375.02,home_goods,2026-04-19,True,2026-04-26,True,True,False,0.53438276,17,MANUAL_REVIEW,-99.59577714800835,-99.59577714800835,0.07107463087248249
DSP-02526,ORD-10872,not_as_described,2026-04-13,14,pending,0.3348,False,RULE_NOT_AS_DESCRIBED,clean_concede,0,False,CUST-05221,555.39,apparel,2026-03-30,True,2026-04-05,False,True,False,0.4434087,6,MANUAL_REVIEW,-53.735243304669865,-53.735243304669865,0.298337852348992
DSP-10972,ORD-08035,item_not_received,2026-07-09,19,pending,0.5576,False,RULE_ITEM_NOT_RECEIVED,clean_fight,3,False,CUST-04953,3335.2,electronics,2026-06-20,True,2026-06-27,True,True,False,0.51636547,1,FIGHT,1422.1821105480194,1422.1821105480194,0.5102765100671054
DSP-08096,ORD-10211,not_as_described,2026-06-09,24,pending,0.4294,False,RULE_NOT_AS_DESCRIBED,clean_concede,4,False,CUST-05843,417.28,groceries,2026-05-16,True,2026-05-23,True,True,False,0.3639941,0,MANUAL_REVIEW,-148.11254539489747,-148.11254539489747,0.41277637583892535
DSP-14794,ORD-17866,not_as_described,2026-08-21,16,pending,0.3495,False,RULE_NOT_AS_DESCRIBED,clean_concede,5,False,CUST-04841,295.04,home_goods,2026-08-05,True,2026-08-06,True,True,False,0.4341802,4,CONCEDE,-171.8994737625122,-171.8994737625122,0.3278539597315432
DSP-06997,ORD-12153,item_not_received,2026-05-29,1,pending,0.7161,False,RULE_ITEM_NOT_RECEIVED,clean_fight,0,False,CUST-00734,455.33,groceries,2026-05-28,True,2026-06-02,True,True,False,0.7105058,19,MANUAL_REVIEW,23.51459842741491,23.51459842741491,0.0343085906040259
DSP-09660,ORD-06860,unauthorized_transaction,2026-06-26,18,pending,0.698,True,RULE_UNAUTHORIZED_TRANSACTION,clean_fight,0,False,CUST-04712,1292.06,apparel,2026-06-08,True,2026-06-10,True,True,False,0.7359266,2,FIGHT,650.8613591194153,650.8613591194153,0.40800241610737936
DSP-06271,ORD-14921,item_not_received,2026-05-22,10,pending,0.7358,True,RULE_ITEM_NOT_RECEIVED,clean_fight,0,False,CUST-05091,1133.08,apparel,2026-05-12,True,2026-05-19,True,True,False,0.78099763,10,FIGHT,584.9327990579604,584.9327990579604,0.2416005369127489
DSP-03343,ORD-08449,not_as_described,2026-04-22,13,pending,0.4524,True,RULE_NOT_AS_DESCRIBED,clean_concede,4,False,CUST-04350,390.03,electronics,2026-04-09,True,2026-04-17,True,True,False,0.4427261,7,MANUAL_REVIEW,-127.32353709071876,-127.32353709071876,0.2716790604026838
DSP-06359,ORD-04302,item_not_received,2026-05-23,18,pending,0.7558,True,RULE_ITEM_NOT_RECEIVED,clean_fight,0,False,CUST-02717,1204.52,apparel,2026-05-05,True,2026-05-10,True,True,False,0.7378102,2,FIGHT,588.7071354699135,588.7071354699135,0.40447731543623866
DSP-09059,ORD-15478,item_not_received,2026-06-19,6,pending,0.6554,False,RULE_ITEM_NOT_RECEIVED,clean_fight,1,False,CUST-02700,100.0,digital_goods,2026-06-13,True,2026-06-14,False,True,False,0.5579628,14,CONCEDE,-244.20372247695923,-244.20372247695923,0.12000000000000002
DSP-11392,ORD-02618,duplicate_charge,2026-07-13,17,pending,0.1738,False,RULE_DUPLICATE_CHARGE,clean_concede,1,False,CUST-03930,1567.79,groceries,2026-06-26,False,,True,False,True,0.17774594,3,MANUAL_REVIEW,-21.33169539093973,-21.33169539093973,0.3991056375838887
DSP-07428,ORD-16038,duplicate_charge,2026-06-03,19,pending,0.6239,True,RULE_DUPLICATE_CHARGE,clean_fight,1,False,CUST-01725,226.73,digital_goods,2026-05-15,True,2026-05-19,True,True,False,0.5888367,1,CONCEDE,-166.49304831445218,-166.49304831445218,0.3851032214765097
DSP-11950,ORD-07216,not_as_described,2026-07-19,20,pending,0.5788,True,RULE_NOT_AS_DESCRIBED,clean_fight,2,False,CUST-04835,1187.64,apparel,2026-06-29,True,2026-07-01,True,True,False,0.52471274,0,FIGHT,323.16984016656886,323.16984016656886,0.44379758389261453
DSP-13010,ORD-13399,duplicate_charge,2026-07-30,11,pending,0.02,False,RULE_DUPLICATE_CHARGE,clean_concede,7,False,CUST-02692,530.88,electronics,2026-07-19,False,,True,False,False,0.093426496,9,CONCEDE,-250.40174191474915,-250.40174191474915,0.23735087248322034
DSP-09704,ORD-00005,item_not_received,2026-06-26,8,pending,0.1637,False,RULE_ITEM_NOT_RECEIVED,retry_needed,0,False,CUST-01828,228.45,electronics,2026-06-18,False,,True,True,True,0.1466814,12,CONCEDE,-266.49063459187744,-266.49063459187744,0.1651724832214762
DSP-10958,ORD-17209,item_not_received,2026-07-09,22,pending,0.4268,False,RULE_ITEM_NOT_RECEIVED,clean_concede,4,False,CUST-01627,2210.82,apparel,2026-06-17,True,2026-06-24,False,True,False,0.17638306,0,MANUAL_REVIEW,89.95120377749208,89.95120377749208,0.4849994630872426
DSP-11993,ORD-15875,duplicate_charge,2026-07-19,22,pending,0.6045,True,RULE_DUPLICATE_CHARGE,clean_fight,1,False,CUST-02236,1404.07,home_goods,2026-06-27,True,2026-06-30,True,True,False,0.6033907,0,FIGHT,547.2027712535858,547.2027712535858,0.4525128859060368
DSP-08287,ORD-08661,duplicate_charge,2026-06-11,7,pending,0.1528,False,RULE_DUPLICATE_CHARGE,clean_concede,1,False,CUST-01511,265.46,groceries,2026-06-04,False,,True,False,False,0.22587606,13,CONCEDE,-240.0389402872324,-240.0389402872324,0.14666281879194584
DSP-06661,ORD-17514,item_not_received,2026-05-26,24,pending,0.6001,True,RULE_ITEM_NOT_RECEIVED,clean_fight,0,False,CUST-05910,923.61,home_goods,2026-05-02,True,2026-05-10,True,False,False,0.461539,0,MANUAL_REVIEW,126.28203604191543,126.28203604191543,0.4331655033557025
DSP-10247,ORD-16890,not_as_described,2026-07-02,21,pending,0.6416,False,RULE_NOT_AS_DESCRIBED,clean_fight,1,False,CUST-02164,2710.62,electronics,2026-06-11,True,2026-06-13,True,True,False,0.7111815,0,FIGHT,1627.742855579853,1627.742855579853,0.5051256375838855
DSP-05192,ORD-10551,item_not_received,2026-05-11,12,pending,0.4818,True,RULE_ITEM_NOT_RECEIVED,clean_concede,0,False,CUST-03338,460.85,apparel,2026-04-29,True,2026-05-05,False,False,False,0.4915528,8,MANUAL_REVIEW,-73.46789214760065,-73.46789214760065,0.2545308724832205
DSP-02254,ORD-08154,duplicate_charge,2026-04-11,8,pending,0.4895,False,RULE_DUPLICATE_CHARGE,clean_concede,1,False,CUST-05700,181.15,electronics,2026-04-03,True,2026-04-10,True,True,False,0.58985335,12,CONCEDE,-193.14806630909442,-193.14806630909442,0.16326778523489915
DSP-04475,ORD-06360,item_not_received,2026-05-04,24,pending,0.1891,False,RULE_ITEM_NOT_RECEIVED,retry_needed,0,False,CUST-01035,541.45,apparel,2026-04-10,False,,True,True,False,0.12961386,0,CONCEDE,-229.82057472243906,-229.82057472243906,0.4177765100671129
DSP-01384,ORD-02717,unauthorized_transaction,2026-04-02,13,pending,0.7364,True,RULE_UNAUTHORIZED_TRANSACTION,clean_fight,0,False,CUST-00922,1238.82,electronics,2026-03-20,True,2026-03-25,True,True,False,0.71103096,7,FIGHT,580.8393739700317,580.8393739700317,0.3058585234899298
DSP-06265,ORD-05762,duplicate_charge,2026-05-22,18,pending,0.559,False,RULE_DUPLICATE_CHARGE,clean_fight,2,False,CUST-02992,2025.31,digital_goods,2026-05-04,True,2026-05-05,True,True,False,0.59245616,2,FIGHT,899.9073894113301,899.9073894113301,0.43752926174496126
DSP-00752,ORD-06469,duplicate_charge,2026-03-26,14,pending,0.6582,True,RULE_DUPLICATE_CHARGE,clean_fight,0,False,CUST-00406,1354.94,apparel,2026-03-12,True,2026-03-14,True,True,False,0.62068737,6,FIGHT,540.9941390538216,540.9941390538216,0.3305344966442919
DSP-04643,ORD-00714,not_as_described,2026-05-05,4,pending,0.6578,False,RULE_NOT_AS_DESCRIBED,clean_fight,0,False,CUST-02235,116.79,groceries,2026-05-01,True,2026-05-09,True,True,False,0.63192105,16,CONCEDE,-226.19794022798538,-226.19794022798538,0.08067610738255028
DSP-07405,ORD-17953,unauthorized_transaction,2026-06-03,6,pending,0.7427,True,RULE_UNAUTHORIZED_TRANSACTION,clean_fight,1,False,CUST-01499,297.22,apparel,2026-05-28,True,2026-06-02,True,True,False,0.6912263,14,MANUAL_REVIEW,-94.55371805071829,-94.55371805071829,0.12794174496644245
DSP-06434,ORD-06761,unauthorized_transaction,2026-05-23,7,pending,0.215,False,RULE_UNAUTHORIZED_TRANSACTION,clean_concede,3,False,CUST-01752,2326.26,apparel,2026-05-16,True,2026-05-24,False,True,False,0.21021108,13,FIGHT,189.0056346210838,189.0056346210838,0.22964805369126912
DSP-04397,ORD-11428,not_as_described,2026-05-03,8,pending,0.5393,True,RULE_NOT_AS_DESCRIBED,clean_fight,2,False,CUST-00391,1480.68,groceries,2026-04-25,True,2026-04-28,True,True,False,0.49900368,12,FIGHT,438.86476677060125,438.86476677060125,0.2155978523489896
DSP-06705,ORD-07465,not_as_described,2026-05-26,21,pending,0.3154,False,RULE_NOT_AS_DESCRIBED,clean_concede,5,False,CUST-00255,1932.64,groceries,2026-05-05,True,2026-05-07,True,True,False,0.39223766,0,FIGHT,458.0541975402832,458.0541975402832,0.4737975838926125
DSP-12938,ORD-18907,item_not_received,2026-07-29,21,pending,0.6281,True,RULE_ITEM_NOT_RECEIVED,clean_fight,0,False,CUST-01875,2806.22,digital_goods,2026-07-08,True,2026-07-13,True,False,False,0.68052703,0,FIGHT,1609.7085661160945,1609.7085661160945,0.5089753020134156
DSP-08055,ORD-14742,not_as_described,2026-06-09,13,pending,0.3214,True,RULE_NOT_AS_DESCRIBED,clean_concede,1,False,CUST-00579,350.46,groceries,2026-05-27,True,2026-05-28,False,True,False,0.28971827,7,CONCEDE,-198.4653349900246,-198.4653349900246,0.2700856375838919
DSP-10189,ORD-19757,not_as_described,2026-07-01,20,pending,0.4476,False,RULE_NOT_AS_DESCRIBED,clean_concede,1,False,CUST-04829,361.12,home_goods,2026-06-11,True,2026-06-17,True,False,False,0.43544313,0,MANUAL_REVIEW,-142.7527757692337,-142.7527757692337,0.4105148993288584
DSP-13723,ORD-04913,unauthorized_transaction,2026-08-06,23,pending,0.572,False,RULE_UNAUTHORIZED_TRANSACTION,clean_fight,0,False,CUST-02382,823.32,electronics,2026-07-14,True,2026-07-19,True,False,False,0.5245542,0,MANUAL_REVIEW,131.87595819711686,131.87595819711686,0.42912697986576986
DSP-14137,ORD-03402,item_not_received,2026-08-10,12,pending,0.8091,True,RULE_ITEM_NOT_RECEIVED,clean_fight,0,False,CUST-04377,609.2,apparel,2026-07-29,True,2026-08-02,True,True,False,0.76342326,8,FIGHT,165.07745244503025,165.07745244503025,0.2605046979865758
DSP-12364,ORD-17198,not_as_described,2026-07-23,10,pending,0.612,True,RULE_NOT_AS_DESCRIBED,clean_fight,1,False,CUST-03601,229.76,digital_goods,2026-07-13,True,2026-07-21,True,True,False,0.540404,10,CONCEDE,-175.83677196502686,-175.83677196502686,0.2052252348993285
DSP-07582,ORD-15900,item_not_received,2026-06-04,10,pending,0.02,False,RULE_ITEM_NOT_RECEIVED,retry_needed,1,False,CUST-04469,2203.4,apparel,2026-05-25,False,,False,True,False,0.07068927,10,MANUAL_REVIEW,-144.24326598495244,-144.24326598495244,0.2847006711409339
DSP-05906,ORD-04322,item_not_received,2026-05-18,23,pending,0.6554,True,RULE_ITEM_NOT_RECEIVED,clean_fight,0,False,CUST-05424,831.59,apparel,2026-04-25,True,2026-04-27,True,True,False,0.68157685,0,FIGHT,266.7924910533428,266.7924910533428,0.42945999999999807
DSP-14876,ORD-04716,unauthorized_transaction,2026-08-23,19,pending,0.6595,True,RULE_UNAUTHORIZED_TRANSACTION,clean_fight,1,False,CUST-01418,101.4,apparel,2026-08-04,True,2026-08-05,True,True,False,0.7063118,1,CONCEDE,-228.3799812555313,-228.3799812555313,0.38005637583892615
DSP-11225,ORD-19403,not_as_described,2026-07-12,18,pending,0.15,False,RULE_NOT_AS_DESCRIBED,clean_concede,2,False,CUST-05381,952.17,apparel,2026-06-24,True,2026-07-01,False,True,True,0.23921897,2,MANUAL_REVIEW,-72.22287793144585,-72.22287793144585,0.3943155704697964
DSP-14412,ORD-11852,unauthorized_transaction,2026-08-14,16,pending,0.5671,True,RULE_UNAUTHORIZED_TRANSACTION,clean_fight,2,False,CUST-03876,1368.02,electronics,2026-07-29,True,2026-08-01,True,True,False,0.5697215,4,FIGHT,479.39043371796606,479.39043371796606,0.3710612080536879
DSP-09649,ORD-13305,not_as_described,2026-06-26,12,pending,0.3041,True,RULE_NOT_AS_DESCRIBED,clean_concede,2,False,CUST-00614,4460.33,groceries,2026-06-14,True,2026-06-18,True,False,False,0.46550125,8,FIGHT,1776.2891852229832,1776.2891852229832,0.41558375838925
DSP-14121,ORD-07691,not_as_described,2026-08-10,21,pending,0.6127,False,RULE_NOT_AS_DESCRIBED,clean_fight,0,False,CUST-00936,3923.69,home_goods,2026-07-20,True,2026-07-26,True,True,True,0.5270098,0,FIGHT,1767.8230239945651,1767.8230239945651,0.5539740939597212
DSP-12474,ORD-09806,item_not_received,2026-07-24,24,pending,0.5743,True,RULE_ITEM_NOT_RECEIVED,clean_fight,2,False,CUST-01458,456.12,electronics,2026-06-30,True,2026-07-07,True,True,False,0.61360127,0,MANUAL_REVIEW,-20.12418994188306,-20.12418994188306,0.4143404026845628
DSP-03669,ORD-16771,unauthorized_transaction,2026-04-25,15,pending,0.418,False,RULE_UNAUTHORIZED_TRANSACTION,clean_concede,1,False,CUST-00530,3439.01,electronics,2026-04-10,False,,True,True,False,0.3763181,5,FIGHT,994.1616991579533,994.1616991579533,0.43445677852348097
DSP-12806,ORD-13114,item_not_received,2026-07-28,9,pending,0.7175,True,RULE_ITEM_NOT_RECEIVED,clean_fight,0,False,CUST-05702,491.75,electronics,2026-07-19,True,2026-07-20,True,True,False,0.73178136,11,MANUAL_REVIEW,59.853485494852066,59.853485494852066,0.19577516778523382
DSP-02913,ORD-19233,item_not_received,2026-04-17,11,pending,0.694,True,RULE_ITEM_NOT_RECEIVED,clean_fight,2,False,CUST-03466,1550.52,electronics,2026-04-06,True,2026-04-15,True,True,False,0.62191653,9,FIGHT,664.2940219974518,664.2940219974518,0.278410201342278
DSP-06971,ORD-15578,unauthorized_transaction,2026-05-29,6,pending,0.6066,True,RULE_UNAUTHORIZED_TRANSACTION,clean_fight,3,False,CUST-05757,139.55,groceries,2026-05-23,True,2026-05-28,True,True,False,0.51649684,14,CONCEDE,-227.92286637723447,-227.92286637723447,0.12159261744966435
DSP-02570,ORD-10421,item_not_received,2026-04-14,18,pending,0.5622,True,RULE_ITEM_NOT_RECEIVED,clean_fight,1,False,CUST-04135,166.28,home_goods,2026-03-27,True,2026-03-29,True,True,False,0.54701954,2,CONCEDE,-209.04159067869188,-209.04159067869188,0.3626689932885905
DSP-11920,ORD-03227,not_as_described,2026-07-19,13,pending,0.557,True,RULE_NOT_AS_DESCRIBED,clean_fight,1,False,CUST-00622,258.56,apparel,2026-07-06,True,2026-07-08,True,True,False,0.6128337,7,MANUAL_REVIEW,-141.54572402954102,-141.54572402954102,0.2663849664429526
DSP-00531,ORD-05684,not_as_described,2026-03-24,7,pending,0.5751,True,RULE_NOT_AS_DESCRIBED,clean_fight,2,False,CUST-00255,396.66,electronics,2026-03-17,True,2026-03-18,True,True,False,0.4968337,13,MANUAL_REVIEW,-102.92593985259532,-102.92593985259532,0.15194604026845557
DSP-08859,ORD-03621,not_as_described,2026-06-17,1,pending,0.2762,True,RULE_NOT_AS_DESCRIBED,clean_concede,3,False,CUST-00927,524.54,home_goods,2026-06-16,True,2026-06-18,False,False,False,0.34453312,19,MANUAL_REVIEW,-119.27859952986242,-119.27859952986242,0.03709557046979753
DSP-04696,ORD-06125,item_not_received,2026-05-06,23,pending,0.7025,True,RULE_ITEM_NOT_RECEIVED,clean_fight,0,False,CUST-04699,280.14,electronics,2026-04-13,True,2026-04-19,True,True,False,0.7109574,0,MANUAL_REVIEW,-100.83239173650742,-100.83239173650742,0.40725395973154316
DSP-12162,ORD-10808,not_as_described,2026-07-21,19,pending,0.3993,True,RULE_NOT_AS_DESCRIBED,clean_concede,3,False,CUST-03592,293.05,home_goods,2026-07-02,True,2026-07-03,True,True,False,0.4734733,1,CONCEDE,-161.2486463665962,-161.2486463665962,0.3877738255033552
DSP-11199,ORD-19033,unauthorized_transaction,2026-07-12,23,pending,0.7357,False,RULE_UNAUTHORIZED_TRANSACTION,clean_fight,1,False,CUST-02654,517.52,electronics,2026-06-19,True,2026-06-27,True,True,False,0.59769785,0,MANUAL_REVIEW,9.320593423843377,9.320593423843377,0.41681288590603915
DSP-00413,ORD-11781,item_not_received,2026-03-21,13,pending,0.5745,True,RULE_ITEM_NOT_RECEIVED,clean_fight,2,False,CUST-00052,592.29,apparel,2026-03-08,True,2026-03-10,True,True,False,0.6021518,7,MANUAL_REVIEW,56.648496209979044,56.648496209979044,0.27982375838926044
DSP-00620,ORD-01583,not_as_described,2026-03-25,7,pending,0.5686,False,RULE_NOT_AS_DESCRIBED,clean_fight,1,False,CUST-00778,127.45,apparel,2026-03-18,True,2026-03-20,True,True,False,0.5481522,13,CONCEDE,-230.1380010485649,-230.1380010485649,0.1411053691275167
DSP-00379,ORD-04689,item_not_received,2026-03-21,7,pending,0.5342,False,RULE_ITEM_NOT_RECEIVED,clean_fight,3,False,CUST-02820,762.29,electronics,2026-03-14,True,2026-03-15,True,True,False,0.5275104,13,MANUAL_REVIEW,102.11590631246565,102.11590631246565,0.16666939597315256
DSP-06549,ORD-14670,item_not_received,2026-05-25,15,pending,0.47,False,RULE_ITEM_NOT_RECEIVED,clean_concede,4,False,CUST-05066,755.12,home_goods,2026-05-10,True,2026-05-14,True,True,False,0.3507551,5,MANUAL_REVIEW,-35.13781229972841,-35.13781229972841,0.3263806711409379
DSP-02966,ORD-09758,item_not_received,2026-04-18,4,pending,0.6135,True,RULE_ITEM_NOT_RECEIVED,clean_fight,1,False,CUST-05545,424.9,groceries,2026-04-14,True,2026-04-19,True,True,True,0.49274772,16,MANUAL_REVIEW,-90.63149204850197,-90.63149204850197,0.09308322147650917
DSP-10784,ORD-00407,unauthorized_transaction,2026-07-07,7,pending,0.7806,True,RULE_UNAUTHORIZED_TRANSACTION,clean_fight,0,False,CUST-04543,2712.83,apparel,2026-06-30,True,2026-07-09,True,True,False,0.82484806,13,FIGHT,1937.6725513231754,1937.6725513231754,0.24521463087247614
DSP-10215,ORD-08713,unauthorized_transaction,2026-07-01,9,pending,0.4414,False,RULE_UNAUTHORIZED_TRANSACTION,clean_concede,5,False,CUST-01805,1788.5,home_goods,2026-06-22,True,2026-07-01,True,False,False,0.44649756,11,FIGHT,498.5608852505684,498.5608852505684,0.24799328859059944
DSP-00635,ORD-08180,unauthorized_transaction,2026-03-25,4,pending,0.5459,True,RULE_UNAUTHORIZED_TRANSACTION,clean_fight,1,False,CUST-03680,1338.04,groceries,2026-03-21,False,,True,True,False,0.45925638,16,FIGHT,314.5034077608585,314.5034077608585,0.12985395973154026
DSP-06477,ORD-11211,item_not_received,2026-05-24,24,pending,0.5398,False,RULE_ITEM_NOT_RECEIVED,clean_fight,2,False,CUST-02671,831.16,apparel,2026-04-30,True,2026-05-01,True,True,False,0.59224534,0,FIGHT,192.25063708305356,192.25063708305356,0.42944268456375645
DSP-07459,ORD-18140,not_as_described,2026-06-03,22,pending,0.254,False,RULE_NOT_AS_DESCRIBED,clean_concede,0,False,CUST-00808,189.28,groceries,2026-05-12,False,,False,True,False,0.22231153,0,CONCEDE,-257.9208742570877,-257.9208742570877,0.4035951677852347
DSP-08283,ORD-17780,not_as_described,2026-06-11,24,pending,0.3709,True,RULE_NOT_AS_DESCRIBED,clean_concede,4,False,CUST-04670,808.88,groceries,2026-05-18,True,2026-05-25,True,True,False,0.2927053,0,MANUAL_REVIEW,-63.23653898239135,-63.23653898239135,0.4285455033557028
DSP-10674,ORD-13226,item_not_received,2026-07-06,3,pending,0.715,True,RULE_ITEM_NOT_RECEIVED,clean_fight,2,False,CUST-05229,344.98,electronics,2026-07-03,True,2026-07-05,True,True,False,0.64551824,17,MANUAL_REVIEW,-77.30911642193794,-77.30911642193794,0.06986496644295237
DSP-07233,ORD-08484,not_as_described,2026-06-01,4,pending,0.2634,False,RULE_NOT_AS_DESCRIBED,clean_concede,2,False,CUST-03320,136.51,apparel,2026-05-28,False,,True,False,False,0.3988525,16,CONCEDE,-245.55264558821918,-245.55264558821918,0.08147020134228176
DSP-11506,ORD-07133,item_not_received,2026-07-14,17,pending,0.5546,True,RULE_ITEM_NOT_RECEIVED,clean_fight,1,False,CUST-00264,264.2,digital_goods,2026-06-27,True,2026-07-05,True,False,False,0.4775046,3,CONCEDE,-173.8432817697525,-173.8432817697525,0.34661208053691234
DSP-10434,ORD-04457,item_not_received,2026-07-04,7,pending,0.6922,False,RULE_ITEM_NOT_RECEIVED,clean_fight,1,False,CUST-01945,1020.22,digital_goods,2026-06-27,True,2026-07-03,True,True,False,0.7361688,13,FIGHT,451.0541349565983,451.0541349565983,0.177055838926172
DSP-03226,ORD-11193,duplicate_charge,2026-04-21,24,pending,0.3596,True,RULE_DUPLICATE_CHARGE,clean_concede,2,False,CUST-03069,429.08,apparel,2026-03-28,True,2026-04-03,True,False,False,0.30803853,0,CONCEDE,-167.8268263745308,-167.8268263745308,0.4132515436241602
DSP-00212,ORD-12292,unauthorized_transaction,2026-03-17,7,pending,0.4618,False,RULE_UNAUTHORIZED_TRANSACTION,clean_concede,0,False,CUST-00682,212.01,apparel,2026-03-10,False,,True,True,False,0.5017032,13,CONCEDE,-193.63390399038792,-193.63390399038792,0.1445104697986574
DSP-14474,ORD-05647,unauthorized_transaction,2026-08-15,22,pending,0.8413,True,RULE_UNAUTHORIZED_TRANSACTION,clean_fight,1,False,CUST-01381,1403.6,apparel,2026-07-24,True,2026-07-25,True,True,False,0.70841557,0,FIGHT,694.3320910692214,694.3320910692214,0.4524939597315401
DSP-00523,ORD-17584,unauthorized_transaction,2026-03-23,7,pending,0.6385,True,RULE_UNAUTHORIZED_TRANSACTION,clean_fight,1,False,CUST-02092,3648.06,home_goods,2026-03-16,True,2026-03-22,True,False,False,0.56322753,13,FIGHT,1754.6878387570382,1754.6878387570382,0.28287489932884946
DSP-09107,ORD-03021,unauthorized_transaction,2026-06-20,24,pending,0.7773,True,RULE_UNAUTHORIZED_TRANSACTION,clean_fight,1,False,CUST-01556,340.82,apparel,2026-05-27,True,2026-06-02,True,True,False,0.5589212,0,MANUAL_REVIEW,-109.50847050905227,-109.50847050905227,0.4096974496644289
DSP-13253,ORD-18167,unauthorized_transaction,2026-08-01,14,pending,0.6675,False,RULE_UNAUTHORIZED_TRANSACTION,clean_fight,0,False,CUST-01870,358.61,groceries,2026-07-18,True,2026-07-21,True,True,False,0.67226285,6,MANUAL_REVIEW,-58.91982028543947,-58.91982028543947,0.290413825503355
DSP-00592,ORD-19628,unauthorized_transaction,2026-03-24,5,pending,0.5902,True,RULE_UNAUTHORIZED_TRANSACTION,clean_fight,5,False,CUST-03654,218.8,apparel,2026-03-19,True,2026-03-20,True,False,False,0.48057887,15,CONCEDE,-194.8493433356285,-194.8493433356285,0.10478389261744935
DSP-08513,ORD-00590,unauthorized_transaction,2026-06-14,5,pending,0.6639,False,RULE_UNAUTHORIZED_TRANSACTION,clean_fight,1,False,CUST-01750,1164.72,apparel,2026-06-09,True,2026-06-15,True,True,False,0.79244035,15,FIGHT,622.9711300706864,622.9711300706864,0.14287463087248034
DSP-07237,ORD-02934,item_not_received,2026-06-01,20,pending,0.7221,True,RULE_ITEM_NOT_RECEIVED,clean_fight,0,False,CUST-05992,1157.14,home_goods,2026-05-12,True,2026-05-13,True,True,False,0.76939094,0,FIGHT,590.2930330824853,590.2930330824853,0.44256939597315154
DSP-03198,ORD-05170,duplicate_charge,2026-04-20,1,pending,0.3998,False,RULE_DUPLICATE_CHARGE,clean_concede,2,False,CUST-03377,292.58,apparel,2026-04-19,True,2026-04-22,False,True,False,0.28262374,19,CONCEDE,-217.30994672119618,-217.30994672119618,0.027754899328858558
DSP-09701,ORD-00434,item_not_received,2026-06-26,21,pending,0.4569,False,RULE_ITEM_NOT_RECEIVED,clean_concede,3,False,CUST-02266,102.35,electronics,2026-06-05,True,2026-06-06,True,False,False,0.4428482,0,CONCEDE,-254.67448616027832,-254.67448616027832,0.40009463087248326
DSP-11576,ORD-07916,not_as_described,2026-07-15,10,pending,0.5681,False,RULE_NOT_AS_DESCRIBED,clean_fight,1,False,CUST-05399,1568.41,apparel,2026-07-05,True,2026-07-12,True,True,False,0.6143679,10,FIGHT,663.5807616132498,663.5807616132498,0.2591306040268417
DSP-09460,ORD-09425,not_as_described,2026-06-24,5,pending,0.4379,False,RULE_NOT_AS_DESCRIBED,clean_concede,1,False,CUST-02697,1441.0,apparel,2026-06-19,True,2026-06-22,False,True,False,0.48986918,15,FIGHT,405.90148454904556,405.90148454904556,0.1539999999999964
DSP-06062,ORD-02413,item_not_received,2026-05-20,1,pending,0.7824,True,RULE_ITEM_NOT_RECEIVED,clean_fight,1,False,CUST-01003,881.79,home_goods,2026-05-19,True,2026-05-23,True,True,False,0.6571693,19,FIGHT,279.48530155956746,279.48530155956746,0.051481476510065016
DSP-11952,ORD-04204,duplicate_charge,2026-07-19,15,pending,0.4422,True,RULE_DUPLICATE_CHARGE,clean_concede,2,False,CUST-01533,194.71,groceries,2026-07-04,True,2026-07-13,True,True,False,0.45522895,5,CONCEDE,-211.36237025886774,-211.36237025886774,0.3038138255033555
DSP-01473,ORD-18048,unauthorized_transaction,2026-04-03,2,pending,0.4437,True,RULE_UNAUTHORIZED_TRANSACTION,clean_concede,4,False,CUST-04542,458.79,digital_goods,2026-04-01,True,2026-04-04,True,True,True,0.51936144,18,MANUAL_REVIEW,-61.722166609168056,-61.722166609168056,0.054447919463086275
DSP-09903,ORD-03286,item_not_received,2026-06-28,20,pending,0.3839,False,RULE_ITEM_NOT_RECEIVED,clean_concede,3,False,CUST-04540,2031.99,digital_goods,2026-06-08,True,2026-06-15,False,True,False,0.51726145,0,FIGHT,751.0700846868754,751.0700846868754,0.47779825503355183
DSP-01298,ORD-06814,not_as_described,2026-04-01,16,pending,0.2942,False,RULE_NOT_AS_DESCRIBED,clean_concede,1,False,CUST-01416,201.16,groceries,2026-03-16,True,2026-03-25,True,True,True,0.4036775,4,CONCEDE,-218.79623544096947,-218.79623544096947,0.32407355704697965
DSP-12664,ORD-07377,unauthorized_transaction,2026-07-26,4,pending,0.7832,True,RULE_UNAUTHORIZED_TRANSACTION,clean_fight,0,False,CUST-05032,556.31,apparel,2026-07-22,True,2026-07-31,True,True,False,0.69002473,16,MANUAL_REVIEW,83.86765951752659,83.86765951752659,0.09837489932885782
DSP-14619,ORD-17823,not_as_described,2026-08-17,11,pending,0.3175,False,RULE_NOT_AS_DESCRIBED,clean_concede,2,False,CUST-05789,680.45,apparel,2026-08-06,True,2026-08-12,False,True,False,0.36974734,9,MANUAL_REVIEW,-48.40542203485964,-48.40542203485964,0.24337382550335418
DSP-13945,ORD-06859,unauthorized_transaction,2026-08-08,11,pending,0.5452,False,RULE_UNAUTHORIZED_TRANSACTION,clean_fight,1,False,CUST-04875,955.42,electronics,2026-07-28,True,2026-07-30,True,True,False,0.66719764,9,FIGHT,337.45397370934484,337.45397370934484,0.2544464429530178
DSP-07377,ORD-09760,item_not_received,2026-06-02,15,pending,0.5506,True,RULE_ITEM_NOT_RECEIVED,clean_fight,3,False,CUST-02692,1683.11,groceries,2026-05-18,True,2026-05-21,True,True,False,0.4617561,5,FIGHT,477.18632662415496,477.18632662415496,0.36374939597315015
DSP-05081,ORD-01800,item_not_received,2026-05-09,19,pending,0.6898,True,RULE_ITEM_NOT_RECEIVED,clean_fight,1,False,CUST-04047,1631.25,electronics,2026-04-20,True,2026-04-28,True,True,False,0.65901995,1,FIGHT,775.0262886285782,775.0262886285782,0.44166107382549924
DSP-00974,ORD-01700,duplicate_charge,2026-03-29,14,pending,0.3478,True,RULE_DUPLICATE_CHARGE,clean_concede,0,False,CUST-00908,210.09,groceries,2026-03-15,False,,True,True,False,0.3166157,6,CONCEDE,-233.4822074353695,-233.4822074353695,0.2844331543624158
DSP-07477,ORD-03573,unauthorized_transaction,2026-06-03,17,pending,0.02,False,RULE_UNAUTHORIZED_TRANSACTION,clean_concede,3,False,CUST-04402,4281.26,groceries,2026-05-17,True,2026-05-22,False,False,False,0.082355134,3,MANUAL_REVIEW,52.58374179854991,52.58374179854991,0.508372885906029
DSP-00171,ORD-09811,unauthorized_transaction,2026-03-16,7,pending,0.6341,False,RULE_UNAUTHORIZED_TRANSACTION,clean_fight,1,False,CUST-01705,660.86,groceries,2026-03-09,True,2026-03-17,True,True,False,0.6187473,13,MANUAL_REVIEW,108.90533667922023,108.90533667922023,0.16258496644295148
DSP-01685,ORD-01891,unauthorized_transaction,2026-04-05,4,pending,0.6196,False,RULE_UNAUTHORIZED_TRANSACTION,clean_fight,0,False,CUST-05928,1186.34,home_goods,2026-04-01,True,2026-04-04,True,False,False,0.68196434,16,FIGHT,509.04157253623,509.04157253623,0.1237452348993259
DSP-05787,ORD-00268,item_not_received,2026-05-17,16,pending,0.3486,True,RULE_ITEM_NOT_RECEIVED,clean_concede,2,False,CUST-03531,381.41,groceries,2026-05-01,True,2026-05-08,False,True,False,0.33755198,4,CONCEDE,-171.2542988464236,-171.2542988464236,0.33133194630872415
DSP-13068,ORD-12351,not_as_described,2026-07-30,17,pending,0.4437,False,RULE_NOT_AS_DESCRIBED,clean_concede,0,False,CUST-02511,804.57,electronics,2026-07-13,True,2026-07-22,False,True,False,0.37858537,3,MANUAL_REVIEW,4.598429849445836,4.598429849445836,0.36837194630872294
DSP-13548,ORD-05269,not_as_described,2026-08-04,22,pending,0.4005,True,RULE_NOT_AS_DESCRIBED,clean_concede,6,False,CUST-03151,220.09,electronics,2026-07-13,True,2026-07-20,True,True,False,0.30553198,0,CONCEDE,-232.75546682834624,-232.75546682834624,0.4048358389261742
DSP-05658,ORD-05612,item_not_received,2026-05-16,11,pending,0.502,True,RULE_ITEM_NOT_RECEIVED,clean_fight,2,False,CUST-02381,498.82,apparel,2026-05-05,True,2026-05-13,False,True,False,0.4535168,9,MANUAL_REVIEW,-73.77674427092074,-73.77674427092074,0.23605986577181104
DSP-03508,ORD-13606,unauthorized_transaction,2026-04-24,22,pending,0.6557,True,RULE_UNAUTHORIZED_TRANSACTION,clean_fight,0,False,CUST-03397,946.15,electronics,2026-04-02,True,2026-04-06,True,True,False,0.6788626,0,FIGHT,342.3058222293854,342.3058222293854,0.43407315436241384
DSP-01815,ORD-08451,not_as_described,2026-04-06,3,pending,0.3467,False,RULE_NOT_AS_DESCRIBED,clean_concede,1,False,CUST-03926,438.75,groceries,2026-04-03,False,,True,True,False,0.30131364,17,CONCEDE,-167.79864102602005,-167.79864102602005,0.07364093959731453
DSP-03543,ORD-00781,not_as_described,2026-04-24,10,pending,0.6239,True,RULE_NOT_AS_DESCRIBED,clean_fight,0,False,CUST-01374,1519.72,electronics,2026-04-14,True,2026-04-19,True,True,False,0.6497196,10,FIGHT,687.3918642950058,687.3918642950058,0.25716993288590223
DSP-14493,ORD-08315,item_not_received,2026-08-15,22,pending,0.5497,False,RULE_ITEM_NOT_RECEIVED,clean_fight,3,False,CUST-04421,161.46,home_goods,2026-07-24,True,2026-08-02,True,True,False,0.43850812,0,CONCEDE,-229.19847843468187,-229.19847843468187,0.40247489932885894
DSP-01320,ORD-04092,unauthorized_transaction,2026-04-02,15,pending,0.6902,True,RULE_UNAUTHORIZED_TRANSACTION,clean_fight,0,False,CUST-00613,594.8,home_goods,2026-03-18,True,2026-03-26,True,True,False,0.6562183,5,MANUAL_REVIEW,90.31863908767696,90.31863908767696,0.3199248322147638
DSP-06698,ORD-02637,item_not_received,2026-05-26,1,pending,0.7288,True,RULE_ITEM_NOT_RECEIVED,clean_fight,0,False,CUST-02837,2404.39,apparel,2026-05-25,True,2026-06-02,True,True,True,0.799874,19,FIGHT,1623.2090653783082,1623.2090653783082,0.11279422818791325
DSP-12995,ORD-02304,not_as_described,2026-07-29,6,pending,0.447,False,RULE_NOT_AS_DESCRIBED,clean_concede,1,False,CUST-03354,1072.26,groceries,2026-07-23,True,2026-07-29,False,True,False,0.3625796,14,MANUAL_REVIEW,88.77961682617666,88.77961682617666,0.15915140939597056
DSP-07075,ORD-09910,not_as_described,2026-05-30,5,pending,0.5899,False,RULE_NOT_AS_DESCRIBED,clean_fight,3,False,CUST-03409,2161.13,apparel,2026-05-25,True,2026-06-02,True,True,False,0.5822142,15,FIGHT,958.2405235940219,958.2405235940219,0.18299852348992732
DSP-06189,ORD-08359,item_not_received,2026-05-21,1,pending,0.5487,False,RULE_ITEM_NOT_RECEIVED,clean_fight,3,False,CUST-04749,602.8,digital_goods,2026-05-20,True,2026-05-25,True,True,False,0.59612584,19,MANUAL_REVIEW,59.3446570396423,59.3446570396423,0.04024697986577047
DSP-00381,ORD-03620,item_not_received,2026-03-21,8,pending,0.1022,False,RULE_ITEM_NOT_RECEIVED,retry_needed,2,False,CUST-04184,2557.7,groceries,2026-03-13,False,,True,True,False,0.15230364,12,MANUAL_REVIEW,89.54700998663901,89.54700998663901,0.2589677852348927
DSP-06637,ORD-12642,unauthorized_transaction,2026-05-26,7,pending,0.6814,True,RULE_UNAUTHORIZED_TRANSACTION,clean_fight,0,False,CUST-02243,1824.25,groceries,2026-05-19,True,2026-05-21,True,True,False,0.72652745,13,FIGHT,1025.3677051663399,1025.3677051663399,0.2094328859060356
DSP-04282,ORD-11131,not_as_described,2026-05-02,8,pending,0.4672,True,RULE_NOT_AS_DESCRIBED,clean_concede,0,False,CUST-02264,622.68,apparel,2026-04-24,True,2026-05-01,True,False,False,0.6180955,12,MANUAL_REVIEW,84.8757166242599,84.8757166242599,0.1810475167785221
DSP-06156,ORD-16094,item_not_received,2026-05-21,10,pending,0.6598,True,RULE_ITEM_NOT_RECEIVED,clean_fight,0,False,CUST-01525,742.65,electronics,2026-05-11,True,2026-05-14,True,True,False,0.7066822,10,FIGHT,224.81753969192505,224.81753969192505,0.22587852348993115
DSP-05082,ORD-18596,duplicate_charge,2026-05-09,17,pending,0.479,False,RULE_DUPLICATE_CHARGE,clean_concede,1,False,CUST-02727,612.66,home_goods,2026-04-22,True,2026-04-29,True,False,False,0.45158958,3,MANUAL_REVIEW,-23.32912525177005,-23.32912525177005,0.36064402684563623
DSP-02070,ORD-16628,duplicate_charge,2026-04-09,2,pending,0.5625,True,RULE_DUPLICATE_CHARGE,clean_fight,0,False,CUST-00572,291.47,home_goods,2026-04-07,True,2026-04-11,True,False,False,0.5893933,18,MANUAL_REVIEW,-128.20952969014644,-128.20952969014644,0.04771020134228136
DSP-10016,ORD-12006,not_as_described,2026-06-30,6,pending,0.611,True,RULE_NOT_AS_DESCRIBED,clean_fight,1,False,CUST-04833,317.35,home_goods,2026-06-24,True,2026-06-28,True,True,False,0.59640473,14,MANUAL_REVIEW,-110.7309585303068,-110.7309585303068,0.12875234899328802
DSP-06804,ORD-11475,not_as_described,2026-05-27,8,pending,0.3835,False,RULE_NOT_AS_DESCRIBED,clean_concede,0,False,CUST-05117,478.95,digital_goods,2026-05-19,False,,True,True,False,0.32904026,12,MANUAL_REVIEW,-142.4061678931117,-142.4061678931117,0.17525973154362318
DSP-07882,ORD-00296,not_as_described,2026-06-07,14,pending,0.4417,True,RULE_NOT_AS_DESCRIBED,clean_concede,0,False,CUST-03630,852.75,electronics,2026-05-24,True,2026-05-25,False,True,False,0.44788498,6,MANUAL_REVIEW,81.93391402065754,81.93391402065754,0.3103120805369107
DSP-11639,ORD-02813,item_not_received,2026-07-16,22,pending,0.5528,True,RULE_ITEM_NOT_RECEIVED,clean_fight,3,False,CUST-04691,3881.89,apparel,2026-06-24,True,2026-06-30,True,True,False,0.4588202,0,FIGHT,1481.08952290982,1481.08952290982,0.5522908724832113
DSP-11550,ORD-07068,item_not_received,2026-07-15,16,pending,0.4572,False,RULE_ITEM_NOT_RECEIVED,clean_concede,1,False,CUST-02531,347.84,apparel,2026-06-29,True,2026-07-04,True,False,False,0.4722804,4,MANUAL_REVIEW,-135.72198117256167,-135.72198117256167,0.3299801342281873
DSP-05649,ORD-01986,not_as_described,2026-05-16,23,pending,0.3204,False,RULE_NOT_AS_DESCRIBED,clean_concede,2,False,CUST-04953,868.47,groceries,2026-04-23,True,2026-04-27,False,True,False,0.2739262,0,MANUAL_REVIEW,-62.103314403891545,-62.103314403891545,0.4309451006711389
DSP-13633,ORD-04905,item_not_received,2026-08-05,6,pending,0.5457,False,RULE_ITEM_NOT_RECEIVED,clean_fight,4,False,CUST-03142,1024.15,groceries,2026-07-30,True,2026-08-02,True,True,True,0.35063842,14,MANUAL_REVIEW,59.106337217986606,59.106337217986606,0.15721409395972907
DSP-01247,ORD-18264,unauthorized_transaction,2026-04-01,6,pending,0.2995,False,RULE_UNAUTHORIZED_TRANSACTION,clean_concede,1,False,CUST-01548,253.7,apparel,2026-03-26,True,2026-04-02,False,True,False,0.34390596,14,CONCEDE,-212.75105907619002,-212.75105907619002,0.12618926174496606
DSP-00629,ORD-11714,unauthorized_transaction,2026-03-25,5,pending,0.6664,True,RULE_UNAUTHORIZED_TRANSACTION,clean_fight,0,False,CUST-03016,160.66,groceries,2026-03-20,True,2026-03-26,True,True,False,0.70183635,15,CONCEDE,-187.24297239780427,-187.24297239780427,0.10244268456375823
DSP-03164,ORD-04794,duplicate_charge,2026-04-20,6,pending,0.5578,False,RULE_DUPLICATE_CHARGE,clean_fight,2,False,CUST-05622,202.24,apparel,2026-04-14,True,2026-04-21,True,True,False,0.6450347,14,CONCEDE,-169.54818817138673,-169.54818817138673,0.12411704697986552
DSP-09977,ORD-16346,not_as_described,2026-06-29,11,pending,0.6715,True,RULE_NOT_AS_DESCRIBED,clean_fight,0,False,CUST-01032,498.0,home_goods,2026-06-18,True,2026-06-19,True,True,False,0.61694497,9,MANUAL_REVIEW,7.23859441280365,7.23859441280365,0.23602684563758286
DSP-10875,ORD-03343,not_as_described,2026-07-08,2,pending,0.5258,True,RULE_NOT_AS_DESCRIBED,clean_fight,0,False,CUST-04869,2472.09,digital_goods,2026-07-06,False,,True,True,False,0.45018786,18,FIGHT,812.9049115723371,812.9049115723371,0.13552040268455734
DSP-08123,ORD-17048,unauthorized_transaction,2026-06-10,2,pending,0.6589,True,RULE_UNAUTHORIZED_TRANSACTION,clean_fight,2,False,CUST-04602,6492.42,groceries,2026-06-08,True,2026-06-14,True,True,False,0.71271616,18,FIGHT,4327.252665821314,4327.252665821314,0.29741288590602294
DSP-00315,ORD-18379,duplicate_charge,2026-03-19,9,pending,0.4339,True,RULE_DUPLICATE_CHARGE,clean_concede,2,False,CUST-03361,169.96,apparel,2026-03-10,True,2026-03-13,True,True,False,0.5220968,11,CONCEDE,-211.26442570924758,-211.26442570924758,0.1828171812080535
DSP-12132,ORD-07139,not_as_described,2026-07-21,1,pending,0.6655,False,RULE_NOT_AS_DESCRIBED,clean_fight,0,False,CUST-05499,651.74,groceries,2026-07-20,True,2026-07-28,True,True,False,0.6661451,19,MANUAL_REVIEW,134.15339853763584,134.15339853763584,0.042217718120803896
DSP-06208,ORD-13581,item_not_received,2026-05-21,4,pending,0.7833,True,RULE_ITEM_NOT_RECEIVED,clean_fight,0,False,CUST-03445,145.55,groceries,2026-05-17,True,2026-05-18,True,True,False,0.69291985,16,CONCEDE,-199.145515781641,-199.145515781641,0.08183422818791933
DSP-08281,ORD-01386,item_not_received,2026-06-11,2,pending,0.6755,True,RULE_ITEM_NOT_RECEIVED,clean_fight,1,False,CUST-03255,785.62,digital_goods,2026-06-09,True,2026-06-13,True,True,False,0.7218042,18,FIGHT,267.06381686329837,267.06381686329837,0.06760885906040082
DSP-14897,ORD-15350,item_not_received,2026-08-24,23,pending,0.7304,True,RULE_ITEM_NOT_RECEIVED,clean_fight,0,False,CUST-05128,1049.32,electronics,2026-08-01,True,2026-08-03,True,True,False,0.75450164,0,FIGHT,491.7136617207526,491.7136617207526,0.43822765100670885
DSP-01599,ORD-12829,duplicate_charge,2026-04-04,8,pending,0.4704,False,RULE_DUPLICATE_CHARGE,clean_concede,2,False,CUST-00951,903.17,groceries,2026-03-27,True,2026-04-02,True,True,False,0.4720781,12,MANUAL_REVIEW,126.36679089695212,126.36679089695212,0.1923424161073804
DSP-04697,ORD-01987,item_not_received,2026-05-06,14,pending,0.5146,True,RULE_ITEM_NOT_RECEIVED,clean_fight,3,False,CUST-01133,1471.48,home_goods,2026-04-22,True,2026-04-25,True,False,False,0.4163086,6,FIGHT,312.5897958433628,312.5897958433628,0.33522738255033185
DSP-03359,ORD-18991,not_as_described,2026-04-22,17,pending,0.5166,True,RULE_NOT_AS_DESCRIBED,clean_fight,0,False,CUST-04548,185.47,home_goods,2026-04-05,True,2026-04-14,True,True,False,0.6371153,3,CONCEDE,-181.83422536432744,-181.83422536432744,0.34344174496644275
DSP-06159,ORD-17886,item_not_received,2026-05-21,21,pending,0.2665,False,RULE_ITEM_NOT_RECEIVED,retry_needed,0,False,CUST-04667,1594.29,digital_goods,2026-04-30,False,,True,True,False,0.22685012,0,MANUAL_REVIEW,61.66488134354353,61.66488134354353,0.4601727516778483
DSP-04715,ORD-13819,unauthorized_transaction,2026-05-06,1,pending,0.6589,False,RULE_UNAUTHORIZED_TRANSACTION,clean_fight,1,False,CUST-00526,980.83,digital_goods,2026-05-05,True,2026-05-11,True,True,False,0.732914,19,FIGHT,418.86401012420663,418.86401012420663,0.05546966442952784
DSP-04306,ORD-04569,duplicate_charge,2026-05-02,22,pending,0.5636,True,RULE_DUPLICATE_CHARGE,clean_fight,1,False,CUST-02671,153.51,electronics,2026-04-10,True,2026-04-15,True,True,False,0.66344184,0,CONCEDE,-198.15504362761976,-198.15504362761976,0.402154765100671
DSP-12834,ORD-18771,not_as_described,2026-07-28,21,pending,0.6512,True,RULE_NOT_AS_DESCRIBED,clean_fight,0,False,CUST-05956,206.83,electronics,2026-07-07,True,2026-07-10,True,True,False,0.6631508,0,CONCEDE,-162.84052265167236,-162.84052265167236,0.4043018791946306
DSP-10056,ORD-14825,duplicate_charge,2026-06-30,20,pending,0.6191,True,RULE_DUPLICATE_CHARGE,clean_fight,0,False,CUST-03258,630.25,apparel,2026-06-10,True,2026-06-13,True,True,False,0.6904908,0,MANUAL_REVIEW,135.18181551992893,135.18181551992893,0.42135234899328716
DSP-01467,ORD-09063,unauthorized_transaction,2026-04-03,10,pending,0.6086,False,RULE_UNAUTHORIZED_TRANSACTION,clean_fight,2,False,CUST-03010,426.48,electronics,2026-03-24,True,2026-03-29,True,True,False,0.61482,10,MANUAL_REVIEW,-37.79156490325926,-37.79156490325926,0.21314684563758302
DSP-02587,ORD-17645,item_not_received,2026-04-14,9,pending,0.02,False,RULE_ITEM_NOT_RECEIVED,retry_needed,5,False,CUST-05468,1782.78,groceries,2026-04-05,False,,False,True,False,0.020055093,11,CONCEDE,-264.24618153110146,-264.24618153110146,0.24776295302012968
DSP-00868,ORD-03552,item_not_received,2026-03-28,20,pending,0.6487,True,RULE_ITEM_NOT_RECEIVED,clean_fight,0,False,CUST-01097,749.61,apparel,2026-03-08,True,2026-03-15,True,True,False,0.71499574,0,FIGHT,235.96795804381372,235.96795804381372,0.426158791946307
DSP-05871,ORD-19609,unauthorized_transaction,2026-05-18,10,pending,0.3359,True,RULE_UNAUTHORIZED_TRANSACTION,clean_concede,1,False,CUST-00548,178.94,electronics,2026-05-08,True,2026-05-15,False,True,False,0.2607287,10,CONCEDE,-253.34520873963834,-253.34520873963834,0.20317879194630853
DSP-13141,ORD-02797,item_not_received,2026-07-31,8,pending,0.5888,False,RULE_ITEM_NOT_RECEIVED,clean_fight,1,False,CUST-02027,476.53,apparel,2026-07-23,True,2026-07-30,True,True,True,0.46160728,12,MANUAL_REVIEW,-80.0302841037512,-80.0302841037512,0.17516228187919364
DSP-08080,ORD-09082,unauthorized_transaction,2026-06-09,10,pending,0.5703,False,RULE_UNAUTHORIZED_TRANSACTION,clean_fight,1,False,CUST-00833,421.57,groceries,2026-05-30,True,2026-05-31,True,False,False,0.5063438,10,MANUAL_REVIEW,-86.54065184414387,-86.54065184414387,0.21294912751677766
DSP-03927,ORD-18217,unauthorized_transaction,2026-04-28,16,pending,0.643,True,RULE_UNAUTHORIZED_TRANSACTION,clean_fight,5,False,CUST-04398,1385.61,electronics,2026-04-12,True,2026-04-16,True,True,False,0.5857346,4,FIGHT,511.599727127552,511.599727127552,0.37176953020133885
DSP-07412,ORD-00413,duplicate_charge,2026-06-03,1,pending,0.623,True,RULE_DUPLICATE_CHARGE,clean_fight,0,False,CUST-00945,207.57,home_goods,2026-06-02,True,2026-06-08,True,True,False,0.75983137,19,MANUAL_REVIEW,-142.28180275261403,-142.28180275261403,0.02433167785234872
DSP-00546,ORD-16384,item_not_received,2026-03-24,13,pending,0.7486,True,RULE_ITEM_NOT_RECEIVED,clean_fight,0,False,CUST-05348,428.92,home_goods,2026-03-11,True,2026-03-17,True,True,False,0.68252933,7,MANUAL_REVIEW,-7.249519667625407,-7.249519667625407,0.27324510067114005
DSP-02906,ORD-14414,not_as_described,2026-04-17,6,pending,0.2697,False,RULE_NOT_AS_DESCRIBED,clean_concede,2,False,CUST-05323,577.08,electronics,2026-04-11,False,,True,True,False,0.2968856,14,MANUAL_REVIEW,-128.67325239658354,-128.67325239658354,0.13921127516778398
DSP-00849,ORD-15004,not_as_described,2026-03-28,16,pending,0.4443,False,RULE_NOT_AS_DESCRIBED,clean_concede,0,False,CUST-01203,303.76,home_goods,2026-03-12,True,2026-03-15,False,True,False,0.44441375,4,CONCEDE,-165.004878885746,-165.004878885746,0.32820510067114045
DSP-08539,ORD-16023,not_as_described,2026-06-14,3,pending,0.6089,False,RULE_NOT_AS_DESCRIBED,clean_fight,1,False,CUST-04740,431.56,groceries,2026-06-11,True,2026-06-16,True,True,False,0.4909559,17,MANUAL_REVIEW,-88.12307644605636,-88.12307644605636,0.07335140939597228
DSP-03184,ORD-02394,not_as_described,2026-04-20,21,pending,0.4919,True,RULE_NOT_AS_DESCRIBED,clean_concede,2,False,CUST-03966,269.79,groceries,2026-03-30,True,2026-03-31,True,True,False,0.4555803,0,CONCEDE,-177.08899244606494,-177.08899244606494,0.40683718120805323
DSP-13658,ORD-06946,duplicate_charge,2026-08-05,21,pending,0.306,False,RULE_DUPLICATE_CHARGE,clean_concede,2,False,CUST-02718,382.19,digital_goods,2026-07-15,True,2026-07-16,False,True,False,0.40182266,0,MANUAL_REVIEW,-146.42739895313977,-146.42739895313977,0.41136335570469723
DSP-01351,ORD-00919,item_not_received,2026-04-02,9,pending,0.2149,False,RULE_ITEM_NOT_RECEIVED,retry_needed,0,False,CUST-01772,369.65,electronics,2026-03-24,False,,True,True,False,0.20125303,11,CONCEDE,-225.60681867152454,-225.60681867152454,0.19085838926174423
DSP-04253,ORD-11934,not_as_described,2026-05-01,10,pending,0.2376,False,RULE_NOT_AS_DESCRIBED,clean_concede,1,False,CUST-01376,711.71,apparel,2026-04-21,True,2026-04-24,False,True,True,0.226296,10,MANUAL_REVIEW,-138.9428790126741,-138.9428790126741,0.22463261744966279
DSP-10621,ORD-03305,item_not_received,2026-07-06,15,pending,0.7757,True,RULE_ITEM_NOT_RECEIVED,clean_fight,1,False,CUST-01388,497.91,electronics,2026-06-21,True,2026-06-25,True,True,False,0.65835035,5,MANUAL_REVIEW,27.799222007989897,27.799222007989897,0.316023221476509
DSP-09455,ORD-11152,unauthorized_transaction,2026-06-24,17,pending,0.6065,True,RULE_UNAUTHORIZED_TRANSACTION,clean_fight,1,False,CUST-05866,661.17,apparel,2026-06-07,True,2026-06-16,True,False,False,0.5969659,3,MANUAL_REVIEW,94.69595005631442,94.69595005631442,0.36259744966442803
DSP-02792,ORD-06584,not_as_described,2026-04-16,18,pending,0.4097,False,RULE_NOT_AS_DESCRIBED,clean_concede,0,False,CUST-02594,510.36,apparel,2026-03-29,True,2026-03-31,True,True,True,0.46497282,2,MANUAL_REVIEW,-62.69646961569785,-62.69646961569785,0.3765245637583882
DSP-08254,ORD-08474,not_as_described,2026-06-11,7,pending,0.6104,False,RULE_NOT_AS_DESCRIBED,clean_fight,1,False,CUST-01325,465.8,home_goods,2026-06-04,True,2026-06-07,True,True,False,0.50136346,13,MANUAL_REVIEW,-66.46490207910537,-66.46490207910537,0.15473020134228088
DSP-14345,ORD-06188,item_not_received,2026-08-13,18,pending,0.5541,False,RULE_ITEM_NOT_RECEIVED,clean_fight,0,False,CUST-01726,1278.91,home_goods,2026-07-26,True,2026-07-31,False,True,False,0.5805576,2,FIGHT,442.48090072870264,442.48090072870264,0.40747288590603714
DSP-13031,ORD-05828,item_not_received,2026-07-30,18,pending,0.4902,False,RULE_ITEM_NOT_RECEIVED,clean_concede,2,False,CUST-03321,1060.27,groceries,2026-07-12,True,2026-07-14,True,True,False,0.61425275,2,FIGHT,351.27375911295417,351.27375911295417,0.39866859060402426
DSP-13667,ORD-03320,item_not_received,2026-08-05,2,pending,0.5578,False,RULE_ITEM_NOT_RECEIVED,clean_fight,1,False,CUST-02958,974.8,electronics,2026-08-03,True,2026-08-04,True,True,False,0.7647532,18,FIGHT,445.48144125938416,445.48144125938416,0.07522684563758152
DSP-04241,ORD-04948,not_as_described,2026-05-01,4,pending,0.6174,True,RULE_NOT_AS_DESCRIBED,clean_fight,1,False,CUST-05104,685.25,groceries,2026-04-27,True,2026-05-04,True,True,False,0.5442706,16,MANUAL_REVIEW,72.96141155064106,72.96141155064106,0.10356711409395813
DSP-09779,ORD-10596,item_not_received,2026-06-27,12,pending,0.026,False,RULE_ITEM_NOT_RECEIVED,retry_needed,1,False,CUST-02878,1067.92,apparel,2026-06-15,False,,True,False,True,0.27034414,8,MANUAL_REVIEW,-11.294087991714434,-11.294087991714434,0.2789766442952994
DSP-07015,ORD-06334,item_not_received,2026-05-30,12,pending,0.4375,False,RULE_ITEM_NOT_RECEIVED,clean_concede,4,False,CUST-01725,1829.58,groceries,2026-05-18,True,2026-05-21,True,True,False,0.34663892,8,FIGHT,334.20363145351405,334.20363145351405,0.3096475167785188
DSP-02164,ORD-11508,unauthorized_transaction,2026-04-10,13,pending,0.6108,False,RULE_UNAUTHORIZED_TRANSACTION,clean_fight,1,False,CUST-04092,636.52,apparel,2026-03-28,True,2026-03-29,True,True,False,0.71440184,7,FIGHT,154.73105993747708,154.73105993747708,0.2816048322147637
DSP-13225,ORD-04953,not_as_described,2026-08-01,6,pending,0.6142,False,RULE_NOT_AS_DESCRIBED,clean_fight,1,False,CUST-00885,1590.92,digital_goods,2026-07-26,True,2026-08-03,True,False,False,0.62335795,14,FIGHT,691.7126324248314,691.7126324248314,0.18003704697986178
DSP-11373,ORD-00514,item_not_received,2026-07-13,5,pending,0.6901,True,RULE_ITEM_NOT_RECEIVED,clean_fight,1,False,CUST-00226,1350.32,apparel,2026-07-08,True,2026-07-17,True,True,False,0.74330086,15,FIGHT,703.6940107393265,703.6940107393265,0.15034845637583555
DSP-01180,ORD-16894,item_not_received,2026-03-31,22,pending,0.5732,False,RULE_ITEM_NOT_RECEIVED,clean_fight,1,False,CUST-02255,8026.39,groceries,2026-03-09,True,2026-03-13,True,False,True,0.3039158,0,FIGHT,2139.3467272394896,2139.3467272394896,0.7191834899328645
DSP-05533,ORD-08212,duplicate_charge,2026-05-14,3,pending,0.6982,True,RULE_DUPLICATE_CHARGE,clean_fight,1,False,CUST-01069,871.54,apparel,2026-05-11,True,2026-05-18,True,True,False,0.6077589,17,FIGHT,229.68617398023605,229.68617398023605,0.09106872483221268
DSP-10957,ORD-04138,duplicate_charge,2026-07-09,7,pending,0.4037,False,RULE_DUPLICATE_CHARGE,clean_concede,0,False,CUST-00330,1304.72,apparel,2026-07-02,True,2026-07-09,True,False,True,0.48151502,13,FIGHT,328.24227706670763,328.24227706670763,0.18851221476509739
DSP-03882,ORD-00664,not_as_described,2026-04-28,24,pending,0.4369,False,RULE_NOT_AS_DESCRIBED,clean_concede,1,False,CUST-03969,329.16,apparel,2026-04-04,False,,True,True,False,0.41055438,0,CONCEDE,-164.86192053437233,-164.86192053437233,0.4092279194630867
DSP-01995,ORD-08920,duplicate_charge,2026-04-08,19,pending,0.6901,True,RULE_DUPLICATE_CHARGE,clean_fight,0,False,CUST-00625,590.7,groceries,2026-03-20,True,2026-03-26,True,True,False,0.6591842,1,MANUAL_REVIEW,89.38011724948888,89.38011724948888,0.3997597315436228
DSP-04000,ORD-10266,unauthorized_transaction,2026-04-29,6,pending,0.3255,False,RULE_UNAUTHORIZED_TRANSACTION,clean_concede,0,False,CUST-00228,587.06,groceries,2026-04-23,True,2026-04-25,False,True,False,0.36615074,14,MANUAL_REVIEW,-85.04754844903948,-85.04754844903948,0.1396131543624148
DSP-06992,ORD-07568,unauthorized_transaction,2026-05-29,24,pending,0.6397,True,RULE_UNAUTHORIZED_TRANSACTION,clean_fight,1,False,CUST-01159,740.54,digital_goods,2026-05-05,True,2026-05-10,True,False,False,0.42218143,0,MANUAL_REVIEW,12.642234305143347,12.642234305143347,0.42579355704697813
DSP-01880,ORD-09299,item_not_received,2026-04-07,9,pending,0.546,True,RULE_ITEM_NOT_RECEIVED,clean_fight,5,False,CUST-03893,306.75,electronics,2026-03-29,True,2026-04-03,True,True,False,0.5052939,11,MANUAL_REVIEW,-145.00109441578388,-145.00109441578388,0.18832550335570414
DSP-04779,ORD-14450,unauthorized_transaction,2026-05-06,6,pending,0.3023,False,RULE_UNAUTHORIZED_TRANSACTION,clean_concede,0,False,CUST-01644,355.94,electronics,2026-04-30,True,2026-05-02,False,False,False,0.2612866,14,CONCEDE,-206.99765239298344,-206.99765239298344,0.13030630872483154
DSP-07493,ORD-13298,unauthorized_transaction,2026-06-03,18,pending,0.6228,True,RULE_UNAUTHORIZED_TRANSACTION,clean_fight,1,False,CUST-05838,1996.76,electronics,2026-05-16,True,2026-05-19,True,True,False,0.6636245,2,FIGHT,1025.0989066791535,1025.0989066791535,0.43637959731543113
DSP-01951,ORD-13300,not_as_described,2026-04-08,2,pending,0.742,True,RULE_NOT_AS_DESCRIBED,clean_fight,1,False,CUST-03175,1121.68,electronics,2026-04-06,True,2026-04-07,True,True,False,0.7272302,18,FIGHT,515.7195608997346,515.7195608997346,0.08114147651006434
DSP-01007,ORD-06683,unauthorized_transaction,2026-03-29,8,pending,0.6028,False,RULE_UNAUTHORIZED_TRANSACTION,clean_fight,0,False,CUST-04963,981.06,home_goods,2026-03-21,True,2026-03-23,True,False,False,0.6917246,12,FIGHT,378.6233345139026,378.6233345139026,0.1954789261744943
DSP-14519,ORD-09196,item_not_received,2026-08-15,10,pending,0.6605,False,RULE_ITEM_NOT_RECEIVED,clean_fight,0,False,CUST-04052,337.02,home_goods,2026-08-05,True,2026-08-12,True,True,False,0.68834823,10,MANUAL_REVIEW,-68.0128782784939,-68.0128782784939,0.20954442953020072
DSP-04481,ORD-03359,item_not_received,2026-05-04,24,pending,0.7589,True,RULE_ITEM_NOT_RECEIVED,clean_fight,0,False,CUST-04717,547.66,home_goods,2026-04-10,True,2026-04-12,True,True,False,0.6211865,0,MANUAL_REVIEW,40.19899575710292,40.19899575710292,0.41802657718120684
DSP-10379,ORD-15273,duplicate_charge,2026-07-03,14,pending,0.4815,True,RULE_DUPLICATE_CHARGE,clean_concede,2,False,CUST-03595,722.94,apparel,2026-06-19,True,2026-06-23,True,True,False,0.47531638,6,MANUAL_REVIEW,43.62522049963479,43.62522049963479,0.3050848322147634
DSP-03965,ORD-07702,item_not_received,2026-04-28,14,pending,0.6696,False,RULE_ITEM_NOT_RECEIVED,clean_fight,1,False,CUST-00570,155.38,home_goods,2026-04-14,True,2026-04-17,True,True,False,0.66711056,6,CONCEDE,-196.34436082601547,-196.34436082601547,0.28223006711409376
DSP-11250,ORD-02272,not_as_described,2026-07-12,17,pending,0.6426,True,RULE_NOT_AS_DESCRIBED,clean_fight,0,False,CUST-01290,5450.4,electronics,2026-06-25,True,2026-07-03,True,True,False,0.6375571,3,FIGHT,3174.9411596775053,3174.9411596775053,0.5554523489932741
DSP-01239,ORD-06583,unauthorized_transaction,2026-04-01,3,pending,0.273,False,RULE_UNAUTHORIZED_TRANSACTION,clean_concede,3,False,CUST-01906,483.88,apparel,2026-03-29,True,2026-04-02,False,True,False,0.27189022,17,CONCEDE,-168.43775888204576,-168.43775888204576,0.07545825503355602
DSP-01942,ORD-02143,duplicate_charge,2026-04-08,16,pending,0.2355,True,RULE_DUPLICATE_CHARGE,clean_concede,2,False,CUST-02343,391.78,groceries,2026-03-23,True,2026-04-01,False,True,False,0.2782861,4,CONCEDE,-190.9730719637871,-190.9730719637871,0.33174953020134157
DSP-05775,ORD-06935,not_as_described,2026-05-17,16,pending,0.509,True,RULE_NOT_AS_DESCRIBED,clean_fight,1,False,CUST-05087,288.53,electronics,2026-05-01,True,2026-05-03,True,True,False,0.55109763,4,MANUAL_REVIEW,-140.99180039644241,-140.99180039644241,0.32759181208053645
DSP-09154,ORD-19490,unauthorized_transaction,2026-06-20,4,pending,0.6659,True,RULE_UNAUTHORIZED_TRANSACTION,clean_fight,1,False,CUST-03112,153.61,groceries,2026-06-16,True,2026-06-18,True,True,False,0.6588784,16,CONCEDE,-198.78969112336637,-198.78969112336637,0.08215879194630857
DSP-08965,ORD-07841,item_not_received,2026-06-18,5,pending,0.7395,True,RULE_ITEM_NOT_RECEIVED,clean_fight,0,False,CUST-01163,476.31,groceries,2026-06-13,True,2026-06-14,True,True,False,0.6847469,15,MANUAL_REVIEW,26.15180597126482,26.15180597126482,0.11515342281879093
DSP-02924,ORD-14860,item_not_received,2026-04-18,15,pending,0.077,False,RULE_ITEM_NOT_RECEIVED,retry_needed,4,False,CUST-02291,575.14,groceries,2026-04-03,False,,True,True,False,0.051341258,5,CONCEDE,-270.47158887997267,-270.47158887997267,0.31913315436241485
DSP-03158,ORD-11878,item_not_received,2026-04-20,1,pending,0.6036,False,RULE_ITEM_NOT_RECEIVED,clean_fight,0,False,CUST-04930,121.45,home_goods,2026-04-19,True,2026-04-28,False,True,False,0.6055567,19,CONCEDE,-226.45513557195665,-226.45513557195665,0.020863758389261706
DSP-07221,ORD-16337,unauthorized_transaction,2026-06-01,1,pending,0.617,True,RULE_UNAUTHORIZED_TRANSACTION,clean_fight,2,False,CUST-05995,1994.96,apparel,2026-05-31,True,2026-06-03,True,True,False,0.7092573,19,FIGHT,1114.9399525213241,1114.9399525213241,0.09630711409395462
DSP-12195,ORD-09934,unauthorized_transaction,2026-07-21,4,pending,0.5819,True,RULE_UNAUTHORIZED_TRANSACTION,clean_fight,2,False,CUST-03235,359.75,digital_goods,2026-07-17,True,2026-07-26,True,True,False,0.67771333,16,MANUAL_REVIEW,-56.192627891898155,-56.192627891898155,0.09045973154362344
DSP-08340,ORD-15287,unauthorized_transaction,2026-06-12,24,pending,0.5336,True,RULE_UNAUTHORIZED_TRANSACTION,clean_fight,3,False,CUST-04167,948.52,apparel,2026-05-19,True,2026-05-27,True,True,False,0.4565503,0,MANUAL_REVIEW,133.04709067106245,133.04709067106245,0.4341685906040246
DSP-07631,ORD-19994,duplicate_charge,2026-06-05,14,pending,0.6848,True,RULE_DUPLICATE_CHARGE,clean_fight,0,False,CUST-03093,727.11,home_goods,2026-05-22,True,2026-05-26,True,True,False,0.63351876,6,FIGHT,160.63782226502894,160.63782226502894,0.3052527516778506
DSP-11854,ORD-07963,item_not_received,2026-07-18,12,pending,0.3706,True,RULE_ITEM_NOT_RECEIVED,clean_concede,1,False,CUST-01189,949.63,home_goods,2026-07-06,True,2026-07-12,False,True,False,0.44498688,8,MANUAL_REVIEW,122.57289068877697,122.57289068877697,0.27421328859060173
DSP-02719,ORD-10580,not_as_described,2026-04-16,11,pending,0.3499,False,RULE_NOT_AS_DESCRIBED,clean_concede,2,False,CUST-03700,226.34,electronics,2026-04-05,True,2026-04-07,False,True,False,0.36155108,9,CONCEDE,-218.1665294188261,-218.1665294188261,0.22508751677852318
DSP-12828,ORD-15608,item_not_received,2026-07-28,16,pending,0.4274,False,RULE_ITEM_NOT_RECEIVED,clean_concede,3,False,CUST-00781,631.45,apparel,2026-07-12,True,2026-07-15,True,True,False,0.56589794,4,MANUAL_REVIEW,57.336255216598545,57.336255216598545,0.3414006711409382
DSP-00858,ORD-12097,item_not_received,2026-03-28,10,pending,0.6306,False,RULE_ITEM_NOT_RECEIVED,clean_fight,2,False,CUST-03748,175.9,home_goods,2026-03-18,True,2026-03-21,True,False,False,0.48661274,10,CONCEDE,-214.40481953024863,-214.40481953024863,0.20305637583892597
DSP-05695,ORD-17958,item_not_received,2026-05-16,20,pending,0.192,False,RULE_ITEM_NOT_RECEIVED,retry_needed,0,False,CUST-05793,485.62,electronics,2026-04-26,False,,True,True,False,0.19209789,0,CONCEDE,-206.71342392235994,-206.71342392235994,0.41552832214765
DSP-03262,ORD-09223,unauthorized_transaction,2026-04-21,17,pending,0.4353,True,RULE_UNAUTHORIZED_TRANSACTION,clean_concede,0,False,CUST-05416,100.0,digital_goods,2026-04-04,False,,True,True,True,0.45341456,3,CONCEDE,-254.65854406356812,-254.65854406356812,0.34
DSP-03983,ORD-01540,not_as_described,2026-04-29,8,pending,0.5742,True,RULE_NOT_AS_DESCRIBED,clean_fight,2,False,CUST-00884,1750.74,home_goods,2026-04-21,True,2026-04-25,True,True,False,0.46178922,12,FIGHT,508.4728600233793,508.4728600233793,0.22647275167784792
DSP-13393,ORD-16492,duplicate_charge,2026-08-02,2,pending,0.4933,True,RULE_DUPLICATE_CHARGE,clean_concede,2,False,CUST-05113,3097.56,digital_goods,2026-07-31,True,2026-08-01,True,True,False,0.6772385,18,FIGHT,1797.7869622778894,1797.7869622778894,0.1607071140939516
DSP-13070,ORD-11021,item_not_received,2026-07-30,6,pending,0.8937,True,RULE_ITEM_NOT_RECEIVED,clean_fight,0,False,CUST-05688,741.95,digital_goods,2026-07-24,True,2026-07-26,True,True,False,0.7722083,14,FIGHT,272.9399284571409,272.9399284571409,0.1458503355704681
DSP-09453,ORD-02445,duplicate_charge,2026-06-24,10,pending,0.4405,True,RULE_DUPLICATE_CHARGE,clean_concede,1,False,CUST-04778,1170.97,apparel,2026-06-14,True,2026-06-22,True,True,True,0.49186027,10,FIGHT,275.95362094759946,275.95362094759946,0.24312630872482932
DSP-14501,ORD-17869,not_as_described,2026-08-15,9,pending,0.5357,False,RULE_NOT_AS_DESCRIBED,clean_fight,2,False,CUST-01403,486.91,home_goods,2026-08-06,True,2026-08-08,True,True,False,0.4524663,11,MANUAL_REVIEW,-79.6896294504404,-79.6896294504404,0.19558026845637477
DSP-06251,ORD-11996,item_not_received,2026-05-22,4,pending,0.1535,False,RULE_ITEM_NOT_RECEIVED,retry_needed,0,False,CUST-00951,1132.97,electronics,2026-05-18,False,,False,True,False,0.20753983,16,MANUAL_REVIEW,-64.86360262125729,-64.86360262125729,0.12159610738254753
DSP-13841,ORD-02945,unauthorized_transaction,2026-08-07,23,pending,0.6713,True,RULE_UNAUTHORIZED_TRANSACTION,clean_fight,2,False,CUST-04270,100.0,apparel,2026-07-15,True,2026-07-17,True,True,False,0.56827,0,CONCEDE,-243.17299723625183,-243.17299723625183,0.4
DSP-00041,ORD-04324,not_as_described,2026-03-11,3,pending,0.5167,False,RULE_NOT_AS_DESCRIBED,clean_fight,1,False,CUST-04800,375.53,home_goods,2026-03-08,True,2026-03-10,True,True,False,0.5006824,17,MANUAL_REVIEW,-111.97873322904113,-111.97873322904113,0.07109516778523417
DSP-10734,ORD-08973,unauthorized_transaction,2026-07-07,15,pending,0.1357,False,RULE_UNAUTHORIZED_TRANSACTION,clean_concede,0,False,CUST-00790,508.06,apparel,2026-06-22,False,,False,True,False,0.121838234,5,CONCEDE,-238.098866648525,-238.098866648525,0.3164319463087238
DSP-13192,ORD-16203,item_not_received,2026-07-31,20,pending,0.6409,False,RULE_ITEM_NOT_RECEIVED,clean_fight,2,False,CUST-04804,1585.29,apparel,2026-07-11,True,2026-07-15,True,True,False,0.65306735,0,FIGHT,735.3011398959159,735.3011398959159,0.4598103355704658
DSP-12054,ORD-00348,item_not_received,2026-07-20,9,pending,0.662,True,RULE_ITEM_NOT_RECEIVED,clean_fight,1,False,CUST-00556,1235.09,electronics,2026-07-11,True,2026-07-17,True,True,False,0.663916,11,FIGHT,519.996002291441,519.996002291441,0.2257083221476479
DSP-07872,ORD-03742,duplicate_charge,2026-06-07,6,pending,0.5601,False,RULE_DUPLICATE_CHARGE,clean_fight,2,False,CUST-03764,2563.32,electronics,2026-06-01,True,2026-06-06,True,True,False,0.6237834,14,FIGHT,1298.9564894843102,1298.9564894843102,0.21919409395972492
DSP-03145,ORD-00815,not_as_described,2026-04-20,6,pending,0.475,True,RULE_NOT_AS_DESCRIBED,clean_concede,1,False,CUST-03035,478.34,apparel,2026-04-14,True,2026-04-16,True,True,True,0.43231475,14,MANUAL_REVIEW,-93.20656079530718,-93.20656079530718,0.1352351677852339
DSP-09698,ORD-09058,duplicate_charge,2026-06-26,8,pending,0.2371,False,RULE_DUPLICATE_CHARGE,clean_concede,1,False,CUST-03505,1078.34,groceries,2026-06-18,False,,True,True,True,0.22816856,12,MANUAL_REVIEW,-53.95671279400588,-53.95671279400588,0.19939624161073563
DSP-01735,ORD-06432,item_not_received,2026-04-06,16,pending,0.7158,True,RULE_ITEM_NOT_RECEIVED,clean_fight,0,False,CUST-05291,909.05,home_goods,2026-03-21,True,2026-03-29,True,True,False,0.7056575,4,FIGHT,341.4779341459274,341.4779341459274,0.35257919463087034
DSP-01723,ORD-15558,item_not_received,2026-04-05,20,pending,0.1032,False,RULE_ITEM_NOT_RECEIVED,retry_needed,2,False,CUST-00191,866.99,home_goods,2026-03-16,False,,True,True,False,0.1624768,0,CONCEDE,-159.13424529626965,-159.13424529626965,0.43088550335570264
DSP-04014,ORD-12087,item_not_received,2026-04-29,10,pending,0.5447,True,RULE_ITEM_NOT_RECEIVED,clean_fight,0,False,CUST-05743,920.92,digital_goods,2026-04-19,True,2026-04-21,False,True,False,0.56896746,10,FIGHT,223.97351472377773,223.97351472377773,0.23305718120805147
DSP-00115,ORD-14948,unauthorized_transaction,2026-03-15,5,pending,0.7978,False,RULE_UNAUTHORIZED_TRANSACTION,clean_fight,1,False,CUST-02247,3137.21,apparel,2026-03-10,True,2026-03-16,True,True,False,0.76962477,15,FIGHT,2114.4745237118004,2114.4745237118004,0.22230375838925354
DSP-00359,ORD-19052,unauthorized_transaction,2026-03-20,4,pending,0.662,False,RULE_UNAUTHORIZED_TRANSACTION,clean_fight,1,False,CUST-01925,180.13,apparel,2026-03-16,True,2026-03-25,True,True,False,0.7436191,16,CONCEDE,-166.05189433455467,-166.05189433455467,0.08322671140939575
DSP-01359,ORD-01553,unauthorized_transaction,2026-04-02,8,pending,0.393,False,RULE_UNAUTHORIZED_TRANSACTION,clean_concede,1,False,CUST-05186,797.93,digital_goods,2026-03-25,False,,True,True,False,0.37337646,12,MANUAL_REVIEW,-2.071722163260006,-2.071722163260006,0.1881045637583874
DSP-08645,ORD-07974,not_as_described,2026-06-15,23,pending,0.58,False,RULE_NOT_AS_DESCRIBED,clean_fight,1,False,CUST-00336,445.32,electronics,2026-05-23,True,2026-05-27,True,True,False,0.5850725,0,MANUAL_REVIEW,-39.45550655364991,-39.45550655364991,0.4139055033557038
DSP-02263,ORD-05337,duplicate_charge,2026-04-11,12,pending,0.5771,True,RULE_DUPLICATE_CHARGE,clean_fight,1,False,CUST-05598,341.57,groceries,2026-03-30,True,2026-04-05,True,True,False,0.49625218,8,MANUAL_REVIEW,-130.49514316916466,-130.49514316916466,0.24972765100671074
DSP-00619,ORD-14042,not_as_described,2026-03-25,7,pending,0.5619,True,RULE_NOT_AS_DESCRIBED,clean_fight,2,False,CUST-02978,1014.93,groceries,2026-03-18,True,2026-03-27,True,True,False,0.5100112,13,FIGHT,217.62566329479216,217.62566329479216,0.1768428187919438
DSP-10714,ORD-05701,item_not_received,2026-07-07,15,pending,0.4037,False,RULE_ITEM_NOT_RECEIVED,clean_concede,4,False,CUST-04830,100.0,digital_goods,2026-06-22,True,2026-06-27,True,True,True,0.4628837,5,CONCEDE,-253.7116289138794,-253.7116289138794,0.30000000000000004
DSP-14037,ORD-10264,item_not_received,2026-08-09,4,pending,0.5895,True,RULE_ITEM_NOT_RECEIVED,clean_fight,2,False,CUST-01310,488.32,groceries,2026-08-05,True,2026-08-08,True,False,False,0.5485074,16,MANUAL_REVIEW,-32.15287014007566,-32.15287014007566,0.0956370469798647
DSP-14808,ORD-06834,not_as_described,2026-08-21,15,pending,0.2527,False,RULE_NOT_AS_DESCRIBED,clean_concede,3,False,CUST-01857,651.25,digital_goods,2026-08-06,False,,True,True,False,0.28220537,5,MANUAL_REVIEW,-116.2137508019805,-116.2137508019805,0.32219798657717974
DSP-01571,ORD-19708,unauthorized_transaction,2026-04-04,22,pending,0.3451,True,RULE_UNAUTHORIZED_TRANSACTION,clean_concede,0,False,CUST-05502,3148.33,electronics,2026-03-13,True,2026-03-14,False,True,False,0.35244197,0,FIGHT,809.6036164969205,809.6036164969205,0.5227515436241529
DSP-07729,ORD-14251,unauthorized_transaction,2026-06-06,17,pending,0.6786,True,RULE_UNAUTHORIZED_TRANSACTION,clean_fight,0,False,CUST-04316,232.79,apparel,2026-05-20,True,2026-05-26,True,True,False,0.7121205,3,MANUAL_REVIEW,-134.2254750007391,-134.2254750007391,0.3453472483221473
DSP-06796,ORD-05811,item_not_received,2026-05-27,11,pending,0.4804,True,RULE_ITEM_NOT_RECEIVED,clean_concede,1,False,CUST-01996,765.15,electronics,2026-05-16,True,2026-05-17,False,False,False,0.3279277,9,MANUAL_REVIEW,-49.08611374497414,-49.08611374497414,0.2467845637583875
DSP-07703,ORD-07137,not_as_described,2026-06-06,4,pending,0.6699,True,RULE_NOT_AS_DESCRIBED,clean_fight,0,False,CUST-03383,554.52,home_goods,2026-06-02,True,2026-06-05,True,True,False,0.61446625,16,MANUAL_REVIEW,40.7338249182701,40.7338249182701,0.09830281879194507
DSP-13424,ORD-01789,item_not_received,2026-08-03,13,pending,0.5237,False,RULE_ITEM_NOT_RECEIVED,clean_fight,4,False,CUST-00842,1366.24,apparel,2026-07-21,True,2026-07-29,True,True,False,0.434951,7,FIGHT,294.24746430397033,294.24746430397033,0.31098953020133885
DSP-03201,ORD-15571,not_as_described,2026-04-20,22,pending,0.4412,False,RULE_NOT_AS_DESCRIBED,clean_concede,6,False,CUST-00762,1314.39,apparel,2026-03-29,True,2026-03-30,True,True,False,0.3982307,0,FIGHT,223.4304519876838,223.4304519876838,0.4489016107382518
DSP-02317,ORD-04950,item_not_received,2026-04-11,18,pending,0.4891,False,RULE_ITEM_NOT_RECEIVED,clean_concede,1,False,CUST-04865,1066.64,digital_goods,2026-03-24,True,2026-03-26,False,True,False,0.6123608,2,FIGHT,353.16849754810335,353.16849754810335,0.39892510067113834
DSP-08986,ORD-07345,unauthorized_transaction,2026-06-19,8,pending,0.8041,True,RULE_UNAUTHORIZED_TRANSACTION,clean_fight,0,False,CUST-05690,2176.92,electronics,2026-06-11,True,2026-06-18,True,True,False,0.6903256,12,FIGHT,1202.7836438798904,1202.7836438798904,0.2436343624161018
DSP-00673,ORD-11092,not_as_described,2026-03-26,8,pending,0.02,False,RULE_NOT_AS_DESCRIBED,clean_concede,2,False,CUST-00694,318.17,home_goods,2026-03-18,False,,True,False,True,0.17524846,12,CONCEDE,-244.2411978058517,-244.2411978058517,0.1687853691275162
DSP-05917,ORD-14624,item_not_received,2026-05-18,7,pending,0.6039,True,RULE_ITEM_NOT_RECEIVED,clean_fight,2,False,CUST-05221,1889.25,groceries,2026-05-11,True,2026-05-15,True,True,False,0.57951266,13,FIGHT,794.8442848473787,794.8442848473787,0.21205033557046493
DSP-04850,ORD-04145,unauthorized_transaction,2026-05-07,8,pending,0.6022,False,RULE_UNAUTHORIZED_TRANSACTION,clean_fight,1,False,CUST-02914,2710.79,groceries,2026-04-29,True,2026-05-06,True,True,False,0.6468781,12,FIGHT,1453.5507478153706,1453.5507478153706,0.2651324832214695
DSP-08089,ORD-00147,not_as_described,2026-06-09,23,pending,0.4363,False,RULE_NOT_AS_DESCRIBED,clean_concede,1,False,CUST-03126,1268.08,groceries,2026-05-17,True,2026-05-26,True,False,False,0.4961049,0,FIGHT,329.100696606636,329.100696606636,0.4470367785234868
DSP-07567,ORD-12615,not_as_described,2026-06-04,22,pending,0.6024,True,RULE_NOT_AS_DESCRIBED,clean_fight,0,False,CUST-02043,116.93,groceries,2026-05-13,True,2026-05-16,True,True,False,0.55292726,0,CONCEDE,-235.34621599912643,-235.34621599912643,0.40068174496644293
DSP-09365,ORD-13199,not_as_described,2026-06-23,20,pending,0.5435,True,RULE_NOT_AS_DESCRIBED,clean_fight,1,False,CUST-01350,254.69,groceries,2026-06-03,True,2026-06-04,True,True,False,0.49875736,0,CONCEDE,-172.9714873790741,-172.9714873790741,0.40622912751677814
DSP-08111,ORD-00729,unauthorized_transaction,2026-06-09,1,pending,0.2362,True,RULE_UNAUTHORIZED_TRANSACTION,clean_concede,1,False,CUST-00220,210.71,apparel,2026-06-08,True,2026-06-16,False,True,False,0.25338292,19,CONCEDE,-246.60968466997147,-246.60968466997147,0.024458120805368848
DSP-07540,ORD-17168,unauthorized_transaction,2026-06-04,17,pending,0.704,True,RULE_UNAUTHORIZED_TRANSACTION,clean_fight,1,False,CUST-01250,454.16,electronics,2026-05-18,True,2026-05-27,True,True,False,0.6359546,3,MANUAL_REVIEW,-11.174850482940656,-11.174850482940656,0.3542614765100662
DSP-11192,ORD-17778,item_not_received,2026-07-11,11,pending,0.661,True,RULE_ITEM_NOT_RECEIVED,clean_fight,0,False,CUST-02407,206.96,home_goods,2026-06-30,True,2026-07-08,False,True,False,0.6474272,9,CONCEDE,-166.00846642494201,-166.00846642494201,0.22430711409395948
DSP-14279,ORD-05966,item_not_received,2026-08-12,17,pending,0.3658,False,RULE_ITEM_NOT_RECEIVED,clean_concede,4,False,CUST-03261,385.45,apparel,2026-07-26,True,2026-07-30,True,True,False,0.4492463,3,MANUAL_REVIEW,-126.83801854252815,-126.83801854252815,0.35149463087248245
DSP-01382,ORD-14275,duplicate_charge,2026-04-02,10,pending,0.4937,True,RULE_DUPLICATE_CHARGE,clean_concede,1,False,CUST-00902,639.35,apparel,2026-03-23,True,2026-03-30,True,True,False,0.61010677,10,MANUAL_REVIEW,90.07176098525525,90.07176098525525,0.22171879194630728
DSP-01581,ORD-14032,not_as_described,2026-04-04,1,pending,0.3103,False,RULE_NOT_AS_DESCRIBED,clean_concede,1,False,CUST-02567,1992.83,electronics,2026-04-03,True,2026-04-12,False,False,False,0.51791465,19,FIGHT,732.1158575880527,732.1158575880527,0.09622134228187408
DSP-06744,ORD-07260,duplicate_charge,2026-05-27,20,pending,0.5349,True,RULE_DUPLICATE_CHARGE,clean_fight,2,False,CUST-05981,342.41,apparel,2026-05-07,True,2026-05-12,True,True,True,0.36902285,0,CONCEDE,-173.64288722515107,-173.64288722515107,0.4097614765100665
DSP-10188,ORD-17386,item_not_received,2026-07-01,10,pending,0.6059,True,RULE_ITEM_NOT_RECEIVED,clean_fight,2,False,CUST-01078,1432.06,groceries,2026-06-21,True,2026-06-22,True,True,False,0.5403759,10,FIGHT,473.8506946671009,473.8506946671009,0.2536399999999964
DSP-11728,ORD-19928,not_as_described,2026-07-17,15,pending,0.5374,False,RULE_NOT_AS_DESCRIBED,clean_fight,2,False,CUST-00142,528.45,electronics,2026-07-02,True,2026-07-07,True,True,False,0.50527704,5,MANUAL_REVIEW,-32.98634946942326,-32.98634946942326,0.31725302013422707
DSP-14024,ORD-12687,duplicate_charge,2026-08-09,11,pending,0.5132,False,RULE_DUPLICATE_CHARGE,clean_fight,1,False,CUST-02295,159.96,digital_goods,2026-07-29,True,2026-08-07,True,True,False,0.57516044,9,CONCEDE,-207.99733541250228,-207.99733541250228,0.22241449664429516
DSP-04562,ORD-11026,not_as_described,2026-05-04,16,pending,0.583,False,RULE_NOT_AS_DESCRIBED,clean_fight,2,False,CUST-05211,1180.15,electronics,2026-04-18,True,2026-04-19,True,True,False,0.50134397,4,FIGHT,291.66108092069635,291.66108092069635,0.36349597315435955
DSP-09542,ORD-03809,not_as_described,2026-06-25,1,pending,0.7194,False,RULE_NOT_AS_DESCRIBED,clean_fight,0,False,CUST-01090,969.94,home_goods,2026-06-24,True,2026-07-02,True,True,False,0.71421885,19,FIGHT,392.7494361257553,392.7494361257553,0.055031140939594984
DSP-10606,ORD-18366,item_not_received,2026-07-06,19,pending,0.6859,True,RULE_ITEM_NOT_RECEIVED,clean_fight,0,False,CUST-05219,225.72,home_goods,2026-06-17,True,2026-06-20,True,True,False,0.6812261,1,MANUAL_REVIEW,-146.23365041971206,-146.23365041971206,0.38506255033557013
DSP-12109,ORD-10241,duplicate_charge,2026-07-21,13,pending,0.656,True,RULE_DUPLICATE_CHARGE,clean_fight,0,False,CUST-05314,789.36,apparel,2026-07-08,True,2026-07-16,True,True,False,0.65697545,7,FIGHT,218.59013973712922,218.59013973712922,0.2877594630872465
DSP-02708,ORD-13563,unauthorized_transaction,2026-04-15,15,pending,0.4655,False,RULE_UNAUTHORIZED_TRANSACTION,clean_concede,0,False,CUST-00850,509.65,groceries,2026-03-31,False,,True,True,False,0.3568215,5,MANUAL_REVIEW,-118.1459188476205,-118.1459188476205,0.31649597315436134
DSP-01338,ORD-16747,item_not_received,2026-04-02,6,pending,0.7836,True,RULE_ITEM_NOT_RECEIVED,clean_fight,2,False,CUST-04233,650.67,apparel,2026-03-27,True,2026-04-03,True,True,False,0.64824647,14,MANUAL_REVIEW,121.79452875673769,121.79452875673769,0.14217463087248175
DSP-06224,ORD-08276,item_not_received,2026-05-22,9,pending,0.2871,False,RULE_ITEM_NOT_RECEIVED,retry_needed,0,False,CUST-05339,442.89,electronics,2026-05-13,False,,True,True,False,0.2138513,11,CONCEDE,-205.2873964753747,-205.2873964753747,0.19380765100671046
DSP-10151,ORD-09206,not_as_described,2026-07-01,11,pending,0.5039,False,RULE_NOT_AS_DESCRIBED,clean_fight,1,False,CUST-04837,466.63,apparel,2026-06-20,True,2026-06-24,True,True,False,0.57868826,9,MANUAL_REVIEW,-29.96669541954992,-29.96669541954992,0.23476362416107285
DSP-13130,ORD-09988,item_not_received,2026-07-31,20,pending,0.5229,True,RULE_ITEM_NOT_RECEIVED,clean_fight,1,False,CUST-03647,610.58,groceries,2026-07-11,True,2026-07-12,True,True,False,0.63163435,0,MANUAL_REVIEW,85.66330422639851,85.66330422639851,0.4205602684563745
DSP-13937,ORD-12607,item_not_received,2026-08-08,20,pending,0.653,True,RULE_ITEM_NOT_RECEIVED,clean_fight,2,False,CUST-00676,650.64,groceries,2026-07-19,True,2026-07-26,True,True,False,0.5935694,0,MANUAL_REVIEW,86.19999306678773,86.19999306678773,0.4221734228187905
DSP-10237,ORD-17528,item_not_received,2026-07-02,6,pending,0.559,False,RULE_ITEM_NOT_RECEIVED,clean_fight,4,False,CUST-03361,525.59,groceries,2026-06-26,True,2026-06-27,True,True,False,0.35786974,14,MANUAL_REVIEW,-111.90724109292029,-111.90724109292029,0.13713785234899217
DSP-14823,ORD-01165,item_not_received,2026-08-22,17,pending,0.0888,False,RULE_ITEM_NOT_RECEIVED,retry_needed,0,False,CUST-01561,558.66,electronics,2026-08-05,False,,True,True,True,0.13383256,3,CONCEDE,-225.23310259491205,-225.23310259491205,0.3584695302013411
DSP-11363,ORD-17680,item_not_received,2026-07-13,10,pending,0.02,False,RULE_ITEM_NOT_RECEIVED,retry_needed,3,False,CUST-01480,319.77,home_goods,2026-07-03,False,,True,True,False,0.10237777,10,CONCEDE,-267.2626597416401,-267.2626597416401,0.20884979865771752
DSP-05204,ORD-00668,item_not_received,2026-05-11,4,pending,0.5735,False,RULE_ITEM_NOT_RECEIVED,clean_fight,2,False,CUST-03603,510.68,groceries,2026-05-07,True,2026-05-09,True,True,False,0.5068948,16,MANUAL_REVIEW,-41.13894980430604,-41.13894980430604,0.09653744966442841
DSP-06841,ORD-00465,not_as_described,2026-05-28,15,pending,0.2853,False,RULE_NOT_AS_DESCRIBED,clean_concede,1,False,CUST-01720,435.98,digital_goods,2026-05-13,True,2026-05-15,True,True,True,0.3958914,5,MANUAL_REVIEW,-127.39926821649073,-127.39926821649073,0.3135293959731535
DSP-14982,ORD-17955,item_not_received,2026-08-28,22,pending,0.6304,True,RULE_ITEM_NOT_RECEIVED,clean_fight,0,False,CUST-02549,727.43,electronics,2026-08-06,True,2026-08-11,True,True,False,0.70492876,0,FIGHT,212.78632480263707,212.78632480263707,0.42526563758389097
DSP-12672,ORD-16250,item_not_received,2026-07-26,22,pending,0.8027,True,RULE_ITEM_NOT_RECEIVED,clean_fight,0,False,CUST-02836,155.54,digital_goods,2026-07-04,True,2026-07-08,True,True,False,0.7738529,0,CONCEDE,-179.63492230296134,-179.63492230296134,0.402236510067114
DSP-13177,ORD-14112,not_as_described,2026-07-31,22,pending,0.6806,True,RULE_NOT_AS_DESCRIBED,clean_fight,1,False,CUST-05294,1101.32,apparel,2026-07-09,True,2026-07-12,True,True,False,0.62826097,0,FIGHT,391.91637160778043,391.91637160778043,0.4403216107382523
DSP-04522,ORD-01415,not_as_described,2026-05-04,21,pending,0.258,False,RULE_NOT_AS_DESCRIBED,clean_concede,3,False,CUST-00517,692.01,electronics,2026-04-13,False,,True,True,False,0.24894077,0,MANUAL_REVIEW,-127.73050061881543,-127.73050061881543,0.42383932885905884
DSP-07498,ORD-03898,not_as_described,2026-06-04,4,pending,0.4089,False,RULE_NOT_AS_DESCRIBED,clean_concede,1,False,CUST-04150,343.86,electronics,2026-05-31,False,,True,True,False,0.42310917,16,CONCEDE,-154.50967950582503,-154.50967950582503,0.0898198657718114
DSP-09929,ORD-16251,item_not_received,2026-06-29,1,pending,0.7393,True,RULE_ITEM_NOT_RECEIVED,clean_fight,0,False,CUST-05620,1134.44,groceries,2026-06-28,True,2026-07-01,True,True,False,0.8014006,19,FIGHT,609.1408987784387,609.1408987784387,0.06165530201342004
DSP-05113,ORD-15349,item_not_received,2026-05-10,10,pending,0.5484,True,RULE_ITEM_NOT_RECEIVED,clean_fight,2,False,CUST-05415,817.62,groceries,2026-04-30,True,2026-05-01,True,True,False,0.51626354,10,MANUAL_REVIEW,122.10739930272103,122.10739930272103,0.2288974496644276
DSP-03788,ORD-17861,item_not_received,2026-04-26,21,pending,0.4239,False,RULE_ITEM_NOT_RECEIVED,clean_concede,4,False,CUST-00435,394.01,electronics,2026-04-05,True,2026-04-12,True,True,True,0.3431498,0,CONCEDE,-164.79554295629262,-164.79554295629262,0.4118393288590596
DSP-05742,ORD-09778,unauthorized_transaction,2026-05-17,6,pending,0.6553,True,RULE_UNAUTHORIZED_TRANSACTION,clean_fight,2,False,CUST-03719,1388.59,electronics,2026-05-11,True,2026-05-15,True,True,True,0.6670053,14,FIGHT,626.1968902516364,626.1968902516364,0.17188953020133882
DSP-04340,ORD-16740,not_as_described,2026-05-02,22,pending,0.542,False,RULE_NOT_AS_DESCRIBED,clean_fight,1,False,CUST-01215,3064.37,apparel,2026-04-10,True,2026-04-15,True,True,False,0.60644937,0,FIGHT,1558.3852425122261,1558.3852425122261,0.5193706040268377
DSP-13480,ORD-14695,unauthorized_transaction,2026-08-03,15,pending,0.4741,False,RULE_UNAUTHORIZED_TRANSACTION,clean_concede,3,False,CUST-02059,925.79,apparel,2026-07-19,True,2026-07-22,True,True,True,0.4375727,5,MANUAL_REVIEW,105.10041869789359,105.10041869789359,0.3332532885906018
DSP-06581,ORD-17807,not_as_described,2026-05-25,13,pending,0.3866,False,RULE_NOT_AS_DESCRIBED,clean_concede,2,False,CUST-03958,3724.02,groceries,2026-05-12,False,,True,True,False,0.31192407,7,FIGHT,861.6114756077527,861.6114756077527,0.405933691275158
DSP-09676,ORD-16245,not_as_described,2026-06-26,23,pending,0.3566,False,RULE_NOT_AS_DESCRIBED,clean_concede,0,False,CUST-05589,375.86,home_goods,2026-06-03,False,,True,True,False,0.2905193,0,CONCEDE,-190.805416983366,-190.805416983366,0.4111084563758382
DSP-09575,ORD-02161,not_as_described,2026-06-25,17,pending,0.3966,False,RULE_NOT_AS_DESCRIBED,clean_concede,0,False,CUST-04253,407.69,apparel,2026-06-08,False,,True,True,False,0.32497635,3,CONCEDE,-167.5103898963332,-167.5103898963332,0.35239020134228105
DSP-06338,ORD-00470,not_as_described,2026-05-23,17,pending,0.5612,True,RULE_NOT_AS_DESCRIBED,clean_fight,0,False,CUST-02897,380.64,groceries,2026-05-06,True,2026-05-08,True,True,False,0.50183874,3,MANUAL_REVIEW,-108.98010060310364,-108.98010060310364,0.3513009395973147
DSP-03578,ORD-05232,not_as_described,2026-04-24,12,pending,0.6439,True,RULE_NOT_AS_DESCRIBED,clean_fight,0,False,CUST-05871,480.47,apparel,2026-04-12,True,2026-04-14,True,True,False,0.63744473,8,MANUAL_REVIEW,6.27307162046435,6.27307162046435,0.2553209395973144
DSP-09568,ORD-12669,duplicate_charge,2026-06-25,8,pending,0.4428,False,RULE_DUPLICATE_CHARGE,clean_concede,0,False,CUST-02205,167.39,groceries,2026-06-17,True,2026-06-23,False,True,False,0.28960782,12,CONCEDE,-251.5225465255976,-251.5225465255976,0.16271369127516763
DSP-14946,ORD-15892,duplicate_charge,2026-08-26,21,pending,0.5018,False,RULE_DUPLICATE_CHARGE,clean_fight,2,False,CUST-03856,297.24,electronics,2026-08-05,True,2026-08-12,True,True,False,0.6316406,0,MANUAL_REVIEW,-112.25114416837692,-112.25114416837692,0.40794255033557
DSP-12883,ORD-18045,duplicate_charge,2026-07-28,19,pending,0.4952,False,RULE_DUPLICATE_CHARGE,clean_concede,0,False,CUST-03669,649.64,electronics,2026-07-09,False,,True,True,False,0.34703943,1,MANUAL_REVIEW,-74.54930382847786,-74.54930382847786,0.40213315436241465
DSP-01630,ORD-06082,not_as_described,2026-04-05,16,pending,0.3457,True,RULE_NOT_AS_DESCRIBED,clean_concede,1,False,CUST-05686,2125.76,digital_goods,2026-03-20,False,,True,True,False,0.37839395,4,FIGHT,504.37471906661995,504.37471906661995,0.40157422818791405
DSP-13604,ORD-17390,unauthorized_transaction,2026-08-05,10,pending,0.573,False,RULE_UNAUTHORIZED_TRANSACTION,clean_fight,3,False,CUST-05416,440.9,electronics,2026-07-26,True,2026-08-02,True,True,False,0.6598852,10,MANUAL_REVIEW,-9.056603115797031,-9.056603115797031,0.21372751677852259
DSP-00195,ORD-08501,unauthorized_transaction,2026-03-17,8,pending,0.6273,True,RULE_UNAUTHORIZED_TRANSACTION,clean_fight,1,False,CUST-02210,1548.76,groceries,2026-03-09,True,2026-03-18,True,True,False,0.6153049,12,FIGHT,652.9595972466469,652.9595972466469,0.21833932885905652
DSP-13768,ORD-07654,unauthorized_transaction,2026-08-06,11,pending,0.3305,False,RULE_UNAUTHORIZED_TRANSACTION,clean_concede,6,False,CUST-00876,695.5,apparel,2026-07-26,False,,True,True,False,0.13925573,9,CONCEDE,-203.1476381868124,-203.1476381868124,0.2439798657718105
DSP-01088,ORD-11640,unauthorized_transaction,2026-03-30,17,pending,0.7428,True,RULE_UNAUTHORIZED_TRANSACTION,clean_fight,0,False,CUST-02945,1311.77,apparel,2026-03-13,True,2026-03-21,True,True,False,0.72573483,3,FIGHT,651.9971778213977,651.9971778213977,0.3887961073825471
DSP-09506,ORD-11933,item_not_received,2026-06-24,7,pending,0.2357,True,RULE_ITEM_NOT_RECEIVED,retry_needed,1,False,CUST-03824,2055.39,digital_goods,2026-06-17,False,,True,True,False,0.28175372,13,FIGHT,279.11377619326106,279.11377619326106,0.21874053691274636
DSP-04670,ORD-08088,unauthorized_transaction,2026-05-05,8,pending,0.3198,False,RULE_UNAUTHORIZED_TRANSACTION,clean_concede,1,False,CUST-02121,334.77,digital_goods,2026-04-27,False,,True,True,True,0.20627734,12,CONCEDE,-230.94453467041257,-230.94453467041257,0.1694538255033551
DSP-12288,ORD-04539,not_as_described,2026-07-22,21,pending,0.4852,False,RULE_NOT_AS_DESCRIBED,clean_concede,1,False,CUST-04233,730.18,home_goods,2026-07-01,True,2026-07-03,True,False,False,0.45529518,0,MANUAL_REVIEW,32.44743111073967,32.44743111073967,0.4253763758389245
DSP-13140,ORD-02787,not_as_described,2026-07-31,18,pending,0.3696,False,RULE_NOT_AS_DESCRIBED,clean_concede,5,False,CUST-03727,775.8,apparel,2026-07-13,True,2026-07-17,True,True,False,0.3612658,2,MANUAL_REVIEW,-19.729985886812244,-19.729985886812244,0.3872134228187902
DSP-09974,ORD-04327,item_not_received,2026-06-29,8,pending,0.7592,True,RULE_ITEM_NOT_RECEIVED,clean_fight,0,False,CUST-02472,380.98,electronics,2026-06-21,True,2026-06-23,True,True,False,0.6610323,12,MANUAL_REVIEW,-48.15990708112716,-48.15990708112716,0.1713146308724825
DSP-09836,ORD-00495,item_not_received,2026-06-28,20,pending,0.6275,True,RULE_ITEM_NOT_RECEIVED,clean_fight,3,False,CUST-02864,947.87,groceries,2026-06-08,True,2026-06-10,True,True,False,0.44217023,0,MANUAL_REVIEW,119.11989831238986,119.11989831238986,0.43414241610738025
DSP-06004,ORD-04372,item_not_received,2026-05-19,23,pending,0.6049,True,RULE_ITEM_NOT_RECEIVED,clean_fight,2,False,CUST-01949,601.73,digital_goods,2026-04-26,True,2026-05-05,True,True,False,0.5688969,0,MANUAL_REVIEW,42.32232543110848,42.32232543110848,0.42020389261744834
DSP-07984,ORD-12125,not_as_described,2026-06-08,5,pending,0.6202,True,RULE_NOT_AS_DESCRIBED,clean_fight,1,False,CUST-03881,5121.8,groceries,2026-06-03,True,2026-06-04,True,True,False,0.7606354,15,FIGHT,3595.822268676758,3595.822268676758,0.30222013422817434
DSP-02922,ORD-02382,item_not_received,2026-04-18,24,pending,0.517,False,RULE_ITEM_NOT_RECEIVED,clean_fight,2,False,CUST-03956,868.65,electronics,2026-03-25,True,2026-03-27,True,True,False,0.5940039,0,FIGHT,215.9815014481544,215.9815014481544,0.43095234899328655
DSP-01248,ORD-10207,item_not_received,2026-04-01,4,pending,0.6782,True,RULE_ITEM_NOT_RECEIVED,clean_fight,1,False,CUST-01236,449.44,digital_goods,2026-03-28,True,2026-04-06,True,True,False,0.69581276,16,MANUAL_REVIEW,12.726087656021093,12.726087656021093,0.0940714093959722
DSP-03144,ORD-06371,not_as_described,2026-04-20,15,pending,0.5439,False,RULE_NOT_AS_DESCRIBED,clean_fight,1,False,CUST-04428,234.08,electronics,2026-04-05,True,2026-04-09,True,False,False,0.37543687,5,CONCEDE,-212.11773694515227,-212.11773694515227,0.3053991946308722
DSP-09399,ORD-02683,duplicate_charge,2026-06-23,10,pending,0.3818,True,RULE_DUPLICATE_CHARGE,clean_concede,0,False,CUST-00484,614.22,groceries,2026-06-13,False,,True,True,True,0.2641635,10,MANUAL_REVIEW,-137.7454986476898,-137.7454986476898,0.22070684563758253
DSP-05283,ORD-01907,duplicate_charge,2026-05-12,18,pending,0.424,False,RULE_DUPLICATE_CHARGE,clean_concede,3,False,CUST-04874,724.35,apparel,2026-04-24,True,2026-04-27,True,True,False,0.38259047,2,MANUAL_REVIEW,-22.870591101050366,-22.870591101050366,0.38514161073825337
DSP-06486,ORD-11746,duplicate_charge,2026-05-24,21,pending,0.6542,False,RULE_DUPLICATE_CHARGE,clean_fight,0,False,CUST-00756,710.37,groceries,2026-05-03,True,2026-05-12,True,True,False,0.66035193,0,FIGHT,169.09420196950435,169.09420196950435,0.4245786577181192
DSP-10716,ORD-06886,item_not_received,2026-07-07,6,pending,0.8002,False,RULE_ITEM_NOT_RECEIVED,clean_fight,0,False,CUST-01622,1006.8,apparel,2026-07-01,True,2026-07-05,True,True,False,0.8150245,14,FIGHT,520.5666616916656,520.5666616916656,0.1565154362416083
DSP-06902,ORD-15516,unauthorized_transaction,2026-05-28,6,pending,0.544,True,RULE_UNAUTHORIZED_TRANSACTION,clean_fight,0,False,CUST-00839,1445.14,electronics,2026-05-22,False,,True,True,False,0.52247775,14,FIGHT,455.0534898686409,455.0534898686409,0.17416671140939236
DSP-08471,ORD-02780,duplicate_charge,2026-06-13,21,pending,0.5591,True,RULE_DUPLICATE_CHARGE,clean_fight,1,False,CUST-03010,330.86,groceries,2026-05-23,True,2026-05-25,True,True,False,0.5870571,0,MANUAL_REVIEW,-105.76628337860106,-105.76628337860106,0.4092963758389256
DSP-11819,ORD-02808,not_as_described,2026-07-18,5,pending,0.5163,True,RULE_NOT_AS_DESCRIBED,clean_fight,1,False,CUST-00919,644.47,electronics,2026-07-13,True,2026-07-21,False,True,False,0.45743358,15,MANUAL_REVIEW,-5.197779825925807,-5.197779825925807,0.12192496644295156
DSP-14486,ORD-02322,item_not_received,2026-08-15,13,pending,0.1407,False,RULE_ITEM_NOT_RECEIVED,retry_needed,0,False,CUST-03544,299.59,apparel,2026-08-02,False,,False,True,False,0.0879536,7,CONCEDE,-273.6499817827344,-273.6499817827344,0.26803718120805314
DSP-08394,ORD-06302,unauthorized_transaction,2026-06-12,10,pending,0.4227,False,RULE_UNAUTHORIZED_TRANSACTION,clean_concede,0,False,CUST-03315,959.42,groceries,2026-06-02,True,2026-06-04,True,False,False,0.6611428,10,FIGHT,334.3136501979827,334.3136501979827,0.23460751677852118
DSP-03071,ORD-16716,item_not_received,2026-04-19,3,pending,0.7161,True,RULE_ITEM_NOT_RECEIVED,clean_fight,0,False,CUST-05864,1285.2,digital_goods,2026-04-16,True,2026-04-22,True,True,False,0.7777609,17,FIGHT,699.5783381223679,699.5783381223679,0.1077261744966411
DSP-08570,ORD-17938,item_not_received,2026-06-14,13,pending,0.02,False,RULE_ITEM_NOT_RECEIVED,retry_needed,4,False,CUST-00978,2345.2,groceries,2026-06-01,False,,True,True,False,0.050409,7,CONCEDE,-181.7808123394847,-181.7808123394847,0.3504107382550275
DSP-02680,ORD-17982,item_not_received,2026-04-15,17,pending,0.02,False,RULE_ITEM_NOT_RECEIVED,retry_needed,2,False,CUST-05592,1034.85,groceries,2026-03-29,False,,False,False,False,0.050037637,3,CONCEDE,-248.2185509853065,-248.2185509853065,0.37764496644295054
DSP-13002,ORD-02767,item_not_received,2026-07-30,13,pending,0.6859,False,RULE_ITEM_NOT_RECEIVED,clean_fight,1,False,CUST-00968,3792.44,home_goods,2026-07-17,True,2026-07-26,True,True,False,0.5439772,7,FIGHT,1763.0008961033823,1763.0008961033823,0.4086888590603927
DSP-01417,ORD-06373,not_as_described,2026-04-03,24,pending,0.3631,False,RULE_NOT_AS_DESCRIBED,clean_concede,2,False,CUST-04493,169.3,electronics,2026-03-10,True,2026-03-11,False,True,False,0.1808148,0,CONCEDE,-269.3880539119244,-269.3880539119244,0.40279060402684547
DSP-03096,ORD-14782,duplicate_charge,2026-04-19,18,pending,0.4135,True,RULE_DUPLICATE_CHARGE,clean_concede,2,False,CUST-05745,2669.46,apparel,2026-04-01,True,2026-04-04,True,False,False,0.49603674,2,FIGHT,1024.1502310413123,1024.1502310413123,0.4634681879194562
DSP-14373,ORD-16016,not_as_described,2026-08-13,11,pending,0.02,False,RULE_NOT_AS_DESCRIBED,clean_concede,2,False,CUST-02124,1153.74,groceries,2026-08-02,False,,False,True,True,0.05891347,9,CONCEDE,-232.029173913002,-232.029173913002,0.26243248322147367
DSP-14537,ORD-00795,item_not_received,2026-08-16,21,pending,0.247,False,RULE_ITEM_NOT_RECEIVED,retry_needed,1,False,CUST-03249,1014.18,electronics,2026-07-26,False,,True,True,False,0.2182674,0,MANUAL_REVIEW,-78.63757223099472,-78.63757223099472,0.436812617449662
DSP-04003,ORD-05481,unauthorized_transaction,2026-04-29,13,pending,0.4301,False,RULE_UNAUTHORIZED_TRANSACTION,clean_concede,0,False,CUST-02428,100.0,electronics,2026-04-16,False,,True,False,False,0.47668126,7,CONCEDE,-252.3318737745285,-252.3318737745285,0.26
DSP-05836,ORD-00911,item_not_received,2026-05-17,15,pending,0.3335,False,RULE_ITEM_NOT_RECEIVED,clean_concede,1,False,CUST-05908,546.29,apparel,2026-05-02,True,2026-05-05,False,True,True,0.3660235,5,MANUAL_REVIEW,-100.04501634269954,-100.04501634269954,0.317971409395972
DSP-10149,ORD-10571,item_not_received,2026-07-01,2,pending,0.564,False,RULE_ITEM_NOT_RECEIVED,clean_fight,0,False,CUST-01666,7281.57,groceries,2026-06-29,True,2026-07-07,True,False,False,0.5840461,18,FIGHT,3952.772745416164,3952.772745416164,0.3291907382550141
DSP-10452,ORD-16313,unauthorized_transaction,2026-07-04,4,pending,0.5745,False,RULE_UNAUTHORIZED_TRANSACTION,clean_fight,0,False,CUST-04909,334.89,digital_goods,2026-06-30,False,,True,True,False,0.4879332,16,MANUAL_REVIEW,-136.59605444401504,-136.59605444401504,0.08945865771812016
DSP-05414,ORD-03440,duplicate_charge,2026-05-13,19,pending,0.4408,True,RULE_DUPLICATE_CHARGE,clean_concede,2,False,CUST-04712,786.63,home_goods,2026-04-24,True,2026-04-28,True,True,False,0.4607497,1,MANUAL_REVIEW,62.43952531278131,62.43952531278131,0.4076495302013404
DSP-14999,ORD-12261,unauthorized_transaction,2026-08-30,24,pending,0.4481,True,RULE_UNAUTHORIZED_TRANSACTION,clean_concede,4,False,CUST-01719,410.21,electronics,2026-08-06,True,2026-08-10,True,True,False,0.47517294,0,MANUAL_REVIEW,-105.07930954754355,-105.07930954754355,0.4124916778523482
DSP-00286,ORD-07678,item_not_received,2026-03-19,10,pending,0.683,True,RULE_ITEM_NOT_RECEIVED,clean_fight,1,False,CUST-03566,359.68,home_goods,2026-03-09,True,2026-03-14,True,True,False,0.5520507,10,MANUAL_REVIEW,-101.43840072631835,-101.43840072631835,0.21045691275167716
DSP-00270,ORD-09464,item_not_received,2026-03-19,3,pending,0.7614,True,RULE_ITEM_NOT_RECEIVED,clean_fight,2,False,CUST-00447,609.21,digital_goods,2026-03-16,True,2026-03-17,True,True,False,0.6361552,17,MANUAL_REVIEW,87.55210213243964,87.55210213243964,0.08050510067113957
DSP-14386,ORD-06472,duplicate_charge,2026-08-14,17,pending,0.4433,False,RULE_DUPLICATE_CHARGE,clean_concede,2,False,CUST-01523,216.82,electronics,2026-07-28,True,2026-08-05,True,True,True,0.46981254,3,CONCEDE,-198.1352446001768,-198.1352446001768,0.34470416107382523
DSP-07366,ORD-11158,unauthorized_transaction,2026-06-02,18,pending,0.4162,False,RULE_UNAUTHORIZED_TRANSACTION,clean_concede,0,False,CUST-02839,3924.71,groceries,2026-05-15,False,,True,True,False,0.3386251,2,FIGHT,1029.0053289183975,1029.0053289183975,0.5140151677852246
DSP-08075,ORD-00717,unauthorized_transaction,2026-06-09,1,pending,0.3613,True,RULE_UNAUTHORIZED_TRANSACTION,clean_concede,1,False,CUST-00237,165.93,groceries,2026-06-08,True,2026-06-11,False,True,False,0.21293114,19,CONCEDE,-264.6683357311785,-264.6683357311785,0.0226548993288589
DSP-11274,ORD-05859,item_not_received,2026-07-12,23,pending,0.7179,True,RULE_ITEM_NOT_RECEIVED,clean_fight,0,False,CUST-04886,744.89,apparel,2026-06-19,True,2026-06-21,True,True,False,0.649919,0,FIGHT,184.11814413011075,184.11814413011075,0.42596872483221304
DSP-13016,ORD-11445,duplicate_charge,2026-07-30,15,pending,0.733,False,RULE_DUPLICATE_CHARGE,clean_fight,1,False,CUST-01652,2546.66,apparel,2026-07-15,True,2026-07-24,True,True,False,0.52206475,5,FIGHT,1029.5214045870302,1029.5214045870302,0.3985232214765035
DSP-03033,ORD-04576,not_as_described,2026-04-19,8,pending,0.7217,True,RULE_NOT_AS_DESCRIBED,clean_fight,0,False,CUST-04813,294.0,home_goods,2026-04-11,True,2026-04-13,True,True,False,0.61652744,12,MANUAL_REVIEW,-118.74093317985535,-118.74093317985535,0.16781208053691227
DSP-12599,ORD-11456,not_as_described,2026-07-26,22,pending,0.2491,False,RULE_NOT_AS_DESCRIBED,clean_concede,4,False,CUST-01574,1080.46,home_goods,2026-07-04,True,2026-07-10,True,True,True,0.3417142,0,MANUAL_REVIEW,69.20852815985683,69.20852815985683,0.4394816107382524
DSP-01931,ORD-08337,unauthorized_transaction,2026-04-08,5,pending,0.3361,False,RULE_UNAUTHORIZED_TRANSACTION,clean_concede,2,False,CUST-02335,103.09,groceries,2026-04-03,False,,True,True,False,0.51930016,15,CONCEDE,-246.46534621775152,-246.46534621775152,0.10012442953020134
DSP-09631,ORD-06333,unauthorized_transaction,2026-06-26,15,pending,0.3985,True,RULE_UNAUTHORIZED_TRANSACTION,clean_concede,5,False,CUST-00655,291.35,digital_goods,2026-06-11,True,2026-06-15,True,False,False,0.5337835,5,MANUAL_REVIEW,-144.48217860758302,-144.48217860758302,0.3077053691275163
DSP-08290,ORD-07722,item_not_received,2026-06-11,19,pending,0.7188,True,RULE_ITEM_NOT_RECEIVED,clean_fight,0,False,CUST-03710,522.91,apparel,2026-05-23,True,2026-05-31,True,True,False,0.72900087,1,MANUAL_REVIEW,81.20184305608268,81.20184305608268,0.3970299328859049
DSP-12754,ORD-09705,item_not_received,2026-07-27,10,pending,0.6386,True,RULE_ITEM_NOT_RECEIVED,clean_fight,0,False,CUST-01239,316.53,digital_goods,2026-07-17,True,2026-07-20,True,True,False,0.717765,10,MANUAL_REVIEW,-72.80585289359095,-72.80585289359095,0.20871932885905983
DSP-13697,ORD-04757,not_as_described,2026-08-06,8,pending,0.4317,False,RULE_NOT_AS_DESCRIBED,clean_concede,4,False,CUST-05247,553.31,digital_goods,2026-07-29,True,2026-08-04,True,True,False,0.3758942,12,MANUAL_REVIEW,-92.01398635029796,-92.01398635029796,0.17825409395973035
DSP-02363,ORD-04160,item_not_received,2026-04-12,2,pending,0.8444,True,RULE_ITEM_NOT_RECEIVED,clean_fight,0,False,CUST-03785,6260.25,digital_goods,2026-04-10,True,2026-04-16,True,True,False,0.7181495,18,FIGHT,4195.7953022271395,4195.7953022271395,0.2880637583892451
DSP-01413,ORD-18405,unauthorized_transaction,2026-04-03,12,pending,0.6796,True,RULE_UNAUTHORIZED_TRANSACTION,clean_fight,0,False,CUST-02015,113.02,apparel,2026-03-22,True,2026-03-28,True,True,False,0.7004745,8,CONCEDE,-220.83237193584444,-220.83237193584444,0.24052429530201339
DSP-05072,ORD-16925,unauthorized_transaction,2026-05-09,10,pending,0.61,True,RULE_UNAUTHORIZED_TRANSACTION,clean_fight,2,False,CUST-01746,1158.61,electronics,2026-04-29,True,2026-05-06,True,True,False,0.6890226,10,FIGHT,498.3084753400086,498.3084753400086,0.242628590604024
DSP-08286,ORD-11330,not_as_described,2026-06-11,17,pending,0.528,True,RULE_NOT_AS_DESCRIBED,clean_fight,1,False,CUST-03151,3670.29,electronics,2026-05-25,True,2026-06-03,True,True,False,0.5695156,3,FIGHT,1790.2873597705366,1790.2873597705366,0.4837700671140843
DSP-12683,ORD-00418,unauthorized_transaction,2026-07-26,24,pending,0.672,True,RULE_UNAUTHORIZED_TRANSACTION,clean_fight,0,False,CUST-02308,975.92,digital_goods,2026-07-02,True,2026-07-09,True,True,False,0.6701668,0,FIGHT,354.029174170494,354.029174170494,0.43527194630872246
DSP-12189,ORD-06521,duplicate_charge,2026-07-21,19,pending,0.6503,False,RULE_DUPLICATE_CHARGE,clean_fight,0,False,CUST-01707,781.64,apparel,2026-07-02,True,2026-07-04,True,True,False,0.6625158,1,FIGHT,217.84886482000354,217.84886482000354,0.407448590604025
DSP-03411,ORD-01211,not_as_described,2026-04-23,24,pending,0.5614,False,RULE_NOT_AS_DESCRIBED,clean_fight,0,False,CUST-00303,1776.69,electronics,2026-03-30,True,2026-04-05,True,False,False,0.43620464,0,FIGHT,475.0004254969955,475.0004254969955,0.46751771812080084
DSP-14960,ORD-06007,not_as_described,2026-08-26,20,pending,0.3289,True,RULE_NOT_AS_DESCRIBED,clean_concede,0,False,CUST-04268,229.11,home_goods,2026-08-06,True,2026-08-13,False,True,False,0.4153955,0,CONCEDE,-204.82873739004134,-204.82873739004134,0.4051990604026842
DSP-05411,ORD-02439,item_not_received,2026-05-13,19,pending,0.5804,True,RULE_ITEM_NOT_RECEIVED,clean_fight,1,False,CUST-00737,903.24,digital_goods,2026-04-24,True,2026-04-28,True,False,False,0.591499,1,FIGHT,234.2655305528641,234.2655305528641,0.4123452348993267
DSP-14969,ORD-05865,duplicate_charge,2026-08-27,21,pending,0.3632,True,RULE_DUPLICATE_CHARGE,clean_concede,3,False,CUST-01083,736.64,digital_goods,2026-08-06,True,2026-08-09,True,True,False,0.37298104,0,MANUAL_REVIEW,-25.247245464324976,-25.247245464324976,0.4256365100671124
DSP-01391,ORD-04559,not_as_described,2026-04-03,15,pending,0.02,False,RULE_NOT_AS_DESCRIBED,clean_concede,4,False,CUST-04874,789.37,home_goods,2026-03-19,False,,True,True,True,0.10365675,5,CONCEDE,-218.17647405706344,-218.17647405706344,0.32775986577181027
DSP-04837,ORD-02052,unauthorized_transaction,2026-05-07,3,pending,0.2827,True,RULE_UNAUTHORIZED_TRANSACTION,clean_concede,2,False,CUST-02467,1319.53,electronics,2026-05-04,True,2026-05-07,False,True,True,0.24523392,17,MANUAL_REVIEW,23.59351867586372,23.59351867586372,0.10910859060402356
DSP-02163,ORD-00402,unauthorized_transaction,2026-04-10,10,pending,0.2708,True,RULE_UNAUTHORIZED_TRANSACTION,clean_concede,1,False,CUST-05010,1974.06,digital_goods,2026-03-31,True,2026-04-04,False,True,False,0.35810596,10,FIGHT,406.92264647841455,406.92264647841455,0.27546550335569964
DSP-12627,ORD-04881,not_as_described,2026-07-26,22,pending,0.4465,True,RULE_NOT_AS_DESCRIBED,clean_concede,1,False,CUST-03514,1339.58,groceries,2026-07-04,True,2026-07-10,True,True,False,0.56064093,0,FIGHT,451.023378522396,451.023378522396,0.4499159731543591
DSP-00157,ORD-11854,unauthorized_transaction,2026-03-16,9,pending,0.6064,False,RULE_UNAUTHORIZED_TRANSACTION,clean_fight,0,False,CUST-04951,753.84,home_goods,2026-03-07,True,2026-03-11,True,False,False,0.6678111,11,FIGHT,203.4227163934708,203.4227163934708,0.20632912751677676
DSP-05299,ORD-03587,duplicate_charge,2026-05-12,18,pending,0.4908,False,RULE_DUPLICATE_CHARGE,clean_concede,1,False,CUST-02941,180.83,electronics,2026-04-24,True,2026-04-26,True,True,False,0.6207134,2,CONCEDE,-187.7563935703039,-187.7563935703039,0.3632548993288589
DSP-03253,ORD-14833,not_as_described,2026-04-21,2,pending,0.4089,True,RULE_NOT_AS_DESCRIBED,clean_concede,0,False,CUST-04453,298.69,apparel,2026-04-19,True,2026-04-21,False,True,True,0.36549866,18,CONCEDE,-190.82920464873314,-190.82920464873314,0.04800093959731489
DSP-10813,ORD-10769,unauthorized_transaction,2026-07-08,18,pending,0.3283,True,RULE_UNAUTHORIZED_TRANSACTION,clean_concede,3,False,CUST-03210,287.22,groceries,2026-06-20,False,,True,True,False,0.32676226,2,CONCEDE,-206.147343968153,-206.147343968153,0.3675390604026841
DSP-11253,ORD-18631,not_as_described,2026-07-12,16,pending,0.328,False,RULE_NOT_AS_DESCRIBED,clean_concede,0,False,CUST-02184,834.54,groceries,2026-06-26,True,2026-06-29,True,True,True,0.48737398,4,MANUAL_REVIEW,106.73307951629158,106.73307951629158,0.3495787919463068
DSP-14272,ORD-00149,not_as_described,2026-08-12,11,pending,0.5979,True,RULE_NOT_AS_DESCRIBED,clean_fight,2,False,CUST-03834,1908.16,electronics,2026-08-01,True,2026-08-07,True,True,False,0.5306173,9,FIGHT,712.5027008628846,712.5027008628846,0.2928118120805321
DSP-09228,ORD-10883,item_not_received,2026-06-21,5,pending,0.7644,False,RULE_ITEM_NOT_RECEIVED,clean_fight,0,False,CUST-01127,202.17,apparel,2026-06-16,True,2026-06-21,True,True,False,0.82584596,15,MANUAL_REVIEW,-133.03872291326525,-133.03872291326525,0.1041142281879192
DSP-13902,ORD-11531,unauthorized_transaction,2026-08-08,10,pending,0.6494,True,RULE_UNAUTHORIZED_TRANSACTION,clean_fight,1,False,CUST-00553,3199.76,apparel,2026-07-29,True,2026-08-06,True,True,False,0.67148143,10,FIGHT,1848.5794221544265,1848.5794221544265,0.32482255033556207
DSP-00230,ORD-01331,duplicate_charge,2026-03-18,8,pending,0.433,False,RULE_DUPLICATE_CHARGE,clean_concede,2,False,CUST-05618,1608.21,apparel,2026-03-10,True,2026-03-13,True,True,False,0.5653598,12,FIGHT,609.2172377246618,609.2172377246618,0.22073328859059999
DSP-03092,ORD-04054,item_not_received,2026-04-19,8,pending,0.605,False,RULE_ITEM_NOT_RECEIVED,clean_fight,1,False,CUST-00195,245.45,electronics,2026-04-11,True,2026-04-16,True,False,False,0.42178106,12,CONCEDE,-196.47383806705477,-196.47383806705477,0.16585704697986542
DSP-11329,ORD-12532,not_as_described,2026-07-13,21,pending,0.4572,False,RULE_NOT_AS_DESCRIBED,clean_concede,0,False,CUST-01274,347.09,home_goods,2026-06-22,True,2026-06-27,False,True,False,0.42282647,0,CONCEDE,-153.2411608940363,-153.2411608940363,0.4099499328859054
DSP-08589,ORD-14770,item_not_received,2026-06-14,2,pending,0.5499,True,RULE_ITEM_NOT_RECEIVED,clean_fight,0,False,CUST-03107,375.14,apparel,2026-06-12,True,2026-06-16,False,True,False,0.5538805,18,MANUAL_REVIEW,-92.21726446032525,-92.21726446032525,0.05107946308724757
DSP-05946,ORD-02075,unauthorized_transaction,2026-05-18,9,pending,0.2965,False,RULE_UNAUTHORIZED_TRANSACTION,clean_concede,2,False,CUST-05036,1670.65,groceries,2026-05-09,False,,True,True,False,0.40784055,11,FIGHT,381.3588147670031,381.3588147670031,0.24324765100670714
DSP-00808,ORD-03373,not_as_described,2026-03-27,15,pending,0.3591,True,RULE_NOT_AS_DESCRIBED,clean_concede,4,False,CUST-04506,234.84,apparel,2026-03-12,True,2026-03-21,True,True,False,0.35977975,5,CONCEDE,-215.50932460427285,-215.50932460427285,0.3054297986577178
DSP-08901,ORD-11044,item_not_received,2026-06-18,13,pending,0.5445,True,RULE_ITEM_NOT_RECEIVED,clean_fight,2,False,CUST-01714,961.42,groceries,2026-06-05,True,2026-06-11,True,True,True,0.451183,7,MANUAL_REVIEW,133.77635146319864,133.77635146319864,0.2946880536912728
DSP-12526,ORD-18886,not_as_described,2026-07-25,19,pending,0.6874,True,RULE_NOT_AS_DESCRIBED,clean_fight,0,False,CUST-03031,1253.23,electronics,2026-07-06,True,2026-07-08,True,True,False,0.60651386,1,FIGHT,460.1013620626926,460.1013620626926,0.42643879194630563
DSP-08469,ORD-05351,item_not_received,2026-06-13,20,pending,0.5331,False,RULE_ITEM_NOT_RECEIVED,clean_fight,4,False,CUST-04602,352.48,apparel,2026-05-24,True,2026-05-31,True,True,False,0.41355607,0,CONCEDE,-154.22975675106048,-154.22975675106048,0.41016697986577116
DSP-12802,ORD-11462,item_not_received,2026-07-28,13,pending,0.6444,True,RULE_ITEM_NOT_RECEIVED,clean_fight,0,False,CUST-05440,4933.55,groceries,2026-07-15,True,2026-07-23,True,True,False,0.6187152,7,FIGHT,2752.462506440282,2752.462506440282,0.4546395973154232
DSP-09859,ORD-00977,not_as_described,2026-06-28,18,pending,0.2615,False,RULE_NOT_AS_DESCRIBED,clean_concede,1,False,CUST-04966,556.85,apparel,2026-06-10,False,,True,True,False,0.32834226,2,MANUAL_REVIEW,-117.16261311471462,-117.16261311471462,0.37839664429530084
DSP-08526,ORD-18280,not_as_described,2026-06-14,23,pending,0.2047,False,RULE_NOT_AS_DESCRIBED,clean_concede,2,False,CUST-03205,541.45,digital_goods,2026-05-22,True,2026-05-27,False,False,False,0.24026972,0,CONCEDE,-169.9059598058462,-169.9059598058462,0.4177765100671129
DSP-10355,ORD-13986,item_not_received,2026-07-03,17,pending,0.6117,False,RULE_ITEM_NOT_RECEIVED,clean_fight,2,False,CUST-05217,472.45,apparel,2026-06-16,True,2026-06-18,True,True,False,0.6047358,3,MANUAL_REVIEW,-14.292575219273601,-14.292575219273601,0.35499798657718024
DSP-06799,ORD-05458,not_as_described,2026-05-27,1,pending,0.617,True,RULE_NOT_AS_DESCRIBED,clean_fight,0,False,CUST-01968,1417.27,electronics,2026-05-26,False,,True,True,False,0.47606444,19,FIGHT,374.7118539643287,374.7118539643287,0.0730444295301978
DSP-11191,ORD-03009,item_not_received,2026-07-11,8,pending,0.5764,True,RULE_ITEM_NOT_RECEIVED,clean_fight,2,False,CUST-01541,1165.11,groceries,2026-07-03,True,2026-07-09,True,True,False,0.56990314,12,FIGHT,363.9998419690131,363.9998419690131,0.20289033557046693
DSP-08157,ORD-02884,not_as_described,2026-06-10,23,pending,0.4927,True,RULE_NOT_AS_DESCRIBED,clean_concede,7,False,CUST-01043,717.7,digital_goods,2026-05-18,True,2026-05-21,True,True,False,0.28268602,0,MANUAL_REVIEW,-97.11623992621898,-97.11623992621898,0.42487382550335406
DSP-10358,ORD-06435,not_as_described,2026-07-03,11,pending,0.5337,False,RULE_NOT_AS_DESCRIBED,clean_fight,0,False,CUST-01807,374.21,apparel,2026-06-22,True,2026-06-29,False,True,False,0.43463543,9,MANUAL_REVIEW,-137.35507552474738,-137.35507552474738,0.23104201342281808
DSP-02813,ORD-02297,item_not_received,2026-04-16,3,pending,0.1351,False,RULE_ITEM_NOT_RECEIVED,retry_needed,0,False,CUST-02533,2018.51,apparel,2026-04-13,False,,False,True,False,0.13530308,17,MANUAL_REVIEW,-26.889379823803893,-26.889379823803893,0.13725543624160558
DSP-01720,ORD-14465,item_not_received,2026-04-05,5,pending,0.02,False,RULE_ITEM_NOT_RECEIVED,retry_needed,0,False,CUST-03635,375.63,electronics,2026-03-31,False,,False,False,False,0.089620724,15,CONCEDE,-266.3357673235238,-266.3357673235238,0.11109919463087174
DSP-12968,ORD-11215,item_not_received,2026-07-29,24,pending,0.3688,True,RULE_ITEM_NOT_RECEIVED,clean_concede,1,False,CUST-00263,100.0,apparel,2026-07-05,True,2026-07-13,False,True,False,0.4080592,0,CONCEDE,-259.194079041481,-259.194079041481,0.4
DSP-01131,ORD-13216,unauthorized_transaction,2026-03-31,3,pending,0.7352,True,RULE_UNAUTHORIZED_TRANSACTION,clean_fight,0,False,CUST-04436,2531.98,electronics,2026-03-28,True,2026-04-01,True,True,False,0.80057245,17,FIGHT,1727.0334444320201,1727.0334444320201,0.1579320805369062
DSP-10067,ORD-12952,duplicate_charge,2026-06-30,14,pending,0.4605,True,RULE_DUPLICATE_CHARGE,clean_concede,0,False,CUST-02518,412.12,apparel,2026-06-16,True,2026-06-24,False,True,False,0.46512854,6,MANUAL_REVIEW,-108.3112256860733,-108.3112256860733,0.29256859060402596
DSP-01895,ORD-03401,not_as_described,2026-04-07,1,pending,0.5168,False,RULE_NOT_AS_DESCRIBED,clean_fight,6,False,CUST-03283,334.47,apparel,2026-04-06,True,2026-04-14,True,True,False,0.45940176,19,MANUAL_REVIEW,-146.34389449506997,-146.34389449506997,0.029441744966442338
DSP-04266,ORD-00144,item_not_received,2026-05-01,12,pending,0.1849,False,RULE_ITEM_NOT_RECEIVED,retry_needed,2,False,CUST-04885,1638.98,home_goods,2026-04-19,False,,True,True,False,0.17136799,8,MANUAL_REVIEW,-19.131295043528098,-19.131295043528098,0.3019723489932844
DSP-07185,ORD-02629,duplicate_charge,2026-06-01,16,pending,0.4046,False,RULE_DUPLICATE_CHARGE,clean_concede,3,False,CUST-03232,443.78,home_goods,2026-05-16,True,2026-05-17,True,True,False,0.32922074,4,CONCEDE,-153.8984191209078,-153.8984191209078,0.33384348993288504
DSP-03231,ORD-15793,duplicate_charge,2026-04-21,1,pending,0.4239,True,RULE_DUPLICATE_CHARGE,clean_concede,3,False,CUST-05037,1053.87,digital_goods,2026-04-20,True,2026-04-24,True,True,False,0.52560914,19,FIGHT,253.92369976401324,253.92369976401324,0.05841087248321891
DSP-06460,ORD-17457,not_as_described,2026-05-24,4,pending,0.3687,False,RULE_NOT_AS_DESCRIBED,clean_concede,1,False,CUST-02847,651.16,apparel,2026-05-20,False,,True,True,False,0.37823966,16,MANUAL_REVIEW,-53.70546204686167,-53.70546204686167,0.10219436241610588
DSP-13647,ORD-06709,item_not_received,2026-08-05,7,pending,0.7353,True,RULE_ITEM_NOT_RECEIVED,clean_fight,1,False,CUST-00795,100.0,apparel,2026-07-29,True,2026-08-06,True,True,False,0.69743645,13,CONCEDE,-230.25635480880737,-230.25635480880737,0.13999999999999999
DSP-04079,ORD-08655,not_as_described,2026-04-29,2,pending,0.5988,True,RULE_NOT_AS_DESCRIBED,clean_fight,0,False,CUST-02593,412.21,groceries,2026-04-27,True,2026-04-30,True,True,True,0.5095079,18,MANUAL_REVIEW,-89.97575080156327,-89.97575080156327,0.05257221476509982
DSP-04219,ORD-05930,item_not_received,2026-05-01,14,pending,0.4956,False,RULE_ITEM_NOT_RECEIVED,clean_concede,1,False,CUST-05362,851.05,electronics,2026-04-17,True,2026-04-21,True,True,True,0.569331,6,FIGHT,184.5291393071413,184.5291393071413,0.31024362416107176
DSP-14727,ORD-04605,item_not_received,2026-08-19,14,pending,0.5126,True,RULE_ITEM_NOT_RECEIVED,clean_fight,1,False,CUST-01178,188.83,groceries,2026-08-05,True,2026-08-09,True,True,True,0.50713915,6,CONCEDE,-204.23691499888895,-204.23691499888895,0.2835770469798655
DSP-08000,ORD-10936,item_not_received,2026-06-08,18,pending,0.4338,True,RULE_ITEM_NOT_RECEIVED,clean_concede,2,False,CUST-02454,1958.83,groceries,2026-05-21,True,2026-05-29,False,True,False,0.4797339,2,FIGHT,639.7171830287575,639.7171830287575,0.43485221476509567
DSP-05882,ORD-02981,item_not_received,2026-05-18,14,pending,0.6839,True,RULE_ITEM_NOT_RECEIVED,clean_fight,1,False,CUST-00472,611.17,apparel,2026-05-04,True,2026-05-10,True,True,False,0.68244475,6,MANUAL_REVIEW,117.08975862920283,117.08975862920283,0.3005840268456362
DSP-12562,ORD-13815,unauthorized_transaction,2026-07-25,5,pending,0.7111,False,RULE_UNAUTHORIZED_TRANSACTION,clean_fight,1,False,CUST-04646,421.54,apparel,2026-07-20,True,2026-07-21,True,True,False,0.7106701,15,MANUAL_REVIEW,-0.4241203284263406,-0.4241203284263406,0.11294791946308638
DSP-10639,ORD-00166,unauthorized_transaction,2026-07-06,15,pending,0.4459,False,RULE_UNAUTHORIZED_TRANSACTION,clean_concede,7,False,CUST-03716,1605.1,groceries,2026-06-21,True,2026-06-28,True,True,False,0.35158184,5,FIGHT,264.3240141242742,264.3240141242742,0.36060805369127114
DSP-04093,ORD-04109,item_not_received,2026-04-30,20,pending,0.6217,False,RULE_ITEM_NOT_RECEIVED,clean_fight,1,False,CUST-01913,526.25,groceries,2026-04-10,True,2026-04-12,True,True,False,0.5833156,0,MANUAL_REVIEW,6.969840228557587,6.969840228557587,0.4171644295302002
DSP-04417,ORD-03698,item_not_received,2026-05-03,18,pending,0.0753,False,RULE_ITEM_NOT_RECEIVED,retry_needed,3,False,CUST-03073,1400.91,electronics,2026-04-15,False,,True,False,False,0.10139801,2,CONCEDE,-157.95050886265932,-157.95050886265932,0.41238563758388913
DSP-14082,ORD-19568,item_not_received,2026-08-10,11,pending,0.6866,False,RULE_ITEM_NOT_RECEIVED,clean_fight,1,False,CUST-00359,2434.77,digital_goods,2026-07-30,True,2026-08-04,True,True,False,0.5853549,9,FIGHT,1125.2046087992192,1125.2046087992192,0.31401758389261114
DSP-03635,ORD-11858,unauthorized_transaction,2026-04-25,4,pending,0.595,False,RULE_UNAUTHORIZED_TRANSACTION,clean_fight,1,False,CUST-05585,639.66,electronics,2026-04-21,False,,True,True,False,0.51407427,16,MANUAL_REVIEW,28.83274496197697,28.83274496197697,0.10173127516778377
DSP-14044,ORD-18380,not_as_described,2026-08-09,3,pending,0.6299,False,RULE_NOT_AS_DESCRIBED,clean_fight,1,False,CUST-05821,2763.36,home_goods,2026-08-06,True,2026-08-07,True,True,False,0.6531952,17,FIGHT,1505.0134943675996,1505.0134943675996,0.16724939597314717
DSP-10624,ORD-07989,item_not_received,2026-07-06,4,pending,0.4354,False,RULE_ITEM_NOT_RECEIVED,clean_concede,1,False,CUST-04785,660.81,groceries,2026-07-02,True,2026-07-05,False,True,False,0.39431098,16,MANUAL_REVIEW,-39.43536062210802,-39.43536062210802,0.10258295302013269
DSP-14070,ORD-10272,item_not_received,2026-08-10,11,pending,0.632,False,RULE_ITEM_NOT_RECEIVED,clean_fight,1,False,CUST-05951,151.85,groceries,2026-07-30,True,2026-08-07,True,True,False,0.5956952,9,CONCEDE,-209.54368424713613,-209.54368424713613,0.22208791946308715
DSP-01044,ORD-07353,item_not_received,2026-03-30,13,pending,0.1874,False,RULE_ITEM_NOT_RECEIVED,retry_needed,1,False,CUST-01712,639.38,apparel,2026-03-17,False,,True,True,False,0.28100452,7,MANUAL_REVIEW,-120.33133110821248,-120.33133110821248,0.2817199999999985
DSP-00068,ORD-19981,not_as_described,2026-03-13,6,pending,0.6832,True,RULE_NOT_AS_DESCRIBED,clean_fight,3,False,CUST-04157,749.87,apparel,2026-03-07,True,2026-03-16,True,True,False,0.5161077,14,MANUAL_REVIEW,87.0136648118496,87.0136648118496,0.1461692617449647
DSP-01408,ORD-06674,item_not_received,2026-04-03,9,pending,0.4802,False,RULE_ITEM_NOT_RECEIVED,clean_concede,2,False,CUST-04013,238.15,apparel,2026-03-25,True,2026-04-01,False,True,False,0.42084745,11,CONCEDE,-199.7751808002591,-199.7751808002591,0.18556308724832177
DSP-13756,ORD-08262,item_not_received,2026-08-06,13,pending,0.3938,True,RULE_ITEM_NOT_RECEIVED,clean_concede,5,False,CUST-01092,702.82,apparel,2026-07-24,True,2026-08-02,True,True,True,0.30367285,7,MANUAL_REVIEW,-86.57264747023581,-86.57264747023581,0.2842746308724816
DSP-00697,ORD-04159,not_as_described,2026-03-26,4,pending,0.3417,False,RULE_NOT_AS_DESCRIBED,clean_concede,0,False,CUST-00775,290.72,digital_goods,2026-03-22,False,,False,True,False,0.2048126,16,CONCEDE,-240.45688057661056,-240.45688057661056,0.08767999999999947
DSP-13657,ORD-14511,item_not_received,2026-08-05,16,pending,0.0794,False,RULE_ITEM_NOT_RECEIVED,retry_needed,1,False,CUST-03415,474.65,groceries,2026-07-20,False,,True,True,False,0.15124772,4,CONCEDE,-228.210267380625,-228.210267380625,0.3350865771812071
DSP-08828,ORD-19232,not_as_described,2026-06-17,9,pending,0.721,False,RULE_NOT_AS_DESCRIBED,clean_fight,0,False,CUST-01562,223.53,electronics,2026-06-08,True,2026-06-15,True,True,False,0.58916634,11,CONCEDE,-168.3036473017931,-168.3036473017931,0.18497436241610704
DSP-02024,ORD-15397,unauthorized_transaction,2026-04-08,16,pending,0.7133,True,RULE_UNAUTHORIZED_TRANSACTION,clean_fight,1,False,CUST-04345,5086.54,apparel,2026-03-23,True,2026-03-28,True,True,False,0.6218808,4,FIGHT,2863.2217136418817,2863.2217136418817,0.5208002684563624
DSP-01409,ORD-11478,unauthorized_transaction,2026-04-03,12,pending,0.4555,True,RULE_UNAUTHORIZED_TRANSACTION,clean_concede,0,False,CUST-03236,778.22,digital_goods,2026-03-22,False,,True,True,False,0.4707813,8,MANUAL_REVIEW,66.37142055571081,66.37142055571081,0.2673108724832196
DSP-14911,ORD-03204,unauthorized_transaction,2026-08-25,19,pending,0.5222,True,RULE_UNAUTHORIZED_TRANSACTION,clean_fight,0,False,CUST-05838,691.61,home_goods,2026-08-06,True,2026-08-12,True,True,True,0.52860355,1,MANUAL_REVIEW,65.58750382423403,65.58750382423403,0.40382322147650845
DSP-01844,ORD-06646,not_as_described,2026-04-07,10,pending,0.2736,False,RULE_NOT_AS_DESCRIBED,clean_concede,3,False,CUST-04075,1347.14,electronics,2026-03-28,True,2026-04-03,True,True,True,0.3523965,10,FIGHT,174.7274050998688,174.7274050998688,0.2502204026845604
DSP-06053,ORD-13978,unauthorized_transaction,2026-05-20,16,pending,0.291,False,RULE_UNAUTHORIZED_TRANSACTION,clean_concede,2,False,CUST-04779,461.63,groceries,2026-05-04,False,,True,True,False,0.28755817,4,CONCEDE,-167.25452282637357,-167.25452282637357,0.33456228187919373
DSP-06480,ORD-11448,item_not_received,2026-05-24,13,pending,0.4888,False,RULE_ITEM_NOT_RECEIVED,clean_concede,6,False,CUST-01954,1835.7,apparel,2026-05-11,True,2026-05-12,True,False,False,0.33568707,7,FIGHT,316.2207563906908,316.2207563906908,0.32989395973153895
DSP-14071,ORD-15389,item_not_received,2026-08-10,13,pending,0.7371,False,RULE_ITEM_NOT_RECEIVED,clean_fight,0,False,CUST-05024,447.5,apparel,2026-07-28,True,2026-08-03,True,True,False,0.73045856,7,MANUAL_REVIEW,26.880204528570175,26.880204528570175,0.2739932885906031
DSP-14815,ORD-00985,not_as_described,2026-08-22,22,pending,0.4245,True,RULE_NOT_AS_DESCRIBED,clean_concede,3,False,CUST-02435,1729.5,apparel,2026-07-31,True,2026-08-02,False,True,False,0.37750793,0,FIGHT,352.89995634555817,352.89995634555817,0.46561744966442514
DSP-02146,ORD-15557,duplicate_charge,2026-04-10,14,pending,0.5118,True,RULE_DUPLICATE_CHARGE,clean_fight,0,False,CUST-04197,4112.19,electronics,2026-03-27,True,2026-04-01,False,True,False,0.4479215,6,FIGHT,1541.9383727574348,1541.9383727574348,0.4415646979865663
DSP-09566,ORD-02883,duplicate_charge,2026-06-25,3,pending,0.4616,False,RULE_DUPLICATE_CHARGE,clean_concede,1,False,CUST-04332,578.78,electronics,2026-06-22,True,2026-06-25,True,False,False,0.49047062,17,MANUAL_REVIEW,-16.12541570842268,-16.12541570842268,0.07927973154362288
DSP-00993,ORD-09311,item_not_received,2026-03-29,7,pending,0.6915,False,RULE_ITEM_NOT_RECEIVED,clean_fight,2,False,CUST-02566,1107.92,apparel,2026-03-22,True,2026-03-24,True,True,False,0.68119,13,FIGHT,454.7040401840211,454.7040401840211,0.18058738255033283
DSP-04191,ORD-19644,item_not_received,2026-05-01,12,pending,0.7345,True,RULE_ITEM_NOT_RECEIVED,clean_fight,0,False,CUST-01658,1034.76,home_goods,2026-04-19,True,2026-04-26,True,True,False,0.7148424,8,FIGHT,439.69030019044874,439.69030019044874,0.27764134228187665
DSP-06947,ORD-05165,unauthorized_transaction,2026-05-29,24,pending,0.4132,True,RULE_UNAUTHORIZED_TRANSACTION,clean_concede,0,False,CUST-04074,780.41,digital_goods,2026-05-05,False,,True,False,False,0.24615951,0,MANUAL_REVIEW,-107.89465771839022,-107.89465771839022,0.4273990604026827
DSP-14696,ORD-17199,unauthorized_transaction,2026-08-19,21,pending,0.5065,False,RULE_UNAUTHORIZED_TRANSACTION,clean_fight,3,False,CUST-01008,159.94,groceries,2026-07-29,True,2026-08-07,True,True,False,0.48070043,0,CONCEDE,-223.11677270531655,-223.11677270531655,0.40241369127516763
DSP-10276,ORD-11671,item_not_received,2026-07-02,19,pending,0.1284,False,RULE_ITEM_NOT_RECEIVED,retry_needed,2,False,CUST-04964,308.21,apparel,2026-06-13,False,,True,True,False,0.14577214,1,CONCEDE,-255.0715674366057,-255.0715674366057,0.38838429530201285
DSP-09917,ORD-13253,not_as_described,2026-06-28,19,pending,0.5816,False,RULE_NOT_AS_DESCRIBED,clean_fight,0,False,CUST-05527,2500.08,apparel,2026-06-09,True,2026-06-18,True,True,False,0.56796694,1,FIGHT,1119.9627824020386,1119.9627824020386,0.476647516778517
DSP-03224,ORD-17973,unauthorized_transaction,2026-04-21,17,pending,0.2093,False,RULE_UNAUTHORIZED_TRANSACTION,clean_concede,3,False,CUST-03700,255.46,digital_goods,2026-04-04,True,2026-04-09,False,True,False,0.18374078,3,CONCEDE,-253.06158040314912,-253.06158040314912,0.3462601342281875
DSP-10109,ORD-06741,not_as_described,2026-06-30,17,pending,0.3233,False,RULE_NOT_AS_DESCRIBED,clean_concede,0,False,CUST-02764,1025.75,apparel,2026-06-13,False,,False,True,False,0.14297636,3,CONCEDE,-153.3420002348721,-153.3420002348721,0.3772785234899304
DSP-07736,ORD-06224,duplicate_charge,2026-06-06,22,pending,0.1054,False,RULE_DUPLICATE_CHARGE,clean_concede,3,False,CUST-02211,857.79,electronics,2026-05-15,False,,True,True,False,0.16988748,0,CONCEDE,-154.27221585452557,-154.27221585452557,0.43051503355704496
DSP-13542,ORD-13166,duplicate_charge,2026-08-04,13,pending,0.1515,False,RULE_DUPLICATE_CHARGE,clean_concede,1,False,CUST-04539,734.18,groceries,2026-07-22,False,,False,True,False,0.058970887,7,CONCEDE,-256.7047540252656,-256.7047540252656,0.28553744966442784
DSP-11875,ORD-11097,item_not_received,2026-07-18,18,pending,0.02,False,RULE_ITEM_NOT_RECEIVED,retry_needed,3,False,CUST-04250,274.0,groceries,2026-06-30,False,,True,True,True,0.03976873,2,CONCEDE,-289.10336815565825,-289.10336815565825,0.36700671140939556
DSP-00365,ORD-14983,duplicate_charge,2026-03-20,9,pending,0.6451,True,RULE_DUPLICATE_CHARGE,clean_fight,0,False,CUST-04559,417.07,apparel,2026-03-11,True,2026-03-13,True,True,True,0.55444723,11,MANUAL_REVIEW,-68.75669225037097,-68.75669225037097,0.19276791946308638
DSP-14403,ORD-19901,not_as_described,2026-08-14,23,pending,0.4256,False,RULE_NOT_AS_DESCRIBED,clean_concede,2,False,CUST-02765,659.24,electronics,2026-07-22,True,2026-07-30,True,True,False,0.54048204,0,MANUAL_REVIEW,56.30738283157348,56.30738283157348,0.42251973154362266
DSP-13608,ORD-01935,unauthorized_transaction,2026-08-05,6,pending,0.5213,True,RULE_UNAUTHORIZED_TRANSACTION,clean_fight,4,False,CUST-01126,100.0,apparel,2026-07-30,True,2026-08-04,True,False,False,0.34768096,14,CONCEDE,-265.23190438747406,-265.23190438747406,0.12000000000000002
DSP-03057,ORD-12456,not_as_described,2026-04-19,11,pending,0.3692,False,RULE_NOT_AS_DESCRIBED,clean_concede,3,False,CUST-02000,943.46,electronics,2026-04-08,True,2026-04-10,True,True,False,0.46362782,9,MANUAL_REVIEW,137.4142985725403,137.4142985725403,0.25396483221476285
DSP-11254,ORD-01776,duplicate_charge,2026-07-12,4,pending,0.6185,True,RULE_DUPLICATE_CHARGE,clean_fight,1,False,CUST-00625,2336.54,digital_goods,2026-07-08,True,2026-07-15,True,True,False,0.5835943,16,FIGHT,1063.5914776039124,1063.5914776039124,0.17006201342281274
DSP-09617,ORD-01539,not_as_described,2026-06-25,4,pending,0.6523,True,RULE_NOT_AS_DESCRIBED,clean_fight,1,False,CUST-05620,478.02,electronics,2026-06-21,True,2026-06-23,True,True,False,0.6450282,16,MANUAL_REVIEW,8.33636769890785,8.33636769890785,0.0952222818791936
DSP-12013,ORD-12999,duplicate_charge,2026-07-20,5,pending,0.529,False,RULE_DUPLICATE_CHARGE,clean_fight,1,False,CUST-00969,1565.62,apparel,2026-07-15,True,2026-07-16,True,True,False,0.6886663,15,FIGHT,778.1897076880932,778.1897076880932,0.1590182550335531
DSP-06553,ORD-01498,not_as_described,2026-05-25,9,pending,0.5342,True,RULE_NOT_AS_DESCRIBED,clean_fight,0,False,CUST-01429,519.04,groceries,2026-05-16,True,2026-05-24,False,True,False,0.35715768,11,MANUAL_REVIEW,-114.62087911605838,-114.62087911605838,0.1968740939597304
DSP-05250,ORD-13660,not_as_described,2026-05-11,17,pending,0.4304,False,RULE_NOT_AS_DESCRIBED,clean_concede,3,False,CUST-00210,242.37,electronics,2026-04-24,True,2026-05-01,True,False,False,0.34159076,3,CONCEDE,-217.20864698052407,-217.20864698052407,0.34573302013422785
DSP-02652,ORD-07101,item_not_received,2026-04-15,24,pending,0.6308,True,RULE_ITEM_NOT_RECEIVED,clean_fight,1,False,CUST-00214,499.31,apparel,2026-03-22,True,2026-03-26,True,True,False,0.62905914,0,MANUAL_REVIEW,14.095517153143874,14.095517153143874,0.4160795973154352
DSP-04332,ORD-05716,unauthorized_transaction,2026-05-02,5,pending,0.5191,False,RULE_UNAUTHORIZED_TRANSACTION,clean_fight,1,False,CUST-01358,1401.49,groceries,2026-04-27,False,,True,True,False,0.5065926,15,FIGHT,409.9844233614207,409.9844233614207,0.1524089932885871
DSP-08175,ORD-11148,not_as_described,2026-06-10,17,pending,0.4742,False,RULE_NOT_AS_DESCRIBED,clean_concede,4,False,CUST-01561,329.23,electronics,2026-05-24,True,2026-05-30,True,True,False,0.468131,3,MANUAL_REVIEW,-145.87722897231578,-145.87722897231578,0.349230738255033
DSP-12359,ORD-14012,unauthorized_transaction,2026-07-23,24,pending,0.5769,True,RULE_UNAUTHORIZED_TRANSACTION,clean_fight,3,False,CUST-01686,1695.29,digital_goods,2026-06-29,True,2026-07-07,True,True,False,0.50243413,0,FIGHT,551.7715638482571,551.7715638482571,0.46423986577180776
DSP-12961,ORD-08789,not_as_described,2026-07-29,3,pending,0.5994,True,RULE_NOT_AS_DESCRIBED,clean_fight,2,False,CUST-03395,1284.36,apparel,2026-07-26,True,2026-07-31,True,True,False,0.5983382,17,FIGHT,468.4816335225105,468.4816335225105,0.10769234899328539
DSP-11660,ORD-11769,not_as_described,2026-07-16,16,pending,0.4492,False,RULE_NOT_AS_DESCRIBED,clean_concede,0,False,CUST-05960,2557.24,home_goods,2026-06-30,True,2026-07-01,False,False,False,0.36735973,4,FIGHT,639.4269898617267,639.4269898617267,0.41894926174495983
DSP-07071,ORD-06194,unauthorized_transaction,2026-05-30,17,pending,0.6588,True,RULE_UNAUTHORIZED_TRANSACTION,clean_fight,0,False,CUST-05019,349.5,home_goods,2026-05-13,True,2026-05-16,True,True,False,0.666602,3,MANUAL_REVIEW,-67.02259558439255,-67.02259558439255,0.35004697986577116
DSP-05796,ORD-06096,not_as_described,2026-05-17,2,pending,0.3799,True,RULE_NOT_AS_DESCRIBED,clean_concede,2,False,CUST-02112,4490.45,apparel,2026-05-15,True,2026-05-23,False,True,False,0.5059003,18,FIGHT,1971.7201071709392,1971.7201071709392,0.2167966442952901
DSP-00694,ORD-05063,not_as_described,2026-03-26,3,pending,0.5813,True,RULE_NOT_AS_DESCRIBED,clean_fight,1,False,CUST-03278,1469.96,apparel,2026-03-23,True,2026-03-24,True,False,False,0.62090534,17,FIGHT,612.7060131716728,612.7060131716728,0.1151661744966406
DSP-06630,ORD-19787,unauthorized_transaction,2026-05-26,23,pending,0.3231,True,RULE_UNAUTHORIZED_TRANSACTION,clean_concede,0,False,CUST-01961,717.69,apparel,2026-05-03,True,2026-05-11,False,True,False,0.28270987,0,MANUAL_REVIEW,-97.10195572346447,-97.10195572346447,0.4248734228187903
DSP-03550,ORD-07152,item_not_received,2026-04-24,21,pending,0.6654,True,RULE_ITEM_NOT_RECEIVED,clean_fight,0,False,CUST-03316,457.84,groceries,2026-04-03,True,2026-04-06,False,True,False,0.55226165,0,MANUAL_REVIEW,-47.15252590656283,-47.15252590656283,0.41440966442952926
DSP-02472,ORD-12000,unauthorized_transaction,2026-04-13,2,pending,0.3729,False,RULE_UNAUTHORIZED_TRANSACTION,clean_concede,0,False,CUST-02567,558.51,apparel,2026-04-11,True,2026-04-14,False,True,False,0.35000315,18,MANUAL_REVIEW,-104.51973897010089,-104.51973897010089,0.05846348993288466
DSP-06787,ORD-19862,unauthorized_transaction,2026-05-27,9,pending,0.6747,True,RULE_UNAUTHORIZED_TRANSACTION,clean_fight,2,False,CUST-04187,1255.59,electronics,2026-05-18,True,2026-05-22,True,True,False,0.6530226,11,FIGHT,519.9286303871869,519.9286303871869,0.22653382550335258
DSP-08527,ORD-19935,item_not_received,2026-06-14,8,pending,0.8084,False,RULE_ITEM_NOT_RECEIVED,clean_fight,0,False,CUST-01020,1688.19,electronics,2026-06-06,True,2026-06-10,True,True,False,0.69664454,12,FIGHT,876.0683537507057,876.0683537507057,0.22395395973153936
DSP-05349,ORD-00761,item_not_received,2026-05-12,6,pending,0.7932,True,RULE_ITEM_NOT_RECEIVED,clean_fight,0,False,CUST-00562,557.79,apparel,2026-05-06,True,2026-05-13,True,True,False,0.72709996,14,MANUAL_REVIEW,105.56908394515511,105.56908394515511,0.13843449664429408
DSP-05555,ORD-15270,not_as_described,2026-05-15,17,pending,0.2721,False,RULE_NOT_AS_DESCRIBED,clean_concede,2,False,CUST-02358,668.21,digital_goods,2026-04-28,True,2026-04-29,False,False,False,0.30847597,3,MANUAL_REVIEW,-93.87327126979827,-93.87327126979827,0.36288093959731393
DSP-00310,ORD-15240,not_as_described,2026-03-19,2,pending,0.4899,True,RULE_NOT_AS_DESCRIBED,clean_concede,0,False,CUST-02435,781.59,home_goods,2026-03-17,True,2026-03-18,False,True,False,0.46334592,18,MANUAL_REVIEW,62.14653376668696,62.14653376668696,0.0674465771812062
DSP-04077,ORD-12779,item_not_received,2026-04-29,11,pending,0.5925,False,RULE_ITEM_NOT_RECEIVED,clean_fight,5,False,CUST-00614,7639.01,apparel,2026-04-18,True,2026-04-20,True,True,False,0.42992064,9,FIGHT,2984.1680954226854,2984.1680954226854,0.523584295301993
DSP-08914,ORD-07882,item_not_received,2026-06-18,24,pending,0.5977,False,RULE_ITEM_NOT_RECEIVED,clean_fight,0,False,CUST-02490,461.17,electronics,2026-05-25,True,2026-05-29,False,True,False,0.5425293,0,MANUAL_REVIEW,-49.80176965773106,-49.80176965773106,0.4145437583892608
DSP-07653,ORD-05577,not_as_described,2026-06-05,18,pending,0.6835,True,RULE_NOT_AS_DESCRIBED,clean_fight,1,False,CUST-01158,565.69,electronics,2026-05-18,True,2026-05-19,True,True,False,0.5741295,2,MANUAL_REVIEW,24.779329213500034,24.779329213500034,0.3787526174496632
DSP-04245,ORD-03529,duplicate_charge,2026-05-01,5,pending,0.4703,False,RULE_DUPLICATE_CHARGE,clean_concede,0,False,CUST-05494,1036.22,home_goods,2026-04-26,True,2026-04-29,True,False,False,0.58565986,15,FIGHT,306.87246175050734,306.87246175050734,0.1377001342281854
DSP-00312,ORD-03842,not_as_described,2026-03-19,6,pending,0.7065,True,RULE_NOT_AS_DESCRIBED,clean_fight,1,False,CUST-02029,486.89,electronics,2026-03-13,True,2026-03-20,True,True,False,0.6567901,14,MANUAL_REVIEW,19.7845209246874,19.7845209246874,0.1355794630872473
DSP-06378,ORD-17484,not_as_described,2026-05-23,5,pending,0.6275,True,RULE_NOT_AS_DESCRIBED,clean_fight,0,False,CUST-01887,215.91,electronics,2026-05-18,True,2026-05-19,True,True,False,0.7313674,15,MANUAL_REVIEW,-142.09046267330646,-142.09046267330646,0.10466751677852318
DSP-14884,ORD-00102,item_not_received,2026-08-24,23,pending,0.6132,True,RULE_ITEM_NOT_RECEIVED,clean_fight,1,False,CUST-02656,255.26,home_goods,2026-08-01,True,2026-08-10,True,True,False,0.62927383,0,MANUAL_REVIEW,-139.37156168341636,-139.37156168341636,0.40625208053691236
DSP-03344,ORD-18914,duplicate_charge,2026-04-22,9,pending,0.6338,True,RULE_DUPLICATE_CHARGE,clean_fight,0,False,CUST-04614,360.18,electronics,2026-04-13,True,2026-04-22,True,True,False,0.64240736,11,MANUAL_REVIEW,-68.61771790623663,-68.61771790623663,0.19047704697986506
DSP-14865,ORD-04850,item_not_received,2026-08-23,19,pending,0.5749,False,RULE_ITEM_NOT_RECEIVED,clean_fight,3,False,CUST-02807,255.24,digital_goods,2026-08-04,True,2026-08-07,True,True,False,0.5164287,1,CONCEDE,-168.18673630714417,-168.18673630714417,0.38625127516778485
DSP-07468,ORD-04814,duplicate_charge,2026-06-03,18,pending,0.7039,True,RULE_DUPLICATE_CHARGE,clean_fight,0,False,CUST-05568,478.8,home_goods,2026-05-16,True,2026-05-20,True,True,False,0.6778013,2,MANUAL_REVIEW,24.531267714500416,24.531267714500416,0.3752536912751668
DSP-00075,ORD-19435,unauthorized_transaction,2026-03-13,3,pending,0.5705,True,RULE_UNAUTHORIZED_TRANSACTION,clean_fight,2,False,CUST-00192,3245.79,groceries,2026-03-10,True,2026-03-15,True,True,False,0.6794479,17,FIGHT,1905.3451647019388,1905.3451647019388,0.18667610738254187
DSP-01504,ORD-16455,duplicate_charge,2026-04-04,13,pending,0.2024,False,RULE_DUPLICATE_CHARGE,clean_concede,3,False,CUST-02618,852.56,home_goods,2026-03-22,True,2026-03-25,False,True,False,0.2091893,7,MANUAL_REVIEW,-121.65357399940493,-121.65357399940493,0.2903044295301993
DSP-01374,ORD-13279,not_as_described,2026-04-02,10,pending,0.2042,False,RULE_NOT_AS_DESCRIBED,clean_concede,1,False,CUST-05359,1299.1,groceries,2026-03-23,False,,True,True,False,0.32276434,10,MANUAL_REVIEW,119.30315027832984,119.30315027832984,0.2482859060402652
DSP-09414,ORD-01623,not_as_described,2026-06-23,20,pending,0.4864,False,RULE_NOT_AS_DESCRIBED,clean_concede,1,False,CUST-01267,689.45,home_goods,2026-06-03,True,2026-06-12,True,True,False,0.51708305,0,MANUAL_REVIEW,56.50290800929071,56.50290800929071,0.4237362416107367
DSP-06884,ORD-14386,duplicate_charge,2026-05-28,20,pending,0.5867,False,RULE_DUPLICATE_CHARGE,clean_fight,0,False,CUST-00216,4497.2,digital_goods,2026-05-08,True,2026-05-12,True,True,False,0.7363381,0,FIGHT,3011.4596087694167,3011.4596087694167,0.577068456375827
DSP-07126,ORD-08673,unauthorized_transaction,2026-05-31,10,pending,0.4295,False,RULE_UNAUTHORIZED_TRANSACTION,clean_concede,3,False,CUST-01331,847.45,home_goods,2026-05-21,True,2026-05-23,True,True,False,0.5534924,10,FIGHT,169.0571571528912,169.0571571528912,0.2300986577181188
DSP-14447,ORD-02689,item_not_received,2026-08-14,11,pending,0.2907,True,RULE_ITEM_NOT_RECEIVED,clean_concede,4,False,CUST-05923,131.11,apparel,2026-08-03,True,2026-08-06,False,True,False,0.34415498,9,CONCEDE,-254.87784007936716,-254.87784007936716,0.2212527516778523
DSP-04515,ORD-18313,item_not_received,2026-05-04,20,pending,0.5887,False,RULE_ITEM_NOT_RECEIVED,clean_fight,1,False,CUST-00143,1881.17,groceries,2026-04-14,True,2026-04-15,True,True,False,0.62864774,0,FIGHT,882.5932778137924,882.5932778137924,0.47172496644294826
DSP-01755,ORD-06079,duplicate_charge,2026-04-06,14,pending,0.6879,False,RULE_DUPLICATE_CHARGE,clean_fight,0,False,CUST-04406,623.22,electronics,2026-03-23,True,2026-03-29,True,True,False,0.6654071,6,MANUAL_REVIEW,114.69502606272698,114.69502606272698,0.301069261744965
DSP-08595,ORD-13964,not_as_described,2026-06-14,19,pending,0.5952,False,RULE_NOT_AS_DESCRIBED,clean_fight,0,False,CUST-00352,298.9,groceries,2026-05-26,True,2026-06-01,True,True,False,0.58273995,1,MANUAL_REVIEW,-125.8190291762352,-125.8190291762352,0.3880093959731538
DSP-13346,ORD-14816,not_as_described,2026-08-02,12,pending,0.3138,False,RULE_NOT_AS_DESCRIBED,clean_concede,2,False,CUST-00358,2644.83,groceries,2026-07-21,True,2026-07-23,True,True,True,0.40719515,8,FIGHT,776.9619508284329,776.9619508284329,0.34247637583891927
DSP-08244,ORD-13648,unauthorized_transaction,2026-06-11,10,pending,0.5145,False,RULE_UNAUTHORIZED_TRANSACTION,clean_fight,3,False,CUST-00969,3160.03,groceries,2026-06-01,True,2026-06-03,True,True,True,0.39625043,10,FIGHT,952.1632361036541,952.1632361036541,0.32322268456375014
DSP-11318,ORD-08059,not_as_described,2026-07-13,16,pending,0.5881,False,RULE_NOT_AS_DESCRIBED,clean_fight,2,False,CUST-00606,141.31,home_goods,2026-06-27,True,2026-06-29,True,True,False,0.4243279,4,CONCEDE,-240.03822304546833,-240.03822304546833,0.32166348993288585
DSP-06376,ORD-18642,item_not_received,2026-05-23,19,pending,0.3325,False,RULE_ITEM_NOT_RECEIVED,clean_concede,5,False,CUST-00876,211.52,digital_goods,2026-05-04,True,2026-05-05,False,True,False,0.40520746,1,CONCEDE,-214.2905190849304,-214.2905190849304,0.38449073825503327
DSP-07604,ORD-01884,not_as_described,2026-06-05,13,pending,0.5599,False,RULE_NOT_AS_DESCRIBED,clean_fight,2,False,CUST-02700,336.95,apparel,2026-05-23,True,2026-05-28,True,True,False,0.5594945,7,MANUAL_REVIEW,-111.47832977771759,-111.47832977771759,0.2695416107382544
DSP-02547,ORD-03271,unauthorized_transaction,2026-04-14,3,pending,0.7159,False,RULE_UNAUTHORIZED_TRANSACTION,clean_fight,1,False,CUST-02209,760.51,digital_goods,2026-04-11,True,2026-04-15,True,True,False,0.68836284,17,FIGHT,223.5068210434914,223.5068210434914,0.0865977181208036
DSP-04488,ORD-00519,not_as_described,2026-05-04,24,pending,0.5543,False,RULE_NOT_AS_DESCRIBED,clean_fight,0,False,CUST-02174,224.17,electronics,2026-04-10,True,2026-04-19,True,True,False,0.62867135,0,CONCEDE,-159.07074389755726,-159.07074389755726,0.4050001342281876
DSP-02909,ORD-16128,item_not_received,2026-04-17,20,pending,0.6879,False,RULE_ITEM_NOT_RECEIVED,clean_fight,0,False,CUST-04195,336.2,groceries,2026-03-28,True,2026-04-04,True,True,False,0.66575503,0,MANUAL_REVIEW,-76.1731577396393,-76.1731577396393,0.4095114093959725
DSP-02781,ORD-12767,item_not_received,2026-04-16,13,pending,0.572,False,RULE_ITEM_NOT_RECEIVED,clean_fight,1,False,CUST-01056,1350.16,groceries,2026-04-03,True,2026-04-07,True,True,False,0.6088341,7,FIGHT,522.0234320497514,522.0234320497514,0.3103420134228154
DSP-06495,ORD-01393,unauthorized_transaction,2026-05-24,12,pending,0.4339,False,RULE_UNAUTHORIZED_TRANSACTION,clean_concede,1,False,CUST-04395,936.02,groceries,2026-05-12,False,,True,True,False,0.36258635,8,MANUAL_REVIEW,39.38807462394237,39.38807462394237,0.2736652348993266
