dispute_id,order_id,reason_code,dispute_date,days_to_dispute,status
DSP-00000,ORD-07799,item_not_received,2026-03-08,1,pending
DSP-00001,ORD-11692,not_as_described,2026-03-08,1,pending
DSP-00002,ORD-02229,duplicate_charge,2026-03-08,1,pending
DSP-00003,ORD-18748,duplicate_charge,2026-03-08,1,pending
DSP-00004,ORD-19180,item_not_received,2026-03-08,1,pending
DSP-00005,ORD-10502,unauthorized_transaction,2026-03-08,1,pending
DSP-00006,ORD-16739,not_as_described,2026-03-09,1,pending
DSP-00007,ORD-00952,item_not_received,2026-03-09,2,pending
DSP-00008,ORD-16681,not_as_described,2026-03-09,1,pending
DSP-00009,ORD-19464,not_as_described,2026-03-09,1,pending
DSP-00010,ORD-19662,unauthorized_transaction,2026-03-09,2,pending
DSP-00011,ORD-03763,item_not_received,2026-03-09,1,pending
DSP-00012,ORD-05112,item_not_received,2026-03-09,1,pending
DSP-00013,ORD-04994,unauthorized_transaction,2026-03-09,2,pending
DSP-00014,ORD-08781,duplicate_charge,2026-03-09,1,pending
DSP-00015,ORD-10971,not_as_described,2026-03-09,1,pending
DSP-00016,ORD-14302,item_not_received,2026-03-09,2,pending
DSP-00017,ORD-01233,not_as_described,2026-03-10,2,pending
DSP-00018,ORD-13212,unauthorized_transaction,2026-03-10,2,pending
DSP-00019,ORD-19840,duplicate_charge,2026-03-10,3,pending
DSP-00020,ORD-13235,not_as_described,2026-03-10,2,pending
DSP-00021,ORD-09603,duplicate_charge,2026-03-10,3,pending
DSP-00022,ORD-11253,duplicate_charge,2026-03-10,1,pending
DSP-00023,ORD-17702,item_not_received,2026-03-10,2,pending
DSP-00024,ORD-18828,unauthorized_transaction,2026-03-10,1,pending
DSP-00025,ORD-00993,unauthorized_transaction,2026-03-10,3,pending
DSP-00026,ORD-02577,unauthorized_transaction,2026-03-10,2,pending
DSP-00027,ORD-19825,item_not_received,2026-03-10,1,pending
DSP-00028,ORD-10682,not_as_described,2026-03-10,3,pending
DSP-00029,ORD-07504,not_as_described,2026-03-10,1,pending
DSP-00030,ORD-05850,item_not_received,2026-03-10,2,pending
DSP-00031,ORD-15482,not_as_described,2026-03-10,1,pending
DSP-00032,ORD-11171,item_not_received,2026-03-10,2,pending
DSP-00033,ORD-00644,item_not_received,2026-03-10,1,pending
DSP-00034,ORD-02385,item_not_received,2026-03-10,2,pending
DSP-00035,ORD-19038,not_as_described,2026-03-10,3,pending
DSP-00036,ORD-09558,item_not_received,2026-03-10,3,pending
DSP-00037,ORD-12213,unauthorized_transaction,2026-03-10,1,pending
DSP-00038,ORD-04468,item_not_received,2026-03-11,2,pending
DSP-00039,ORD-09018,not_as_described,2026-03-11,2,pending
DSP-00040,ORD-04215,item_not_received,2026-03-11,2,pending
DSP-00041,ORD-04324,not_as_described,2026-03-11,3,pending
DSP-00042,ORD-05447,unauthorized_transaction,2026-03-11,3,pending
DSP-00043,ORD-14408,unauthorized_transaction,2026-03-11,2,pending
DSP-00044,ORD-04942,item_not_received,2026-03-11,4,pending
DSP-00045,ORD-13720,unauthorized_transaction,2026-03-11,4,pending
DSP-00046,ORD-16743,duplicate_charge,2026-03-11,2,pending
DSP-00047,ORD-19079,unauthorized_transaction,2026-03-11,3,pending
DSP-00048,ORD-07185,unauthorized_transaction,2026-03-11,3,pending
DSP-00049,ORD-10313,item_not_received,2026-03-12,3,pending
DSP-00050,ORD-18600,item_not_received,2026-03-12,4,pending
DSP-00051,ORD-14123,not_as_described,2026-03-12,2,pending
DSP-00052,ORD-15415,not_as_described,2026-03-12,3,pending
DSP-00053,ORD-14369,duplicate_charge,2026-03-12,3,pending
DSP-00054,ORD-04713,unauthorized_transaction,2026-03-12,4,pending
DSP-00055,ORD-11574,not_as_described,2026-03-12,3,pending
DSP-00056,ORD-12344,duplicate_charge,2026-03-12,2,pending
DSP-00057,ORD-12652,item_not_received,2026-03-12,5,pending
DSP-00058,ORD-16478,item_not_received,2026-03-12,1,pending
DSP-00059,ORD-00498,item_not_received,2026-03-12,5,pending
DSP-00060,ORD-00948,item_not_received,2026-03-12,3,pending
DSP-00061,ORD-16209,duplicate_charge,2026-03-12,2,pending
DSP-00062,ORD-03437,item_not_received,2026-03-12,3,pending
DSP-00063,ORD-19269,not_as_described,2026-03-13,4,pending
DSP-00064,ORD-16587,not_as_described,2026-03-13,4,pending
DSP-00065,ORD-11130,unauthorized_transaction,2026-03-13,6,pending
DSP-00066,ORD-09019,duplicate_charge,2026-03-13,2,pending
DSP-00067,ORD-06183,item_not_received,2026-03-13,3,pending
DSP-00068,ORD-19981,not_as_described,2026-03-13,6,pending
DSP-00069,ORD-00976,not_as_described,2026-03-13,3,pending
DSP-00070,ORD-07996,duplicate_charge,2026-03-13,1,pending
DSP-00071,ORD-11296,unauthorized_transaction,2026-03-13,3,pending
DSP-00072,ORD-17941,item_not_received,2026-03-13,2,pending
DSP-00073,ORD-13404,duplicate_charge,2026-03-13,1,pending
DSP-00074,ORD-13250,duplicate_charge,2026-03-13,1,pending
DSP-00075,ORD-19435,unauthorized_transaction,2026-03-13,3,pending
DSP-00076,ORD-06226,not_as_described,2026-03-13,3,pending
DSP-00077,ORD-12893,unauthorized_transaction,2026-03-13,4,pending
DSP-00078,ORD-00208,item_not_received,2026-03-13,6,pending
DSP-00079,ORD-11122,duplicate_charge,2026-03-13,4,pending
DSP-00080,ORD-03853,duplicate_charge,2026-03-13,5,pending
DSP-00081,ORD-08604,unauthorized_transaction,2026-03-14,4,pending
DSP-00082,ORD-03879,not_as_described,2026-03-14,1,pending
DSP-00083,ORD-10388,item_not_received,2026-03-14,2,pending
DSP-00084,ORD-07354,unauthorized_transaction,2026-03-14,4,pending
DSP-00085,ORD-03277,not_as_described,2026-03-14,6,pending
DSP-00086,ORD-04900,not_as_described,2026-03-14,2,pending
DSP-00087,ORD-07398,not_as_described,2026-03-14,2,pending
DSP-00088,ORD-12643,unauthorized_transaction,2026-03-14,3,pending
DSP-00089,ORD-17303,not_as_described,2026-03-14,7,pending
DSP-00090,ORD-06884,duplicate_charge,2026-03-14,3,pending
DSP-00091,ORD-02386,unauthorized_transaction,2026-03-14,7,pending
DSP-00092,ORD-00549,item_not_received,2026-03-14,4,pending
DSP-00093,ORD-13488,not_as_described,2026-03-14,4,pending
DSP-00094,ORD-09444,not_as_described,2026-03-14,3,pending
DSP-00095,ORD-14985,not_as_described,2026-03-14,2,pending
DSP-00096,ORD-13766,item_not_received,2026-03-14,3,pending
DSP-00097,ORD-08207,unauthorized_transaction,2026-03-14,4,pending
DSP-00098,ORD-12128,unauthorized_transaction,2026-03-14,6,pending
DSP-00099,ORD-12681,unauthorized_transaction,2026-03-14,3,pending
DSP-00100,ORD-04290,not_as_described,2026-03-14,5,pending
DSP-00101,ORD-10555,not_as_described,2026-03-14,1,pending
DSP-00102,ORD-10454,item_not_received,2026-03-14,7,pending
DSP-00103,ORD-00231,unauthorized_transaction,2026-03-14,5,pending
DSP-00104,ORD-16286,item_not_received,2026-03-14,6,pending
DSP-00105,ORD-17550,duplicate_charge,2026-03-14,1,pending
DSP-00106,ORD-08692,unauthorized_transaction,2026-03-14,2,pending
DSP-00107,ORD-12965,unauthorized_transaction,2026-03-14,2,pending
DSP-00108,ORD-12357,item_not_received,2026-03-15,5,pending
DSP-00109,ORD-18254,not_as_described,2026-03-15,7,pending
DSP-00110,ORD-03707,not_as_described,2026-03-15,2,pending
DSP-00111,ORD-17352,item_not_received,2026-03-15,8,pending
DSP-00112,ORD-09664,item_not_received,2026-03-15,6,pending
DSP-00113,ORD-10190,item_not_received,2026-03-15,3,pending
DSP-00114,ORD-05509,duplicate_charge,2026-03-15,2,pending
DSP-00115,ORD-14948,unauthorized_transaction,2026-03-15,5,pending
DSP-00116,ORD-18290,not_as_described,2026-03-15,3,pending
DSP-00117,ORD-19906,unauthorized_transaction,2026-03-15,5,pending
DSP-00118,ORD-07955,unauthorized_transaction,2026-03-15,5,pending
DSP-00119,ORD-01297,unauthorized_transaction,2026-03-15,2,pending
DSP-00120,ORD-04188,item_not_received,2026-03-15,8,pending
DSP-00121,ORD-04000,duplicate_charge,2026-03-15,8,pending
DSP-00122,ORD-12306,duplicate_charge,2026-03-15,4,pending
DSP-00123,ORD-03687,duplicate_charge,2026-03-15,3,pending
DSP-00124,ORD-02256,item_not_received,2026-03-15,5,pending
DSP-00125,ORD-19003,not_as_described,2026-03-15,5,pending
DSP-00126,ORD-06580,item_not_received,2026-03-15,3,pending
DSP-00127,ORD-01947,not_as_described,2026-03-15,4,pending
DSP-00128,ORD-04016,unauthorized_transaction,2026-03-15,1,pending
DSP-00129,ORD-11693,not_as_described,2026-03-15,7,pending
DSP-00130,ORD-10836,unauthorized_transaction,2026-03-15,8,pending
DSP-00131,ORD-18447,unauthorized_transaction,2026-03-15,2,pending
DSP-00132,ORD-12305,unauthorized_transaction,2026-03-15,5,pending
DSP-00133,ORD-18509,not_as_described,2026-03-15,2,pending
DSP-00134,ORD-11203,not_as_described,2026-03-15,7,pending
DSP-00135,ORD-05871,duplicate_charge,2026-03-15,8,pending
DSP-00136,ORD-10443,item_not_received,2026-03-15,5,pending
DSP-00137,ORD-08816,item_not_received,2026-03-15,8,pending
DSP-00138,ORD-13987,not_as_described,2026-03-15,6,pending
DSP-00139,ORD-10655,item_not_received,2026-03-15,7,pending
DSP-00140,ORD-13134,unauthorized_transaction,2026-03-15,4,pending
DSP-00141,ORD-07936,item_not_received,2026-03-15,2,pending
DSP-00142,ORD-12137,not_as_described,2026-03-15,3,pending
DSP-00143,ORD-05312,item_not_received,2026-03-15,4,pending
DSP-00144,ORD-08327,item_not_received,2026-03-15,6,pending
DSP-00145,ORD-12132,item_not_received,2026-03-15,5,pending
DSP-00146,ORD-18314,duplicate_charge,2026-03-15,7,pending
DSP-00147,ORD-04469,item_not_received,2026-03-15,7,pending
DSP-00148,ORD-10585,item_not_received,2026-03-15,5,pending
DSP-00149,ORD-04432,not_as_described,2026-03-15,2,pending
DSP-00150,ORD-14257,not_as_described,2026-03-15,8,pending
DSP-00151,ORD-06494,not_as_described,2026-03-15,4,pending
DSP-00152,ORD-17289,unauthorized_transaction,2026-03-15,3,pending
DSP-00153,ORD-00789,not_as_described,2026-03-15,6,pending
DSP-00154,ORD-07158,unauthorized_transaction,2026-03-15,6,pending
DSP-00155,ORD-10096,not_as_described,2026-03-15,3,pending
DSP-00156,ORD-06060,item_not_received,2026-03-15,4,pending
DSP-00157,ORD-11854,unauthorized_transaction,2026-03-16,9,pending
DSP-00158,ORD-10725,item_not_received,2026-03-16,2,pending
DSP-00159,ORD-17257,unauthorized_transaction,2026-03-16,2,pending
DSP-00160,ORD-06264,item_not_received,2026-03-16,4,pending
DSP-00161,ORD-15398,item_not_received,2026-03-16,4,pending
DSP-00162,ORD-00349,not_as_described,2026-03-16,4,pending
DSP-00163,ORD-13921,not_as_described,2026-03-16,3,pending
DSP-00164,ORD-17603,unauthorized_transaction,2026-03-16,8,pending
DSP-00165,ORD-02924,item_not_received,2026-03-16,7,pending
DSP-00166,ORD-19513,item_not_received,2026-03-16,9,pending
DSP-00167,ORD-02450,duplicate_charge,2026-03-16,8,pending
DSP-00168,ORD-07997,not_as_described,2026-03-16,7,pending
DSP-00169,ORD-12203,duplicate_charge,2026-03-16,1,pending
DSP-00170,ORD-11733,item_not_received,2026-03-16,8,pending
DSP-00171,ORD-09811,unauthorized_transaction,2026-03-16,7,pending
DSP-00172,ORD-02232,duplicate_charge,2026-03-16,5,pending
DSP-00173,ORD-14659,unauthorized_transaction,2026-03-16,9,pending
DSP-00174,ORD-16144,item_not_received,2026-03-16,4,pending
DSP-00175,ORD-19177,not_as_described,2026-03-16,5,pending
DSP-00176,ORD-05336,duplicate_charge,2026-03-16,1,pending
DSP-00177,ORD-07462,unauthorized_transaction,2026-03-16,1,pending
DSP-00178,ORD-16538,duplicate_charge,2026-03-16,6,pending
DSP-00179,ORD-06029,unauthorized_transaction,2026-03-16,4,pending
DSP-00180,ORD-01204,unauthorized_transaction,2026-03-16,7,pending
DSP-00181,ORD-12455,item_not_received,2026-03-16,9,pending
DSP-00182,ORD-11424,item_not_received,2026-03-16,2,pending
DSP-00183,ORD-00298,not_as_described,2026-03-16,6,pending
DSP-00184,ORD-16486,item_not_received,2026-03-16,9,pending
DSP-00185,ORD-00228,not_as_described,2026-03-16,7,pending
DSP-00186,ORD-10130,unauthorized_transaction,2026-03-16,5,pending
DSP-00187,ORD-19027,duplicate_charge,2026-03-16,2,pending
DSP-00188,ORD-01429,duplicate_charge,2026-03-17,4,pending
DSP-00189,ORD-11726,duplicate_charge,2026-03-17,9,pending
DSP-00190,ORD-11826,item_not_received,2026-03-17,6,pending
DSP-00191,ORD-03833,item_not_received,2026-03-17,3,pending
DSP-00192,ORD-11927,not_as_described,2026-03-17,7,pending
DSP-00193,ORD-09045,not_as_described,2026-03-17,7,pending
DSP-00194,ORD-04546,not_as_described,2026-03-17,3,pending
DSP-00195,ORD-08501,unauthorized_transaction,2026-03-17,8,pending
DSP-00196,ORD-18639,item_not_received,2026-03-17,2,pending
DSP-00197,ORD-06954,not_as_described,2026-03-17,7,pending
DSP-00198,ORD-04376,not_as_described,2026-03-17,10,pending
DSP-00199,ORD-04381,unauthorized_transaction,2026-03-17,4,pending
DSP-00200,ORD-12008,not_as_described,2026-03-17,4,pending
DSP-00201,ORD-09342,unauthorized_transaction,2026-03-17,8,pending
DSP-00202,ORD-03100,duplicate_charge,2026-03-17,3,pending
DSP-00203,ORD-08231,item_not_received,2026-03-17,1,pending
DSP-00204,ORD-15402,item_not_received,2026-03-17,2,pending
DSP-00205,ORD-01848,not_as_described,2026-03-17,7,pending
DSP-00206,ORD-02708,not_as_described,2026-03-17,9,pending
DSP-00207,ORD-15219,unauthorized_transaction,2026-03-17,10,pending
DSP-00208,ORD-06072,not_as_described,2026-03-17,1,pending
DSP-00209,ORD-03859,not_as_described,2026-03-17,10,pending
DSP-00210,ORD-08555,duplicate_charge,2026-03-17,6,pending
DSP-00211,ORD-05049,item_not_received,2026-03-17,8,pending
DSP-00212,ORD-12292,unauthorized_transaction,2026-03-17,7,pending
DSP-00213,ORD-15683,item_not_received,2026-03-17,6,pending
DSP-00214,ORD-16576,unauthorized_transaction,2026-03-17,8,pending
DSP-00215,ORD-00607,duplicate_charge,2026-03-17,2,pending
DSP-00216,ORD-16580,duplicate_charge,2026-03-17,2,pending
DSP-00217,ORD-17485,duplicate_charge,2026-03-17,1,pending
DSP-00218,ORD-18079,unauthorized_transaction,2026-03-17,10,pending
DSP-00219,ORD-14897,item_not_received,2026-03-17,8,pending
DSP-00220,ORD-03094,item_not_received,2026-03-17,1,pending
DSP-00221,ORD-14081,not_as_described,2026-03-17,7,pending
DSP-00222,ORD-03909,item_not_received,2026-03-17,8,pending
DSP-00223,ORD-15762,not_as_described,2026-03-17,3,pending
DSP-00224,ORD-10455,duplicate_charge,2026-03-17,10,pending
DSP-00225,ORD-03192,not_as_described,2026-03-17,3,pending
DSP-00226,ORD-15371,unauthorized_transaction,2026-03-17,7,pending
DSP-00227,ORD-17145,not_as_described,2026-03-18,2,pending
DSP-00228,ORD-19383,item_not_received,2026-03-18,2,pending
DSP-00229,ORD-09309,unauthorized_transaction,2026-03-18,7,pending
DSP-00230,ORD-01331,duplicate_charge,2026-03-18,8,pending
DSP-00231,ORD-06545,unauthorized_transaction,2026-03-18,2,pending
DSP-00232,ORD-03432,duplicate_charge,2026-03-18,8,pending
DSP-00233,ORD-07734,item_not_received,2026-03-18,10,pending
DSP-00234,ORD-05124,item_not_received,2026-03-18,9,pending
DSP-00235,ORD-05358,duplicate_charge,2026-03-18,9,pending
DSP-00236,ORD-10691,not_as_described,2026-03-18,2,pending
DSP-00237,ORD-12878,not_as_described,2026-03-18,7,pending
DSP-00238,ORD-00198,duplicate_charge,2026-03-18,6,pending
DSP-00239,ORD-08268,not_as_described,2026-03-18,6,pending
DSP-00240,ORD-13002,unauthorized_transaction,2026-03-18,6,pending
DSP-00241,ORD-01804,item_not_received,2026-03-18,1,pending
DSP-00242,ORD-10885,not_as_described,2026-03-18,8,pending
DSP-00243,ORD-11200,item_not_received,2026-03-18,9,pending
DSP-00244,ORD-15424,item_not_received,2026-03-18,7,pending
DSP-00245,ORD-01093,duplicate_charge,2026-03-18,3,pending
DSP-00246,ORD-07178,not_as_described,2026-03-18,8,pending
DSP-00247,ORD-11537,item_not_received,2026-03-18,3,pending
DSP-00248,ORD-09428,item_not_received,2026-03-18,1,pending
DSP-00249,ORD-01684,not_as_described,2026-03-18,10,pending
DSP-00250,ORD-01476,not_as_described,2026-03-18,6,pending
DSP-00251,ORD-02882,item_not_received,2026-03-18,2,pending
DSP-00252,ORD-14482,item_not_received,2026-03-18,7,pending
DSP-00253,ORD-08324,not_as_described,2026-03-18,5,pending
DSP-00254,ORD-05333,unauthorized_transaction,2026-03-18,6,pending
DSP-00255,ORD-15474,duplicate_charge,2026-03-18,7,pending
DSP-00256,ORD-06930,unauthorized_transaction,2026-03-18,1,pending
DSP-00257,ORD-02455,not_as_described,2026-03-18,9,pending
DSP-00258,ORD-13337,duplicate_charge,2026-03-18,5,pending
DSP-00259,ORD-04551,item_not_received,2026-03-18,2,pending
DSP-00260,ORD-19416,item_not_received,2026-03-18,6,pending
DSP-00261,ORD-18539,unauthorized_transaction,2026-03-18,10,pending
DSP-00262,ORD-14455,not_as_described,2026-03-18,8,pending
DSP-00263,ORD-17143,not_as_described,2026-03-18,6,pending
DSP-00264,ORD-08547,duplicate_charge,2026-03-18,7,pending
DSP-00265,ORD-01126,item_not_received,2026-03-19,5,pending
DSP-00266,ORD-11052,unauthorized_transaction,2026-03-19,5,pending
DSP-00267,ORD-14724,not_as_described,2026-03-19,11,pending
DSP-00268,ORD-17695,unauthorized_transaction,2026-03-19,2,pending
DSP-00269,ORD-16521,duplicate_charge,2026-03-19,10,pending
DSP-00270,ORD-09464,item_not_received,2026-03-19,3,pending
DSP-00271,ORD-04347,item_not_received,2026-03-19,1,pending
DSP-00272,ORD-11218,duplicate_charge,2026-03-19,11,pending
DSP-00273,ORD-06332,duplicate_charge,2026-03-19,5,pending
DSP-00274,ORD-08573,unauthorized_transaction,2026-03-19,3,pending
DSP-00275,ORD-00377,unauthorized_transaction,2026-03-19,2,pending
DSP-00276,ORD-08024,item_not_received,2026-03-19,7,pending
DSP-00277,ORD-08801,not_as_described,2026-03-19,10,pending
DSP-00278,ORD-17225,not_as_described,2026-03-19,9,pending
DSP-00279,ORD-17767,unauthorized_transaction,2026-03-19,9,pending
DSP-00280,ORD-10601,unauthorized_transaction,2026-03-19,2,pending
DSP-00281,ORD-09577,item_not_received,2026-03-19,1,pending
DSP-00282,ORD-02425,unauthorized_transaction,2026-03-19,6,pending
DSP-00283,ORD-16364,not_as_described,2026-03-19,3,pending
DSP-00284,ORD-09819,unauthorized_transaction,2026-03-19,4,pending
DSP-00285,ORD-18787,not_as_described,2026-03-19,11,pending
DSP-00286,ORD-07678,item_not_received,2026-03-19,10,pending
DSP-00287,ORD-13429,item_not_received,2026-03-19,5,pending
DSP-00288,ORD-03929,duplicate_charge,2026-03-19,5,pending
DSP-00289,ORD-04126,duplicate_charge,2026-03-19,4,pending
DSP-00290,ORD-03430,not_as_described,2026-03-19,5,pending
DSP-00291,ORD-02048,duplicate_charge,2026-03-19,5,pending
DSP-00292,ORD-13223,item_not_received,2026-03-19,8,pending
DSP-00293,ORD-14689,not_as_described,2026-03-19,8,pending
DSP-00294,ORD-02874,unauthorized_transaction,2026-03-19,11,pending
DSP-00295,ORD-10470,item_not_received,2026-03-19,1,pending
DSP-00296,ORD-05566,not_as_described,2026-03-19,6,pending
DSP-00297,ORD-17349,duplicate_charge,2026-03-19,7,pending
DSP-00298,ORD-05139,duplicate_charge,2026-03-19,11,pending
DSP-00299,ORD-05088,unauthorized_transaction,2026-03-19,4,pending
DSP-00300,ORD-00692,not_as_described,2026-03-19,7,pending
DSP-00301,ORD-17193,unauthorized_transaction,2026-03-19,6,pending
DSP-00302,ORD-00129,not_as_described,2026-03-19,8,pending
DSP-00303,ORD-13919,duplicate_charge,2026-03-19,3,pending
DSP-00304,ORD-05377,item_not_received,2026-03-19,2,pending
DSP-00305,ORD-18356,item_not_received,2026-03-19,6,pending
DSP-00306,ORD-01613,item_not_received,2026-03-19,11,pending
DSP-00307,ORD-00158,unauthorized_transaction,2026-03-19,2,pending
DSP-00308,ORD-00365,not_as_described,2026-03-19,11,pending
DSP-00309,ORD-12645,not_as_described,2026-03-19,10,pending
DSP-00310,ORD-15240,not_as_described,2026-03-19,2,pending
DSP-00311,ORD-10245,item_not_received,2026-03-19,6,pending
DSP-00312,ORD-03842,not_as_described,2026-03-19,6,pending
DSP-00313,ORD-09416,item_not_received,2026-03-19,7,pending
DSP-00314,ORD-12048,unauthorized_transaction,2026-03-19,10,pending
DSP-00315,ORD-18379,duplicate_charge,2026-03-19,9,pending
DSP-00316,ORD-09742,duplicate_charge,2026-03-19,11,pending
DSP-00317,ORD-01363,unauthorized_transaction,2026-03-19,12,pending
DSP-00318,ORD-01741,unauthorized_transaction,2026-03-19,2,pending
DSP-00319,ORD-08123,unauthorized_transaction,2026-03-19,9,pending
DSP-00320,ORD-07640,not_as_described,2026-03-19,11,pending
DSP-00321,ORD-19844,item_not_received,2026-03-19,6,pending
DSP-00322,ORD-10176,unauthorized_transaction,2026-03-19,5,pending
DSP-00323,ORD-02685,item_not_received,2026-03-19,1,pending
DSP-00324,ORD-07926,duplicate_charge,2026-03-19,5,pending
DSP-00325,ORD-16658,item_not_received,2026-03-19,12,pending
DSP-00326,ORD-06148,not_as_described,2026-03-20,6,pending
DSP-00327,ORD-17381,unauthorized_transaction,2026-03-20,2,pending
DSP-00328,ORD-04943,duplicate_charge,2026-03-20,7,pending
DSP-00329,ORD-13110,item_not_received,2026-03-20,2,pending
DSP-00330,ORD-17486,not_as_described,2026-03-20,3,pending
DSP-00331,ORD-12194,unauthorized_transaction,2026-03-20,10,pending
DSP-00332,ORD-03407,not_as_described,2026-03-20,10,pending
DSP-00333,ORD-14605,not_as_described,2026-03-20,11,pending
DSP-00334,ORD-17604,not_as_described,2026-03-20,2,pending
DSP-00335,ORD-12606,not_as_described,2026-03-20,1,pending
DSP-00336,ORD-08010,unauthorized_transaction,2026-03-20,1,pending
DSP-00337,ORD-12764,not_as_described,2026-03-20,13,pending
DSP-00338,ORD-16819,not_as_described,2026-03-20,11,pending
DSP-00339,ORD-18258,item_not_received,2026-03-20,3,pending
DSP-00340,ORD-02843,not_as_described,2026-03-20,6,pending
DSP-00341,ORD-18611,item_not_received,2026-03-20,6,pending
DSP-00342,ORD-00821,not_as_described,2026-03-20,7,pending
DSP-00343,ORD-10563,item_not_received,2026-03-20,13,pending
DSP-00344,ORD-15362,item_not_received,2026-03-20,12,pending
DSP-00345,ORD-12337,unauthorized_transaction,2026-03-20,3,pending
DSP-00346,ORD-05559,not_as_described,2026-03-20,4,pending
DSP-00347,ORD-05017,not_as_described,2026-03-20,12,pending
DSP-00348,ORD-18569,item_not_received,2026-03-20,2,pending
DSP-00349,ORD-17950,item_not_received,2026-03-20,3,pending
DSP-00350,ORD-09333,item_not_received,2026-03-20,12,pending
DSP-00351,ORD-07328,item_not_received,2026-03-20,6,pending
DSP-00352,ORD-17918,unauthorized_transaction,2026-03-20,11,pending
DSP-00353,ORD-15262,item_not_received,2026-03-20,1,pending
DSP-00354,ORD-15035,item_not_received,2026-03-20,7,pending
DSP-00355,ORD-01701,not_as_described,2026-03-20,13,pending
DSP-00356,ORD-07952,unauthorized_transaction,2026-03-20,9,pending
DSP-00357,ORD-01656,item_not_received,2026-03-20,8,pending
DSP-00358,ORD-00463,item_not_received,2026-03-20,12,pending
DSP-00359,ORD-19052,unauthorized_transaction,2026-03-20,4,pending
DSP-00360,ORD-03108,item_not_received,2026-03-20,10,pending
DSP-00361,ORD-18621,item_not_received,2026-03-20,13,pending
DSP-00362,ORD-00963,item_not_received,2026-03-20,1,pending
DSP-00363,ORD-07290,item_not_received,2026-03-20,11,pending
DSP-00364,ORD-13609,item_not_received,2026-03-20,4,pending
DSP-00365,ORD-14983,duplicate_charge,2026-03-20,9,pending
DSP-00366,ORD-08648,not_as_described,2026-03-20,1,pending
DSP-00367,ORD-09945,item_not_received,2026-03-20,7,pending
DSP-00368,ORD-15687,item_not_received,2026-03-20,11,pending
DSP-00369,ORD-18903,duplicate_charge,2026-03-20,13,pending
DSP-00370,ORD-00682,item_not_received,2026-03-20,11,pending
DSP-00371,ORD-16340,unauthorized_transaction,2026-03-20,12,pending
DSP-00372,ORD-01483,unauthorized_transaction,2026-03-20,3,pending
DSP-00373,ORD-08204,duplicate_charge,2026-03-20,11,pending
DSP-00374,ORD-07859,unauthorized_transaction,2026-03-20,10,pending
DSP-00375,ORD-08534,not_as_described,2026-03-20,7,pending
DSP-00376,ORD-18718,unauthorized_transaction,2026-03-20,7,pending
DSP-00377,ORD-16876,unauthorized_transaction,2026-03-21,11,pending
DSP-00378,ORD-06597,item_not_received,2026-03-21,3,pending
DSP-00379,ORD-04689,item_not_received,2026-03-21,7,pending
DSP-00380,ORD-11210,not_as_described,2026-03-21,3,pending
DSP-00381,ORD-03620,item_not_received,2026-03-21,8,pending
DSP-00382,ORD-11697,unauthorized_transaction,2026-03-21,5,pending
DSP-00383,ORD-14941,item_not_received,2026-03-21,7,pending
DSP-00384,ORD-09460,unauthorized_transaction,2026-03-21,10,pending
DSP-00385,ORD-03380,not_as_described,2026-03-21,5,pending
DSP-00386,ORD-18077,duplicate_charge,2026-03-21,1,pending
DSP-00387,ORD-14548,unauthorized_transaction,2026-03-21,11,pending
DSP-00388,ORD-08000,not_as_described,2026-03-21,5,pending
DSP-00389,ORD-04800,unauthorized_transaction,2026-03-21,3,pending
DSP-00390,ORD-13120,not_as_described,2026-03-21,14,pending
DSP-00391,ORD-17012,unauthorized_transaction,2026-03-21,8,pending
DSP-00392,ORD-02477,item_not_received,2026-03-21,2,pending
DSP-00393,ORD-17094,not_as_described,2026-03-21,9,pending
DSP-00394,ORD-05909,unauthorized_transaction,2026-03-21,6,pending
DSP-00395,ORD-13241,not_as_described,2026-03-21,6,pending
DSP-00396,ORD-05498,duplicate_charge,2026-03-21,2,pending
DSP-00397,ORD-17394,item_not_received,2026-03-21,13,pending
DSP-00398,ORD-07256,not_as_described,2026-03-21,14,pending
DSP-00399,ORD-11208,not_as_described,2026-03-21,2,pending
DSP-00400,ORD-03138,not_as_described,2026-03-21,14,pending
DSP-00401,ORD-13770,item_not_received,2026-03-21,1,pending
DSP-00402,ORD-00863,not_as_described,2026-03-21,11,pending
DSP-00403,ORD-00954,not_as_described,2026-03-21,11,pending
DSP-00404,ORD-05583,unauthorized_transaction,2026-03-21,6,pending
DSP-00405,ORD-03467,unauthorized_transaction,2026-03-21,7,pending
DSP-00406,ORD-08493,item_not_received,2026-03-21,4,pending
DSP-00407,ORD-00608,not_as_described,2026-03-21,4,pending
DSP-00408,ORD-18959,not_as_described,2026-03-21,1,pending
DSP-00409,ORD-13879,duplicate_charge,2026-03-21,1,pending
DSP-00410,ORD-11374,unauthorized_transaction,2026-03-21,10,pending
DSP-00411,ORD-11136,item_not_received,2026-03-21,3,pending
DSP-00412,ORD-03692,item_not_received,2026-03-21,4,pending
DSP-00413,ORD-11781,item_not_received,2026-03-21,13,pending
DSP-00414,ORD-04040,not_as_described,2026-03-21,14,pending
DSP-00415,ORD-08953,duplicate_charge,2026-03-21,1,pending
DSP-00416,ORD-09593,item_not_received,2026-03-21,1,pending
DSP-00417,ORD-07408,not_as_described,2026-03-21,11,pending
DSP-00418,ORD-04818,item_not_received,2026-03-21,4,pending
DSP-00419,ORD-04604,item_not_received,2026-03-21,14,pending
DSP-00420,ORD-11538,not_as_described,2026-03-21,6,pending
DSP-00421,ORD-06864,not_as_described,2026-03-21,6,pending
DSP-00422,ORD-07690,item_not_received,2026-03-21,14,pending
DSP-00423,ORD-15461,unauthorized_transaction,2026-03-21,11,pending
DSP-00424,ORD-14239,not_as_described,2026-03-21,10,pending
DSP-00425,ORD-18581,not_as_described,2026-03-21,4,pending
DSP-00426,ORD-03250,not_as_described,2026-03-21,12,pending
DSP-00427,ORD-15920,not_as_described,2026-03-22,8,pending
DSP-00428,ORD-15123,unauthorized_transaction,2026-03-22,12,pending
DSP-00429,ORD-11488,item_not_received,2026-03-22,9,pending
DSP-00430,ORD-03372,not_as_described,2026-03-22,5,pending
DSP-00431,ORD-01131,unauthorized_transaction,2026-03-22,11,pending
DSP-00432,ORD-11396,not_as_described,2026-03-22,12,pending
DSP-00433,ORD-00931,not_as_described,2026-03-22,6,pending
DSP-00434,ORD-17891,unauthorized_transaction,2026-03-22,11,pending
DSP-00435,ORD-15589,not_as_described,2026-03-22,7,pending
DSP-00436,ORD-13646,duplicate_charge,2026-03-22,8,pending
DSP-00437,ORD-09335,unauthorized_transaction,2026-03-22,6,pending
DSP-00438,ORD-02979,item_not_received,2026-03-22,9,pending
DSP-00439,ORD-00618,unauthorized_transaction,2026-03-22,7,pending
DSP-00440,ORD-19359,unauthorized_transaction,2026-03-22,7,pending
DSP-00441,ORD-05091,not_as_described,2026-03-22,15,pending
DSP-00442,ORD-14010,item_not_received,2026-03-22,14,pending
DSP-00443,ORD-04999,not_as_described,2026-03-22,5,pending
DSP-00444,ORD-04278,unauthorized_transaction,2026-03-22,2,pending
DSP-00445,ORD-10805,not_as_described,2026-03-22,15,pending
DSP-00446,ORD-07369,unauthorized_transaction,2026-03-22,2,pending
DSP-00447,ORD-08318,not_as_described,2026-03-22,1,pending
DSP-00448,ORD-07609,item_not_received,2026-03-22,2,pending
DSP-00449,ORD-13109,unauthorized_transaction,2026-03-22,3,pending
DSP-00450,ORD-04738,not_as_described,2026-03-22,11,pending
DSP-00451,ORD-15430,item_not_received,2026-03-22,13,pending
DSP-00452,ORD-10910,not_as_described,2026-03-22,2,pending
DSP-00453,ORD-07970,item_not_received,2026-03-22,8,pending
DSP-00454,ORD-01318,unauthorized_transaction,2026-03-22,10,pending
DSP-00455,ORD-04692,item_not_received,2026-03-22,5,pending
DSP-00456,ORD-17894,item_not_received,2026-03-22,4,pending
DSP-00457,ORD-18587,item_not_received,2026-03-22,12,pending
DSP-00458,ORD-05974,unauthorized_transaction,2026-03-22,11,pending
DSP-00459,ORD-02983,unauthorized_transaction,2026-03-22,2,pending
DSP-00460,ORD-13892,unauthorized_transaction,2026-03-22,9,pending
DSP-00461,ORD-12307,not_as_described,2026-03-22,6,pending
DSP-00462,ORD-01555,unauthorized_transaction,2026-03-22,1,pending
DSP-00463,ORD-02723,item_not_received,2026-03-22,7,pending
DSP-00464,ORD-08443,not_as_described,2026-03-22,2,pending
DSP-00465,ORD-02071,unauthorized_transaction,2026-03-22,15,pending
DSP-00466,ORD-12584,item_not_received,2026-03-22,15,pending
DSP-00467,ORD-12196,item_not_received,2026-03-22,11,pending
DSP-00468,ORD-16911,not_as_described,2026-03-22,2,pending
DSP-00469,ORD-15729,duplicate_charge,2026-03-22,10,pending
DSP-00470,ORD-00384,unauthorized_transaction,2026-03-22,7,pending
DSP-00471,ORD-16995,not_as_described,2026-03-22,5,pending
DSP-00472,ORD-12482,duplicate_charge,2026-03-22,1,pending
DSP-00473,ORD-06752,item_not_received,2026-03-22,12,pending
DSP-00474,ORD-13568,unauthorized_transaction,2026-03-22,8,pending
DSP-00475,ORD-02561,item_not_received,2026-03-22,4,pending
DSP-00476,ORD-19836,unauthorized_transaction,2026-03-22,3,pending
DSP-00477,ORD-09545,unauthorized_transaction,2026-03-22,2,pending
DSP-00478,ORD-08646,item_not_received,2026-03-23,6,pending
DSP-00479,ORD-13711,not_as_described,2026-03-23,13,pending
DSP-00480,ORD-05469,item_not_received,2026-03-23,10,pending
DSP-00481,ORD-15979,item_not_received,2026-03-23,1,pending
DSP-00482,ORD-13176,not_as_described,2026-03-23,12,pending
DSP-00483,ORD-16080,not_as_described,2026-03-23,11,pending
DSP-00484,ORD-02376,item_not_received,2026-03-23,10,pending
DSP-00485,ORD-05547,item_not_received,2026-03-23,3,pending
DSP-00486,ORD-01155,item_not_received,2026-03-23,2,pending
DSP-00487,ORD-14338,unauthorized_transaction,2026-03-23,1,pending
DSP-00488,ORD-06599,duplicate_charge,2026-03-23,14,pending
DSP-00489,ORD-09693,not_as_described,2026-03-23,7,pending
DSP-00490,ORD-12564,not_as_described,2026-03-23,9,pending
DSP-00491,ORD-18139,unauthorized_transaction,2026-03-23,8,pending
DSP-00492,ORD-09941,not_as_described,2026-03-23,2,pending
DSP-00493,ORD-08780,not_as_described,2026-03-23,14,pending
DSP-00494,ORD-11772,item_not_received,2026-03-23,10,pending
DSP-00495,ORD-15622,unauthorized_transaction,2026-03-23,16,pending
DSP-00496,ORD-00485,item_not_received,2026-03-23,1,pending
DSP-00497,ORD-00718,not_as_described,2026-03-23,2,pending
DSP-00498,ORD-15802,duplicate_charge,2026-03-23,13,pending
DSP-00499,ORD-15521,duplicate_charge,2026-03-23,13,pending
DSP-00500,ORD-15576,duplicate_charge,2026-03-23,9,pending
DSP-00501,ORD-05369,duplicate_charge,2026-03-23,13,pending
DSP-00502,ORD-01130,not_as_described,2026-03-23,14,pending
DSP-00503,ORD-11579,duplicate_charge,2026-03-23,12,pending
DSP-00504,ORD-08334,item_not_received,2026-03-23,2,pending
DSP-00505,ORD-14173,unauthorized_transaction,2026-03-23,15,pending
DSP-00506,ORD-09727,item_not_received,2026-03-23,15,pending
DSP-00507,ORD-10369,item_not_received,2026-03-23,2,pending
DSP-00508,ORD-14395,unauthorized_transaction,2026-03-23,12,pending
DSP-00509,ORD-19789,not_as_described,2026-03-23,6,pending
DSP-00510,ORD-16459,item_not_received,2026-03-23,6,pending
DSP-00511,ORD-19953,duplicate_charge,2026-03-23,16,pending
DSP-00512,ORD-18334,unauthorized_transaction,2026-03-23,9,pending
DSP-00513,ORD-07159,not_as_described,2026-03-23,4,pending
DSP-00514,ORD-14349,not_as_described,2026-03-23,6,pending
DSP-00515,ORD-02586,item_not_received,2026-03-23,16,pending
DSP-00516,ORD-15136,duplicate_charge,2026-03-23,13,pending
DSP-00517,ORD-13484,not_as_described,2026-03-23,15,pending
DSP-00518,ORD-13805,item_not_received,2026-03-23,3,pending
DSP-00519,ORD-00232,duplicate_charge,2026-03-23,2,pending
DSP-00520,ORD-08665,not_as_described,2026-03-23,16,pending
DSP-00521,ORD-09307,item_not_received,2026-03-23,4,pending
DSP-00522,ORD-03093,item_not_received,2026-03-23,8,pending
DSP-00523,ORD-17584,unauthorized_transaction,2026-03-23,7,pending
DSP-00524,ORD-14550,unauthorized_transaction,2026-03-23,11,pending
DSP-00525,ORD-09226,duplicate_charge,2026-03-23,7,pending
DSP-00526,ORD-15272,not_as_described,2026-03-23,5,pending
DSP-00527,ORD-11244,not_as_described,2026-03-23,7,pending
DSP-00528,ORD-14059,duplicate_charge,2026-03-23,5,pending
DSP-00529,ORD-10022,item_not_received,2026-03-23,10,pending
DSP-00530,ORD-00035,item_not_received,2026-03-23,4,pending
DSP-00531,ORD-05684,not_as_described,2026-03-24,7,pending
DSP-00532,ORD-14886,duplicate_charge,2026-03-24,17,pending
DSP-00533,ORD-18805,item_not_received,2026-03-24,16,pending
DSP-00534,ORD-15254,item_not_received,2026-03-24,2,pending
DSP-00535,ORD-18656,item_not_received,2026-03-24,8,pending
DSP-00536,ORD-11192,duplicate_charge,2026-03-24,14,pending
DSP-00537,ORD-18465,item_not_received,2026-03-24,1,pending
DSP-00538,ORD-02949,unauthorized_transaction,2026-03-24,17,pending
DSP-00539,ORD-14169,item_not_received,2026-03-24,13,pending
DSP-00540,ORD-01588,not_as_described,2026-03-24,3,pending
DSP-00541,ORD-11862,unauthorized_transaction,2026-03-24,5,pending
DSP-00542,ORD-14435,duplicate_charge,2026-03-24,5,pending
DSP-00543,ORD-16256,item_not_received,2026-03-24,9,pending
DSP-00544,ORD-07915,unauthorized_transaction,2026-03-24,15,pending
DSP-00545,ORD-01691,unauthorized_transaction,2026-03-24,16,pending
DSP-00546,ORD-16384,item_not_received,2026-03-24,13,pending
DSP-00547,ORD-02959,item_not_received,2026-03-24,10,pending
DSP-00548,ORD-14966,unauthorized_transaction,2026-03-24,11,pending
DSP-00549,ORD-00550,item_not_received,2026-03-24,6,pending
DSP-00550,ORD-08193,duplicate_charge,2026-03-24,7,pending
DSP-00551,ORD-13363,unauthorized_transaction,2026-03-24,16,pending
DSP-00552,ORD-03476,duplicate_charge,2026-03-24,17,pending
DSP-00553,ORD-03162,duplicate_charge,2026-03-24,4,pending
DSP-00554,ORD-18624,item_not_received,2026-03-24,17,pending
DSP-00555,ORD-06444,unauthorized_transaction,2026-03-24,11,pending
DSP-00556,ORD-08199,unauthorized_transaction,2026-03-24,12,pending
DSP-00557,ORD-07699,unauthorized_transaction,2026-03-24,16,pending
DSP-00558,ORD-18515,item_not_received,2026-03-24,5,pending
DSP-00559,ORD-10386,duplicate_charge,2026-03-24,7,pending
DSP-00560,ORD-10709,duplicate_charge,2026-03-24,10,pending
DSP-00561,ORD-15201,unauthorized_transaction,2026-03-24,14,pending
DSP-00562,ORD-10702,not_as_described,2026-03-24,17,pending
DSP-00563,ORD-06664,not_as_described,2026-03-24,9,pending
DSP-00564,ORD-01408,not_as_described,2026-03-24,4,pending
DSP-00565,ORD-08168,item_not_received,2026-03-24,11,pending
DSP-00566,ORD-19721,duplicate_charge,2026-03-24,11,pending
DSP-00567,ORD-05727,unauthorized_transaction,2026-03-24,14,pending
DSP-00568,ORD-09730,unauthorized_transaction,2026-03-24,12,pending
DSP-00569,ORD-17549,duplicate_charge,2026-03-24,8,pending
DSP-00570,ORD-13189,duplicate_charge,2026-03-24,6,pending
DSP-00571,ORD-04996,item_not_received,2026-03-24,11,pending
DSP-00572,ORD-00469,duplicate_charge,2026-03-24,4,pending
DSP-00573,ORD-02955,duplicate_charge,2026-03-24,16,pending
DSP-00574,ORD-19208,item_not_received,2026-03-24,15,pending
DSP-00575,ORD-06320,item_not_received,2026-03-24,17,pending
DSP-00576,ORD-18871,not_as_described,2026-03-24,5,pending
DSP-00577,ORD-19584,item_not_received,2026-03-24,15,pending
DSP-00578,ORD-07240,unauthorized_transaction,2026-03-24,7,pending
DSP-00579,ORD-17215,unauthorized_transaction,2026-03-24,11,pending
DSP-00580,ORD-16338,item_not_received,2026-03-24,2,pending
DSP-00581,ORD-06352,duplicate_charge,2026-03-24,10,pending
DSP-00582,ORD-11029,unauthorized_transaction,2026-03-24,17,pending
DSP-00583,ORD-05365,item_not_received,2026-03-24,4,pending
DSP-00584,ORD-07301,item_not_received,2026-03-24,6,pending
DSP-00585,ORD-04564,item_not_received,2026-03-24,10,pending
DSP-00586,ORD-05406,duplicate_charge,2026-03-24,7,pending
DSP-00587,ORD-11594,not_as_described,2026-03-24,3,pending
DSP-00588,ORD-09860,not_as_described,2026-03-24,5,pending
DSP-00589,ORD-00068,item_not_received,2026-03-24,13,pending
DSP-00590,ORD-17939,not_as_described,2026-03-24,5,pending
DSP-00591,ORD-11851,unauthorized_transaction,2026-03-24,4,pending
DSP-00592,ORD-19628,unauthorized_transaction,2026-03-24,5,pending
DSP-00593,ORD-19504,item_not_received,2026-03-24,4,pending
DSP-00594,ORD-15130,unauthorized_transaction,2026-03-24,3,pending
DSP-00595,ORD-10331,not_as_described,2026-03-24,9,pending
DSP-00596,ORD-04269,unauthorized_transaction,2026-03-24,16,pending
DSP-00597,ORD-12954,not_as_described,2026-03-24,7,pending
DSP-00598,ORD-08339,unauthorized_transaction,2026-03-24,15,pending
DSP-00599,ORD-08559,item_not_received,2026-03-24,12,pending
DSP-00600,ORD-15311,unauthorized_transaction,2026-03-25,6,pending
DSP-00601,ORD-11873,unauthorized_transaction,2026-03-25,13,pending
DSP-00602,ORD-06803,not_as_described,2026-03-25,9,pending
DSP-00603,ORD-14110,item_not_received,2026-03-25,12,pending
DSP-00604,ORD-13989,unauthorized_transaction,2026-03-25,5,pending
DSP-00605,ORD-18922,unauthorized_transaction,2026-03-25,14,pending
DSP-00606,ORD-02358,item_not_received,2026-03-25,8,pending
DSP-00607,ORD-13025,unauthorized_transaction,2026-03-25,9,pending
DSP-00608,ORD-19814,item_not_received,2026-03-25,2,pending
DSP-00609,ORD-06997,duplicate_charge,2026-03-25,12,pending
DSP-00610,ORD-11415,unauthorized_transaction,2026-03-25,2,pending
DSP-00611,ORD-17762,not_as_described,2026-03-25,14,pending
DSP-00612,ORD-13929,item_not_received,2026-03-25,8,pending
DSP-00613,ORD-09102,duplicate_charge,2026-03-25,13,pending
DSP-00614,ORD-11164,duplicate_charge,2026-03-25,8,pending
DSP-00615,ORD-04364,item_not_received,2026-03-25,6,pending
DSP-00616,ORD-07945,not_as_described,2026-03-25,13,pending
DSP-00617,ORD-06053,not_as_described,2026-03-25,17,pending
DSP-00618,ORD-15023,item_not_received,2026-03-25,18,pending
DSP-00619,ORD-14042,not_as_described,2026-03-25,7,pending
DSP-00620,ORD-01583,not_as_described,2026-03-25,7,pending
DSP-00621,ORD-04187,item_not_received,2026-03-25,13,pending
DSP-00622,ORD-08093,not_as_described,2026-03-25,5,pending
DSP-00623,ORD-13497,unauthorized_transaction,2026-03-25,6,pending
DSP-00624,ORD-05148,duplicate_charge,2026-03-25,18,pending
DSP-00625,ORD-06071,not_as_described,2026-03-25,3,pending
DSP-00626,ORD-09221,not_as_described,2026-03-25,1,pending
DSP-00627,ORD-10224,item_not_received,2026-03-25,10,pending
DSP-00628,ORD-11914,duplicate_charge,2026-03-25,7,pending
DSP-00629,ORD-11714,unauthorized_transaction,2026-03-25,5,pending
DSP-00630,ORD-06505,not_as_described,2026-03-25,12,pending
DSP-00631,ORD-14690,item_not_received,2026-03-25,5,pending
DSP-00632,ORD-02846,item_not_received,2026-03-25,15,pending
DSP-00633,ORD-16753,not_as_described,2026-03-25,13,pending
DSP-00634,ORD-11987,not_as_described,2026-03-25,1,pending
DSP-00635,ORD-08180,unauthorized_transaction,2026-03-25,4,pending
DSP-00636,ORD-04876,item_not_received,2026-03-25,7,pending
DSP-00637,ORD-00764,item_not_received,2026-03-25,18,pending
DSP-00638,ORD-16103,unauthorized_transaction,2026-03-25,2,pending
DSP-00639,ORD-13324,not_as_described,2026-03-25,17,pending
DSP-00640,ORD-05200,item_not_received,2026-03-25,15,pending
DSP-00641,ORD-14076,item_not_received,2026-03-25,14,pending
DSP-00642,ORD-05724,unauthorized_transaction,2026-03-25,17,pending
DSP-00643,ORD-13473,not_as_described,2026-03-25,18,pending
DSP-00644,ORD-11281,unauthorized_transaction,2026-03-25,16,pending
DSP-00645,ORD-15134,duplicate_charge,2026-03-25,4,pending
DSP-00646,ORD-04597,unauthorized_transaction,2026-03-25,15,pending
DSP-00647,ORD-09461,not_as_described,2026-03-25,2,pending
DSP-00648,ORD-03681,item_not_received,2026-03-25,13,pending
DSP-00649,ORD-12678,item_not_received,2026-03-25,3,pending
DSP-00650,ORD-06665,not_as_described,2026-03-25,17,pending
DSP-00651,ORD-01451,unauthorized_transaction,2026-03-25,1,pending
DSP-00652,ORD-05508,item_not_received,2026-03-25,5,pending
DSP-00653,ORD-10748,unauthorized_transaction,2026-03-25,10,pending
DSP-00654,ORD-17641,not_as_described,2026-03-25,16,pending
DSP-00655,ORD-06235,item_not_received,2026-03-25,5,pending
DSP-00656,ORD-06635,item_not_received,2026-03-25,16,pending
DSP-00657,ORD-09337,not_as_described,2026-03-25,2,pending
DSP-00658,ORD-16274,not_as_described,2026-03-25,18,pending
DSP-00659,ORD-12826,item_not_received,2026-03-25,11,pending
DSP-00660,ORD-06969,duplicate_charge,2026-03-25,11,pending
DSP-00661,ORD-17021,unauthorized_transaction,2026-03-25,15,pending
DSP-00662,ORD-14632,item_not_received,2026-03-25,8,pending
DSP-00663,ORD-05029,unauthorized_transaction,2026-03-25,10,pending
DSP-00664,ORD-07933,item_not_received,2026-03-25,5,pending
DSP-00665,ORD-14819,item_not_received,2026-03-25,1,pending
DSP-00666,ORD-06382,item_not_received,2026-03-25,5,pending
DSP-00667,ORD-07379,unauthorized_transaction,2026-03-25,12,pending
DSP-00668,ORD-17904,not_as_described,2026-03-25,18,pending
DSP-00669,ORD-05514,item_not_received,2026-03-25,17,pending
DSP-00670,ORD-15745,not_as_described,2026-03-25,10,pending
DSP-00671,ORD-02648,duplicate_charge,2026-03-26,3,pending
DSP-00672,ORD-10456,item_not_received,2026-03-26,16,pending
DSP-00673,ORD-11092,not_as_described,2026-03-26,8,pending
DSP-00674,ORD-15764,unauthorized_transaction,2026-03-26,3,pending
DSP-00675,ORD-11127,unauthorized_transaction,2026-03-26,11,pending
DSP-00676,ORD-15853,unauthorized_transaction,2026-03-26,6,pending
DSP-00677,ORD-03783,item_not_received,2026-03-26,7,pending
DSP-00678,ORD-07362,duplicate_charge,2026-03-26,18,pending
DSP-00679,ORD-03603,item_not_received,2026-03-26,14,pending
DSP-00680,ORD-08433,unauthorized_transaction,2026-03-26,5,pending
DSP-00681,ORD-02083,item_not_received,2026-03-26,18,pending
DSP-00682,ORD-11376,not_as_described,2026-03-26,7,pending
DSP-00683,ORD-16731,item_not_received,2026-03-26,6,pending
DSP-00684,ORD-17472,unauthorized_transaction,2026-03-26,5,pending
DSP-00685,ORD-19843,item_not_received,2026-03-26,15,pending
DSP-00686,ORD-04087,unauthorized_transaction,2026-03-26,6,pending
DSP-00687,ORD-06187,not_as_described,2026-03-26,6,pending
DSP-00688,ORD-15525,not_as_described,2026-03-26,12,pending
DSP-00689,ORD-19850,duplicate_charge,2026-03-26,5,pending
DSP-00690,ORD-14842,duplicate_charge,2026-03-26,1,pending
DSP-00691,ORD-02399,item_not_received,2026-03-26,4,pending
DSP-00692,ORD-12197,item_not_received,2026-03-26,2,pending
DSP-00693,ORD-10278,duplicate_charge,2026-03-26,4,pending
DSP-00694,ORD-05063,not_as_described,2026-03-26,3,pending
DSP-00695,ORD-07792,unauthorized_transaction,2026-03-26,10,pending
DSP-00696,ORD-12856,item_not_received,2026-03-26,5,pending
DSP-00697,ORD-04159,not_as_described,2026-03-26,4,pending
DSP-00698,ORD-11339,unauthorized_transaction,2026-03-26,14,pending
DSP-00699,ORD-14536,item_not_received,2026-03-26,12,pending
DSP-00700,ORD-16479,unauthorized_transaction,2026-03-26,8,pending
DSP-00701,ORD-11202,unauthorized_transaction,2026-03-26,2,pending
DSP-00702,ORD-18094,not_as_described,2026-03-26,17,pending
DSP-00703,ORD-08483,unauthorized_transaction,2026-03-26,10,pending
DSP-00704,ORD-15376,not_as_described,2026-03-26,1,pending
DSP-00705,ORD-13722,item_not_received,2026-03-26,10,pending
DSP-00706,ORD-06518,not_as_described,2026-03-26,1,pending
DSP-00707,ORD-10981,duplicate_charge,2026-03-26,8,pending
DSP-00708,ORD-03786,unauthorized_transaction,2026-03-26,8,pending
DSP-00709,ORD-00174,unauthorized_transaction,2026-03-26,11,pending
DSP-00710,ORD-00383,unauthorized_transaction,2026-03-26,11,pending
DSP-00711,ORD-05923,not_as_described,2026-03-26,11,pending
DSP-00712,ORD-17440,item_not_received,2026-03-26,18,pending
DSP-00713,ORD-01824,not_as_described,2026-03-26,10,pending
DSP-00714,ORD-06377,item_not_received,2026-03-26,11,pending
DSP-00715,ORD-01564,unauthorized_transaction,2026-03-26,3,pending
DSP-00716,ORD-06550,unauthorized_transaction,2026-03-26,8,pending
DSP-00717,ORD-08915,unauthorized_transaction,2026-03-26,6,pending
DSP-00718,ORD-13981,not_as_described,2026-03-26,2,pending
DSP-00719,ORD-00357,duplicate_charge,2026-03-26,15,pending
DSP-00720,ORD-02902,unauthorized_transaction,2026-03-26,16,pending
DSP-00721,ORD-08409,not_as_described,2026-03-26,17,pending
DSP-00722,ORD-17925,not_as_described,2026-03-26,2,pending
DSP-00723,ORD-13160,unauthorized_transaction,2026-03-26,3,pending
DSP-00724,ORD-00544,unauthorized_transaction,2026-03-26,10,pending
DSP-00725,ORD-16542,unauthorized_transaction,2026-03-26,2,pending
DSP-00726,ORD-08607,unauthorized_transaction,2026-03-26,8,pending
DSP-00727,ORD-02511,not_as_described,2026-03-26,13,pending
DSP-00728,ORD-01198,item_not_received,2026-03-26,19,pending
DSP-00729,ORD-08977,item_not_received,2026-03-26,1,pending
DSP-00730,ORD-17410,not_as_described,2026-03-26,3,pending
DSP-00731,ORD-13196,item_not_received,2026-03-26,17,pending
DSP-00732,ORD-02327,unauthorized_transaction,2026-03-26,2,pending
DSP-00733,ORD-00929,not_as_described,2026-03-26,13,pending
DSP-00734,ORD-13088,unauthorized_transaction,2026-03-26,1,pending
DSP-00735,ORD-15681,item_not_received,2026-03-26,19,pending
DSP-00736,ORD-13503,not_as_described,2026-03-26,16,pending
DSP-00737,ORD-13849,unauthorized_transaction,2026-03-26,13,pending
DSP-00738,ORD-07878,item_not_received,2026-03-26,9,pending
DSP-00739,ORD-02751,unauthorized_transaction,2026-03-26,4,pending
DSP-00740,ORD-14829,item_not_received,2026-03-26,7,pending
DSP-00741,ORD-17593,not_as_described,2026-03-26,6,pending
DSP-00742,ORD-11441,unauthorized_transaction,2026-03-26,17,pending
DSP-00743,ORD-07442,not_as_described,2026-03-26,6,pending
DSP-00744,ORD-05696,not_as_described,2026-03-26,3,pending
DSP-00745,ORD-15749,duplicate_charge,2026-03-26,9,pending
DSP-00746,ORD-14277,duplicate_charge,2026-03-26,9,pending
DSP-00747,ORD-08490,not_as_described,2026-03-26,2,pending
DSP-00748,ORD-11081,unauthorized_transaction,2026-03-26,9,pending
DSP-00749,ORD-03940,not_as_described,2026-03-26,15,pending
DSP-00750,ORD-11434,unauthorized_transaction,2026-03-26,2,pending
DSP-00751,ORD-05083,unauthorized_transaction,2026-03-26,18,pending
DSP-00752,ORD-06469,duplicate_charge,2026-03-26,14,pending
DSP-00753,ORD-15865,duplicate_charge,2026-03-26,2,pending
DSP-00754,ORD-14305,not_as_described,2026-03-26,14,pending
DSP-00755,ORD-00393,not_as_described,2026-03-27,8,pending
DSP-00756,ORD-09825,unauthorized_transaction,2026-03-27,11,pending
DSP-00757,ORD-02437,unauthorized_transaction,2026-03-27,16,pending
DSP-00758,ORD-14315,item_not_received,2026-03-27,17,pending
DSP-00759,ORD-07589,unauthorized_transaction,2026-03-27,19,pending
DSP-00760,ORD-12499,item_not_received,2026-03-27,11,pending
DSP-00761,ORD-04233,item_not_received,2026-03-27,2,pending
DSP-00762,ORD-08421,item_not_received,2026-03-27,7,pending
DSP-00763,ORD-02750,item_not_received,2026-03-27,12,pending
DSP-00764,ORD-08883,unauthorized_transaction,2026-03-27,11,pending
DSP-00765,ORD-11981,duplicate_charge,2026-03-27,14,pending
DSP-00766,ORD-15198,unauthorized_transaction,2026-03-27,11,pending
DSP-00767,ORD-07868,unauthorized_transaction,2026-03-27,7,pending
DSP-00768,ORD-00027,not_as_described,2026-03-27,7,pending
DSP-00769,ORD-16488,duplicate_charge,2026-03-27,1,pending
DSP-00770,ORD-09590,duplicate_charge,2026-03-27,17,pending
DSP-00771,ORD-16801,duplicate_charge,2026-03-27,15,pending
DSP-00772,ORD-15081,not_as_described,2026-03-27,18,pending
DSP-00773,ORD-06881,not_as_described,2026-03-27,7,pending
DSP-00774,ORD-02379,not_as_described,2026-03-27,3,pending
DSP-00775,ORD-02006,duplicate_charge,2026-03-27,12,pending
DSP-00776,ORD-19923,not_as_described,2026-03-27,17,pending
DSP-00777,ORD-05758,item_not_received,2026-03-27,5,pending
DSP-00778,ORD-04275,not_as_described,2026-03-27,15,pending
DSP-00779,ORD-13738,duplicate_charge,2026-03-27,20,pending
DSP-00780,ORD-03837,unauthorized_transaction,2026-03-27,14,pending
DSP-00781,ORD-06823,item_not_received,2026-03-27,4,pending
DSP-00782,ORD-00171,not_as_described,2026-03-27,7,pending
DSP-00783,ORD-14739,item_not_received,2026-03-27,15,pending
DSP-00784,ORD-11728,item_not_received,2026-03-27,1,pending
DSP-00785,ORD-09626,not_as_described,2026-03-27,16,pending
DSP-00786,ORD-12535,item_not_received,2026-03-27,17,pending
DSP-00787,ORD-03349,item_not_received,2026-03-27,12,pending
DSP-00788,ORD-10402,item_not_received,2026-03-27,12,pending
DSP-00789,ORD-17957,not_as_described,2026-03-27,7,pending
DSP-00790,ORD-02360,item_not_received,2026-03-27,8,pending
DSP-00791,ORD-07512,duplicate_charge,2026-03-27,7,pending
DSP-00792,ORD-10525,not_as_described,2026-03-27,8,pending
DSP-00793,ORD-16573,not_as_described,2026-03-27,1,pending
DSP-00794,ORD-18430,unauthorized_transaction,2026-03-27,14,pending
DSP-00795,ORD-09560,duplicate_charge,2026-03-27,17,pending
DSP-00796,ORD-08486,unauthorized_transaction,2026-03-27,20,pending
DSP-00797,ORD-14597,not_as_described,2026-03-27,15,pending
DSP-00798,ORD-04759,not_as_described,2026-03-27,13,pending
DSP-00799,ORD-11816,unauthorized_transaction,2026-03-27,12,pending
DSP-00800,ORD-13832,not_as_described,2026-03-27,3,pending
DSP-00801,ORD-05335,unauthorized_transaction,2026-03-27,14,pending
DSP-00802,ORD-14417,duplicate_charge,2026-03-27,12,pending
DSP-00803,ORD-14363,item_not_received,2026-03-27,10,pending
DSP-00804,ORD-06995,unauthorized_transaction,2026-03-27,17,pending
DSP-00805,ORD-13622,duplicate_charge,2026-03-27,15,pending
DSP-00806,ORD-09973,not_as_described,2026-03-27,9,pending
DSP-00807,ORD-05067,not_as_described,2026-03-27,17,pending
DSP-00808,ORD-03373,not_as_described,2026-03-27,15,pending
DSP-00809,ORD-07289,item_not_received,2026-03-27,16,pending
DSP-00810,ORD-00896,item_not_received,2026-03-27,15,pending
DSP-00811,ORD-08779,not_as_described,2026-03-27,9,pending
DSP-00812,ORD-06355,item_not_received,2026-03-27,3,pending
DSP-00813,ORD-13027,item_not_received,2026-03-27,2,pending
DSP-00814,ORD-05412,item_not_received,2026-03-27,6,pending
DSP-00815,ORD-19424,unauthorized_transaction,2026-03-27,20,pending
DSP-00816,ORD-03406,unauthorized_transaction,2026-03-27,1,pending
DSP-00817,ORD-04329,not_as_described,2026-03-27,6,pending
DSP-00818,ORD-02576,duplicate_charge,2026-03-27,13,pending
DSP-00819,ORD-17309,not_as_described,2026-03-27,12,pending
DSP-00820,ORD-17358,duplicate_charge,2026-03-27,8,pending
DSP-00821,ORD-18336,not_as_described,2026-03-27,18,pending
DSP-00822,ORD-10683,unauthorized_transaction,2026-03-27,15,pending
DSP-00823,ORD-09562,duplicate_charge,2026-03-27,14,pending
DSP-00824,ORD-16050,not_as_described,2026-03-27,4,pending
DSP-00825,ORD-12167,unauthorized_transaction,2026-03-27,20,pending
DSP-00826,ORD-12775,not_as_described,2026-03-27,4,pending
DSP-00827,ORD-10474,item_not_received,2026-03-27,11,pending
DSP-00828,ORD-03462,item_not_received,2026-03-27,1,pending
DSP-00829,ORD-08439,item_not_received,2026-03-27,14,pending
DSP-00830,ORD-13704,item_not_received,2026-03-27,4,pending
DSP-00831,ORD-02741,unauthorized_transaction,2026-03-27,13,pending
DSP-00832,ORD-17944,unauthorized_transaction,2026-03-27,6,pending
DSP-00833,ORD-02736,not_as_described,2026-03-27,6,pending
DSP-00834,ORD-14755,duplicate_charge,2026-03-27,11,pending
DSP-00835,ORD-10324,not_as_described,2026-03-27,12,pending
DSP-00836,ORD-04255,not_as_described,2026-03-27,5,pending
DSP-00837,ORD-14320,item_not_received,2026-03-27,2,pending
DSP-00838,ORD-01849,not_as_described,2026-03-27,8,pending
DSP-00839,ORD-01821,item_not_received,2026-03-27,9,pending
DSP-00840,ORD-18497,unauthorized_transaction,2026-03-27,10,pending
DSP-00841,ORD-05525,unauthorized_transaction,2026-03-27,17,pending
DSP-00842,ORD-09393,not_as_described,2026-03-27,6,pending
DSP-00843,ORD-05562,unauthorized_transaction,2026-03-27,20,pending
DSP-00844,ORD-12255,unauthorized_transaction,2026-03-28,1,pending
DSP-00845,ORD-01831,item_not_received,2026-03-28,3,pending
DSP-00846,ORD-14001,unauthorized_transaction,2026-03-28,15,pending
DSP-00847,ORD-12372,unauthorized_transaction,2026-03-28,9,pending
DSP-00848,ORD-09552,duplicate_charge,2026-03-28,1,pending
DSP-00849,ORD-15004,not_as_described,2026-03-28,16,pending
DSP-00850,ORD-03661,not_as_described,2026-03-28,15,pending
DSP-00851,ORD-02742,item_not_received,2026-03-28,4,pending
DSP-00852,ORD-16544,item_not_received,2026-03-28,21,pending
DSP-00853,ORD-19885,unauthorized_transaction,2026-03-28,5,pending
DSP-00854,ORD-03296,unauthorized_transaction,2026-03-28,9,pending
DSP-00855,ORD-13273,item_not_received,2026-03-28,5,pending
DSP-00856,ORD-18880,unauthorized_transaction,2026-03-28,11,pending
DSP-00857,ORD-02092,unauthorized_transaction,2026-03-28,10,pending
DSP-00858,ORD-12097,item_not_received,2026-03-28,10,pending
DSP-00859,ORD-09974,item_not_received,2026-03-28,18,pending
DSP-00860,ORD-17706,item_not_received,2026-03-28,18,pending
DSP-00861,ORD-05120,duplicate_charge,2026-03-28,12,pending
DSP-00862,ORD-15799,unauthorized_transaction,2026-03-28,4,pending
DSP-00863,ORD-13369,duplicate_charge,2026-03-28,3,pending
DSP-00864,ORD-05146,not_as_described,2026-03-28,1,pending
DSP-00865,ORD-04837,item_not_received,2026-03-28,21,pending
DSP-00866,ORD-15971,item_not_received,2026-03-28,8,pending
DSP-00867,ORD-15075,item_not_received,2026-03-28,5,pending
DSP-00868,ORD-03552,item_not_received,2026-03-28,20,pending
DSP-00869,ORD-06292,not_as_described,2026-03-28,3,pending
DSP-00870,ORD-15536,item_not_received,2026-03-28,5,pending
DSP-00871,ORD-15381,not_as_described,2026-03-28,12,pending
DSP-00872,ORD-10442,unauthorized_transaction,2026-03-28,20,pending
DSP-00873,ORD-10977,unauthorized_transaction,2026-03-28,21,pending
DSP-00874,ORD-06384,not_as_described,2026-03-28,5,pending
DSP-00875,ORD-03892,duplicate_charge,2026-03-28,4,pending
DSP-00876,ORD-07034,unauthorized_transaction,2026-03-28,9,pending
DSP-00877,ORD-11995,not_as_described,2026-03-28,19,pending
DSP-00878,ORD-05090,item_not_received,2026-03-28,16,pending
DSP-00879,ORD-02916,duplicate_charge,2026-03-28,15,pending
DSP-00880,ORD-12518,not_as_described,2026-03-28,13,pending
DSP-00881,ORD-16005,unauthorized_transaction,2026-03-28,15,pending
DSP-00882,ORD-02009,item_not_received,2026-03-28,20,pending
DSP-00883,ORD-18696,unauthorized_transaction,2026-03-28,13,pending
DSP-00884,ORD-10841,item_not_received,2026-03-28,16,pending
DSP-00885,ORD-01001,not_as_described,2026-03-28,4,pending
DSP-00886,ORD-12042,item_not_received,2026-03-28,6,pending
DSP-00887,ORD-18147,not_as_described,2026-03-28,11,pending
DSP-00888,ORD-00399,unauthorized_transaction,2026-03-28,13,pending
DSP-00889,ORD-05272,unauthorized_transaction,2026-03-28,15,pending
DSP-00890,ORD-11450,duplicate_charge,2026-03-28,14,pending
DSP-00891,ORD-01188,not_as_described,2026-03-28,14,pending
DSP-00892,ORD-14556,duplicate_charge,2026-03-28,2,pending
DSP-00893,ORD-00475,not_as_described,2026-03-28,13,pending
DSP-00894,ORD-01566,duplicate_charge,2026-03-28,15,pending
DSP-00895,ORD-05673,duplicate_charge,2026-03-28,8,pending
DSP-00896,ORD-02925,unauthorized_transaction,2026-03-28,7,pending
DSP-00897,ORD-13441,not_as_described,2026-03-28,5,pending
DSP-00898,ORD-07153,unauthorized_transaction,2026-03-28,15,pending
DSP-00899,ORD-00891,unauthorized_transaction,2026-03-28,9,pending
DSP-00900,ORD-00307,duplicate_charge,2026-03-28,13,pending
DSP-00901,ORD-13090,not_as_described,2026-03-28,5,pending
DSP-00902,ORD-14090,item_not_received,2026-03-28,14,pending
DSP-00903,ORD-04623,item_not_received,2026-03-28,9,pending
DSP-00904,ORD-17494,duplicate_charge,2026-03-28,6,pending
DSP-00905,ORD-01289,not_as_described,2026-03-28,19,pending
DSP-00906,ORD-16470,item_not_received,2026-03-28,19,pending
DSP-00907,ORD-06236,item_not_received,2026-03-28,6,pending
DSP-00908,ORD-00263,not_as_described,2026-03-28,5,pending
DSP-00909,ORD-08450,unauthorized_transaction,2026-03-28,10,pending
DSP-00910,ORD-02217,item_not_received,2026-03-28,19,pending
DSP-00911,ORD-16611,unauthorized_transaction,2026-03-28,14,pending
DSP-00912,ORD-11020,not_as_described,2026-03-28,20,pending
DSP-00913,ORD-17991,item_not_received,2026-03-28,20,pending
DSP-00914,ORD-18348,duplicate_charge,2026-03-28,8,pending
DSP-00915,ORD-03364,duplicate_charge,2026-03-28,13,pending
DSP-00916,ORD-05331,unauthorized_transaction,2026-03-28,3,pending
DSP-00917,ORD-14565,not_as_described,2026-03-28,10,pending
DSP-00918,ORD-08018,unauthorized_transaction,2026-03-28,3,pending
DSP-00919,ORD-17218,not_as_described,2026-03-28,11,pending
DSP-00920,ORD-02388,not_as_described,2026-03-28,2,pending
DSP-00921,ORD-03581,not_as_described,2026-03-28,17,pending
DSP-00922,ORD-01193,item_not_received,2026-03-28,14,pending
DSP-00923,ORD-04515,unauthorized_transaction,2026-03-28,15,pending
DSP-00924,ORD-14942,not_as_described,2026-03-28,13,pending
DSP-00925,ORD-19129,item_not_received,2026-03-28,17,pending
DSP-00926,ORD-10950,not_as_described,2026-03-28,10,pending
DSP-00927,ORD-18469,not_as_described,2026-03-28,5,pending
DSP-00928,ORD-04304,unauthorized_transaction,2026-03-28,18,pending
DSP-00929,ORD-17870,unauthorized_transaction,2026-03-28,10,pending
DSP-00930,ORD-12871,duplicate_charge,2026-03-28,12,pending
DSP-00931,ORD-06123,item_not_received,2026-03-28,15,pending
DSP-00932,ORD-14977,not_as_described,2026-03-28,1,pending
DSP-00933,ORD-09276,not_as_described,2026-03-28,20,pending
DSP-00934,ORD-11706,item_not_received,2026-03-28,16,pending
DSP-00935,ORD-06394,item_not_received,2026-03-29,21,pending
DSP-00936,ORD-02518,item_not_received,2026-03-29,4,pending
DSP-00937,ORD-18651,unauthorized_transaction,2026-03-29,9,pending
DSP-00938,ORD-07283,item_not_received,2026-03-29,22,pending
DSP-00939,ORD-12114,item_not_received,2026-03-29,15,pending
DSP-00940,ORD-16773,not_as_described,2026-03-29,19,pending
DSP-00941,ORD-04031,item_not_received,2026-03-29,7,pending
DSP-00942,ORD-18220,unauthorized_transaction,2026-03-29,1,pending
DSP-00943,ORD-12211,duplicate_charge,2026-03-29,9,pending
DSP-00944,ORD-11978,unauthorized_transaction,2026-03-29,15,pending
DSP-00945,ORD-06809,duplicate_charge,2026-03-29,17,pending
DSP-00946,ORD-14598,duplicate_charge,2026-03-29,5,pending
DSP-00947,ORD-01730,not_as_described,2026-03-29,13,pending
DSP-00948,ORD-06364,unauthorized_transaction,2026-03-29,3,pending
DSP-00949,ORD-11128,item_not_received,2026-03-29,2,pending
DSP-00950,ORD-14789,not_as_described,2026-03-29,11,pending
DSP-00951,ORD-02442,not_as_described,2026-03-29,10,pending
DSP-00952,ORD-09737,item_not_received,2026-03-29,21,pending
DSP-00953,ORD-05743,unauthorized_transaction,2026-03-29,17,pending
DSP-00954,ORD-12877,not_as_described,2026-03-29,4,pending
DSP-00955,ORD-13261,not_as_described,2026-03-29,16,pending
DSP-00956,ORD-15423,item_not_received,2026-03-29,13,pending
DSP-00957,ORD-13359,unauthorized_transaction,2026-03-29,14,pending
DSP-00958,ORD-14101,unauthorized_transaction,2026-03-29,10,pending
DSP-00959,ORD-00070,unauthorized_transaction,2026-03-29,22,pending
DSP-00960,ORD-15933,unauthorized_transaction,2026-03-29,3,pending
DSP-00961,ORD-03356,not_as_described,2026-03-29,21,pending
DSP-00962,ORD-12849,item_not_received,2026-03-29,11,pending
DSP-00963,ORD-11644,duplicate_charge,2026-03-29,6,pending
DSP-00964,ORD-15092,not_as_described,2026-03-29,4,pending
DSP-00965,ORD-19541,item_not_received,2026-03-29,15,pending
DSP-00966,ORD-03711,item_not_received,2026-03-29,7,pending
DSP-00967,ORD-16600,duplicate_charge,2026-03-29,3,pending
DSP-00968,ORD-01460,not_as_described,2026-03-29,22,pending
DSP-00969,ORD-03827,item_not_received,2026-03-29,12,pending
DSP-00970,ORD-13423,item_not_received,2026-03-29,21,pending
DSP-00971,ORD-00581,item_not_received,2026-03-29,2,pending
DSP-00972,ORD-13310,item_not_received,2026-03-29,22,pending
DSP-00973,ORD-16874,unauthorized_transaction,2026-03-29,8,pending
DSP-00974,ORD-01700,duplicate_charge,2026-03-29,14,pending
DSP-00975,ORD-04220,item_not_received,2026-03-29,20,pending
DSP-00976,ORD-19913,item_not_received,2026-03-29,14,pending
DSP-00977,ORD-11250,duplicate_charge,2026-03-29,10,pending
DSP-00978,ORD-03749,item_not_received,2026-03-29,4,pending
DSP-00979,ORD-05220,duplicate_charge,2026-03-29,21,pending
DSP-00980,ORD-10124,not_as_described,2026-03-29,9,pending
DSP-00981,ORD-05364,duplicate_charge,2026-03-29,12,pending
DSP-00982,ORD-13541,duplicate_charge,2026-03-29,14,pending
DSP-00983,ORD-12246,item_not_received,2026-03-29,14,pending
DSP-00984,ORD-09007,duplicate_charge,2026-03-29,16,pending
DSP-00985,ORD-19952,item_not_received,2026-03-29,10,pending
DSP-00986,ORD-10997,item_not_received,2026-03-29,21,pending
DSP-00987,ORD-10897,duplicate_charge,2026-03-29,5,pending
DSP-00988,ORD-12662,duplicate_charge,2026-03-29,16,pending
DSP-00989,ORD-15661,item_not_received,2026-03-29,13,pending
DSP-00990,ORD-01887,not_as_described,2026-03-29,19,pending
DSP-00991,ORD-00819,not_as_described,2026-03-29,18,pending
DSP-00992,ORD-02589,item_not_received,2026-03-29,12,pending
DSP-00993,ORD-09311,item_not_received,2026-03-29,7,pending
DSP-00994,ORD-14291,not_as_described,2026-03-29,19,pending
DSP-00995,ORD-03564,unauthorized_transaction,2026-03-29,13,pending
DSP-00996,ORD-17377,not_as_described,2026-03-29,14,pending
DSP-00997,ORD-12235,duplicate_charge,2026-03-29,3,pending
DSP-00998,ORD-05350,not_as_described,2026-03-29,5,pending
DSP-00999,ORD-09570,not_as_described,2026-03-29,20,pending
DSP-01000,ORD-09448,unauthorized_transaction,2026-03-29,15,pending
DSP-01001,ORD-07657,item_not_received,2026-03-29,18,pending
DSP-01002,ORD-08541,not_as_described,2026-03-29,10,pending
DSP-01003,ORD-08871,not_as_described,2026-03-29,14,pending
DSP-01004,ORD-15007,unauthorized_transaction,2026-03-29,13,pending
DSP-01005,ORD-12637,not_as_described,2026-03-29,7,pending
DSP-01006,ORD-08971,item_not_received,2026-03-29,17,pending
DSP-01007,ORD-06683,unauthorized_transaction,2026-03-29,8,pending
DSP-01008,ORD-18636,unauthorized_transaction,2026-03-29,12,pending
DSP-01009,ORD-17029,unauthorized_transaction,2026-03-29,7,pending
DSP-01010,ORD-09881,unauthorized_transaction,2026-03-29,13,pending
DSP-01011,ORD-11001,item_not_received,2026-03-29,20,pending
DSP-01012,ORD-04068,unauthorized_transaction,2026-03-29,3,pending
DSP-01013,ORD-09657,duplicate_charge,2026-03-29,14,pending
DSP-01014,ORD-13902,item_not_received,2026-03-29,9,pending
DSP-01015,ORD-10799,unauthorized_transaction,2026-03-29,6,pending
DSP-01016,ORD-08396,duplicate_charge,2026-03-29,2,pending
DSP-01017,ORD-14370,unauthorized_transaction,2026-03-29,9,pending
DSP-01018,ORD-01381,duplicate_charge,2026-03-29,7,pending
DSP-01019,ORD-01202,item_not_received,2026-03-29,21,pending
DSP-01020,ORD-15549,item_not_received,2026-03-29,17,pending
DSP-01021,ORD-11643,unauthorized_transaction,2026-03-29,1,pending
DSP-01022,ORD-13837,item_not_received,2026-03-29,14,pending
DSP-01023,ORD-08022,unauthorized_transaction,2026-03-30,13,pending
DSP-01024,ORD-14890,not_as_described,2026-03-30,20,pending
DSP-01025,ORD-08902,item_not_received,2026-03-30,18,pending
DSP-01026,ORD-09243,not_as_described,2026-03-30,15,pending
DSP-01027,ORD-06026,unauthorized_transaction,2026-03-30,6,pending
DSP-01028,ORD-03465,unauthorized_transaction,2026-03-30,11,pending
DSP-01029,ORD-04403,unauthorized_transaction,2026-03-30,11,pending
DSP-01030,ORD-01185,not_as_described,2026-03-30,19,pending
DSP-01031,ORD-01636,item_not_received,2026-03-30,22,pending
DSP-01032,ORD-16859,not_as_described,2026-03-30,1,pending
DSP-01033,ORD-19304,not_as_described,2026-03-30,5,pending
DSP-01034,ORD-16367,not_as_described,2026-03-30,14,pending
DSP-01035,ORD-09787,not_as_described,2026-03-30,22,pending
DSP-01036,ORD-13710,unauthorized_transaction,2026-03-30,2,pending
DSP-01037,ORD-17370,not_as_described,2026-03-30,2,pending
DSP-01038,ORD-09659,unauthorized_transaction,2026-03-30,19,pending
DSP-01039,ORD-11310,duplicate_charge,2026-03-30,10,pending
DSP-01040,ORD-19569,not_as_described,2026-03-30,21,pending
DSP-01041,ORD-12709,item_not_received,2026-03-30,8,pending
DSP-01042,ORD-15149,duplicate_charge,2026-03-30,2,pending
DSP-01043,ORD-05986,duplicate_charge,2026-03-30,11,pending
DSP-01044,ORD-07353,item_not_received,2026-03-30,13,pending
DSP-01045,ORD-14676,item_not_received,2026-03-30,19,pending
DSP-01046,ORD-00101,item_not_received,2026-03-30,21,pending
DSP-01047,ORD-02594,duplicate_charge,2026-03-30,9,pending
DSP-01048,ORD-04477,item_not_received,2026-03-30,19,pending
DSP-01049,ORD-01703,duplicate_charge,2026-03-30,20,pending
DSP-01050,ORD-08113,item_not_received,2026-03-30,18,pending
DSP-01051,ORD-05282,not_as_described,2026-03-30,2,pending
DSP-01052,ORD-14604,unauthorized_transaction,2026-03-30,3,pending
DSP-01053,ORD-10915,item_not_received,2026-03-30,14,pending
DSP-01054,ORD-09148,unauthorized_transaction,2026-03-30,7,pending
DSP-01055,ORD-11863,duplicate_charge,2026-03-30,22,pending
DSP-01056,ORD-05251,not_as_described,2026-03-30,10,pending
DSP-01057,ORD-02148,not_as_described,2026-03-30,2,pending
DSP-01058,ORD-19009,unauthorized_transaction,2026-03-30,7,pending
DSP-01059,ORD-08749,unauthorized_transaction,2026-03-30,19,pending
DSP-01060,ORD-07968,not_as_described,2026-03-30,11,pending
DSP-01061,ORD-19333,item_not_received,2026-03-30,1,pending
DSP-01062,ORD-10428,item_not_received,2026-03-30,1,pending
DSP-01063,ORD-15938,unauthorized_transaction,2026-03-30,5,pending
DSP-01064,ORD-03547,duplicate_charge,2026-03-30,8,pending
DSP-01065,ORD-10922,unauthorized_transaction,2026-03-30,9,pending
DSP-01066,ORD-12066,unauthorized_transaction,2026-03-30,8,pending
DSP-01067,ORD-14428,not_as_described,2026-03-30,18,pending
DSP-01068,ORD-03932,item_not_received,2026-03-30,2,pending
DSP-01069,ORD-17961,unauthorized_transaction,2026-03-30,1,pending
DSP-01070,ORD-02608,unauthorized_transaction,2026-03-30,7,pending
DSP-01071,ORD-09099,unauthorized_transaction,2026-03-30,15,pending
DSP-01072,ORD-17715,duplicate_charge,2026-03-30,17,pending
DSP-01073,ORD-13222,unauthorized_transaction,2026-03-30,15,pending
DSP-01074,ORD-15020,unauthorized_transaction,2026-03-30,11,pending
DSP-01075,ORD-15116,not_as_described,2026-03-30,18,pending
DSP-01076,ORD-14486,not_as_described,2026-03-30,11,pending
DSP-01077,ORD-10744,item_not_received,2026-03-30,3,pending
DSP-01078,ORD-03740,not_as_described,2026-03-30,22,pending
DSP-01079,ORD-01871,item_not_received,2026-03-30,7,pending
DSP-01080,ORD-06132,unauthorized_transaction,2026-03-30,22,pending
DSP-01081,ORD-13674,not_as_described,2026-03-30,16,pending
DSP-01082,ORD-00340,not_as_described,2026-03-30,13,pending
DSP-01083,ORD-09494,item_not_received,2026-03-30,15,pending
DSP-01084,ORD-13405,item_not_received,2026-03-30,17,pending
DSP-01085,ORD-16786,not_as_described,2026-03-30,20,pending
DSP-01086,ORD-06638,duplicate_charge,2026-03-30,12,pending
DSP-01087,ORD-11150,unauthorized_transaction,2026-03-30,17,pending
DSP-01088,ORD-11640,unauthorized_transaction,2026-03-30,17,pending
DSP-01089,ORD-08613,unauthorized_transaction,2026-03-30,4,pending
DSP-01090,ORD-16026,unauthorized_transaction,2026-03-30,6,pending
DSP-01091,ORD-02864,unauthorized_transaction,2026-03-30,19,pending
DSP-01092,ORD-06531,unauthorized_transaction,2026-03-30,6,pending
DSP-01093,ORD-02505,not_as_described,2026-03-30,7,pending
DSP-01094,ORD-01162,unauthorized_transaction,2026-03-30,1,pending
DSP-01095,ORD-09064,item_not_received,2026-03-30,14,pending
DSP-01096,ORD-09645,not_as_described,2026-03-30,16,pending
DSP-01097,ORD-10838,not_as_described,2026-03-30,23,pending
DSP-01098,ORD-03177,not_as_described,2026-03-30,2,pending
DSP-01099,ORD-17808,duplicate_charge,2026-03-30,14,pending
DSP-01100,ORD-04436,unauthorized_transaction,2026-03-30,10,pending
DSP-01101,ORD-15096,unauthorized_transaction,2026-03-30,17,pending
DSP-01102,ORD-13831,item_not_received,2026-03-30,19,pending
DSP-01103,ORD-07427,unauthorized_transaction,2026-03-30,22,pending
DSP-01104,ORD-18572,unauthorized_transaction,2026-03-30,11,pending
DSP-01105,ORD-12011,item_not_received,2026-03-30,13,pending
DSP-01106,ORD-17859,item_not_received,2026-03-30,2,pending
DSP-01107,ORD-15419,item_not_received,2026-03-30,7,pending
DSP-01108,ORD-14956,item_not_received,2026-03-30,20,pending
DSP-01109,ORD-11971,item_not_received,2026-03-30,3,pending
DSP-01110,ORD-16905,unauthorized_transaction,2026-03-30,15,pending
DSP-01111,ORD-04123,unauthorized_transaction,2026-03-30,15,pending
DSP-01112,ORD-05064,not_as_described,2026-03-30,18,pending
DSP-01113,ORD-07934,unauthorized_transaction,2026-03-30,8,pending
DSP-01114,ORD-07793,duplicate_charge,2026-03-30,3,pending
DSP-01115,ORD-08279,duplicate_charge,2026-03-30,8,pending
DSP-01116,ORD-10444,not_as_described,2026-03-30,20,pending
DSP-01117,ORD-12130,unauthorized_transaction,2026-03-30,11,pending
DSP-01118,ORD-06676,not_as_described,2026-03-30,5,pending
DSP-01119,ORD-14479,duplicate_charge,2026-03-30,23,pending
DSP-01120,ORD-16816,not_as_described,2026-03-30,22,pending
DSP-01121,ORD-16712,item_not_received,2026-03-30,19,pending
DSP-01122,ORD-19709,not_as_described,2026-03-31,18,pending
DSP-01123,ORD-13269,not_as_described,2026-03-31,16,pending
DSP-01124,ORD-13649,item_not_received,2026-03-31,15,pending
DSP-01125,ORD-10973,not_as_described,2026-03-31,2,pending
DSP-01126,ORD-09601,item_not_received,2026-03-31,11,pending
DSP-01127,ORD-00855,unauthorized_transaction,2026-03-31,11,pending
DSP-01128,ORD-15637,not_as_described,2026-03-31,8,pending
DSP-01129,ORD-06500,not_as_described,2026-03-31,18,pending
DSP-01130,ORD-00260,unauthorized_transaction,2026-03-31,6,pending
DSP-01131,ORD-13216,unauthorized_transaction,2026-03-31,3,pending
DSP-01132,ORD-19309,duplicate_charge,2026-03-31,19,pending
DSP-01133,ORD-03899,item_not_received,2026-03-31,12,pending
DSP-01134,ORD-01309,unauthorized_transaction,2026-03-31,3,pending
DSP-01135,ORD-04315,item_not_received,2026-03-31,13,pending
DSP-01136,ORD-03843,not_as_described,2026-03-31,7,pending
DSP-01137,ORD-19516,item_not_received,2026-03-31,9,pending
DSP-01138,ORD-13833,not_as_described,2026-03-31,20,pending
DSP-01139,ORD-14371,duplicate_charge,2026-03-31,18,pending
DSP-01140,ORD-02749,item_not_received,2026-03-31,23,pending
DSP-01141,ORD-17900,item_not_received,2026-03-31,11,pending
DSP-01142,ORD-10762,item_not_received,2026-03-31,6,pending
DSP-01143,ORD-18525,unauthorized_transaction,2026-03-31,10,pending
DSP-01144,ORD-10420,not_as_described,2026-03-31,17,pending
DSP-01145,ORD-17116,unauthorized_transaction,2026-03-31,3,pending
DSP-01146,ORD-14758,not_as_described,2026-03-31,7,pending
DSP-01147,ORD-06013,item_not_received,2026-03-31,4,pending
DSP-01148,ORD-13913,item_not_received,2026-03-31,16,pending
DSP-01149,ORD-17752,not_as_described,2026-03-31,19,pending
DSP-01150,ORD-09339,item_not_received,2026-03-31,12,pending
DSP-01151,ORD-02734,item_not_received,2026-03-31,24,pending
DSP-01152,ORD-18961,not_as_described,2026-03-31,5,pending
DSP-01153,ORD-02520,item_not_received,2026-03-31,1,pending
DSP-01154,ORD-07867,duplicate_charge,2026-03-31,6,pending
DSP-01155,ORD-02643,unauthorized_transaction,2026-03-31,16,pending
DSP-01156,ORD-12323,not_as_described,2026-03-31,4,pending
DSP-01157,ORD-09289,item_not_received,2026-03-31,15,pending
DSP-01158,ORD-13157,not_as_described,2026-03-31,6,pending
DSP-01159,ORD-18158,not_as_described,2026-03-31,10,pending
DSP-01160,ORD-03738,not_as_described,2026-03-31,22,pending
DSP-01161,ORD-19797,item_not_received,2026-03-31,17,pending
DSP-01162,ORD-16548,not_as_described,2026-03-31,12,pending
DSP-01163,ORD-11411,item_not_received,2026-03-31,11,pending
DSP-01164,ORD-13183,item_not_received,2026-03-31,3,pending
DSP-01165,ORD-14630,unauthorized_transaction,2026-03-31,13,pending
DSP-01166,ORD-07704,item_not_received,2026-03-31,6,pending
DSP-01167,ORD-03309,not_as_described,2026-03-31,1,pending
DSP-01168,ORD-02157,item_not_received,2026-03-31,4,pending
DSP-01169,ORD-16857,item_not_received,2026-03-31,5,pending
DSP-01170,ORD-15099,not_as_described,2026-03-31,5,pending
DSP-01171,ORD-17142,item_not_received,2026-03-31,21,pending
DSP-01172,ORD-16978,unauthorized_transaction,2026-03-31,23,pending
DSP-01173,ORD-09108,item_not_received,2026-03-31,11,pending
DSP-01174,ORD-07985,not_as_described,2026-03-31,13,pending
DSP-01175,ORD-04397,duplicate_charge,2026-03-31,8,pending
DSP-01176,ORD-04242,item_not_received,2026-03-31,14,pending
DSP-01177,ORD-13100,item_not_received,2026-03-31,4,pending
DSP-01178,ORD-01279,item_not_received,2026-03-31,7,pending
DSP-01179,ORD-02109,not_as_described,2026-03-31,1,pending
DSP-01180,ORD-16894,item_not_received,2026-03-31,22,pending
DSP-01181,ORD-09534,item_not_received,2026-03-31,11,pending
DSP-01182,ORD-01434,not_as_described,2026-03-31,6,pending
DSP-01183,ORD-15062,item_not_received,2026-03-31,10,pending
DSP-01184,ORD-01299,not_as_described,2026-03-31,4,pending
DSP-01185,ORD-02110,item_not_received,2026-03-31,7,pending
DSP-01186,ORD-13712,item_not_received,2026-03-31,12,pending
DSP-01187,ORD-09317,duplicate_charge,2026-03-31,2,pending
DSP-01188,ORD-12049,item_not_received,2026-03-31,10,pending
DSP-01189,ORD-15689,item_not_received,2026-03-31,11,pending
DSP-01190,ORD-09327,not_as_described,2026-03-31,23,pending
DSP-01191,ORD-08309,not_as_described,2026-03-31,12,pending
DSP-01192,ORD-03416,not_as_described,2026-03-31,22,pending
DSP-01193,ORD-17033,not_as_described,2026-03-31,8,pending
DSP-01194,ORD-10844,not_as_described,2026-03-31,9,pending
DSP-01195,ORD-16361,item_not_received,2026-03-31,3,pending
DSP-01196,ORD-19460,unauthorized_transaction,2026-03-31,14,pending
DSP-01197,ORD-03089,duplicate_charge,2026-03-31,17,pending
DSP-01198,ORD-11648,unauthorized_transaction,2026-03-31,20,pending
DSP-01199,ORD-16289,duplicate_charge,2026-03-31,8,pending
DSP-01200,ORD-03141,unauthorized_transaction,2026-03-31,17,pending
DSP-01201,ORD-01578,not_as_described,2026-03-31,14,pending
DSP-01202,ORD-02027,item_not_received,2026-03-31,20,pending
DSP-01203,ORD-05401,not_as_described,2026-03-31,6,pending
DSP-01204,ORD-10824,item_not_received,2026-03-31,9,pending
DSP-01205,ORD-00901,duplicate_charge,2026-03-31,12,pending
DSP-01206,ORD-17829,item_not_received,2026-03-31,11,pending
DSP-01207,ORD-16907,duplicate_charge,2026-03-31,17,pending
DSP-01208,ORD-08328,unauthorized_transaction,2026-03-31,1,pending
DSP-01209,ORD-16319,duplicate_charge,2026-03-31,22,pending
DSP-01210,ORD-00099,not_as_described,2026-03-31,20,pending
DSP-01211,ORD-09215,duplicate_charge,2026-03-31,1,pending
DSP-01212,ORD-01295,unauthorized_transaction,2026-03-31,11,pending
DSP-01213,ORD-13666,unauthorized_transaction,2026-03-31,4,pending
DSP-01214,ORD-00227,not_as_described,2026-03-31,15,pending
DSP-01215,ORD-02200,item_not_received,2026-03-31,17,pending
DSP-01216,ORD-14028,item_not_received,2026-03-31,19,pending
DSP-01217,ORD-11129,not_as_described,2026-03-31,18,pending
DSP-01218,ORD-06064,duplicate_charge,2026-03-31,18,pending
DSP-01219,ORD-05645,unauthorized_transaction,2026-04-01,8,pending
DSP-01220,ORD-13672,item_not_received,2026-04-01,9,pending
DSP-01221,ORD-05602,item_not_received,2026-04-01,1,pending
DSP-01222,ORD-07851,item_not_received,2026-04-01,16,pending
DSP-01223,ORD-10146,item_not_received,2026-04-01,18,pending
DSP-01224,ORD-14493,unauthorized_transaction,2026-04-01,12,pending
DSP-01225,ORD-09301,unauthorized_transaction,2026-04-01,3,pending
DSP-01226,ORD-06492,duplicate_charge,2026-04-01,17,pending
DSP-01227,ORD-03616,not_as_described,2026-04-01,15,pending
DSP-01228,ORD-00770,unauthorized_transaction,2026-04-01,19,pending
DSP-01229,ORD-02653,unauthorized_transaction,2026-04-01,8,pending
DSP-01230,ORD-15338,not_as_described,2026-04-01,8,pending
DSP-01231,ORD-01550,not_as_described,2026-04-01,22,pending
DSP-01232,ORD-07726,item_not_received,2026-04-01,1,pending
DSP-01233,ORD-09540,unauthorized_transaction,2026-04-01,13,pending
DSP-01234,ORD-01285,not_as_described,2026-04-01,21,pending
DSP-01235,ORD-19015,duplicate_charge,2026-04-01,20,pending
DSP-01236,ORD-17104,not_as_described,2026-04-01,3,pending
DSP-01237,ORD-00086,item_not_received,2026-04-01,21,pending
DSP-01238,ORD-01792,unauthorized_transaction,2026-04-01,12,pending
DSP-01239,ORD-06583,unauthorized_transaction,2026-04-01,3,pending
DSP-01240,ORD-07906,unauthorized_transaction,2026-04-01,11,pending
DSP-01241,ORD-12796,unauthorized_transaction,2026-04-01,24,pending
DSP-01242,ORD-13855,duplicate_charge,2026-04-01,12,pending
DSP-01243,ORD-08983,item_not_received,2026-04-01,8,pending
DSP-01244,ORD-12071,duplicate_charge,2026-04-01,22,pending
DSP-01245,ORD-09035,unauthorized_transaction,2026-04-01,19,pending
DSP-01246,ORD-14008,item_not_received,2026-04-01,15,pending
DSP-01247,ORD-18264,unauthorized_transaction,2026-04-01,6,pending
DSP-01248,ORD-10207,item_not_received,2026-04-01,4,pending
DSP-01249,ORD-11399,item_not_received,2026-04-01,16,pending
DSP-01250,ORD-05323,not_as_described,2026-04-01,19,pending
DSP-01251,ORD-11186,unauthorized_transaction,2026-04-01,4,pending
DSP-01252,ORD-18906,not_as_described,2026-04-01,21,pending
DSP-01253,ORD-12496,unauthorized_transaction,2026-04-01,15,pending
DSP-01254,ORD-01356,unauthorized_transaction,2026-04-01,11,pending
DSP-01255,ORD-04319,item_not_received,2026-04-01,11,pending
DSP-01256,ORD-08878,not_as_described,2026-04-01,5,pending
DSP-01257,ORD-06037,not_as_described,2026-04-01,10,pending
DSP-01258,ORD-09665,not_as_described,2026-04-01,19,pending
DSP-01259,ORD-15510,duplicate_charge,2026-04-01,17,pending
DSP-01260,ORD-02562,duplicate_charge,2026-04-01,2,pending
DSP-01261,ORD-19280,not_as_described,2026-04-01,16,pending
DSP-01262,ORD-13105,not_as_described,2026-04-01,11,pending
DSP-01263,ORD-09363,not_as_described,2026-04-01,21,pending
DSP-01264,ORD-12910,unauthorized_transaction,2026-04-01,3,pending
DSP-01265,ORD-13128,item_not_received,2026-04-01,18,pending
DSP-01266,ORD-14763,unauthorized_transaction,2026-04-01,24,pending
DSP-01267,ORD-16227,not_as_described,2026-04-01,16,pending
DSP-01268,ORD-18859,not_as_described,2026-04-01,3,pending
DSP-01269,ORD-08102,item_not_received,2026-04-01,20,pending
DSP-01270,ORD-09970,item_not_received,2026-04-01,21,pending
DSP-01271,ORD-06467,not_as_described,2026-04-01,7,pending
DSP-01272,ORD-12831,not_as_described,2026-04-01,8,pending
DSP-01273,ORD-17184,not_as_described,2026-04-01,6,pending
DSP-01274,ORD-00580,item_not_received,2026-04-01,13,pending
DSP-01275,ORD-16188,not_as_described,2026-04-01,23,pending
DSP-01276,ORD-05575,item_not_received,2026-04-01,15,pending
DSP-01277,ORD-17266,not_as_described,2026-04-01,7,pending
DSP-01278,ORD-14805,item_not_received,2026-04-01,19,pending
DSP-01279,ORD-13982,unauthorized_transaction,2026-04-01,23,pending
DSP-01280,ORD-01896,duplicate_charge,2026-04-01,11,pending
DSP-01281,ORD-16534,duplicate_charge,2026-04-01,19,pending
DSP-01282,ORD-13498,not_as_described,2026-04-01,11,pending
DSP-01283,ORD-13106,duplicate_charge,2026-04-01,9,pending
DSP-01284,ORD-13659,item_not_received,2026-04-01,2,pending
DSP-01285,ORD-15782,not_as_described,2026-04-01,14,pending
DSP-01286,ORD-05866,item_not_received,2026-04-01,9,pending
DSP-01287,ORD-10829,item_not_received,2026-04-01,16,pending
DSP-01288,ORD-17101,unauthorized_transaction,2026-04-01,11,pending
DSP-01289,ORD-16048,item_not_received,2026-04-01,19,pending
DSP-01290,ORD-05593,item_not_received,2026-04-01,6,pending
DSP-01291,ORD-02069,item_not_received,2026-04-01,5,pending
DSP-01292,ORD-12318,item_not_received,2026-04-01,3,pending
DSP-01293,ORD-09218,item_not_received,2026-04-01,23,pending
DSP-01294,ORD-12430,unauthorized_transaction,2026-04-01,7,pending
DSP-01295,ORD-16503,not_as_described,2026-04-01,22,pending
DSP-01296,ORD-19622,not_as_described,2026-04-01,17,pending
DSP-01297,ORD-09739,item_not_received,2026-04-01,21,pending
DSP-01298,ORD-06814,not_as_described,2026-04-01,16,pending
DSP-01299,ORD-02893,unauthorized_transaction,2026-04-01,17,pending
DSP-01300,ORD-06189,unauthorized_transaction,2026-04-01,17,pending
DSP-01301,ORD-19596,not_as_described,2026-04-01,20,pending
DSP-01302,ORD-08173,unauthorized_transaction,2026-04-01,24,pending
DSP-01303,ORD-00728,duplicate_charge,2026-04-01,4,pending
DSP-01304,ORD-17427,item_not_received,2026-04-01,18,pending
DSP-01305,ORD-12142,duplicate_charge,2026-04-01,15,pending
DSP-01306,ORD-05505,item_not_received,2026-04-01,12,pending
DSP-01307,ORD-03751,unauthorized_transaction,2026-04-01,5,pending
DSP-01308,ORD-16809,item_not_received,2026-04-02,9,pending
DSP-01309,ORD-13546,not_as_described,2026-04-02,2,pending
DSP-01310,ORD-19661,not_as_described,2026-04-02,9,pending
DSP-01311,ORD-05665,item_not_received,2026-04-02,16,pending
DSP-01312,ORD-14366,unauthorized_transaction,2026-04-02,16,pending
DSP-01313,ORD-13087,item_not_received,2026-04-02,17,pending
DSP-01314,ORD-10588,not_as_described,2026-04-02,2,pending
DSP-01315,ORD-01273,not_as_described,2026-04-02,24,pending
DSP-01316,ORD-15742,not_as_described,2026-04-02,4,pending
DSP-01317,ORD-16930,unauthorized_transaction,2026-04-02,5,pending
DSP-01318,ORD-08507,unauthorized_transaction,2026-04-02,3,pending
DSP-01319,ORD-12160,not_as_described,2026-04-02,10,pending
DSP-01320,ORD-04092,unauthorized_transaction,2026-04-02,15,pending
DSP-01321,ORD-15520,not_as_described,2026-04-02,4,pending
DSP-01322,ORD-06961,item_not_received,2026-04-02,21,pending
DSP-01323,ORD-12406,duplicate_charge,2026-04-02,13,pending
DSP-01324,ORD-00996,unauthorized_transaction,2026-04-02,18,pending
DSP-01325,ORD-11379,unauthorized_transaction,2026-04-02,17,pending
DSP-01326,ORD-04344,unauthorized_transaction,2026-04-02,8,pending
DSP-01327,ORD-19189,not_as_described,2026-04-02,11,pending
DSP-01328,ORD-05134,item_not_received,2026-04-02,7,pending
DSP-01329,ORD-03510,item_not_received,2026-04-02,3,pending
DSP-01330,ORD-00865,duplicate_charge,2026-04-02,1,pending
DSP-01331,ORD-00816,not_as_described,2026-04-02,4,pending
DSP-01332,ORD-02607,item_not_received,2026-04-02,8,pending
DSP-01333,ORD-02571,unauthorized_transaction,2026-04-02,4,pending
DSP-01334,ORD-09070,not_as_described,2026-04-02,16,pending
DSP-01335,ORD-02269,unauthorized_transaction,2026-04-02,5,pending
DSP-01336,ORD-10238,not_as_described,2026-04-02,7,pending
DSP-01337,ORD-01149,item_not_received,2026-04-02,4,pending
DSP-01338,ORD-16747,item_not_received,2026-04-02,6,pending
DSP-01339,ORD-04416,unauthorized_transaction,2026-04-02,24,pending
DSP-01340,ORD-10475,unauthorized_transaction,2026-04-02,9,pending
DSP-01341,ORD-08455,item_not_received,2026-04-02,7,pending
DSP-01342,ORD-19249,not_as_described,2026-04-02,2,pending
DSP-01343,ORD-18355,not_as_described,2026-04-02,20,pending
DSP-01344,ORD-08796,duplicate_charge,2026-04-02,22,pending
DSP-01345,ORD-02837,not_as_described,2026-04-02,8,pending
DSP-01346,ORD-18238,item_not_received,2026-04-02,3,pending
DSP-01347,ORD-04014,duplicate_charge,2026-04-02,21,pending
DSP-01348,ORD-17121,item_not_received,2026-04-02,21,pending
DSP-01349,ORD-09600,not_as_described,2026-04-02,5,pending
DSP-01350,ORD-15705,unauthorized_transaction,2026-04-02,7,pending
DSP-01351,ORD-00919,item_not_received,2026-04-02,9,pending
DSP-01352,ORD-11034,duplicate_charge,2026-04-02,23,pending
DSP-01353,ORD-18909,item_not_received,2026-04-02,10,pending
DSP-01354,ORD-05035,not_as_described,2026-04-02,13,pending
DSP-01355,ORD-19276,item_not_received,2026-04-02,22,pending
DSP-01356,ORD-18268,duplicate_charge,2026-04-02,2,pending
DSP-01357,ORD-03931,duplicate_charge,2026-04-02,3,pending
DSP-01358,ORD-07511,unauthorized_transaction,2026-04-02,7,pending
DSP-01359,ORD-01553,unauthorized_transaction,2026-04-02,8,pending
DSP-01360,ORD-11042,item_not_received,2026-04-02,2,pending
DSP-01361,ORD-16670,unauthorized_transaction,2026-04-02,9,pending
DSP-01362,ORD-17448,item_not_received,2026-04-02,23,pending
DSP-01363,ORD-05787,item_not_received,2026-04-02,14,pending
DSP-01364,ORD-19340,item_not_received,2026-04-02,19,pending
DSP-01365,ORD-10756,not_as_described,2026-04-02,2,pending
DSP-01366,ORD-13372,unauthorized_transaction,2026-04-02,12,pending
DSP-01367,ORD-04083,duplicate_charge,2026-04-02,21,pending
DSP-01368,ORD-10435,item_not_received,2026-04-02,21,pending
DSP-01369,ORD-00839,item_not_received,2026-04-02,14,pending
DSP-01370,ORD-10317,unauthorized_transaction,2026-04-02,8,pending
DSP-01371,ORD-06855,unauthorized_transaction,2026-04-02,15,pending
DSP-01372,ORD-07286,unauthorized_transaction,2026-04-02,13,pending
DSP-01373,ORD-18670,unauthorized_transaction,2026-04-02,3,pending
DSP-01374,ORD-13279,not_as_described,2026-04-02,10,pending
DSP-01375,ORD-01817,not_as_described,2026-04-02,2,pending
DSP-01376,ORD-03131,not_as_described,2026-04-02,1,pending
DSP-01377,ORD-15139,unauthorized_transaction,2026-04-02,3,pending
DSP-01378,ORD-19067,unauthorized_transaction,2026-04-02,4,pending
DSP-01379,ORD-12214,item_not_received,2026-04-02,20,pending
DSP-01380,ORD-02941,not_as_described,2026-04-02,22,pending
DSP-01381,ORD-11952,unauthorized_transaction,2026-04-02,7,pending
DSP-01382,ORD-14275,duplicate_charge,2026-04-02,10,pending
DSP-01383,ORD-00721,item_not_received,2026-04-02,1,pending
DSP-01384,ORD-02717,unauthorized_transaction,2026-04-02,13,pending
DSP-01385,ORD-02827,item_not_received,2026-04-02,21,pending
DSP-01386,ORD-04093,duplicate_charge,2026-04-02,3,pending
DSP-01387,ORD-07156,item_not_received,2026-04-02,3,pending
DSP-01388,ORD-05006,item_not_received,2026-04-02,9,pending
DSP-01389,ORD-01074,item_not_received,2026-04-02,13,pending
DSP-01390,ORD-11467,not_as_described,2026-04-03,11,pending
DSP-01391,ORD-04559,not_as_described,2026-04-03,15,pending
DSP-01392,ORD-11677,item_not_received,2026-04-03,3,pending
DSP-01393,ORD-19071,unauthorized_transaction,2026-04-03,9,pending
DSP-01394,ORD-01449,not_as_described,2026-04-03,11,pending
DSP-01395,ORD-19127,not_as_described,2026-04-03,8,pending
DSP-01396,ORD-18135,unauthorized_transaction,2026-04-03,11,pending
DSP-01397,ORD-05996,duplicate_charge,2026-04-03,21,pending
DSP-01398,ORD-11861,duplicate_charge,2026-04-03,19,pending
DSP-01399,ORD-08302,unauthorized_transaction,2026-04-03,16,pending
DSP-01400,ORD-18977,item_not_received,2026-04-03,3,pending
DSP-01401,ORD-11715,unauthorized_transaction,2026-04-03,23,pending
DSP-01402,ORD-09770,not_as_described,2026-04-03,13,pending
DSP-01403,ORD-06270,duplicate_charge,2026-04-03,23,pending
DSP-01404,ORD-10814,item_not_received,2026-04-03,18,pending
DSP-01405,ORD-16499,duplicate_charge,2026-04-03,3,pending
DSP-01406,ORD-03576,item_not_received,2026-04-03,22,pending
DSP-01407,ORD-04155,item_not_received,2026-04-03,4,pending
DSP-01408,ORD-06674,item_not_received,2026-04-03,9,pending
DSP-01409,ORD-11478,unauthorized_transaction,2026-04-03,12,pending
DSP-01410,ORD-09324,item_not_received,2026-04-03,3,pending
DSP-01411,ORD-19202,item_not_received,2026-04-03,14,pending
DSP-01412,ORD-09162,item_not_received,2026-04-03,4,pending
DSP-01413,ORD-18405,unauthorized_transaction,2026-04-03,12,pending
DSP-01414,ORD-03127,not_as_described,2026-04-03,12,pending
DSP-01415,ORD-09429,unauthorized_transaction,2026-04-03,15,pending
DSP-01416,ORD-07631,item_not_received,2026-04-03,16,pending
DSP-01417,ORD-06373,not_as_described,2026-04-03,24,pending
DSP-01418,ORD-05600,unauthorized_transaction,2026-04-03,13,pending
DSP-01419,ORD-15846,unauthorized_transaction,2026-04-03,19,pending
DSP-01420,ORD-09611,duplicate_charge,2026-04-03,9,pending
DSP-01421,ORD-01507,not_as_described,2026-04-03,5,pending
DSP-01422,ORD-18719,not_as_described,2026-04-03,23,pending
DSP-01423,ORD-01745,item_not_received,2026-04-03,19,pending
DSP-01424,ORD-14790,duplicate_charge,2026-04-03,10,pending
DSP-01425,ORD-13296,item_not_received,2026-04-03,23,pending
DSP-01426,ORD-07548,unauthorized_transaction,2026-04-03,3,pending
DSP-01427,ORD-19411,unauthorized_transaction,2026-04-03,4,pending
DSP-01428,ORD-01892,not_as_described,2026-04-03,11,pending
DSP-01429,ORD-10707,duplicate_charge,2026-04-03,11,pending
DSP-01430,ORD-00597,unauthorized_transaction,2026-04-03,22,pending
DSP-01431,ORD-08499,unauthorized_transaction,2026-04-03,4,pending
DSP-01432,ORD-18892,duplicate_charge,2026-04-03,5,pending
DSP-01433,ORD-06729,item_not_received,2026-04-03,21,pending
DSP-01434,ORD-12789,unauthorized_transaction,2026-04-03,9,pending
DSP-01435,ORD-02612,item_not_received,2026-04-03,16,pending
DSP-01436,ORD-05694,duplicate_charge,2026-04-03,24,pending
DSP-01437,ORD-03378,duplicate_charge,2026-04-03,3,pending
DSP-01438,ORD-16902,not_as_described,2026-04-03,8,pending
DSP-01439,ORD-16290,item_not_received,2026-04-03,8,pending
DSP-01440,ORD-01941,item_not_received,2026-04-03,16,pending
DSP-01441,ORD-14940,unauthorized_transaction,2026-04-03,5,pending
DSP-01442,ORD-01123,not_as_described,2026-04-03,4,pending
DSP-01443,ORD-13970,unauthorized_transaction,2026-04-03,1,pending
DSP-01444,ORD-10051,not_as_described,2026-04-03,4,pending
DSP-01445,ORD-06778,item_not_received,2026-04-03,1,pending
DSP-01446,ORD-14998,unauthorized_transaction,2026-04-03,11,pending
DSP-01447,ORD-09831,not_as_described,2026-04-03,4,pending
DSP-01448,ORD-18088,item_not_received,2026-04-03,22,pending
DSP-01449,ORD-16253,unauthorized_transaction,2026-04-03,10,pending
DSP-01450,ORD-13231,not_as_described,2026-04-03,12,pending
DSP-01451,ORD-14019,not_as_described,2026-04-03,24,pending
DSP-01452,ORD-05322,item_not_received,2026-04-03,14,pending
DSP-01453,ORD-02907,not_as_described,2026-04-03,19,pending
DSP-01454,ORD-14415,duplicate_charge,2026-04-03,17,pending
DSP-01455,ORD-05021,item_not_received,2026-04-03,6,pending
DSP-01456,ORD-13308,duplicate_charge,2026-04-03,3,pending
DSP-01457,ORD-11570,not_as_described,2026-04-03,14,pending
DSP-01458,ORD-11463,not_as_described,2026-04-03,21,pending
DSP-01459,ORD-10354,not_as_described,2026-04-03,18,pending
DSP-01460,ORD-14119,not_as_described,2026-04-03,7,pending
DSP-01461,ORD-08864,unauthorized_transaction,2026-04-03,5,pending
DSP-01462,ORD-12278,unauthorized_transaction,2026-04-03,24,pending
DSP-01463,ORD-01777,item_not_received,2026-04-03,15,pending
DSP-01464,ORD-04764,duplicate_charge,2026-04-03,12,pending
DSP-01465,ORD-15684,item_not_received,2026-04-03,20,pending
DSP-01466,ORD-18603,item_not_received,2026-04-03,7,pending
DSP-01467,ORD-09063,unauthorized_transaction,2026-04-03,10,pending
DSP-01468,ORD-00451,not_as_described,2026-04-03,1,pending
DSP-01469,ORD-05160,unauthorized_transaction,2026-04-03,6,pending
DSP-01470,ORD-17620,duplicate_charge,2026-04-03,5,pending
DSP-01471,ORD-16297,item_not_received,2026-04-03,17,pending
DSP-01472,ORD-12096,item_not_received,2026-04-03,3,pending
DSP-01473,ORD-18048,unauthorized_transaction,2026-04-03,2,pending
DSP-01474,ORD-18279,item_not_received,2026-04-03,24,pending
DSP-01475,ORD-01873,item_not_received,2026-04-03,22,pending
DSP-01476,ORD-13378,item_not_received,2026-04-03,6,pending
DSP-01477,ORD-19241,not_as_described,2026-04-03,19,pending
DSP-01478,ORD-19026,duplicate_charge,2026-04-03,14,pending
DSP-01479,ORD-05646,not_as_described,2026-04-03,13,pending
DSP-01480,ORD-18496,item_not_received,2026-04-03,18,pending
DSP-01481,ORD-08390,unauthorized_transaction,2026-04-03,20,pending
DSP-01482,ORD-10550,duplicate_charge,2026-04-03,5,pending
DSP-01483,ORD-06163,unauthorized_transaction,2026-04-03,7,pending
DSP-01484,ORD-18561,not_as_described,2026-04-03,8,pending
DSP-01485,ORD-11258,item_not_received,2026-04-03,1,pending
DSP-01486,ORD-05538,not_as_described,2026-04-03,19,pending
DSP-01487,ORD-05470,duplicate_charge,2026-04-03,9,pending
DSP-01488,ORD-19094,duplicate_charge,2026-04-03,16,pending
DSP-01489,ORD-09792,unauthorized_transaction,2026-04-03,14,pending
DSP-01490,ORD-18875,item_not_received,2026-04-03,7,pending
DSP-01491,ORD-08656,not_as_described,2026-04-03,7,pending
DSP-01492,ORD-11830,not_as_described,2026-04-03,4,pending
DSP-01493,ORD-14457,item_not_received,2026-04-03,8,pending
DSP-01494,ORD-11844,not_as_described,2026-04-03,5,pending
DSP-01495,ORD-13664,not_as_described,2026-04-03,8,pending
DSP-01496,ORD-10680,duplicate_charge,2026-04-03,6,pending
DSP-01497,ORD-04012,duplicate_charge,2026-04-04,18,pending
DSP-01498,ORD-15206,not_as_described,2026-04-04,20,pending
DSP-01499,ORD-10118,duplicate_charge,2026-04-04,16,pending
DSP-01500,ORD-04997,item_not_received,2026-04-04,16,pending
DSP-01501,ORD-15817,item_not_received,2026-04-04,11,pending
DSP-01502,ORD-05750,item_not_received,2026-04-04,9,pending
DSP-01503,ORD-07157,unauthorized_transaction,2026-04-04,24,pending
DSP-01504,ORD-16455,duplicate_charge,2026-04-04,13,pending
DSP-01505,ORD-05671,not_as_described,2026-04-04,8,pending
DSP-01506,ORD-04279,duplicate_charge,2026-04-04,21,pending
DSP-01507,ORD-14392,item_not_received,2026-04-04,10,pending
DSP-01508,ORD-04380,unauthorized_transaction,2026-04-04,16,pending
DSP-01509,ORD-06874,not_as_described,2026-04-04,9,pending
DSP-01510,ORD-16971,item_not_received,2026-04-04,4,pending
DSP-01511,ORD-19811,unauthorized_transaction,2026-04-04,12,pending
DSP-01512,ORD-07364,duplicate_charge,2026-04-04,15,pending
DSP-01513,ORD-18047,unauthorized_transaction,2026-04-04,11,pending
DSP-01514,ORD-19831,item_not_received,2026-04-04,11,pending
DSP-01515,ORD-15209,item_not_received,2026-04-04,18,pending
DSP-01516,ORD-16737,unauthorized_transaction,2026-04-04,9,pending
DSP-01517,ORD-10336,unauthorized_transaction,2026-04-04,17,pending
DSP-01518,ORD-14106,item_not_received,2026-04-04,7,pending
DSP-01519,ORD-07956,duplicate_charge,2026-04-04,7,pending
DSP-01520,ORD-09411,not_as_described,2026-04-04,6,pending
DSP-01521,ORD-00837,duplicate_charge,2026-04-04,16,pending
DSP-01522,ORD-04762,unauthorized_transaction,2026-04-04,19,pending
DSP-01523,ORD-15778,not_as_described,2026-04-04,13,pending
DSP-01524,ORD-08808,item_not_received,2026-04-04,6,pending
DSP-01525,ORD-00707,not_as_described,2026-04-04,6,pending
DSP-01526,ORD-00652,not_as_described,2026-04-04,6,pending
DSP-01527,ORD-02615,not_as_described,2026-04-04,11,pending
DSP-01528,ORD-02257,unauthorized_transaction,2026-04-04,6,pending
DSP-01529,ORD-12315,not_as_described,2026-04-04,12,pending
DSP-01530,ORD-06077,item_not_received,2026-04-04,10,pending
DSP-01531,ORD-19552,item_not_received,2026-04-04,16,pending
DSP-01532,ORD-00654,not_as_described,2026-04-04,11,pending
DSP-01533,ORD-18363,item_not_received,2026-04-04,20,pending
DSP-01534,ORD-17237,item_not_received,2026-04-04,3,pending
DSP-01535,ORD-01121,item_not_received,2026-04-04,5,pending
DSP-01536,ORD-06686,not_as_described,2026-04-04,4,pending
DSP-01537,ORD-08026,unauthorized_transaction,2026-04-04,13,pending
DSP-01538,ORD-15858,not_as_described,2026-04-04,3,pending
DSP-01539,ORD-10523,unauthorized_transaction,2026-04-04,9,pending
DSP-01540,ORD-18765,unauthorized_transaction,2026-04-04,21,pending
DSP-01541,ORD-00653,item_not_received,2026-04-04,6,pending
DSP-01542,ORD-04777,not_as_described,2026-04-04,22,pending
DSP-01543,ORD-07685,unauthorized_transaction,2026-04-04,1,pending
DSP-01544,ORD-17388,not_as_described,2026-04-04,23,pending
DSP-01545,ORD-04974,item_not_received,2026-04-04,4,pending
DSP-01546,ORD-08245,duplicate_charge,2026-04-04,13,pending
DSP-01547,ORD-17792,duplicate_charge,2026-04-04,14,pending
DSP-01548,ORD-13367,unauthorized_transaction,2026-04-04,22,pending
DSP-01549,ORD-06682,not_as_described,2026-04-04,18,pending
DSP-01550,ORD-02276,duplicate_charge,2026-04-04,8,pending
DSP-01551,ORD-00096,item_not_received,2026-04-04,2,pending
DSP-01552,ORD-04134,duplicate_charge,2026-04-04,2,pending
DSP-01553,ORD-09412,unauthorized_transaction,2026-04-04,24,pending
DSP-01554,ORD-06335,item_not_received,2026-04-04,21,pending
DSP-01555,ORD-06138,item_not_received,2026-04-04,5,pending
DSP-01556,ORD-12502,duplicate_charge,2026-04-04,8,pending
DSP-01557,ORD-00490,not_as_described,2026-04-04,17,pending
DSP-01558,ORD-13947,item_not_received,2026-04-04,15,pending
DSP-01559,ORD-16735,not_as_described,2026-04-04,12,pending
DSP-01560,ORD-08552,item_not_received,2026-04-04,1,pending
DSP-01561,ORD-10715,unauthorized_transaction,2026-04-04,10,pending
DSP-01562,ORD-18605,item_not_received,2026-04-04,1,pending
DSP-01563,ORD-06272,not_as_described,2026-04-04,24,pending
DSP-01564,ORD-12786,duplicate_charge,2026-04-04,8,pending
DSP-01565,ORD-08244,duplicate_charge,2026-04-04,17,pending
DSP-01566,ORD-07797,not_as_described,2026-04-04,22,pending
DSP-01567,ORD-10355,not_as_described,2026-04-04,22,pending
DSP-01568,ORD-12973,unauthorized_transaction,2026-04-04,15,pending
DSP-01569,ORD-14152,not_as_described,2026-04-04,20,pending
DSP-01570,ORD-06641,unauthorized_transaction,2026-04-04,18,pending
DSP-01571,ORD-19708,unauthorized_transaction,2026-04-04,22,pending
DSP-01572,ORD-16935,not_as_described,2026-04-04,18,pending
DSP-01573,ORD-02363,unauthorized_transaction,2026-04-04,8,pending
DSP-01574,ORD-02940,not_as_described,2026-04-04,23,pending
DSP-01575,ORD-17588,not_as_described,2026-04-04,23,pending
DSP-01576,ORD-02737,duplicate_charge,2026-04-04,20,pending
DSP-01577,ORD-13653,item_not_received,2026-04-04,7,pending
DSP-01578,ORD-04256,unauthorized_transaction,2026-04-04,4,pending
DSP-01579,ORD-14821,item_not_received,2026-04-04,19,pending
DSP-01580,ORD-12809,duplicate_charge,2026-04-04,16,pending
DSP-01581,ORD-14032,not_as_described,2026-04-04,1,pending
DSP-01582,ORD-18542,not_as_described,2026-04-04,23,pending
DSP-01583,ORD-17993,not_as_described,2026-04-04,20,pending
DSP-01584,ORD-15575,duplicate_charge,2026-04-04,9,pending
DSP-01585,ORD-17314,item_not_received,2026-04-04,17,pending
DSP-01586,ORD-10072,duplicate_charge,2026-04-04,21,pending
DSP-01587,ORD-11946,not_as_described,2026-04-04,24,pending
DSP-01588,ORD-15868,unauthorized_transaction,2026-04-04,8,pending
DSP-01589,ORD-07684,not_as_described,2026-04-04,7,pending
DSP-01590,ORD-04547,duplicate_charge,2026-04-04,11,pending
DSP-01591,ORD-19517,unauthorized_transaction,2026-04-04,9,pending
DSP-01592,ORD-14477,not_as_described,2026-04-04,8,pending
DSP-01593,ORD-00592,item_not_received,2026-04-04,17,pending
DSP-01594,ORD-15688,item_not_received,2026-04-04,10,pending
DSP-01595,ORD-18222,duplicate_charge,2026-04-04,18,pending
DSP-01596,ORD-16133,not_as_described,2026-04-04,22,pending
DSP-01597,ORD-15515,item_not_received,2026-04-04,20,pending
DSP-01598,ORD-01888,duplicate_charge,2026-04-04,19,pending
DSP-01599,ORD-12829,duplicate_charge,2026-04-04,8,pending
DSP-01600,ORD-17149,not_as_described,2026-04-04,12,pending
DSP-01601,ORD-07084,not_as_described,2026-04-04,16,pending
DSP-01602,ORD-02548,unauthorized_transaction,2026-04-04,21,pending
DSP-01603,ORD-02739,unauthorized_transaction,2026-04-04,12,pending
DSP-01604,ORD-19669,not_as_described,2026-04-04,8,pending
DSP-01605,ORD-02889,unauthorized_transaction,2026-04-04,9,pending
DSP-01606,ORD-05688,unauthorized_transaction,2026-04-04,6,pending
DSP-01607,ORD-19266,duplicate_charge,2026-04-04,11,pending
DSP-01608,ORD-10634,not_as_described,2026-04-04,15,pending
DSP-01609,ORD-18006,duplicate_charge,2026-04-04,16,pending
DSP-01610,ORD-02664,item_not_received,2026-04-04,22,pending
DSP-01611,ORD-19539,not_as_described,2026-04-04,14,pending
DSP-01612,ORD-09746,item_not_received,2026-04-04,4,pending
DSP-01613,ORD-11892,not_as_described,2026-04-04,1,pending
DSP-01614,ORD-19493,not_as_described,2026-04-04,13,pending
DSP-01615,ORD-13163,not_as_described,2026-04-04,14,pending
DSP-01616,ORD-03706,item_not_received,2026-04-04,5,pending
DSP-01617,ORD-15325,item_not_received,2026-04-04,3,pending
DSP-01618,ORD-08876,item_not_received,2026-04-04,16,pending
DSP-01619,ORD-06548,not_as_described,2026-04-04,6,pending
DSP-01620,ORD-04168,item_not_received,2026-04-04,9,pending
DSP-01621,ORD-19213,item_not_received,2026-04-04,19,pending
DSP-01622,ORD-04697,duplicate_charge,2026-04-04,19,pending
DSP-01623,ORD-13845,not_as_described,2026-04-04,17,pending
DSP-01624,ORD-16585,duplicate_charge,2026-04-04,4,pending
DSP-01625,ORD-17223,unauthorized_transaction,2026-04-04,8,pending
DSP-01626,ORD-19470,not_as_described,2026-04-04,15,pending
DSP-01627,ORD-07072,not_as_described,2026-04-04,12,pending
DSP-01628,ORD-14314,not_as_described,2026-04-04,6,pending
DSP-01629,ORD-19153,not_as_described,2026-04-05,17,pending
DSP-01630,ORD-06082,not_as_described,2026-04-05,16,pending
DSP-01631,ORD-01963,duplicate_charge,2026-04-05,9,pending
DSP-01632,ORD-08516,unauthorized_transaction,2026-04-05,12,pending
DSP-01633,ORD-06170,item_not_received,2026-04-05,22,pending
DSP-01634,ORD-03559,unauthorized_transaction,2026-04-05,8,pending
DSP-01635,ORD-10484,unauthorized_transaction,2026-04-05,17,pending
DSP-01636,ORD-05812,duplicate_charge,2026-04-05,21,pending
DSP-01637,ORD-14949,item_not_received,2026-04-05,22,pending
DSP-01638,ORD-05210,unauthorized_transaction,2026-04-05,11,pending
DSP-01639,ORD-00421,unauthorized_transaction,2026-04-05,18,pending
DSP-01640,ORD-19201,duplicate_charge,2026-04-05,20,pending
DSP-01641,ORD-08385,unauthorized_transaction,2026-04-05,12,pending
DSP-01642,ORD-19138,not_as_described,2026-04-05,4,pending
DSP-01643,ORD-12998,unauthorized_transaction,2026-04-05,17,pending
DSP-01644,ORD-14158,not_as_described,2026-04-05,17,pending
DSP-01645,ORD-05561,unauthorized_transaction,2026-04-05,4,pending
DSP-01646,ORD-05883,item_not_received,2026-04-05,5,pending
DSP-01647,ORD-10947,not_as_described,2026-04-05,17,pending
DSP-01648,ORD-08950,not_as_described,2026-04-05,5,pending
DSP-01649,ORD-10447,not_as_described,2026-04-05,11,pending
DSP-01650,ORD-16672,duplicate_charge,2026-04-05,12,pending
DSP-01651,ORD-02680,item_not_received,2026-04-05,3,pending
DSP-01652,ORD-03262,item_not_received,2026-04-05,20,pending
DSP-01653,ORD-11937,item_not_received,2026-04-05,16,pending
DSP-01654,ORD-12338,duplicate_charge,2026-04-05,12,pending
DSP-01655,ORD-14647,item_not_received,2026-04-05,24,pending
DSP-01656,ORD-09976,not_as_described,2026-04-05,15,pending
DSP-01657,ORD-12038,item_not_received,2026-04-05,6,pending
DSP-01658,ORD-12319,item_not_received,2026-04-05,14,pending
DSP-01659,ORD-08394,not_as_described,2026-04-05,4,pending
DSP-01660,ORD-02209,unauthorized_transaction,2026-04-05,6,pending
DSP-01661,ORD-07143,unauthorized_transaction,2026-04-05,16,pending
DSP-01662,ORD-19242,duplicate_charge,2026-04-05,19,pending
DSP-01663,ORD-05475,item_not_received,2026-04-05,4,pending
DSP-01664,ORD-10892,not_as_described,2026-04-05,23,pending
DSP-01665,ORD-10249,not_as_described,2026-04-05,19,pending
DSP-01666,ORD-19632,unauthorized_transaction,2026-04-05,6,pending
DSP-01667,ORD-04048,unauthorized_transaction,2026-04-05,5,pending
DSP-01668,ORD-11558,not_as_described,2026-04-05,16,pending
DSP-01669,ORD-07049,not_as_described,2026-04-05,1,pending
DSP-01670,ORD-16959,unauthorized_transaction,2026-04-05,18,pending
DSP-01671,ORD-10767,unauthorized_transaction,2026-04-05,15,pending
DSP-01672,ORD-00757,duplicate_charge,2026-04-05,12,pending
DSP-01673,ORD-00578,not_as_described,2026-04-05,18,pending
DSP-01674,ORD-12515,item_not_received,2026-04-05,1,pending
DSP-01675,ORD-18058,item_not_received,2026-04-05,2,pending
DSP-01676,ORD-10949,item_not_received,2026-04-05,18,pending
DSP-01677,ORD-07773,not_as_described,2026-04-05,8,pending
DSP-01678,ORD-15194,item_not_received,2026-04-05,18,pending
DSP-01679,ORD-10755,duplicate_charge,2026-04-05,2,pending
DSP-01680,ORD-04234,duplicate_charge,2026-04-05,1,pending
DSP-01681,ORD-06647,unauthorized_transaction,2026-04-05,21,pending
DSP-01682,ORD-03675,not_as_described,2026-04-05,1,pending
DSP-01683,ORD-17131,not_as_described,2026-04-05,14,pending
DSP-01684,ORD-06828,unauthorized_transaction,2026-04-05,20,pending
DSP-01685,ORD-01891,unauthorized_transaction,2026-04-05,4,pending
DSP-01686,ORD-19626,unauthorized_transaction,2026-04-05,15,pending
DSP-01687,ORD-01000,not_as_described,2026-04-05,15,pending
DSP-01688,ORD-18604,unauthorized_transaction,2026-04-05,24,pending
DSP-01689,ORD-17108,item_not_received,2026-04-05,2,pending
DSP-01690,ORD-09166,not_as_described,2026-04-05,6,pending
DSP-01691,ORD-03534,item_not_received,2026-04-05,7,pending
DSP-01692,ORD-02307,not_as_described,2026-04-05,22,pending
DSP-01693,ORD-03385,duplicate_charge,2026-04-05,21,pending
DSP-01694,ORD-16134,item_not_received,2026-04-05,19,pending
DSP-01695,ORD-12588,not_as_described,2026-04-05,4,pending
DSP-01696,ORD-10261,duplicate_charge,2026-04-05,7,pending
DSP-01697,ORD-19595,not_as_described,2026-04-05,11,pending
DSP-01698,ORD-05403,not_as_described,2026-04-05,8,pending
DSP-01699,ORD-15204,item_not_received,2026-04-05,15,pending
DSP-01700,ORD-04685,item_not_received,2026-04-05,19,pending
DSP-01701,ORD-04202,item_not_received,2026-04-05,18,pending
DSP-01702,ORD-16123,item_not_received,2026-04-05,19,pending
DSP-01703,ORD-17980,unauthorized_transaction,2026-04-05,8,pending
DSP-01704,ORD-12413,item_not_received,2026-04-05,14,pending
DSP-01705,ORD-13694,duplicate_charge,2026-04-05,17,pending
DSP-01706,ORD-17724,duplicate_charge,2026-04-05,2,pending
DSP-01707,ORD-04858,not_as_described,2026-04-05,3,pending
DSP-01708,ORD-10303,duplicate_charge,2026-04-05,17,pending
DSP-01709,ORD-02078,item_not_received,2026-04-05,13,pending
DSP-01710,ORD-09208,duplicate_charge,2026-04-05,21,pending
DSP-01711,ORD-18301,not_as_described,2026-04-05,1,pending
DSP-01712,ORD-07610,item_not_received,2026-04-05,11,pending
DSP-01713,ORD-08588,unauthorized_transaction,2026-04-05,24,pending
DSP-01714,ORD-19557,item_not_received,2026-04-05,24,pending
DSP-01715,ORD-13780,not_as_described,2026-04-05,7,pending
DSP-01716,ORD-07666,not_as_described,2026-04-05,20,pending
DSP-01717,ORD-03884,item_not_received,2026-04-05,1,pending
DSP-01718,ORD-02349,item_not_received,2026-04-05,18,pending
DSP-01719,ORD-19974,item_not_received,2026-04-05,3,pending
DSP-01720,ORD-14465,item_not_received,2026-04-05,5,pending
DSP-01721,ORD-04345,not_as_described,2026-04-05,15,pending
DSP-01722,ORD-00747,not_as_described,2026-04-05,23,pending
DSP-01723,ORD-15558,item_not_received,2026-04-05,20,pending
DSP-01724,ORD-17462,unauthorized_transaction,2026-04-05,3,pending
DSP-01725,ORD-12136,not_as_described,2026-04-05,5,pending
DSP-01726,ORD-04678,unauthorized_transaction,2026-04-05,21,pending
DSP-01727,ORD-02817,not_as_described,2026-04-05,4,pending
DSP-01728,ORD-19903,item_not_received,2026-04-05,16,pending
DSP-01729,ORD-09526,unauthorized_transaction,2026-04-05,8,pending
DSP-01730,ORD-13747,not_as_described,2026-04-05,1,pending
DSP-01731,ORD-10285,item_not_received,2026-04-05,6,pending
DSP-01732,ORD-00741,other_unclassified,2026-04-05,10,pending
DSP-01733,ORD-18811,duplicate_charge,2026-04-05,14,pending
DSP-01734,ORD-14614,item_not_received,2026-04-06,23,pending
DSP-01735,ORD-06432,item_not_received,2026-04-06,16,pending
DSP-01736,ORD-01576,not_as_described,2026-04-06,12,pending
DSP-01737,ORD-14881,duplicate_charge,2026-04-06,3,pending
DSP-01738,ORD-02989,item_not_received,2026-04-06,23,pending
DSP-01739,ORD-02076,not_as_described,2026-04-06,11,pending
DSP-01740,ORD-02142,item_not_received,2026-04-06,12,pending
DSP-01741,ORD-17698,item_not_received,2026-04-06,19,pending
DSP-01742,ORD-07855,item_not_received,2026-04-06,23,pending
DSP-01743,ORD-01435,duplicate_charge,2026-04-06,20,pending
DSP-01744,ORD-17203,item_not_received,2026-04-06,10,pending
DSP-01745,ORD-10230,duplicate_charge,2026-04-06,7,pending
DSP-01746,ORD-00992,item_not_received,2026-04-06,15,pending
DSP-01747,ORD-11732,unauthorized_transaction,2026-04-06,6,pending
DSP-01748,ORD-03654,unauthorized_transaction,2026-04-06,23,pending
DSP-01749,ORD-14747,item_not_received,2026-04-06,12,pending
DSP-01750,ORD-07829,duplicate_charge,2026-04-06,19,pending
DSP-01751,ORD-04446,not_as_described,2026-04-06,10,pending
DSP-01752,ORD-17816,unauthorized_transaction,2026-04-06,21,pending
DSP-01753,ORD-15387,item_not_received,2026-04-06,24,pending
DSP-01754,ORD-17180,unauthorized_transaction,2026-04-06,3,pending
DSP-01755,ORD-06079,duplicate_charge,2026-04-06,14,pending
DSP-01756,ORD-06128,item_not_received,2026-04-06,10,pending
DSP-01757,ORD-19804,unauthorized_transaction,2026-04-06,4,pending
DSP-01758,ORD-00994,item_not_received,2026-04-06,2,pending
DSP-01759,ORD-17673,not_as_described,2026-04-06,12,pending
DSP-01760,ORD-13663,duplicate_charge,2026-04-06,10,pending
DSP-01761,ORD-06943,duplicate_charge,2026-04-06,16,pending
DSP-01762,ORD-10430,unauthorized_transaction,2026-04-06,5,pending
DSP-01763,ORD-12848,unauthorized_transaction,2026-04-06,19,pending
DSP-01764,ORD-00950,item_not_received,2026-04-06,6,pending
DSP-01765,ORD-19680,item_not_received,2026-04-06,17,pending
DSP-01766,ORD-17952,item_not_received,2026-04-06,10,pending
DSP-01767,ORD-03072,duplicate_charge,2026-04-06,5,pending
DSP-01768,ORD-07327,item_not_received,2026-04-06,24,pending
DSP-01769,ORD-08500,not_as_described,2026-04-06,23,pending
DSP-01770,ORD-19915,item_not_received,2026-04-06,6,pending
DSP-01771,ORD-05664,item_not_received,2026-04-06,21,pending
DSP-01772,ORD-18012,not_as_described,2026-04-06,16,pending
DSP-01773,ORD-04402,not_as_described,2026-04-06,20,pending
DSP-01774,ORD-03300,item_not_received,2026-04-06,1,pending
DSP-01775,ORD-15296,not_as_described,2026-04-06,5,pending
DSP-01776,ORD-07373,duplicate_charge,2026-04-06,20,pending
DSP-01777,ORD-11776,unauthorized_transaction,2026-04-06,20,pending
DSP-01778,ORD-06354,not_as_described,2026-04-06,9,pending
DSP-01779,ORD-19702,duplicate_charge,2026-04-06,3,pending
DSP-01780,ORD-01192,duplicate_charge,2026-04-06,10,pending
DSP-01781,ORD-04525,unauthorized_transaction,2026-04-06,2,pending
DSP-01782,ORD-16010,unauthorized_transaction,2026-04-06,2,pending
DSP-01783,ORD-03602,item_not_received,2026-04-06,1,pending
DSP-01784,ORD-07732,unauthorized_transaction,2026-04-06,17,pending
DSP-01785,ORD-10686,unauthorized_transaction,2026-04-06,5,pending
DSP-01786,ORD-05126,duplicate_charge,2026-04-06,10,pending
DSP-01787,ORD-12224,not_as_described,2026-04-06,8,pending
DSP-01788,ORD-02499,item_not_received,2026-04-06,24,pending
DSP-01789,ORD-18697,not_as_described,2026-04-06,20,pending
DSP-01790,ORD-01197,unauthorized_transaction,2026-04-06,16,pending
DSP-01791,ORD-12208,not_as_described,2026-04-06,15,pending
DSP-01792,ORD-07913,not_as_described,2026-04-06,18,pending
DSP-01793,ORD-03766,unauthorized_transaction,2026-04-06,24,pending
DSP-01794,ORD-18629,not_as_described,2026-04-06,2,pending
DSP-01795,ORD-18825,not_as_described,2026-04-06,8,pending
DSP-01796,ORD-19950,item_not_received,2026-04-06,9,pending
DSP-01797,ORD-16686,unauthorized_transaction,2026-04-06,8,pending
DSP-01798,ORD-03888,item_not_received,2026-04-06,18,pending
DSP-01799,ORD-03466,item_not_received,2026-04-06,9,pending
DSP-01800,ORD-18148,unauthorized_transaction,2026-04-06,22,pending
DSP-01801,ORD-13817,unauthorized_transaction,2026-04-06,24,pending
DSP-01802,ORD-17356,not_as_described,2026-04-06,24,pending
DSP-01803,ORD-10233,unauthorized_transaction,2026-04-06,2,pending
DSP-01804,ORD-03637,not_as_described,2026-04-06,15,pending
DSP-01805,ORD-16710,not_as_described,2026-04-06,16,pending
DSP-01806,ORD-11503,item_not_received,2026-04-06,6,pending
DSP-01807,ORD-16401,item_not_received,2026-04-06,24,pending
DSP-01808,ORD-15522,unauthorized_transaction,2026-04-06,16,pending
DSP-01809,ORD-03705,unauthorized_transaction,2026-04-06,16,pending
DSP-01810,ORD-17402,not_as_described,2026-04-06,15,pending
DSP-01811,ORD-03125,item_not_received,2026-04-06,16,pending
DSP-01812,ORD-13873,item_not_received,2026-04-06,16,pending
DSP-01813,ORD-07253,item_not_received,2026-04-06,13,pending
DSP-01814,ORD-14762,not_as_described,2026-04-06,24,pending
DSP-01815,ORD-08451,not_as_described,2026-04-06,3,pending
DSP-01816,ORD-16838,duplicate_charge,2026-04-06,5,pending
DSP-01817,ORD-15760,not_as_described,2026-04-06,18,pending
DSP-01818,ORD-09437,not_as_described,2026-04-06,20,pending
DSP-01819,ORD-08967,unauthorized_transaction,2026-04-06,19,pending
DSP-01820,ORD-02366,item_not_received,2026-04-06,15,pending
DSP-01821,ORD-16311,not_as_described,2026-04-06,1,pending
DSP-01822,ORD-16779,not_as_described,2026-04-06,13,pending
DSP-01823,ORD-06684,duplicate_charge,2026-04-06,16,pending
DSP-01824,ORD-03961,unauthorized_transaction,2026-04-06,5,pending
DSP-01825,ORD-16414,duplicate_charge,2026-04-06,6,pending
DSP-01826,ORD-18015,unauthorized_transaction,2026-04-06,18,pending
DSP-01827,ORD-00697,not_as_described,2026-04-06,7,pending
DSP-01828,ORD-18930,not_as_described,2026-04-06,15,pending
DSP-01829,ORD-07735,item_not_received,2026-04-06,2,pending
DSP-01830,ORD-03411,unauthorized_transaction,2026-04-06,10,pending
DSP-01831,ORD-14038,not_as_described,2026-04-06,7,pending
DSP-01832,ORD-19314,not_as_described,2026-04-07,13,pending
DSP-01833,ORD-13056,not_as_described,2026-04-07,19,pending
DSP-01834,ORD-19000,duplicate_charge,2026-04-07,5,pending
DSP-01835,ORD-13329,unauthorized_transaction,2026-04-07,10,pending
DSP-01836,ORD-15109,duplicate_charge,2026-04-07,11,pending
DSP-01837,ORD-08476,not_as_described,2026-04-07,13,pending
DSP-01838,ORD-00949,unauthorized_transaction,2026-04-07,1,pending
DSP-01839,ORD-18300,not_as_described,2026-04-07,21,pending
DSP-01840,ORD-00933,unauthorized_transaction,2026-04-07,4,pending
DSP-01841,ORD-03384,unauthorized_transaction,2026-04-07,22,pending
DSP-01842,ORD-17301,not_as_described,2026-04-07,2,pending
DSP-01843,ORD-19570,not_as_described,2026-04-07,20,pending
DSP-01844,ORD-06646,not_as_described,2026-04-07,10,pending
DSP-01845,ORD-11347,duplicate_charge,2026-04-07,8,pending
DSP-01846,ORD-00131,item_not_received,2026-04-07,10,pending
DSP-01847,ORD-18614,unauthorized_transaction,2026-04-07,16,pending
DSP-01848,ORD-17619,item_not_received,2026-04-07,6,pending
DSP-01849,ORD-09057,item_not_received,2026-04-07,11,pending
DSP-01850,ORD-08695,unauthorized_transaction,2026-04-07,12,pending
DSP-01851,ORD-02495,not_as_described,2026-04-07,1,pending
DSP-01852,ORD-13605,duplicate_charge,2026-04-07,19,pending
DSP-01853,ORD-18046,unauthorized_transaction,2026-04-07,17,pending
DSP-01854,ORD-06210,not_as_described,2026-04-07,3,pending
DSP-01855,ORD-18471,item_not_received,2026-04-07,15,pending
DSP-01856,ORD-04521,unauthorized_transaction,2026-04-07,12,pending
DSP-01857,ORD-11588,not_as_described,2026-04-07,20,pending
DSP-01858,ORD-07443,not_as_described,2026-04-07,13,pending
DSP-01859,ORD-02515,item_not_received,2026-04-07,1,pending
DSP-01860,ORD-13569,item_not_received,2026-04-07,17,pending
DSP-01861,ORD-11976,duplicate_charge,2026-04-07,18,pending
DSP-01862,ORD-02172,not_as_described,2026-04-07,22,pending
DSP-01863,ORD-01885,item_not_received,2026-04-07,13,pending
DSP-01864,ORD-15833,not_as_described,2026-04-07,20,pending
DSP-01865,ORD-00489,duplicate_charge,2026-04-07,6,pending
DSP-01866,ORD-15852,unauthorized_transaction,2026-04-07,5,pending
DSP-01867,ORD-12080,item_not_received,2026-04-07,1,pending
DSP-01868,ORD-18213,item_not_received,2026-04-07,11,pending
DSP-01869,ORD-17151,duplicate_charge,2026-04-07,20,pending
DSP-01870,ORD-11177,duplicate_charge,2026-04-07,11,pending
DSP-01871,ORD-01752,not_as_described,2026-04-07,8,pending
DSP-01872,ORD-05099,unauthorized_transaction,2026-04-07,19,pending
DSP-01873,ORD-17798,not_as_described,2026-04-07,16,pending
DSP-01874,ORD-13074,not_as_described,2026-04-07,9,pending
DSP-01875,ORD-03059,item_not_received,2026-04-07,11,pending
DSP-01876,ORD-12505,item_not_received,2026-04-07,7,pending
DSP-01877,ORD-17059,item_not_received,2026-04-07,10,pending
DSP-01878,ORD-04370,not_as_described,2026-04-07,1,pending
DSP-01879,ORD-03330,item_not_received,2026-04-07,17,pending
DSP-01880,ORD-09299,item_not_received,2026-04-07,9,pending
DSP-01881,ORD-14539,item_not_received,2026-04-07,16,pending
DSP-01882,ORD-04270,not_as_described,2026-04-07,17,pending
DSP-01883,ORD-18757,item_not_received,2026-04-07,17,pending
DSP-01884,ORD-04118,unauthorized_transaction,2026-04-07,14,pending
DSP-01885,ORD-06702,unauthorized_transaction,2026-04-07,15,pending
DSP-01886,ORD-00342,not_as_described,2026-04-07,8,pending
DSP-01887,ORD-15047,not_as_described,2026-04-07,14,pending
DSP-01888,ORD-03648,unauthorized_transaction,2026-04-07,22,pending
DSP-01889,ORD-16605,not_as_described,2026-04-07,11,pending
DSP-01890,ORD-15580,not_as_described,2026-04-07,1,pending
DSP-01891,ORD-06863,not_as_described,2026-04-07,15,pending
DSP-01892,ORD-11255,unauthorized_transaction,2026-04-07,6,pending
DSP-01893,ORD-19869,duplicate_charge,2026-04-07,14,pending
DSP-01894,ORD-07233,item_not_received,2026-04-07,21,pending
DSP-01895,ORD-03401,not_as_described,2026-04-07,1,pending
DSP-01896,ORD-06215,unauthorized_transaction,2026-04-07,1,pending
DSP-01897,ORD-13647,item_not_received,2026-04-07,24,pending
DSP-01898,ORD-11598,unauthorized_transaction,2026-04-07,14,pending
DSP-01899,ORD-13059,not_as_described,2026-04-07,10,pending
DSP-01900,ORD-13038,not_as_described,2026-04-07,2,pending
DSP-01901,ORD-16598,item_not_received,2026-04-07,21,pending
DSP-01902,ORD-12055,unauthorized_transaction,2026-04-07,1,pending
DSP-01903,ORD-10132,unauthorized_transaction,2026-04-07,17,pending
DSP-01904,ORD-16699,unauthorized_transaction,2026-04-07,10,pending
DSP-01905,ORD-01855,not_as_described,2026-04-07,16,pending
DSP-01906,ORD-11522,not_as_described,2026-04-07,8,pending
DSP-01907,ORD-19364,duplicate_charge,2026-04-07,12,pending
DSP-01908,ORD-18383,duplicate_charge,2026-04-07,1,pending
DSP-01909,ORD-17730,unauthorized_transaction,2026-04-07,3,pending
DSP-01910,ORD-00484,not_as_described,2026-04-07,4,pending
DSP-01911,ORD-12178,not_as_described,2026-04-07,4,pending
DSP-01912,ORD-05000,not_as_described,2026-04-07,8,pending
DSP-01913,ORD-13390,unauthorized_transaction,2026-04-07,9,pending
DSP-01914,ORD-01324,item_not_received,2026-04-07,10,pending
DSP-01915,ORD-04956,not_as_described,2026-04-07,2,pending
DSP-01916,ORD-16860,item_not_received,2026-04-07,13,pending
DSP-01917,ORD-15977,not_as_described,2026-04-07,7,pending
DSP-01918,ORD-08403,unauthorized_transaction,2026-04-07,22,pending
DSP-01919,ORD-05488,unauthorized_transaction,2026-04-07,15,pending
DSP-01920,ORD-13265,unauthorized_transaction,2026-04-07,7,pending
DSP-01921,ORD-11738,item_not_received,2026-04-07,20,pending
DSP-01922,ORD-13959,not_as_described,2026-04-07,20,pending
DSP-01923,ORD-03292,item_not_received,2026-04-07,23,pending
DSP-01924,ORD-11599,item_not_received,2026-04-08,10,pending
DSP-01925,ORD-15889,duplicate_charge,2026-04-08,3,pending
DSP-01926,ORD-00098,duplicate_charge,2026-04-08,4,pending
DSP-01927,ORD-13861,not_as_described,2026-04-08,5,pending
DSP-01928,ORD-09084,item_not_received,2026-04-08,12,pending
DSP-01929,ORD-13227,duplicate_charge,2026-04-08,6,pending
DSP-01930,ORD-07014,item_not_received,2026-04-08,5,pending
DSP-01931,ORD-08337,unauthorized_transaction,2026-04-08,5,pending
DSP-01932,ORD-18672,not_as_described,2026-04-08,2,pending
DSP-01933,ORD-16268,unauthorized_transaction,2026-04-08,16,pending
DSP-01934,ORD-15175,duplicate_charge,2026-04-08,3,pending
DSP-01935,ORD-03530,item_not_received,2026-04-08,13,pending
DSP-01936,ORD-07005,unauthorized_transaction,2026-04-08,17,pending
DSP-01937,ORD-01796,item_not_received,2026-04-08,12,pending
DSP-01938,ORD-03958,not_as_described,2026-04-08,6,pending
DSP-01939,ORD-03048,unauthorized_transaction,2026-04-08,11,pending
DSP-01940,ORD-00446,not_as_described,2026-04-08,1,pending
DSP-01941,ORD-16244,unauthorized_transaction,2026-04-08,24,pending
DSP-01942,ORD-02143,duplicate_charge,2026-04-08,16,pending
DSP-01943,ORD-17642,unauthorized_transaction,2026-04-08,14,pending
DSP-01944,ORD-10999,unauthorized_transaction,2026-04-08,16,pending
DSP-01945,ORD-10149,duplicate_charge,2026-04-08,22,pending
DSP-01946,ORD-07746,unauthorized_transaction,2026-04-08,4,pending
DSP-01947,ORD-19985,not_as_described,2026-04-08,22,pending
DSP-01948,ORD-18391,unauthorized_transaction,2026-04-08,10,pending
DSP-01949,ORD-18180,duplicate_charge,2026-04-08,15,pending
DSP-01950,ORD-14950,not_as_described,2026-04-08,22,pending
DSP-01951,ORD-13300,not_as_described,2026-04-08,2,pending
DSP-01952,ORD-08061,not_as_described,2026-04-08,10,pending
DSP-01953,ORD-08369,unauthorized_transaction,2026-04-08,1,pending
DSP-01954,ORD-18730,duplicate_charge,2026-04-08,3,pending
DSP-01955,ORD-11610,unauthorized_transaction,2026-04-08,4,pending
DSP-01956,ORD-05623,item_not_received,2026-04-08,22,pending
DSP-01957,ORD-00706,not_as_described,2026-04-08,18,pending
DSP-01958,ORD-18350,unauthorized_transaction,2026-04-08,19,pending
DSP-01959,ORD-15609,item_not_received,2026-04-08,24,pending
DSP-01960,ORD-01531,unauthorized_transaction,2026-04-08,5,pending
DSP-01961,ORD-03423,item_not_received,2026-04-08,7,pending
DSP-01962,ORD-10162,unauthorized_transaction,2026-04-08,13,pending
DSP-01963,ORD-05027,duplicate_charge,2026-04-08,15,pending
DSP-01964,ORD-00351,unauthorized_transaction,2026-04-08,17,pending
DSP-01965,ORD-10044,unauthorized_transaction,2026-04-08,15,pending
DSP-01966,ORD-12514,unauthorized_transaction,2026-04-08,7,pending
DSP-01967,ORD-04182,item_not_received,2026-04-08,3,pending
DSP-01968,ORD-17261,item_not_received,2026-04-08,7,pending
DSP-01969,ORD-12177,item_not_received,2026-04-08,9,pending
DSP-01970,ORD-04715,unauthorized_transaction,2026-04-08,8,pending
DSP-01971,ORD-19175,item_not_received,2026-04-08,9,pending
DSP-01972,ORD-15303,unauthorized_transaction,2026-04-08,4,pending
DSP-01973,ORD-11868,not_as_described,2026-04-08,10,pending
DSP-01974,ORD-14519,duplicate_charge,2026-04-08,3,pending
DSP-01975,ORD-09879,not_as_described,2026-04-08,24,pending
DSP-01976,ORD-16207,not_as_described,2026-04-08,5,pending
DSP-01977,ORD-00730,unauthorized_transaction,2026-04-08,4,pending
DSP-01978,ORD-15059,unauthorized_transaction,2026-04-08,19,pending
DSP-01979,ORD-14717,not_as_described,2026-04-08,21,pending
DSP-01980,ORD-18361,unauthorized_transaction,2026-04-08,4,pending
DSP-01981,ORD-03646,item_not_received,2026-04-08,9,pending
DSP-01982,ORD-12332,unauthorized_transaction,2026-04-08,19,pending
DSP-01983,ORD-06055,item_not_received,2026-04-08,23,pending
DSP-01984,ORD-16055,unauthorized_transaction,2026-04-08,11,pending
DSP-01985,ORD-10134,item_not_received,2026-04-08,18,pending
DSP-01986,ORD-02628,item_not_received,2026-04-08,4,pending
DSP-01987,ORD-17893,unauthorized_transaction,2026-04-08,8,pending
DSP-01988,ORD-08939,item_not_received,2026-04-08,9,pending
DSP-01989,ORD-01793,item_not_received,2026-04-08,3,pending
DSP-01990,ORD-03393,not_as_described,2026-04-08,18,pending
DSP-01991,ORD-13492,not_as_described,2026-04-08,17,pending
DSP-01992,ORD-09704,not_as_described,2026-04-08,17,pending
DSP-01993,ORD-06743,duplicate_charge,2026-04-08,8,pending
DSP-01994,ORD-13151,not_as_described,2026-04-08,14,pending
DSP-01995,ORD-08920,duplicate_charge,2026-04-08,19,pending
DSP-01996,ORD-18103,duplicate_charge,2026-04-08,1,pending
DSP-01997,ORD-09111,not_as_described,2026-04-08,4,pending
DSP-01998,ORD-12596,duplicate_charge,2026-04-08,6,pending
DSP-01999,ORD-13045,unauthorized_transaction,2026-04-08,5,pending
DSP-02000,ORD-12841,unauthorized_transaction,2026-04-08,20,pending
DSP-02001,ORD-07972,item_not_received,2026-04-08,3,pending
DSP-02002,ORD-19212,unauthorized_transaction,2026-04-08,21,pending
DSP-02003,ORD-05940,unauthorized_transaction,2026-04-08,4,pending
DSP-02004,ORD-17617,duplicate_charge,2026-04-08,13,pending
DSP-02005,ORD-08352,not_as_described,2026-04-08,1,pending
DSP-02006,ORD-08241,not_as_described,2026-04-08,12,pending
DSP-02007,ORD-12953,item_not_received,2026-04-08,15,pending
DSP-02008,ORD-03544,unauthorized_transaction,2026-04-08,14,pending
DSP-02009,ORD-03379,duplicate_charge,2026-04-08,14,pending
DSP-02010,ORD-05152,unauthorized_transaction,2026-04-08,1,pending
DSP-02011,ORD-14526,item_not_received,2026-04-08,4,pending
DSP-02012,ORD-04006,item_not_received,2026-04-08,22,pending
DSP-02013,ORD-01343,unauthorized_transaction,2026-04-08,24,pending
DSP-02014,ORD-03229,not_as_described,2026-04-08,15,pending
DSP-02015,ORD-02080,duplicate_charge,2026-04-08,17,pending
DSP-02016,ORD-00561,item_not_received,2026-04-08,7,pending
DSP-02017,ORD-00187,not_as_described,2026-04-08,11,pending
DSP-02018,ORD-17478,unauthorized_transaction,2026-04-08,10,pending
DSP-02019,ORD-18390,item_not_received,2026-04-08,17,pending
DSP-02020,ORD-19891,item_not_received,2026-04-08,1,pending
DSP-02021,ORD-09266,unauthorized_transaction,2026-04-08,17,pending
DSP-02022,ORD-13205,item_not_received,2026-04-08,16,pending
DSP-02023,ORD-17922,duplicate_charge,2026-04-08,6,pending
DSP-02024,ORD-15397,unauthorized_transaction,2026-04-08,16,pending
DSP-02025,ORD-02223,unauthorized_transaction,2026-04-08,3,pending
DSP-02026,ORD-16143,unauthorized_transaction,2026-04-08,6,pending
DSP-02027,ORD-11518,item_not_received,2026-04-08,21,pending
DSP-02028,ORD-19567,not_as_described,2026-04-08,19,pending
DSP-02029,ORD-13127,not_as_described,2026-04-08,9,pending
DSP-02030,ORD-09672,not_as_described,2026-04-08,9,pending
DSP-02031,ORD-01237,item_not_received,2026-04-08,18,pending
DSP-02032,ORD-02326,unauthorized_transaction,2026-04-09,5,pending
DSP-02033,ORD-16413,not_as_described,2026-04-09,9,pending
DSP-02034,ORD-01342,not_as_described,2026-04-09,24,pending
DSP-02035,ORD-07433,item_not_received,2026-04-09,5,pending
DSP-02036,ORD-16052,item_not_received,2026-04-09,18,pending
DSP-02037,ORD-02294,item_not_received,2026-04-09,15,pending
DSP-02038,ORD-05678,unauthorized_transaction,2026-04-09,9,pending
DSP-02039,ORD-04616,not_as_described,2026-04-09,2,pending
DSP-02040,ORD-14710,item_not_received,2026-04-09,24,pending
DSP-02041,ORD-19842,duplicate_charge,2026-04-09,1,pending
DSP-02042,ORD-01944,duplicate_charge,2026-04-09,9,pending
DSP-02043,ORD-12799,duplicate_charge,2026-04-09,1,pending
DSP-02044,ORD-18534,unauthorized_transaction,2026-04-09,4,pending
DSP-02045,ORD-16529,item_not_received,2026-04-09,1,pending
DSP-02046,ORD-07314,not_as_described,2026-04-09,2,pending
DSP-02047,ORD-01739,duplicate_charge,2026-04-09,16,pending
DSP-02048,ORD-10036,not_as_described,2026-04-09,23,pending
DSP-02049,ORD-10286,not_as_described,2026-04-09,7,pending
DSP-02050,ORD-13318,not_as_described,2026-04-09,2,pending
DSP-02051,ORD-18729,duplicate_charge,2026-04-09,8,pending
DSP-02052,ORD-11011,unauthorized_transaction,2026-04-09,22,pending
DSP-02053,ORD-12216,item_not_received,2026-04-09,21,pending
DSP-02054,ORD-12329,unauthorized_transaction,2026-04-09,6,pending
DSP-02055,ORD-14170,item_not_received,2026-04-09,19,pending
DSP-02056,ORD-19222,not_as_described,2026-04-09,11,pending
DSP-02057,ORD-04593,unauthorized_transaction,2026-04-09,18,pending
DSP-02058,ORD-10147,item_not_received,2026-04-09,16,pending
DSP-02059,ORD-04415,unauthorized_transaction,2026-04-09,20,pending
DSP-02060,ORD-15978,not_as_described,2026-04-09,14,pending
DSP-02061,ORD-15247,duplicate_charge,2026-04-09,19,pending
DSP-02062,ORD-16043,unauthorized_transaction,2026-04-09,24,pending
DSP-02063,ORD-12416,unauthorized_transaction,2026-04-09,13,pending
DSP-02064,ORD-10501,not_as_described,2026-04-09,2,pending
DSP-02065,ORD-18779,item_not_received,2026-04-09,20,pending
DSP-02066,ORD-17555,unauthorized_transaction,2026-04-09,15,pending
DSP-02067,ORD-03049,not_as_described,2026-04-09,22,pending
DSP-02068,ORD-08738,item_not_received,2026-04-09,10,pending
DSP-02069,ORD-14757,not_as_described,2026-04-09,8,pending
DSP-02070,ORD-16628,duplicate_charge,2026-04-09,2,pending
DSP-02071,ORD-15935,unauthorized_transaction,2026-04-09,7,pending
DSP-02072,ORD-05831,item_not_received,2026-04-09,5,pending
DSP-02073,ORD-03665,duplicate_charge,2026-04-09,15,pending
DSP-02074,ORD-13824,item_not_received,2026-04-09,11,pending
DSP-02075,ORD-14964,not_as_described,2026-04-09,16,pending
DSP-02076,ORD-06111,not_as_described,2026-04-09,9,pending
DSP-02077,ORD-17061,item_not_received,2026-04-09,1,pending
DSP-02078,ORD-13191,not_as_described,2026-04-09,15,pending
DSP-02079,ORD-06990,not_as_described,2026-04-09,11,pending
DSP-02080,ORD-05876,not_as_described,2026-04-09,3,pending
DSP-02081,ORD-11426,not_as_described,2026-04-09,20,pending
DSP-02082,ORD-16627,item_not_received,2026-04-09,3,pending
DSP-02083,ORD-07445,duplicate_charge,2026-04-09,15,pending
DSP-02084,ORD-14401,item_not_received,2026-04-09,14,pending
DSP-02085,ORD-13767,unauthorized_transaction,2026-04-09,19,pending
DSP-02086,ORD-18637,unauthorized_transaction,2026-04-09,24,pending
DSP-02087,ORD-08489,unauthorized_transaction,2026-04-09,18,pending
DSP-02088,ORD-05313,not_as_described,2026-04-09,12,pending
DSP-02089,ORD-06259,unauthorized_transaction,2026-04-09,20,pending
DSP-02090,ORD-05399,not_as_described,2026-04-09,8,pending
DSP-02091,ORD-03542,unauthorized_transaction,2026-04-09,20,pending
DSP-02092,ORD-16090,unauthorized_transaction,2026-04-09,19,pending
DSP-02093,ORD-05943,item_not_received,2026-04-09,5,pending
DSP-02094,ORD-09754,not_as_described,2026-04-09,21,pending
DSP-02095,ORD-15647,item_not_received,2026-04-09,12,pending
DSP-02096,ORD-10368,item_not_received,2026-04-09,16,pending
DSP-02097,ORD-10078,item_not_received,2026-04-09,10,pending
DSP-02098,ORD-02603,item_not_received,2026-04-09,6,pending
DSP-02099,ORD-12253,duplicate_charge,2026-04-09,3,pending
DSP-02100,ORD-05682,item_not_received,2026-04-09,18,pending
DSP-02101,ORD-00257,not_as_described,2026-04-09,10,pending
DSP-02102,ORD-19195,unauthorized_transaction,2026-04-09,1,pending
DSP-02103,ORD-08108,item_not_received,2026-04-09,10,pending
DSP-02104,ORD-12572,duplicate_charge,2026-04-09,14,pending
DSP-02105,ORD-15551,unauthorized_transaction,2026-04-09,18,pending
DSP-02106,ORD-17966,unauthorized_transaction,2026-04-09,9,pending
DSP-02107,ORD-13442,item_not_received,2026-04-09,6,pending
DSP-02108,ORD-04325,duplicate_charge,2026-04-09,6,pending
DSP-02109,ORD-08357,duplicate_charge,2026-04-09,21,pending
DSP-02110,ORD-10806,not_as_described,2026-04-09,11,pending
DSP-02111,ORD-02488,duplicate_charge,2026-04-09,10,pending
DSP-02112,ORD-15248,unauthorized_transaction,2026-04-09,3,pending
DSP-02113,ORD-04342,unauthorized_transaction,2026-04-09,17,pending
DSP-02114,ORD-08718,not_as_described,2026-04-09,19,pending
DSP-02115,ORD-11256,item_not_received,2026-04-09,18,pending
DSP-02116,ORD-14625,unauthorized_transaction,2026-04-09,22,pending
DSP-02117,ORD-01767,not_as_described,2026-04-09,24,pending
DSP-02118,ORD-17268,not_as_described,2026-04-09,5,pending
DSP-02119,ORD-19503,not_as_described,2026-04-09,5,pending
DSP-02120,ORD-02446,duplicate_charge,2026-04-09,17,pending
DSP-02121,ORD-05304,duplicate_charge,2026-04-09,15,pending
DSP-02122,ORD-18463,not_as_described,2026-04-09,16,pending
DSP-02123,ORD-16795,not_as_described,2026-04-09,8,pending
DSP-02124,ORD-09515,unauthorized_transaction,2026-04-10,5,pending
DSP-02125,ORD-08762,duplicate_charge,2026-04-10,3,pending
DSP-02126,ORD-10676,not_as_described,2026-04-10,13,pending
DSP-02127,ORD-11963,item_not_received,2026-04-10,18,pending
DSP-02128,ORD-13967,not_as_described,2026-04-10,11,pending
DSP-02129,ORD-06260,unauthorized_transaction,2026-04-10,1,pending
DSP-02130,ORD-01077,not_as_described,2026-04-10,17,pending
DSP-02131,ORD-03942,unauthorized_transaction,2026-04-10,2,pending
DSP-02132,ORD-06688,unauthorized_transaction,2026-04-10,11,pending
DSP-02133,ORD-17118,duplicate_charge,2026-04-10,17,pending
DSP-02134,ORD-11322,unauthorized_transaction,2026-04-10,5,pending
DSP-02135,ORD-01384,unauthorized_transaction,2026-04-10,20,pending
DSP-02136,ORD-03925,unauthorized_transaction,2026-04-10,17,pending
DSP-02137,ORD-09029,duplicate_charge,2026-04-10,18,pending
DSP-02138,ORD-00878,unauthorized_transaction,2026-04-10,17,pending
DSP-02139,ORD-06805,item_not_received,2026-04-10,3,pending
DSP-02140,ORD-09316,item_not_received,2026-04-10,10,pending
DSP-02141,ORD-05085,not_as_described,2026-04-10,15,pending
DSP-02142,ORD-13871,unauthorized_transaction,2026-04-10,19,pending
DSP-02143,ORD-12222,item_not_received,2026-04-10,17,pending
DSP-02144,ORD-11195,not_as_described,2026-04-10,22,pending
DSP-02145,ORD-15326,not_as_described,2026-04-10,22,pending
DSP-02146,ORD-15557,duplicate_charge,2026-04-10,14,pending
DSP-02147,ORD-13417,unauthorized_transaction,2026-04-10,15,pending
DSP-02148,ORD-12975,duplicate_charge,2026-04-10,21,pending
DSP-02149,ORD-07560,item_not_received,2026-04-10,9,pending
DSP-02150,ORD-16261,not_as_described,2026-04-10,14,pending
DSP-02151,ORD-10526,unauthorized_transaction,2026-04-10,19,pending
DSP-02152,ORD-10760,item_not_received,2026-04-10,20,pending
DSP-02153,ORD-10079,not_as_described,2026-04-10,14,pending
DSP-02154,ORD-16187,unauthorized_transaction,2026-04-10,11,pending
DSP-02155,ORD-12870,unauthorized_transaction,2026-04-10,8,pending
DSP-02156,ORD-08062,not_as_described,2026-04-10,7,pending
DSP-02157,ORD-03997,unauthorized_transaction,2026-04-10,18,pending
DSP-02158,ORD-10788,not_as_described,2026-04-10,7,pending
DSP-02159,ORD-11300,not_as_described,2026-04-10,23,pending
DSP-02160,ORD-02801,item_not_received,2026-04-10,1,pending
DSP-02161,ORD-18655,duplicate_charge,2026-04-10,7,pending
DSP-02162,ORD-14538,duplicate_charge,2026-04-10,24,pending
DSP-02163,ORD-00402,unauthorized_transaction,2026-04-10,10,pending
DSP-02164,ORD-11508,unauthorized_transaction,2026-04-10,13,pending
DSP-02165,ORD-10598,item_not_received,2026-04-10,3,pending
DSP-02166,ORD-11838,item_not_received,2026-04-10,23,pending
DSP-02167,ORD-09034,duplicate_charge,2026-04-10,15,pending
DSP-02168,ORD-07215,item_not_received,2026-04-10,22,pending
DSP-02169,ORD-16963,unauthorized_transaction,2026-04-10,4,pending
DSP-02170,ORD-09789,not_as_described,2026-04-10,4,pending
DSP-02171,ORD-09959,unauthorized_transaction,2026-04-10,7,pending
DSP-02172,ORD-18742,not_as_described,2026-04-10,1,pending
DSP-02173,ORD-19748,duplicate_charge,2026-04-10,4,pending
DSP-02174,ORD-08174,item_not_received,2026-04-10,2,pending
DSP-02175,ORD-09531,unauthorized_transaction,2026-04-10,9,pending
DSP-02176,ORD-06875,not_as_described,2026-04-10,22,pending
DSP-02177,ORD-04773,item_not_received,2026-04-10,14,pending
DSP-02178,ORD-17207,unauthorized_transaction,2026-04-10,4,pending
DSP-02179,ORD-02459,item_not_received,2026-04-10,22,pending
DSP-02180,ORD-11007,item_not_received,2026-04-10,13,pending
DSP-02181,ORD-14902,unauthorized_transaction,2026-04-10,12,pending
DSP-02182,ORD-03643,unauthorized_transaction,2026-04-10,20,pending
DSP-02183,ORD-11340,item_not_received,2026-04-10,3,pending
DSP-02184,ORD-08056,not_as_described,2026-04-10,24,pending
DSP-02185,ORD-14420,unauthorized_transaction,2026-04-10,20,pending
DSP-02186,ORD-14410,not_as_described,2026-04-10,14,pending
DSP-02187,ORD-08128,unauthorized_transaction,2026-04-10,11,pending
DSP-02188,ORD-17868,not_as_described,2026-04-10,18,pending
DSP-02189,ORD-12204,not_as_described,2026-04-10,17,pending
DSP-02190,ORD-09207,not_as_described,2026-04-10,7,pending
DSP-02191,ORD-00501,item_not_received,2026-04-10,10,pending
DSP-02192,ORD-08752,item_not_received,2026-04-10,23,pending
DSP-02193,ORD-00452,item_not_received,2026-04-10,6,pending
DSP-02194,ORD-00758,item_not_received,2026-04-10,18,pending
DSP-02195,ORD-07432,not_as_described,2026-04-10,23,pending
DSP-02196,ORD-04978,not_as_described,2026-04-10,21,pending
DSP-02197,ORD-19781,not_as_described,2026-04-10,9,pending
DSP-02198,ORD-17959,item_not_received,2026-04-10,16,pending
DSP-02199,ORD-02950,item_not_received,2026-04-10,23,pending
DSP-02200,ORD-16388,not_as_described,2026-04-10,1,pending
DSP-02201,ORD-05959,item_not_received,2026-04-10,21,pending
DSP-02202,ORD-16006,unauthorized_transaction,2026-04-10,20,pending
DSP-02203,ORD-09100,item_not_received,2026-04-10,18,pending
DSP-02204,ORD-19788,unauthorized_transaction,2026-04-10,11,pending
DSP-02205,ORD-06035,unauthorized_transaction,2026-04-10,11,pending
DSP-02206,ORD-14933,not_as_described,2026-04-10,6,pending
DSP-02207,ORD-16353,not_as_described,2026-04-10,23,pending
DSP-02208,ORD-15233,not_as_described,2026-04-10,10,pending
DSP-02209,ORD-02652,not_as_described,2026-04-10,11,pending
DSP-02210,ORD-06537,unauthorized_transaction,2026-04-10,16,pending
DSP-02211,ORD-01509,duplicate_charge,2026-04-10,20,pending
DSP-02212,ORD-04449,item_not_received,2026-04-10,9,pending
DSP-02213,ORD-16761,duplicate_charge,2026-04-10,9,pending
DSP-02214,ORD-18086,item_not_received,2026-04-10,5,pending
DSP-02215,ORD-08087,item_not_received,2026-04-10,15,pending
DSP-02216,ORD-08473,item_not_received,2026-04-10,9,pending
DSP-02217,ORD-03370,item_not_received,2026-04-10,22,pending
DSP-02218,ORD-03684,not_as_described,2026-04-10,6,pending
DSP-02219,ORD-12150,item_not_received,2026-04-10,17,pending
DSP-02220,ORD-01751,duplicate_charge,2026-04-10,11,pending
DSP-02221,ORD-09871,not_as_described,2026-04-10,20,pending
DSP-02222,ORD-15441,item_not_received,2026-04-10,13,pending
DSP-02223,ORD-01125,not_as_described,2026-04-10,24,pending
DSP-02224,ORD-17452,unauthorized_transaction,2026-04-10,21,pending
DSP-02225,ORD-10206,not_as_described,2026-04-11,5,pending
DSP-02226,ORD-15106,unauthorized_transaction,2026-04-11,10,pending
DSP-02227,ORD-02762,item_not_received,2026-04-11,18,pending
DSP-02228,ORD-09697,unauthorized_transaction,2026-04-11,18,pending
DSP-02229,ORD-00667,not_as_described,2026-04-11,12,pending
DSP-02230,ORD-18904,unauthorized_transaction,2026-04-11,24,pending
DSP-02231,ORD-14761,duplicate_charge,2026-04-11,2,pending
DSP-02232,ORD-01452,item_not_received,2026-04-11,8,pending
DSP-02233,ORD-19210,unauthorized_transaction,2026-04-11,2,pending
DSP-02234,ORD-09898,duplicate_charge,2026-04-11,3,pending
DSP-02235,ORD-06804,item_not_received,2026-04-11,6,pending
DSP-02236,ORD-18751,duplicate_charge,2026-04-11,8,pending
DSP-02237,ORD-16170,item_not_received,2026-04-11,8,pending
DSP-02238,ORD-00756,duplicate_charge,2026-04-11,15,pending
DSP-02239,ORD-00822,not_as_described,2026-04-11,16,pending
DSP-02240,ORD-13452,item_not_received,2026-04-11,17,pending
DSP-02241,ORD-13096,duplicate_charge,2026-04-11,24,pending
DSP-02242,ORD-16577,item_not_received,2026-04-11,15,pending
DSP-02243,ORD-13971,not_as_described,2026-04-11,18,pending
DSP-02244,ORD-10378,duplicate_charge,2026-04-11,16,pending
DSP-02245,ORD-15234,item_not_received,2026-04-11,3,pending
DSP-02246,ORD-08833,item_not_received,2026-04-11,6,pending
DSP-02247,ORD-16450,unauthorized_transaction,2026-04-11,16,pending
DSP-02248,ORD-10500,not_as_described,2026-04-11,11,pending
DSP-02249,ORD-09872,duplicate_charge,2026-04-11,12,pending
DSP-02250,ORD-12716,duplicate_charge,2026-04-11,8,pending
DSP-02251,ORD-01158,item_not_received,2026-04-11,11,pending
DSP-02252,ORD-05315,item_not_received,2026-04-11,18,pending
DSP-02253,ORD-08205,duplicate_charge,2026-04-11,6,pending
DSP-02254,ORD-08154,duplicate_charge,2026-04-11,8,pending
DSP-02255,ORD-19059,not_as_described,2026-04-11,18,pending
DSP-02256,ORD-09160,not_as_described,2026-04-11,2,pending
DSP-02257,ORD-09762,item_not_received,2026-04-11,7,pending
DSP-02258,ORD-19105,not_as_described,2026-04-11,21,pending
DSP-02259,ORD-05211,duplicate_charge,2026-04-11,7,pending
DSP-02260,ORD-09564,not_as_described,2026-04-11,2,pending
DSP-02261,ORD-17746,item_not_received,2026-04-11,13,pending
DSP-02262,ORD-05924,unauthorized_transaction,2026-04-11,22,pending
DSP-02263,ORD-05337,duplicate_charge,2026-04-11,12,pending
DSP-02264,ORD-03113,item_not_received,2026-04-11,15,pending
DSP-02265,ORD-16776,item_not_received,2026-04-11,3,pending
DSP-02266,ORD-03216,not_as_described,2026-04-11,21,pending
DSP-02267,ORD-12591,item_not_received,2026-04-11,8,pending
DSP-02268,ORD-19068,not_as_described,2026-04-11,24,pending
DSP-02269,ORD-04022,not_as_described,2026-04-11,24,pending
DSP-02270,ORD-12346,item_not_received,2026-04-11,12,pending
DSP-02271,ORD-05544,item_not_received,2026-04-11,1,pending
DSP-02272,ORD-17517,not_as_described,2026-04-11,2,pending
DSP-02273,ORD-19048,unauthorized_transaction,2026-04-11,19,pending
DSP-02274,ORD-17499,item_not_received,2026-04-11,14,pending
DSP-02275,ORD-11017,item_not_received,2026-04-11,9,pending
DSP-02276,ORD-15507,item_not_received,2026-04-11,4,pending
DSP-02277,ORD-17204,item_not_received,2026-04-11,22,pending
DSP-02278,ORD-13973,unauthorized_transaction,2026-04-11,6,pending
DSP-02279,ORD-19658,unauthorized_transaction,2026-04-11,16,pending
DSP-02280,ORD-10098,duplicate_charge,2026-04-11,12,pending
DSP-02281,ORD-08996,not_as_described,2026-04-11,21,pending
DSP-02282,ORD-13543,not_as_described,2026-04-11,23,pending
DSP-02283,ORD-03473,not_as_described,2026-04-11,16,pending
DSP-02284,ORD-00614,unauthorized_transaction,2026-04-11,8,pending
DSP-02285,ORD-07749,item_not_received,2026-04-11,4,pending
DSP-02286,ORD-05572,not_as_described,2026-04-11,10,pending
DSP-02287,ORD-01631,item_not_received,2026-04-11,8,pending
DSP-02288,ORD-04400,not_as_described,2026-04-11,12,pending
DSP-02289,ORD-16867,duplicate_charge,2026-04-11,5,pending
DSP-02290,ORD-16347,item_not_received,2026-04-11,2,pending
DSP-02291,ORD-03276,duplicate_charge,2026-04-11,22,pending
DSP-02292,ORD-19260,item_not_received,2026-04-11,4,pending
DSP-02293,ORD-00833,unauthorized_transaction,2026-04-11,20,pending
DSP-02294,ORD-14446,not_as_described,2026-04-11,19,pending
DSP-02295,ORD-13139,unauthorized_transaction,2026-04-11,5,pending
DSP-02296,ORD-19876,item_not_received,2026-04-11,10,pending
DSP-02297,ORD-14768,not_as_described,2026-04-11,8,pending
DSP-02298,ORD-08860,item_not_received,2026-04-11,11,pending
DSP-02299,ORD-13019,item_not_received,2026-04-11,11,pending
DSP-02300,ORD-16255,unauthorized_transaction,2026-04-11,11,pending
DSP-02301,ORD-12658,item_not_received,2026-04-11,10,pending
DSP-02302,ORD-00477,unauthorized_transaction,2026-04-11,3,pending
DSP-02303,ORD-06561,duplicate_charge,2026-04-11,6,pending
DSP-02304,ORD-03631,item_not_received,2026-04-11,9,pending
DSP-02305,ORD-02530,item_not_received,2026-04-11,20,pending
DSP-02306,ORD-04857,unauthorized_transaction,2026-04-11,21,pending
DSP-02307,ORD-06198,not_as_described,2026-04-11,11,pending
DSP-02308,ORD-05720,unauthorized_transaction,2026-04-11,19,pending
DSP-02309,ORD-18641,not_as_described,2026-04-11,3,pending
DSP-02310,ORD-02752,unauthorized_transaction,2026-04-11,21,pending
DSP-02311,ORD-18438,duplicate_charge,2026-04-11,19,pending
DSP-02312,ORD-03625,unauthorized_transaction,2026-04-11,10,pending
DSP-02313,ORD-06620,not_as_described,2026-04-11,12,pending
DSP-02314,ORD-10934,not_as_described,2026-04-11,10,pending
DSP-02315,ORD-15582,unauthorized_transaction,2026-04-11,6,pending
DSP-02316,ORD-14854,item_not_received,2026-04-11,17,pending
DSP-02317,ORD-04950,item_not_received,2026-04-11,18,pending
DSP-02318,ORD-07199,not_as_described,2026-04-12,13,pending
DSP-02319,ORD-11468,not_as_described,2026-04-12,12,pending
DSP-02320,ORD-15685,item_not_received,2026-04-12,19,pending
DSP-02321,ORD-04731,duplicate_charge,2026-04-12,13,pending
DSP-02322,ORD-05317,unauthorized_transaction,2026-04-12,22,pending
DSP-02323,ORD-17885,item_not_received,2026-04-12,18,pending
DSP-02324,ORD-12159,not_as_described,2026-04-12,18,pending
DSP-02325,ORD-07349,unauthorized_transaction,2026-04-12,22,pending
DSP-02326,ORD-17312,item_not_received,2026-04-12,17,pending
DSP-02327,ORD-06516,unauthorized_transaction,2026-04-12,5,pending
DSP-02328,ORD-03536,item_not_received,2026-04-12,1,pending
DSP-02329,ORD-03991,unauthorized_transaction,2026-04-12,1,pending
DSP-02330,ORD-11510,item_not_received,2026-04-12,15,pending
DSP-02331,ORD-04336,not_as_described,2026-04-12,4,pending
DSP-02332,ORD-07341,unauthorized_transaction,2026-04-12,7,pending
DSP-02333,ORD-15396,item_not_received,2026-04-12,20,pending
DSP-02334,ORD-09275,item_not_received,2026-04-12,20,pending
DSP-02335,ORD-14267,unauthorized_transaction,2026-04-12,16,pending
DSP-02336,ORD-19058,item_not_received,2026-04-12,16,pending
DSP-02337,ORD-00220,not_as_described,2026-04-12,17,pending
DSP-02338,ORD-02818,unauthorized_transaction,2026-04-12,18,pending
DSP-02339,ORD-16508,unauthorized_transaction,2026-04-12,13,pending
DSP-02340,ORD-04650,not_as_described,2026-04-12,21,pending
DSP-02341,ORD-11183,item_not_received,2026-04-12,8,pending
DSP-02342,ORD-10269,unauthorized_transaction,2026-04-12,14,pending
DSP-02343,ORD-11689,item_not_received,2026-04-12,1,pending
DSP-02344,ORD-08349,duplicate_charge,2026-04-12,10,pending
DSP-02345,ORD-05386,not_as_described,2026-04-12,6,pending
DSP-02346,ORD-12723,unauthorized_transaction,2026-04-12,2,pending
DSP-02347,ORD-08147,item_not_received,2026-04-12,15,pending
DSP-02348,ORD-09195,not_as_described,2026-04-12,10,pending
DSP-02349,ORD-10849,not_as_described,2026-04-12,19,pending
DSP-02350,ORD-03792,item_not_received,2026-04-12,3,pending
DSP-02351,ORD-08055,not_as_described,2026-04-12,18,pending
DSP-02352,ORD-08652,duplicate_charge,2026-04-12,6,pending
DSP-02353,ORD-02539,not_as_described,2026-04-12,22,pending
DSP-02354,ORD-17313,unauthorized_transaction,2026-04-12,23,pending
DSP-02355,ORD-14427,unauthorized_transaction,2026-04-12,15,pending
DSP-02356,ORD-00073,unauthorized_transaction,2026-04-12,2,pending
DSP-02357,ORD-12766,item_not_received,2026-04-12,3,pending
DSP-02358,ORD-08722,unauthorized_transaction,2026-04-12,19,pending
DSP-02359,ORD-03471,not_as_described,2026-04-12,21,pending
DSP-02360,ORD-06873,not_as_described,2026-04-12,14,pending
DSP-02361,ORD-07546,unauthorized_transaction,2026-04-12,14,pending
DSP-02362,ORD-08419,not_as_described,2026-04-12,5,pending
DSP-02363,ORD-04160,item_not_received,2026-04-12,2,pending
DSP-02364,ORD-10209,not_as_described,2026-04-12,9,pending
DSP-02365,ORD-19589,item_not_received,2026-04-12,20,pending
DSP-02366,ORD-00539,item_not_received,2026-04-12,6,pending
DSP-02367,ORD-01014,item_not_received,2026-04-12,16,pending
DSP-02368,ORD-04434,unauthorized_transaction,2026-04-12,19,pending
DSP-02369,ORD-12162,not_as_described,2026-04-12,13,pending
DSP-02370,ORD-19223,not_as_described,2026-04-12,6,pending
DSP-02371,ORD-04796,duplicate_charge,2026-04-12,14,pending
DSP-02372,ORD-03768,unauthorized_transaction,2026-04-12,1,pending
DSP-02373,ORD-00922,not_as_described,2026-04-12,24,pending
DSP-02374,ORD-12490,unauthorized_transaction,2026-04-12,13,pending
DSP-02375,ORD-10930,unauthorized_transaction,2026-04-12,17,pending
DSP-02376,ORD-02638,not_as_described,2026-04-12,11,pending
DSP-02377,ORD-17519,item_not_received,2026-04-12,15,pending
DSP-02378,ORD-08051,not_as_described,2026-04-12,21,pending
DSP-02379,ORD-09794,unauthorized_transaction,2026-04-12,12,pending
DSP-02380,ORD-07531,unauthorized_transaction,2026-04-12,8,pending
DSP-02381,ORD-12298,item_not_received,2026-04-12,19,pending
DSP-02382,ORD-12885,item_not_received,2026-04-12,10,pending
DSP-02383,ORD-14004,not_as_described,2026-04-12,18,pending
DSP-02384,ORD-11049,unauthorized_transaction,2026-04-12,19,pending
DSP-02385,ORD-05048,item_not_received,2026-04-12,11,pending
DSP-02386,ORD-08791,not_as_described,2026-04-12,20,pending
DSP-02387,ORD-12475,item_not_received,2026-04-12,22,pending
DSP-02388,ORD-06457,not_as_described,2026-04-12,20,pending
DSP-02389,ORD-19159,item_not_received,2026-04-12,21,pending
DSP-02390,ORD-08238,duplicate_charge,2026-04-12,4,pending
DSP-02391,ORD-07862,not_as_described,2026-04-12,21,pending
DSP-02392,ORD-16683,item_not_received,2026-04-12,7,pending
DSP-02393,ORD-04053,not_as_described,2026-04-12,10,pending
DSP-02394,ORD-01054,not_as_described,2026-04-12,13,pending
DSP-02395,ORD-06001,item_not_received,2026-04-12,24,pending
DSP-02396,ORD-10174,unauthorized_transaction,2026-04-12,17,pending
DSP-02397,ORD-03567,unauthorized_transaction,2026-04-12,11,pending
DSP-02398,ORD-11328,not_as_described,2026-04-12,11,pending
DSP-02399,ORD-05015,not_as_described,2026-04-12,12,pending
DSP-02400,ORD-09244,not_as_described,2026-04-12,13,pending
DSP-02401,ORD-12215,not_as_described,2026-04-12,21,pending
DSP-02402,ORD-12960,unauthorized_transaction,2026-04-12,18,pending
DSP-02403,ORD-15669,unauthorized_transaction,2026-04-12,15,pending
DSP-02404,ORD-04132,item_not_received,2026-04-12,16,pending
DSP-02405,ORD-14285,item_not_received,2026-04-12,17,pending
DSP-02406,ORD-13245,unauthorized_transaction,2026-04-12,11,pending
DSP-02407,ORD-05721,item_not_received,2026-04-12,3,pending
DSP-02408,ORD-13132,not_as_described,2026-04-12,24,pending
DSP-02409,ORD-05596,not_as_described,2026-04-12,5,pending
DSP-02410,ORD-09325,unauthorized_transaction,2026-04-12,22,pending
DSP-02411,ORD-08031,not_as_described,2026-04-12,12,pending
DSP-02412,ORD-13901,not_as_described,2026-04-12,2,pending
DSP-02413,ORD-02854,item_not_received,2026-04-12,8,pending
DSP-02414,ORD-09402,item_not_received,2026-04-12,2,pending
DSP-02415,ORD-02988,unauthorized_transaction,2026-04-13,2,pending
DSP-02416,ORD-10812,not_as_described,2026-04-13,17,pending
DSP-02417,ORD-01846,item_not_received,2026-04-13,23,pending
DSP-02418,ORD-03600,not_as_described,2026-04-13,3,pending
DSP-02419,ORD-18945,not_as_described,2026-04-13,12,pending
DSP-02420,ORD-19332,item_not_received,2026-04-13,18,pending
DSP-02421,ORD-02370,item_not_received,2026-04-13,21,pending
DSP-02422,ORD-00849,unauthorized_transaction,2026-04-13,11,pending
DSP-02423,ORD-05297,item_not_received,2026-04-13,6,pending
DSP-02424,ORD-10041,duplicate_charge,2026-04-13,23,pending
DSP-02425,ORD-01058,unauthorized_transaction,2026-04-13,5,pending
DSP-02426,ORD-00178,duplicate_charge,2026-04-13,6,pending
DSP-02427,ORD-15599,item_not_received,2026-04-13,18,pending
DSP-02428,ORD-03818,unauthorized_transaction,2026-04-13,3,pending
DSP-02429,ORD-06708,unauthorized_transaction,2026-04-13,8,pending
DSP-02430,ORD-16100,item_not_received,2026-04-13,9,pending
DSP-02431,ORD-00472,unauthorized_transaction,2026-04-13,15,pending
DSP-02432,ORD-08425,not_as_described,2026-04-13,8,pending
DSP-02433,ORD-11325,not_as_described,2026-04-13,5,pending
DSP-02434,ORD-09541,unauthorized_transaction,2026-04-13,1,pending
DSP-02435,ORD-16223,item_not_received,2026-04-13,14,pending
DSP-02436,ORD-16460,not_as_described,2026-04-13,19,pending
DSP-02437,ORD-13502,unauthorized_transaction,2026-04-13,2,pending
DSP-02438,ORD-01840,duplicate_charge,2026-04-13,4,pending
DSP-02439,ORD-15434,unauthorized_transaction,2026-04-13,1,pending
DSP-02440,ORD-05227,duplicate_charge,2026-04-13,23,pending
DSP-02441,ORD-04341,unauthorized_transaction,2026-04-13,11,pending
DSP-02442,ORD-06998,unauthorized_transaction,2026-04-13,13,pending
DSP-02443,ORD-19292,unauthorized_transaction,2026-04-13,12,pending
DSP-02444,ORD-07357,unauthorized_transaction,2026-04-13,16,pending
DSP-02445,ORD-13896,not_as_described,2026-04-13,19,pending
DSP-02446,ORD-02954,not_as_described,2026-04-13,18,pending
DSP-02447,ORD-09654,item_not_received,2026-04-13,8,pending
DSP-02448,ORD-17511,not_as_described,2026-04-13,5,pending
DSP-02449,ORD-19431,item_not_received,2026-04-13,6,pending
DSP-02450,ORD-17072,item_not_received,2026-04-13,20,pending
DSP-02451,ORD-15391,unauthorized_transaction,2026-04-13,22,pending
DSP-02452,ORD-01979,not_as_described,2026-04-13,24,pending
DSP-02453,ORD-08761,unauthorized_transaction,2026-04-13,22,pending
DSP-02454,ORD-11840,item_not_received,2026-04-13,11,pending
DSP-02455,ORD-07313,duplicate_charge,2026-04-13,9,pending
DSP-02456,ORD-13881,unauthorized_transaction,2026-04-13,22,pending
DSP-02457,ORD-03860,item_not_received,2026-04-13,22,pending
DSP-02458,ORD-03752,duplicate_charge,2026-04-13,15,pending
DSP-02459,ORD-07741,item_not_received,2026-04-13,13,pending
DSP-02460,ORD-19507,duplicate_charge,2026-04-13,24,pending
DSP-02461,ORD-15319,unauthorized_transaction,2026-04-13,19,pending
DSP-02462,ORD-04878,not_as_described,2026-04-13,21,pending
DSP-02463,ORD-17779,duplicate_charge,2026-04-13,15,pending
DSP-02464,ORD-18454,not_as_described,2026-04-13,13,pending
DSP-02465,ORD-10923,not_as_described,2026-04-13,3,pending
DSP-02466,ORD-14161,duplicate_charge,2026-04-13,16,pending
DSP-02467,ORD-05815,item_not_received,2026-04-13,3,pending
DSP-02468,ORD-14483,duplicate_charge,2026-04-13,6,pending
DSP-02469,ORD-07468,item_not_received,2026-04-13,4,pending
DSP-02470,ORD-05397,item_not_received,2026-04-13,17,pending
DSP-02471,ORD-11204,not_as_described,2026-04-13,18,pending
DSP-02472,ORD-12000,unauthorized_transaction,2026-04-13,2,pending
DSP-02473,ORD-09388,not_as_described,2026-04-13,24,pending
DSP-02474,ORD-10974,not_as_described,2026-04-13,5,pending
DSP-02475,ORD-02392,unauthorized_transaction,2026-04-13,4,pending
DSP-02476,ORD-10099,duplicate_charge,2026-04-13,8,pending
DSP-02477,ORD-02894,item_not_received,2026-04-13,19,pending
DSP-02478,ORD-17009,duplicate_charge,2026-04-13,17,pending
DSP-02479,ORD-07028,duplicate_charge,2026-04-13,2,pending
DSP-02480,ORD-06986,item_not_received,2026-04-13,13,pending
DSP-02481,ORD-10946,not_as_described,2026-04-13,24,pending
DSP-02482,ORD-11519,item_not_received,2026-04-13,3,pending
DSP-02483,ORD-09292,not_as_described,2026-04-13,5,pending
DSP-02484,ORD-13381,item_not_received,2026-04-13,17,pending
DSP-02485,ORD-03653,not_as_described,2026-04-13,18,pending
DSP-02486,ORD-02748,duplicate_charge,2026-04-13,13,pending
DSP-02487,ORD-14476,item_not_received,2026-04-13,17,pending
DSP-02488,ORD-18228,unauthorized_transaction,2026-04-13,18,pending
DSP-02489,ORD-07871,unauthorized_transaction,2026-04-13,24,pending
DSP-02490,ORD-18150,duplicate_charge,2026-04-13,3,pending
DSP-02491,ORD-05699,item_not_received,2026-04-13,18,pending
DSP-02492,ORD-08177,not_as_described,2026-04-13,4,pending
DSP-02493,ORD-09776,unauthorized_transaction,2026-04-13,5,pending
DSP-02494,ORD-02020,unauthorized_transaction,2026-04-13,1,pending
DSP-02495,ORD-06577,unauthorized_transaction,2026-04-13,9,pending
DSP-02496,ORD-16291,unauthorized_transaction,2026-04-13,15,pending
DSP-02497,ORD-11812,unauthorized_transaction,2026-04-13,5,pending
DSP-02498,ORD-04645,item_not_received,2026-04-13,5,pending
DSP-02499,ORD-19958,not_as_described,2026-04-13,12,pending
DSP-02500,ORD-08179,not_as_described,2026-04-13,9,pending
DSP-02501,ORD-01226,item_not_received,2026-04-13,18,pending
DSP-02502,ORD-16572,not_as_described,2026-04-13,8,pending
DSP-02503,ORD-03606,unauthorized_transaction,2026-04-13,14,pending
DSP-02504,ORD-01338,not_as_described,2026-04-13,3,pending
DSP-02505,ORD-08400,not_as_described,2026-04-13,4,pending
DSP-02506,ORD-03470,duplicate_charge,2026-04-13,16,pending
DSP-02507,ORD-10985,unauthorized_transaction,2026-04-13,16,pending
DSP-02508,ORD-08016,unauthorized_transaction,2026-04-13,18,pending
DSP-02509,ORD-19963,item_not_received,2026-04-13,2,pending
DSP-02510,ORD-17632,unauthorized_transaction,2026-04-13,18,pending
DSP-02511,ORD-07000,unauthorized_transaction,2026-04-13,10,pending
DSP-02512,ORD-09775,duplicate_charge,2026-04-13,23,pending
DSP-02513,ORD-12491,unauthorized_transaction,2026-04-13,18,pending
DSP-02514,ORD-17889,duplicate_charge,2026-04-13,17,pending
DSP-02515,ORD-15016,item_not_received,2026-04-13,20,pending
DSP-02516,ORD-05463,not_as_described,2026-04-13,2,pending
DSP-02517,ORD-06813,not_as_described,2026-04-13,5,pending
DSP-02518,ORD-02556,not_as_described,2026-04-13,1,pending
DSP-02519,ORD-14520,unauthorized_transaction,2026-04-13,15,pending
DSP-02520,ORD-18552,duplicate_charge,2026-04-13,16,pending
DSP-02521,ORD-08671,unauthorized_transaction,2026-04-13,2,pending
DSP-02522,ORD-02188,item_not_received,2026-04-13,7,pending
DSP-02523,ORD-11647,not_as_described,2026-04-13,8,pending
DSP-02524,ORD-11014,unauthorized_transaction,2026-04-13,9,pending
DSP-02525,ORD-07395,not_as_described,2026-04-13,15,pending
DSP-02526,ORD-10872,not_as_described,2026-04-13,14,pending
DSP-02527,ORD-09003,duplicate_charge,2026-04-13,22,pending
DSP-02528,ORD-01556,unauthorized_transaction,2026-04-13,18,pending
DSP-02529,ORD-10011,item_not_received,2026-04-13,18,pending
DSP-02530,ORD-14885,not_as_described,2026-04-13,7,pending
DSP-02531,ORD-01080,unauthorized_transaction,2026-04-13,7,pending
DSP-02532,ORD-10798,unauthorized_transaction,2026-04-13,19,pending
DSP-02533,ORD-04098,not_as_described,2026-04-13,5,pending
DSP-02534,ORD-11815,not_as_described,2026-04-13,2,pending
DSP-02535,ORD-06381,not_as_described,2026-04-13,12,pending
DSP-02536,ORD-19770,not_as_described,2026-04-14,2,pending
DSP-02537,ORD-13618,item_not_received,2026-04-14,5,pending
DSP-02538,ORD-11808,unauthorized_transaction,2026-04-14,16,pending
DSP-02539,ORD-14524,not_as_described,2026-04-14,18,pending
DSP-02540,ORD-03973,not_as_described,2026-04-14,18,pending
DSP-02541,ORD-02310,duplicate_charge,2026-04-14,3,pending
DSP-02542,ORD-15832,item_not_received,2026-04-14,3,pending
DSP-02543,ORD-02898,duplicate_charge,2026-04-14,8,pending
DSP-02544,ORD-14209,not_as_described,2026-04-14,16,pending
DSP-02545,ORD-18878,unauthorized_transaction,2026-04-14,9,pending
DSP-02546,ORD-18384,duplicate_charge,2026-04-14,7,pending
DSP-02547,ORD-03271,unauthorized_transaction,2026-04-14,3,pending
DSP-02548,ORD-03513,unauthorized_transaction,2026-04-14,14,pending
DSP-02549,ORD-09241,unauthorized_transaction,2026-04-14,6,pending
DSP-02550,ORD-03569,item_not_received,2026-04-14,17,pending
DSP-02551,ORD-01229,item_not_received,2026-04-14,10,pending
DSP-02552,ORD-07228,item_not_received,2026-04-14,17,pending
DSP-02553,ORD-09319,not_as_described,2026-04-14,1,pending
DSP-02554,ORD-04447,unauthorized_transaction,2026-04-14,19,pending
DSP-02555,ORD-19237,not_as_described,2026-04-14,23,pending
DSP-02556,ORD-01417,not_as_described,2026-04-14,17,pending
DSP-02557,ORD-13932,item_not_received,2026-04-14,22,pending
DSP-02558,ORD-06942,item_not_received,2026-04-14,13,pending
DSP-02559,ORD-14232,not_as_described,2026-04-14,11,pending
DSP-02560,ORD-12321,item_not_received,2026-04-14,13,pending
DSP-02561,ORD-15252,duplicate_charge,2026-04-14,8,pending
DSP-02562,ORD-14294,item_not_received,2026-04-14,12,pending
DSP-02563,ORD-04687,not_as_described,2026-04-14,7,pending
DSP-02564,ORD-19900,not_as_described,2026-04-14,13,pending
DSP-02565,ORD-14541,duplicate_charge,2026-04-14,5,pending
DSP-02566,ORD-15166,duplicate_charge,2026-04-14,7,pending
DSP-02567,ORD-04662,duplicate_charge,2026-04-14,19,pending
DSP-02568,ORD-18425,item_not_received,2026-04-14,12,pending
DSP-02569,ORD-02697,item_not_received,2026-04-14,12,pending
DSP-02570,ORD-10421,item_not_received,2026-04-14,18,pending
DSP-02571,ORD-06045,item_not_received,2026-04-14,12,pending
DSP-02572,ORD-10928,unauthorized_transaction,2026-04-14,7,pending
DSP-02573,ORD-00397,item_not_received,2026-04-14,10,pending
DSP-02574,ORD-16871,not_as_described,2026-04-14,12,pending
DSP-02575,ORD-00235,unauthorized_transaction,2026-04-14,17,pending
DSP-02576,ORD-00204,unauthorized_transaction,2026-04-14,11,pending
DSP-02577,ORD-09120,item_not_received,2026-04-14,13,pending
DSP-02578,ORD-19491,item_not_received,2026-04-14,19,pending
DSP-02579,ORD-10822,item_not_received,2026-04-14,17,pending
DSP-02580,ORD-07612,unauthorized_transaction,2026-04-14,1,pending
DSP-02581,ORD-04827,unauthorized_transaction,2026-04-14,7,pending
DSP-02582,ORD-13426,not_as_described,2026-04-14,17,pending
DSP-02583,ORD-18679,item_not_received,2026-04-14,20,pending
DSP-02584,ORD-12881,item_not_received,2026-04-14,10,pending
DSP-02585,ORD-04700,unauthorized_transaction,2026-04-14,12,pending
DSP-02586,ORD-14382,unauthorized_transaction,2026-04-14,19,pending
DSP-02587,ORD-17645,item_not_received,2026-04-14,9,pending
DSP-02588,ORD-04295,unauthorized_transaction,2026-04-14,9,pending
DSP-02589,ORD-15192,unauthorized_transaction,2026-04-14,18,pending
DSP-02590,ORD-07249,duplicate_charge,2026-04-14,14,pending
DSP-02591,ORD-14596,unauthorized_transaction,2026-04-14,7,pending
DSP-02592,ORD-04899,unauthorized_transaction,2026-04-14,11,pending
DSP-02593,ORD-08293,item_not_received,2026-04-14,16,pending
DSP-02594,ORD-08863,unauthorized_transaction,2026-04-14,21,pending
DSP-02595,ORD-19874,not_as_described,2026-04-14,8,pending
DSP-02596,ORD-01651,not_as_described,2026-04-14,4,pending
DSP-02597,ORD-09870,duplicate_charge,2026-04-14,17,pending
DSP-02598,ORD-19207,not_as_described,2026-04-14,15,pending
DSP-02599,ORD-01672,not_as_described,2026-04-14,15,pending
DSP-02600,ORD-16647,not_as_described,2026-04-14,19,pending
DSP-02601,ORD-09990,item_not_received,2026-04-14,1,pending
DSP-02602,ORD-18576,duplicate_charge,2026-04-14,12,pending
DSP-02603,ORD-18498,unauthorized_transaction,2026-04-14,16,pending
DSP-02604,ORD-04721,not_as_described,2026-04-14,18,pending
DSP-02605,ORD-02129,not_as_described,2026-04-14,8,pending
DSP-02606,ORD-07421,item_not_received,2026-04-14,24,pending
DSP-02607,ORD-13494,not_as_described,2026-04-14,17,pending
DSP-02608,ORD-02714,unauthorized_transaction,2026-04-14,13,pending
DSP-02609,ORD-00267,unauthorized_transaction,2026-04-14,9,pending
DSP-02610,ORD-11275,not_as_described,2026-04-14,15,pending
DSP-02611,ORD-11443,item_not_received,2026-04-14,16,pending
DSP-02612,ORD-03386,item_not_received,2026-04-14,2,pending
DSP-02613,ORD-14054,unauthorized_transaction,2026-04-14,15,pending
DSP-02614,ORD-09832,item_not_received,2026-04-14,18,pending
DSP-02615,ORD-15208,unauthorized_transaction,2026-04-14,3,pending
DSP-02616,ORD-08847,item_not_received,2026-04-15,19,pending
DSP-02617,ORD-13665,not_as_described,2026-04-15,15,pending
DSP-02618,ORD-16220,unauthorized_transaction,2026-04-15,20,pending
DSP-02619,ORD-09855,unauthorized_transaction,2026-04-15,14,pending
DSP-02620,ORD-01145,unauthorized_transaction,2026-04-15,6,pending
DSP-02621,ORD-08131,item_not_received,2026-04-15,22,pending
DSP-02622,ORD-12438,item_not_received,2026-04-15,5,pending
DSP-02623,ORD-15798,not_as_described,2026-04-15,19,pending
DSP-02624,ORD-19423,unauthorized_transaction,2026-04-15,7,pending
DSP-02625,ORD-04303,duplicate_charge,2026-04-15,4,pending
DSP-02626,ORD-03651,unauthorized_transaction,2026-04-15,7,pending
DSP-02627,ORD-06824,unauthorized_transaction,2026-04-15,16,pending
DSP-02628,ORD-03989,duplicate_charge,2026-04-15,23,pending
DSP-02629,ORD-17751,item_not_received,2026-04-15,1,pending
DSP-02630,ORD-15146,item_not_received,2026-04-15,13,pending
DSP-02631,ORD-00824,not_as_described,2026-04-15,16,pending
DSP-02632,ORD-04971,not_as_described,2026-04-15,8,pending
DSP-02633,ORD-12785,unauthorized_transaction,2026-04-15,11,pending
DSP-02634,ORD-09907,unauthorized_transaction,2026-04-15,9,pending
DSP-02635,ORD-08025,unauthorized_transaction,2026-04-15,11,pending
DSP-02636,ORD-06176,unauthorized_transaction,2026-04-15,23,pending
DSP-02637,ORD-11872,not_as_described,2026-04-15,22,pending
DSP-02638,ORD-04429,unauthorized_transaction,2026-04-15,18,pending
DSP-02639,ORD-12111,item_not_received,2026-04-15,17,pending
DSP-02640,ORD-00967,duplicate_charge,2026-04-15,22,pending
DSP-02641,ORD-09575,unauthorized_transaction,2026-04-15,22,pending
DSP-02642,ORD-10416,not_as_described,2026-04-15,11,pending
DSP-02643,ORD-14188,duplicate_charge,2026-04-15,16,pending
DSP-02644,ORD-05877,duplicate_charge,2026-04-15,9,pending
DSP-02645,ORD-05056,not_as_described,2026-04-15,11,pending
DSP-02646,ORD-17030,not_as_described,2026-04-15,14,pending
DSP-02647,ORD-06601,unauthorized_transaction,2026-04-15,17,pending
DSP-02648,ORD-13759,duplicate_charge,2026-04-15,12,pending
DSP-02649,ORD-03630,not_as_described,2026-04-15,6,pending
DSP-02650,ORD-07854,duplicate_charge,2026-04-15,19,pending
DSP-02651,ORD-06326,duplicate_charge,2026-04-15,12,pending
DSP-02652,ORD-07101,item_not_received,2026-04-15,24,pending
DSP-02653,ORD-01148,not_as_described,2026-04-15,10,pending
DSP-02654,ORD-16212,item_not_received,2026-04-15,11,pending
DSP-02655,ORD-06199,duplicate_charge,2026-04-15,11,pending
DSP-02656,ORD-14190,unauthorized_transaction,2026-04-15,20,pending
DSP-02657,ORD-05075,unauthorized_transaction,2026-04-15,3,pending
DSP-02658,ORD-02378,unauthorized_transaction,2026-04-15,13,pending
DSP-02659,ORD-02312,unauthorized_transaction,2026-04-15,12,pending
DSP-02660,ORD-10609,unauthorized_transaction,2026-04-15,23,pending
DSP-02661,ORD-12317,not_as_described,2026-04-15,14,pending
DSP-02662,ORD-14497,item_not_received,2026-04-15,7,pending
DSP-02663,ORD-10023,item_not_received,2026-04-15,10,pending
DSP-02664,ORD-05798,item_not_received,2026-04-15,10,pending
DSP-02665,ORD-04828,unauthorized_transaction,2026-04-15,8,pending
DSP-02666,ORD-14053,item_not_received,2026-04-15,10,pending
DSP-02667,ORD-07218,unauthorized_transaction,2026-04-15,9,pending
DSP-02668,ORD-13848,unauthorized_transaction,2026-04-15,2,pending
DSP-02669,ORD-16066,duplicate_charge,2026-04-15,6,pending
DSP-02670,ORD-12979,item_not_received,2026-04-15,7,pending
DSP-02671,ORD-09250,item_not_received,2026-04-15,3,pending
DSP-02672,ORD-04442,item_not_received,2026-04-15,12,pending
DSP-02673,ORD-13347,unauthorized_transaction,2026-04-15,24,pending
DSP-02674,ORD-19715,unauthorized_transaction,2026-04-15,3,pending
DSP-02675,ORD-19593,unauthorized_transaction,2026-04-15,15,pending
DSP-02676,ORD-01862,unauthorized_transaction,2026-04-15,22,pending
DSP-02677,ORD-00249,item_not_received,2026-04-15,18,pending
DSP-02678,ORD-11789,other_unclassified,2026-04-15,19,pending
DSP-02679,ORD-10002,not_as_described,2026-04-15,3,pending
DSP-02680,ORD-17982,item_not_received,2026-04-15,17,pending
DSP-02681,ORD-18157,unauthorized_transaction,2026-04-15,7,pending
DSP-02682,ORD-15133,unauthorized_transaction,2026-04-15,11,pending
DSP-02683,ORD-13734,unauthorized_transaction,2026-04-15,15,pending
DSP-02684,ORD-12835,not_as_described,2026-04-15,8,pending
DSP-02685,ORD-03346,unauthorized_transaction,2026-04-15,19,pending
DSP-02686,ORD-04404,not_as_described,2026-04-15,6,pending
DSP-02687,ORD-04051,item_not_received,2026-04-15,13,pending
DSP-02688,ORD-13341,unauthorized_transaction,2026-04-15,19,pending
DSP-02689,ORD-09305,duplicate_charge,2026-04-15,24,pending
DSP-02690,ORD-08429,not_as_described,2026-04-15,21,pending
DSP-02691,ORD-19113,unauthorized_transaction,2026-04-15,14,pending
DSP-02692,ORD-01761,item_not_received,2026-04-15,18,pending
DSP-02693,ORD-13385,item_not_received,2026-04-15,19,pending
DSP-02694,ORD-00373,not_as_described,2026-04-15,19,pending
DSP-02695,ORD-00799,not_as_described,2026-04-15,22,pending
DSP-02696,ORD-06733,unauthorized_transaction,2026-04-15,18,pending
DSP-02697,ORD-18335,not_as_described,2026-04-15,11,pending
DSP-02698,ORD-18485,item_not_received,2026-04-15,2,pending
DSP-02699,ORD-04298,unauthorized_transaction,2026-04-15,15,pending
DSP-02700,ORD-05938,item_not_received,2026-04-15,6,pending
DSP-02701,ORD-05863,duplicate_charge,2026-04-15,10,pending
DSP-02702,ORD-12859,item_not_received,2026-04-15,8,pending
DSP-02703,ORD-13859,item_not_received,2026-04-15,1,pending
DSP-02704,ORD-19561,unauthorized_transaction,2026-04-15,11,pending
DSP-02705,ORD-05466,unauthorized_transaction,2026-04-15,14,pending
DSP-02706,ORD-02387,item_not_received,2026-04-15,3,pending
DSP-02707,ORD-01268,not_as_described,2026-04-15,14,pending
DSP-02708,ORD-13563,unauthorized_transaction,2026-04-15,15,pending
DSP-02709,ORD-11607,not_as_described,2026-04-15,15,pending
DSP-02710,ORD-00274,unauthorized_transaction,2026-04-15,18,pending
DSP-02711,ORD-19485,unauthorized_transaction,2026-04-15,20,pending
DSP-02712,ORD-15442,not_as_described,2026-04-15,24,pending
DSP-02713,ORD-01310,item_not_received,2026-04-16,24,pending
DSP-02714,ORD-09598,not_as_described,2026-04-16,17,pending
DSP-02715,ORD-00579,not_as_described,2026-04-16,23,pending
DSP-02716,ORD-11361,item_not_received,2026-04-16,2,pending
DSP-02717,ORD-18385,not_as_described,2026-04-16,20,pending
DSP-02718,ORD-00804,not_as_described,2026-04-16,4,pending
DSP-02719,ORD-10580,not_as_described,2026-04-16,11,pending
DSP-02720,ORD-01085,unauthorized_transaction,2026-04-16,7,pending
DSP-02721,ORD-08645,unauthorized_transaction,2026-04-16,15,pending
DSP-02722,ORD-18439,unauthorized_transaction,2026-04-16,5,pending
DSP-02723,ORD-14663,not_as_described,2026-04-16,5,pending
DSP-02724,ORD-04897,item_not_received,2026-04-16,6,pending
DSP-02725,ORD-05860,not_as_described,2026-04-16,11,pending
DSP-02726,ORD-04385,item_not_received,2026-04-16,14,pending
DSP-02727,ORD-09711,item_not_received,2026-04-16,5,pending
DSP-02728,ORD-12755,unauthorized_transaction,2026-04-16,4,pending
DSP-02729,ORD-02832,not_as_described,2026-04-16,22,pending
DSP-02730,ORD-10779,duplicate_charge,2026-04-16,3,pending
DSP-02731,ORD-00437,not_as_described,2026-04-16,6,pending
DSP-02732,ORD-09706,unauthorized_transaction,2026-04-16,6,pending
DSP-02733,ORD-19841,not_as_described,2026-04-16,8,pending
DSP-02734,ORD-03720,not_as_described,2026-04-16,7,pending
DSP-02735,ORD-02472,unauthorized_transaction,2026-04-16,6,pending
DSP-02736,ORD-15627,duplicate_charge,2026-04-16,24,pending
DSP-02737,ORD-07007,unauthorized_transaction,2026-04-16,8,pending
DSP-02738,ORD-04034,not_as_described,2026-04-16,22,pending
DSP-02739,ORD-12077,unauthorized_transaction,2026-04-16,19,pending
DSP-02740,ORD-14481,not_as_described,2026-04-16,11,pending
DSP-02741,ORD-00898,unauthorized_transaction,2026-04-16,19,pending
DSP-02742,ORD-05905,unauthorized_transaction,2026-04-16,3,pending
DSP-02743,ORD-15954,unauthorized_transaction,2026-04-16,4,pending
DSP-02744,ORD-12444,item_not_received,2026-04-16,1,pending
DSP-02745,ORD-15723,item_not_received,2026-04-16,22,pending
DSP-02746,ORD-13940,unauthorized_transaction,2026-04-16,22,pending
DSP-02747,ORD-06491,not_as_described,2026-04-16,9,pending
DSP-02748,ORD-13295,not_as_described,2026-04-16,18,pending
DSP-02749,ORD-07145,not_as_described,2026-04-16,6,pending
DSP-02750,ORD-00917,not_as_described,2026-04-16,4,pending
DSP-02751,ORD-08320,not_as_described,2026-04-16,8,pending
DSP-02752,ORD-18818,not_as_described,2026-04-16,10,pending
DSP-02753,ORD-05670,duplicate_charge,2026-04-16,3,pending
DSP-02754,ORD-07523,duplicate_charge,2026-04-16,1,pending
DSP-02755,ORD-18536,duplicate_charge,2026-04-16,12,pending
DSP-02756,ORD-16564,item_not_received,2026-04-16,14,pending
DSP-02757,ORD-08513,item_not_received,2026-04-16,24,pending
DSP-02758,ORD-12269,unauthorized_transaction,2026-04-16,16,pending
DSP-02759,ORD-18840,duplicate_charge,2026-04-16,15,pending
DSP-02760,ORD-17196,not_as_described,2026-04-16,11,pending
DSP-02761,ORD-14838,item_not_received,2026-04-16,14,pending
DSP-02762,ORD-04771,not_as_described,2026-04-16,3,pending
DSP-02763,ORD-13858,item_not_received,2026-04-16,14,pending
DSP-02764,ORD-15880,not_as_described,2026-04-16,10,pending
DSP-02765,ORD-15353,item_not_received,2026-04-16,8,pending
DSP-02766,ORD-00825,item_not_received,2026-04-16,9,pending
DSP-02767,ORD-02412,not_as_described,2026-04-16,8,pending
DSP-02768,ORD-02687,item_not_received,2026-04-16,1,pending
DSP-02769,ORD-11043,unauthorized_transaction,2026-04-16,8,pending
DSP-02770,ORD-06766,item_not_received,2026-04-16,20,pending
DSP-02771,ORD-03519,unauthorized_transaction,2026-04-16,19,pending
DSP-02772,ORD-16693,not_as_described,2026-04-16,12,pending
DSP-02773,ORD-14514,unauthorized_transaction,2026-04-16,8,pending
DSP-02774,ORD-13651,unauthorized_transaction,2026-04-16,3,pending
DSP-02775,ORD-19627,unauthorized_transaction,2026-04-16,2,pending
DSP-02776,ORD-05153,not_as_described,2026-04-16,5,pending
DSP-02777,ORD-18958,unauthorized_transaction,2026-04-16,11,pending
DSP-02778,ORD-12621,item_not_received,2026-04-16,4,pending
DSP-02779,ORD-00350,item_not_received,2026-04-16,17,pending
DSP-02780,ORD-19854,item_not_received,2026-04-16,23,pending
DSP-02781,ORD-12767,item_not_received,2026-04-16,13,pending
DSP-02782,ORD-08215,not_as_described,2026-04-16,21,pending
DSP-02783,ORD-02193,duplicate_charge,2026-04-16,5,pending
DSP-02784,ORD-04823,not_as_described,2026-04-16,15,pending
DSP-02785,ORD-15459,item_not_received,2026-04-16,22,pending
DSP-02786,ORD-02792,item_not_received,2026-04-16,6,pending
DSP-02787,ORD-04153,duplicate_charge,2026-04-16,21,pending
DSP-02788,ORD-02309,item_not_received,2026-04-16,13,pending
DSP-02789,ORD-15849,item_not_received,2026-04-16,13,pending
DSP-02790,ORD-10117,duplicate_charge,2026-04-16,7,pending
DSP-02791,ORD-13757,duplicate_charge,2026-04-16,14,pending
DSP-02792,ORD-06584,not_as_described,2026-04-16,18,pending
DSP-02793,ORD-03339,unauthorized_transaction,2026-04-16,9,pending
DSP-02794,ORD-16168,not_as_described,2026-04-16,11,pending
DSP-02795,ORD-14075,not_as_described,2026-04-16,7,pending
DSP-02796,ORD-05945,item_not_received,2026-04-16,1,pending
DSP-02797,ORD-02891,not_as_described,2026-04-16,13,pending
DSP-02798,ORD-16751,item_not_received,2026-04-16,12,pending
DSP-02799,ORD-04846,item_not_received,2026-04-16,2,pending
DSP-02800,ORD-07806,duplicate_charge,2026-04-16,4,pending
DSP-02801,ORD-04867,not_as_described,2026-04-16,7,pending
DSP-02802,ORD-01611,duplicate_charge,2026-04-16,9,pending
DSP-02803,ORD-16116,not_as_described,2026-04-16,7,pending
DSP-02804,ORD-13416,duplicate_charge,2026-04-16,20,pending
DSP-02805,ORD-12465,item_not_received,2026-04-16,23,pending
DSP-02806,ORD-11967,item_not_received,2026-04-16,1,pending
DSP-02807,ORD-14753,not_as_described,2026-04-16,14,pending
DSP-02808,ORD-11402,duplicate_charge,2026-04-16,23,pending
DSP-02809,ORD-08957,not_as_described,2026-04-16,7,pending
DSP-02810,ORD-14849,unauthorized_transaction,2026-04-16,5,pending
DSP-02811,ORD-06022,unauthorized_transaction,2026-04-16,18,pending
DSP-02812,ORD-12143,not_as_described,2026-04-16,2,pending
DSP-02813,ORD-02297,item_not_received,2026-04-16,3,pending
DSP-02814,ORD-17052,not_as_described,2026-04-16,22,pending
DSP-02815,ORD-12833,unauthorized_transaction,2026-04-16,2,pending
DSP-02816,ORD-04727,not_as_described,2026-04-16,9,pending
DSP-02817,ORD-06353,not_as_described,2026-04-17,2,pending
DSP-02818,ORD-19344,unauthorized_transaction,2026-04-17,22,pending
DSP-02819,ORD-00765,unauthorized_transaction,2026-04-17,4,pending
DSP-02820,ORD-07375,duplicate_charge,2026-04-17,7,pending
DSP-02821,ORD-03965,not_as_described,2026-04-17,15,pending
DSP-02822,ORD-03052,unauthorized_transaction,2026-04-17,21,pending
DSP-02823,ORD-04504,unauthorized_transaction,2026-04-17,3,pending
DSP-02824,ORD-08694,not_as_described,2026-04-17,22,pending
DSP-02825,ORD-09283,not_as_described,2026-04-17,12,pending
DSP-02826,ORD-06395,not_as_described,2026-04-17,20,pending
DSP-02827,ORD-09094,unauthorized_transaction,2026-04-17,18,pending
DSP-02828,ORD-03500,duplicate_charge,2026-04-17,10,pending
DSP-02829,ORD-17783,unauthorized_transaction,2026-04-17,1,pending
DSP-02830,ORD-00288,duplicate_charge,2026-04-17,7,pending
DSP-02831,ORD-19528,unauthorized_transaction,2026-04-17,12,pending
DSP-02832,ORD-19879,item_not_received,2026-04-17,15,pending
DSP-02833,ORD-11233,not_as_described,2026-04-17,1,pending
DSP-02834,ORD-18597,unauthorized_transaction,2026-04-17,16,pending
DSP-02835,ORD-15102,item_not_received,2026-04-17,17,pending
DSP-02836,ORD-11262,item_not_received,2026-04-17,16,pending
DSP-02837,ORD-01790,unauthorized_transaction,2026-04-17,19,pending
DSP-02838,ORD-07987,item_not_received,2026-04-17,22,pending
DSP-02839,ORD-07449,duplicate_charge,2026-04-17,16,pending
DSP-02840,ORD-07002,unauthorized_transaction,2026-04-17,14,pending
DSP-02841,ORD-07179,not_as_described,2026-04-17,19,pending
DSP-02842,ORD-17974,duplicate_charge,2026-04-17,1,pending
DSP-02843,ORD-02151,item_not_received,2026-04-17,16,pending
DSP-02844,ORD-01465,duplicate_charge,2026-04-17,20,pending
DSP-02845,ORD-12702,item_not_received,2026-04-17,22,pending
DSP-02846,ORD-09576,duplicate_charge,2026-04-17,12,pending
DSP-02847,ORD-05793,not_as_described,2026-04-17,8,pending
DSP-02848,ORD-17001,item_not_received,2026-04-17,21,pending
DSP-02849,ORD-12523,item_not_received,2026-04-17,21,pending
DSP-02850,ORD-00873,unauthorized_transaction,2026-04-17,19,pending
DSP-02851,ORD-09236,item_not_received,2026-04-17,5,pending
DSP-02852,ORD-09707,unauthorized_transaction,2026-04-17,20,pending
DSP-02853,ORD-05044,not_as_described,2026-04-17,10,pending
DSP-02854,ORD-14015,item_not_received,2026-04-17,6,pending
DSP-02855,ORD-18395,not_as_described,2026-04-17,15,pending
DSP-02856,ORD-14023,item_not_received,2026-04-17,17,pending
DSP-02857,ORD-14988,not_as_described,2026-04-17,10,pending
DSP-02858,ORD-14466,duplicate_charge,2026-04-17,7,pending
DSP-02859,ORD-09231,unauthorized_transaction,2026-04-17,23,pending
DSP-02860,ORD-09408,not_as_described,2026-04-17,24,pending
DSP-02861,ORD-08037,item_not_received,2026-04-17,6,pending
DSP-02862,ORD-17053,item_not_received,2026-04-17,14,pending
DSP-02863,ORD-00669,item_not_received,2026-04-17,5,pending
DSP-02864,ORD-12980,not_as_described,2026-04-17,8,pending
DSP-02865,ORD-19639,duplicate_charge,2026-04-17,21,pending
DSP-02866,ORD-17079,not_as_described,2026-04-17,6,pending
DSP-02867,ORD-06989,item_not_received,2026-04-17,20,pending
DSP-02868,ORD-06008,item_not_received,2026-04-17,3,pending
DSP-02869,ORD-18368,duplicate_charge,2026-04-17,2,pending
DSP-02870,ORD-03028,duplicate_charge,2026-04-17,18,pending
DSP-02871,ORD-05729,duplicate_charge,2026-04-17,17,pending
DSP-02872,ORD-05548,not_as_described,2026-04-17,16,pending
DSP-02873,ORD-12778,item_not_received,2026-04-17,10,pending
DSP-02874,ORD-19572,not_as_described,2026-04-17,8,pending
DSP-02875,ORD-00944,unauthorized_transaction,2026-04-17,16,pending
DSP-02876,ORD-04346,not_as_described,2026-04-17,24,pending
DSP-02877,ORD-05499,unauthorized_transaction,2026-04-17,13,pending
DSP-02878,ORD-08998,item_not_received,2026-04-17,3,pending
DSP-02879,ORD-05464,not_as_described,2026-04-17,17,pending
DSP-02880,ORD-02454,not_as_described,2026-04-17,15,pending
DSP-02881,ORD-19482,unauthorized_transaction,2026-04-17,1,pending
DSP-02882,ORD-01488,unauthorized_transaction,2026-04-17,9,pending
DSP-02883,ORD-05213,item_not_received,2026-04-17,8,pending
DSP-02884,ORD-04581,unauthorized_transaction,2026-04-17,14,pending
DSP-02885,ORD-16175,unauthorized_transaction,2026-04-17,15,pending
DSP-02886,ORD-17044,item_not_received,2026-04-17,14,pending
DSP-02887,ORD-10714,duplicate_charge,2026-04-17,10,pending
DSP-02888,ORD-15792,unauthorized_transaction,2026-04-17,12,pending
DSP-02889,ORD-16571,not_as_described,2026-04-17,10,pending
DSP-02890,ORD-06808,not_as_described,2026-04-17,20,pending
DSP-02891,ORD-11788,unauthorized_transaction,2026-04-17,19,pending
DSP-02892,ORD-05116,item_not_received,2026-04-17,7,pending
DSP-02893,ORD-11013,item_not_received,2026-04-17,10,pending
DSP-02894,ORD-12363,unauthorized_transaction,2026-04-17,16,pending
DSP-02895,ORD-08497,unauthorized_transaction,2026-04-17,22,pending
DSP-02896,ORD-13050,not_as_described,2026-04-17,10,pending
DSP-02897,ORD-02395,not_as_described,2026-04-17,22,pending
DSP-02898,ORD-00604,not_as_described,2026-04-17,5,pending
DSP-02899,ORD-02084,not_as_described,2026-04-17,3,pending
DSP-02900,ORD-00663,not_as_described,2026-04-17,7,pending
DSP-02901,ORD-15925,not_as_described,2026-04-17,21,pending
DSP-02902,ORD-15887,unauthorized_transaction,2026-04-17,24,pending
DSP-02903,ORD-11633,item_not_received,2026-04-17,17,pending
DSP-02904,ORD-09395,unauthorized_transaction,2026-04-17,2,pending
DSP-02905,ORD-08363,item_not_received,2026-04-17,11,pending
DSP-02906,ORD-14414,not_as_described,2026-04-17,6,pending
DSP-02907,ORD-00905,unauthorized_transaction,2026-04-17,18,pending
DSP-02908,ORD-08576,unauthorized_transaction,2026-04-17,18,pending
DSP-02909,ORD-16128,item_not_received,2026-04-17,20,pending
DSP-02910,ORD-11559,duplicate_charge,2026-04-17,19,pending
DSP-02911,ORD-18756,item_not_received,2026-04-17,10,pending
DSP-02912,ORD-19806,duplicate_charge,2026-04-17,3,pending
DSP-02913,ORD-19233,item_not_received,2026-04-17,11,pending
DSP-02914,ORD-00836,item_not_received,2026-04-17,6,pending
DSP-02915,ORD-11708,duplicate_charge,2026-04-18,12,pending
DSP-02916,ORD-05010,item_not_received,2026-04-18,2,pending
DSP-02917,ORD-19604,unauthorized_transaction,2026-04-18,5,pending
DSP-02918,ORD-12602,not_as_described,2026-04-18,18,pending
DSP-02919,ORD-02222,unauthorized_transaction,2026-04-18,22,pending
DSP-02920,ORD-18041,not_as_described,2026-04-18,24,pending
DSP-02921,ORD-19357,unauthorized_transaction,2026-04-18,6,pending
DSP-02922,ORD-02382,item_not_received,2026-04-18,24,pending
DSP-02923,ORD-01774,not_as_described,2026-04-18,19,pending
DSP-02924,ORD-14860,item_not_received,2026-04-18,15,pending
DSP-02925,ORD-02284,not_as_described,2026-04-18,3,pending
DSP-02926,ORD-12347,not_as_described,2026-04-18,5,pending
DSP-02927,ORD-06789,item_not_received,2026-04-18,4,pending
DSP-02928,ORD-13357,not_as_described,2026-04-18,6,pending
DSP-02929,ORD-11363,item_not_received,2026-04-18,1,pending
DSP-02930,ORD-09382,not_as_described,2026-04-18,4,pending
DSP-02931,ORD-12822,item_not_received,2026-04-18,22,pending
DSP-02932,ORD-15101,item_not_received,2026-04-18,22,pending
DSP-02933,ORD-01378,not_as_described,2026-04-18,19,pending
DSP-02934,ORD-06433,unauthorized_transaction,2026-04-18,22,pending
DSP-02935,ORD-10460,duplicate_charge,2026-04-18,17,pending
DSP-02936,ORD-18663,item_not_received,2026-04-18,1,pending
DSP-02937,ORD-10168,unauthorized_transaction,2026-04-18,24,pending
DSP-02938,ORD-00552,item_not_received,2026-04-18,21,pending
DSP-02939,ORD-08382,not_as_described,2026-04-18,7,pending
DSP-02940,ORD-01932,item_not_received,2026-04-18,12,pending
DSP-02941,ORD-00632,item_not_received,2026-04-18,13,pending
DSP-02942,ORD-06156,not_as_described,2026-04-18,22,pending
DSP-02943,ORD-15150,not_as_described,2026-04-18,22,pending
DSP-02944,ORD-12325,item_not_received,2026-04-18,5,pending
DSP-02945,ORD-04496,unauthorized_transaction,2026-04-18,21,pending
DSP-02946,ORD-15416,duplicate_charge,2026-04-18,4,pending
DSP-02947,ORD-15417,duplicate_charge,2026-04-18,10,pending
DSP-02948,ORD-04745,unauthorized_transaction,2026-04-18,4,pending
DSP-02949,ORD-15468,other_unclassified,2026-04-18,8,pending
DSP-02950,ORD-14176,not_as_described,2026-04-18,10,pending
DSP-02951,ORD-15987,not_as_described,2026-04-18,17,pending
DSP-02952,ORD-14280,not_as_described,2026-04-18,17,pending
DSP-02953,ORD-16972,not_as_described,2026-04-18,18,pending
DSP-02954,ORD-19822,item_not_received,2026-04-18,9,pending
DSP-02955,ORD-11874,not_as_described,2026-04-18,13,pending
DSP-02956,ORD-19815,unauthorized_transaction,2026-04-18,6,pending
DSP-02957,ORD-06579,item_not_received,2026-04-18,15,pending
DSP-02958,ORD-03934,unauthorized_transaction,2026-04-18,12,pending
DSP-02959,ORD-17848,not_as_described,2026-04-18,18,pending
DSP-02960,ORD-07065,duplicate_charge,2026-04-18,22,pending
DSP-02961,ORD-14387,not_as_described,2026-04-18,1,pending
DSP-02962,ORD-01798,not_as_described,2026-04-18,10,pending
DSP-02963,ORD-06135,unauthorized_transaction,2026-04-18,19,pending
DSP-02964,ORD-01690,not_as_described,2026-04-18,18,pending
DSP-02965,ORD-04313,not_as_described,2026-04-18,1,pending
DSP-02966,ORD-09758,item_not_received,2026-04-18,4,pending
DSP-02967,ORD-12967,unauthorized_transaction,2026-04-18,20,pending
DSP-02968,ORD-11917,unauthorized_transaction,2026-04-18,11,pending
DSP-02969,ORD-04680,not_as_described,2026-04-18,21,pending
DSP-02970,ORD-00165,item_not_received,2026-04-18,8,pending
DSP-02971,ORD-15351,not_as_described,2026-04-18,1,pending
DSP-02972,ORD-10343,not_as_described,2026-04-18,4,pending
DSP-02973,ORD-11162,item_not_received,2026-04-18,11,pending
DSP-02974,ORD-16000,item_not_received,2026-04-18,6,pending
DSP-02975,ORD-03769,duplicate_charge,2026-04-18,8,pending
DSP-02976,ORD-08946,duplicate_charge,2026-04-18,10,pending
DSP-02977,ORD-11920,item_not_received,2026-04-18,8,pending
DSP-02978,ORD-13103,item_not_received,2026-04-18,6,pending
DSP-02979,ORD-06165,unauthorized_transaction,2026-04-18,2,pending
DSP-02980,ORD-01316,not_as_described,2026-04-18,19,pending
DSP-02981,ORD-15634,item_not_received,2026-04-18,16,pending
DSP-02982,ORD-10619,duplicate_charge,2026-04-18,9,pending
DSP-02983,ORD-06758,duplicate_charge,2026-04-18,4,pending
DSP-02984,ORD-14650,unauthorized_transaction,2026-04-18,8,pending
DSP-02985,ORD-11089,unauthorized_transaction,2026-04-18,23,pending
DSP-02986,ORD-18630,unauthorized_transaction,2026-04-18,14,pending
DSP-02987,ORD-04334,duplicate_charge,2026-04-18,1,pending
DSP-02988,ORD-09544,not_as_described,2026-04-18,4,pending
DSP-02989,ORD-09332,unauthorized_transaction,2026-04-18,11,pending
DSP-02990,ORD-03363,unauthorized_transaction,2026-04-18,10,pending
DSP-02991,ORD-04037,unauthorized_transaction,2026-04-18,3,pending
DSP-02992,ORD-14033,item_not_received,2026-04-18,2,pending
DSP-02993,ORD-06323,not_as_described,2026-04-18,18,pending
DSP-02994,ORD-02013,item_not_received,2026-04-18,9,pending
DSP-02995,ORD-11587,unauthorized_transaction,2026-04-18,6,pending
DSP-02996,ORD-12791,not_as_described,2026-04-18,17,pending
DSP-02997,ORD-10811,duplicate_charge,2026-04-18,22,pending
DSP-02998,ORD-03784,item_not_received,2026-04-18,24,pending
DSP-02999,ORD-06312,duplicate_charge,2026-04-18,22,pending
DSP-03000,ORD-16695,not_as_described,2026-04-18,23,pending
DSP-03001,ORD-06225,duplicate_charge,2026-04-18,15,pending
DSP-03002,ORD-01245,unauthorized_transaction,2026-04-18,24,pending
DSP-03003,ORD-12964,unauthorized_transaction,2026-04-18,6,pending
DSP-03004,ORD-16891,item_not_received,2026-04-18,15,pending
DSP-03005,ORD-04691,not_as_described,2026-04-18,16,pending
DSP-03006,ORD-18803,item_not_received,2026-04-18,6,pending
DSP-03007,ORD-02614,not_as_described,2026-04-18,11,pending
DSP-03008,ORD-17773,item_not_received,2026-04-18,10,pending
DSP-03009,ORD-06549,item_not_received,2026-04-18,17,pending
DSP-03010,ORD-17548,item_not_received,2026-04-19,5,pending
DSP-03011,ORD-14797,item_not_received,2026-04-19,2,pending
DSP-03012,ORD-17805,unauthorized_transaction,2026-04-19,23,pending
DSP-03013,ORD-16219,not_as_described,2026-04-19,3,pending
DSP-03014,ORD-08867,unauthorized_transaction,2026-04-19,6,pending
DSP-03015,ORD-02038,item_not_received,2026-04-19,20,pending
DSP-03016,ORD-19346,unauthorized_transaction,2026-04-19,22,pending
DSP-03017,ORD-09001,not_as_described,2026-04-19,21,pending
DSP-03018,ORD-18071,unauthorized_transaction,2026-04-19,22,pending
DSP-03019,ORD-16862,duplicate_charge,2026-04-19,1,pending
DSP-03020,ORD-07471,not_as_described,2026-04-19,19,pending
DSP-03021,ORD-11383,item_not_received,2026-04-19,10,pending
DSP-03022,ORD-19267,duplicate_charge,2026-04-19,19,pending
DSP-03023,ORD-15994,item_not_received,2026-04-19,21,pending
DSP-03024,ORD-10299,unauthorized_transaction,2026-04-19,12,pending
DSP-03025,ORD-10251,unauthorized_transaction,2026-04-19,19,pending
DSP-03026,ORD-12286,unauthorized_transaction,2026-04-19,17,pending
DSP-03027,ORD-07575,unauthorized_transaction,2026-04-19,24,pending
DSP-03028,ORD-17482,not_as_described,2026-04-19,16,pending
DSP-03029,ORD-04246,item_not_received,2026-04-19,23,pending
DSP-03030,ORD-04799,duplicate_charge,2026-04-19,6,pending
DSP-03031,ORD-15354,unauthorized_transaction,2026-04-19,13,pending
DSP-03032,ORD-01170,item_not_received,2026-04-19,8,pending
DSP-03033,ORD-04576,not_as_described,2026-04-19,8,pending
DSP-03034,ORD-17989,not_as_described,2026-04-19,11,pending
DSP-03035,ORD-19861,duplicate_charge,2026-04-19,6,pending
DSP-03036,ORD-05138,item_not_received,2026-04-19,1,pending
DSP-03037,ORD-17928,item_not_received,2026-04-19,19,pending
DSP-03038,ORD-13246,not_as_described,2026-04-19,21,pending
DSP-03039,ORD-19185,item_not_received,2026-04-19,18,pending
DSP-03040,ORD-02834,duplicate_charge,2026-04-19,4,pending
DSP-03041,ORD-06344,item_not_received,2026-04-19,6,pending
DSP-03042,ORD-12945,not_as_described,2026-04-19,6,pending
DSP-03043,ORD-04770,not_as_described,2026-04-19,7,pending
DSP-03044,ORD-09486,not_as_described,2026-04-19,24,pending
DSP-03045,ORD-05003,unauthorized_transaction,2026-04-19,24,pending
DSP-03046,ORD-11311,item_not_received,2026-04-19,18,pending
DSP-03047,ORD-08463,not_as_described,2026-04-19,18,pending
DSP-03048,ORD-06201,unauthorized_transaction,2026-04-19,12,pending
DSP-03049,ORD-16861,unauthorized_transaction,2026-04-19,13,pending
DSP-03050,ORD-08636,duplicate_charge,2026-04-19,6,pending
DSP-03051,ORD-09675,duplicate_charge,2026-04-19,6,pending
DSP-03052,ORD-05045,item_not_received,2026-04-19,24,pending
DSP-03053,ORD-05892,not_as_described,2026-04-19,4,pending
DSP-03054,ORD-10184,not_as_described,2026-04-19,9,pending
DSP-03055,ORD-05594,item_not_received,2026-04-19,22,pending
DSP-03056,ORD-18169,unauthorized_transaction,2026-04-19,16,pending
DSP-03057,ORD-12456,not_as_described,2026-04-19,11,pending
DSP-03058,ORD-13616,item_not_received,2026-04-19,20,pending
DSP-03059,ORD-01027,unauthorized_transaction,2026-04-19,4,pending
DSP-03060,ORD-03805,not_as_described,2026-04-19,12,pending
DSP-03061,ORD-07489,unauthorized_transaction,2026-04-19,4,pending
DSP-03062,ORD-13575,item_not_received,2026-04-19,9,pending
DSP-03063,ORD-14735,unauthorized_transaction,2026-04-19,5,pending
DSP-03064,ORD-04898,unauthorized_transaction,2026-04-19,22,pending
DSP-03065,ORD-10919,not_as_described,2026-04-19,1,pending
DSP-03066,ORD-19505,unauthorized_transaction,2026-04-19,16,pending
DSP-03067,ORD-00424,not_as_described,2026-04-19,21,pending
DSP-03068,ORD-13121,not_as_described,2026-04-19,14,pending
DSP-03069,ORD-03027,item_not_received,2026-04-19,5,pending
DSP-03070,ORD-03090,not_as_described,2026-04-19,21,pending
DSP-03071,ORD-16716,item_not_received,2026-04-19,3,pending
DSP-03072,ORD-09589,not_as_described,2026-04-19,10,pending
DSP-03073,ORD-10828,item_not_received,2026-04-19,15,pending
DSP-03074,ORD-17393,item_not_received,2026-04-19,16,pending
DSP-03075,ORD-01900,item_not_received,2026-04-19,6,pending
DSP-03076,ORD-14323,item_not_received,2026-04-19,11,pending
DSP-03077,ORD-14848,not_as_described,2026-04-19,4,pending
DSP-03078,ORD-02555,item_not_received,2026-04-19,17,pending
DSP-03079,ORD-02967,unauthorized_transaction,2026-04-19,13,pending
DSP-03080,ORD-00411,not_as_described,2026-04-19,5,pending
DSP-03081,ORD-10675,not_as_described,2026-04-19,4,pending
DSP-03082,ORD-16985,not_as_described,2026-04-19,15,pending
DSP-03083,ORD-10548,duplicate_charge,2026-04-19,20,pending
DSP-03084,ORD-17475,unauthorized_transaction,2026-04-19,13,pending
DSP-03085,ORD-13490,item_not_received,2026-04-19,5,pending
DSP-03086,ORD-03960,not_as_described,2026-04-19,10,pending
DSP-03087,ORD-10318,duplicate_charge,2026-04-19,11,pending
DSP-03088,ORD-03209,unauthorized_transaction,2026-04-19,8,pending
DSP-03089,ORD-12865,duplicate_charge,2026-04-19,13,pending
DSP-03090,ORD-04632,not_as_described,2026-04-19,10,pending
DSP-03091,ORD-17583,unauthorized_transaction,2026-04-19,5,pending
DSP-03092,ORD-04054,item_not_received,2026-04-19,8,pending
DSP-03093,ORD-07356,not_as_described,2026-04-19,8,pending
DSP-03094,ORD-04333,item_not_received,2026-04-19,24,pending
DSP-03095,ORD-05761,item_not_received,2026-04-19,18,pending
DSP-03096,ORD-14782,duplicate_charge,2026-04-19,18,pending
DSP-03097,ORD-18142,duplicate_charge,2026-04-20,11,pending
DSP-03098,ORD-09574,unauthorized_transaction,2026-04-20,1,pending
DSP-03099,ORD-01996,item_not_received,2026-04-20,17,pending
DSP-03100,ORD-15805,item_not_received,2026-04-20,22,pending
DSP-03101,ORD-00582,duplicate_charge,2026-04-20,7,pending
DSP-03102,ORD-12583,item_not_received,2026-04-20,22,pending
DSP-03103,ORD-04579,unauthorized_transaction,2026-04-20,8,pending
DSP-03104,ORD-00491,not_as_described,2026-04-20,7,pending
DSP-03105,ORD-13037,item_not_received,2026-04-20,5,pending
DSP-03106,ORD-07502,duplicate_charge,2026-04-20,6,pending
DSP-03107,ORD-03814,item_not_received,2026-04-20,10,pending
DSP-03108,ORD-17707,not_as_described,2026-04-20,21,pending
DSP-03109,ORD-16001,item_not_received,2026-04-20,23,pending
DSP-03110,ORD-13159,duplicate_charge,2026-04-20,15,pending
DSP-03111,ORD-03670,item_not_received,2026-04-20,21,pending
DSP-03112,ORD-00136,item_not_received,2026-04-20,10,pending
DSP-03113,ORD-11616,not_as_described,2026-04-20,14,pending
DSP-03114,ORD-13124,not_as_described,2026-04-20,13,pending
DSP-03115,ORD-18568,item_not_received,2026-04-20,8,pending
DSP-03116,ORD-07928,unauthorized_transaction,2026-04-20,15,pending
DSP-03117,ORD-04574,item_not_received,2026-04-20,17,pending
DSP-03118,ORD-06914,duplicate_charge,2026-04-20,18,pending
DSP-03119,ORD-03345,item_not_received,2026-04-20,14,pending
DSP-03120,ORD-15184,not_as_described,2026-04-20,1,pending
DSP-03121,ORD-01627,not_as_described,2026-04-20,7,pending
DSP-03122,ORD-00179,unauthorized_transaction,2026-04-20,21,pending
DSP-03123,ORD-09725,unauthorized_transaction,2026-04-20,20,pending
DSP-03124,ORD-14970,duplicate_charge,2026-04-20,13,pending
DSP-03125,ORD-14116,not_as_described,2026-04-20,12,pending
DSP-03126,ORD-14300,item_not_received,2026-04-20,4,pending
DSP-03127,ORD-09125,not_as_described,2026-04-20,22,pending
DSP-03128,ORD-05822,not_as_described,2026-04-20,15,pending
DSP-03129,ORD-12169,unauthorized_transaction,2026-04-20,15,pending
DSP-03130,ORD-05276,item_not_received,2026-04-20,16,pending
DSP-03131,ORD-09246,not_as_described,2026-04-20,4,pending
DSP-03132,ORD-06827,unauthorized_transaction,2026-04-20,6,pending
DSP-03133,ORD-02779,item_not_received,2026-04-20,23,pending
DSP-03134,ORD-08956,not_as_described,2026-04-20,5,pending
DSP-03135,ORD-09900,item_not_received,2026-04-20,17,pending
DSP-03136,ORD-17419,item_not_received,2026-04-20,12,pending
DSP-03137,ORD-18890,item_not_received,2026-04-20,22,pending
DSP-03138,ORD-12737,item_not_received,2026-04-20,6,pending
DSP-03139,ORD-19106,item_not_received,2026-04-20,6,pending
DSP-03140,ORD-11900,duplicate_charge,2026-04-20,1,pending
DSP-03141,ORD-10340,not_as_described,2026-04-20,16,pending
DSP-03142,ORD-11406,unauthorized_transaction,2026-04-20,19,pending
DSP-03143,ORD-10215,not_as_described,2026-04-20,9,pending
DSP-03144,ORD-06371,not_as_described,2026-04-20,15,pending
DSP-03145,ORD-00815,not_as_described,2026-04-20,6,pending
DSP-03146,ORD-07231,unauthorized_transaction,2026-04-20,3,pending
DSP-03147,ORD-09810,unauthorized_transaction,2026-04-20,23,pending
DSP-03148,ORD-16777,not_as_described,2026-04-20,22,pending
DSP-03149,ORD-04050,not_as_described,2026-04-20,23,pending
DSP-03150,ORD-01504,item_not_received,2026-04-20,9,pending
DSP-03151,ORD-17399,duplicate_charge,2026-04-20,11,pending
DSP-03152,ORD-11623,unauthorized_transaction,2026-04-20,21,pending
DSP-03153,ORD-07949,unauthorized_transaction,2026-04-20,23,pending
DSP-03154,ORD-03560,item_not_received,2026-04-20,22,pending
DSP-03155,ORD-16108,not_as_described,2026-04-20,19,pending
DSP-03156,ORD-16868,not_as_described,2026-04-20,4,pending
DSP-03157,ORD-03885,item_not_received,2026-04-20,7,pending
DSP-03158,ORD-11878,item_not_received,2026-04-20,1,pending
DSP-03159,ORD-07332,not_as_described,2026-04-20,4,pending
DSP-03160,ORD-07124,item_not_received,2026-04-20,7,pending
DSP-03161,ORD-15726,unauthorized_transaction,2026-04-20,2,pending
DSP-03162,ORD-01194,item_not_received,2026-04-20,2,pending
DSP-03163,ORD-06721,duplicate_charge,2026-04-20,19,pending
DSP-03164,ORD-04794,duplicate_charge,2026-04-20,6,pending
DSP-03165,ORD-08209,duplicate_charge,2026-04-20,4,pending
DSP-03166,ORD-08387,not_as_described,2026-04-20,9,pending
DSP-03167,ORD-05344,not_as_described,2026-04-20,8,pending
DSP-03168,ORD-09449,not_as_described,2026-04-20,5,pending
DSP-03169,ORD-07291,unauthorized_transaction,2026-04-20,3,pending
DSP-03170,ORD-14579,unauthorized_transaction,2026-04-20,20,pending
DSP-03171,ORD-02100,item_not_received,2026-04-20,5,pending
DSP-03172,ORD-09015,item_not_received,2026-04-20,13,pending
DSP-03173,ORD-09662,not_as_described,2026-04-20,9,pending
DSP-03174,ORD-14744,unauthorized_transaction,2026-04-20,18,pending
DSP-03175,ORD-06089,unauthorized_transaction,2026-04-20,12,pending
DSP-03176,ORD-19308,item_not_received,2026-04-20,10,pending
DSP-03177,ORD-08892,duplicate_charge,2026-04-20,2,pending
DSP-03178,ORD-19750,item_not_received,2026-04-20,23,pending
DSP-03179,ORD-12516,duplicate_charge,2026-04-20,17,pending
DSP-03180,ORD-18069,duplicate_charge,2026-04-20,16,pending
DSP-03181,ORD-03288,unauthorized_transaction,2026-04-20,15,pending
DSP-03182,ORD-16365,duplicate_charge,2026-04-20,24,pending
DSP-03183,ORD-09227,unauthorized_transaction,2026-04-20,22,pending
DSP-03184,ORD-02394,not_as_described,2026-04-20,21,pending
DSP-03185,ORD-14162,duplicate_charge,2026-04-20,24,pending
DSP-03186,ORD-18883,unauthorized_transaction,2026-04-20,9,pending
DSP-03187,ORD-16191,unauthorized_transaction,2026-04-20,12,pending
DSP-03188,ORD-18746,not_as_described,2026-04-20,2,pending
DSP-03189,ORD-09743,item_not_received,2026-04-20,14,pending
DSP-03190,ORD-04990,item_not_received,2026-04-20,11,pending
DSP-03191,ORD-16028,not_as_described,2026-04-20,15,pending
DSP-03192,ORD-08503,item_not_received,2026-04-20,16,pending
DSP-03193,ORD-06202,item_not_received,2026-04-20,3,pending
DSP-03194,ORD-11436,not_as_described,2026-04-20,9,pending
DSP-03195,ORD-10372,item_not_received,2026-04-20,23,pending
DSP-03196,ORD-17454,item_not_received,2026-04-20,13,pending
DSP-03197,ORD-08568,item_not_received,2026-04-20,14,pending
DSP-03198,ORD-05170,duplicate_charge,2026-04-20,1,pending
DSP-03199,ORD-15804,not_as_described,2026-04-20,11,pending
DSP-03200,ORD-19771,item_not_received,2026-04-20,9,pending
DSP-03201,ORD-15571,not_as_described,2026-04-20,22,pending
DSP-03202,ORD-19743,item_not_received,2026-04-20,19,pending
DSP-03203,ORD-12453,unauthorized_transaction,2026-04-20,2,pending
DSP-03204,ORD-12065,item_not_received,2026-04-21,11,pending
DSP-03205,ORD-07080,unauthorized_transaction,2026-04-21,22,pending
DSP-03206,ORD-02763,not_as_described,2026-04-21,18,pending
DSP-03207,ORD-05622,not_as_described,2026-04-21,11,pending
DSP-03208,ORD-13499,duplicate_charge,2026-04-21,6,pending
DSP-03209,ORD-07078,unauthorized_transaction,2026-04-21,6,pending
DSP-03210,ORD-19039,item_not_received,2026-04-21,12,pending
DSP-03211,ORD-18701,unauthorized_transaction,2026-04-21,3,pending
DSP-03212,ORD-09613,not_as_described,2026-04-21,11,pending
DSP-03213,ORD-15606,not_as_described,2026-04-21,23,pending
DSP-03214,ORD-04651,item_not_received,2026-04-21,10,pending
DSP-03215,ORD-17785,unauthorized_transaction,2026-04-21,20,pending
DSP-03216,ORD-07845,not_as_described,2026-04-21,5,pending
DSP-03217,ORD-00945,not_as_described,2026-04-21,11,pending
DSP-03218,ORD-15009,item_not_received,2026-04-21,23,pending
DSP-03219,ORD-07911,unauthorized_transaction,2026-04-21,22,pending
DSP-03220,ORD-04410,unauthorized_transaction,2026-04-21,3,pending
DSP-03221,ORD-09114,item_not_received,2026-04-21,7,pending
DSP-03222,ORD-12156,unauthorized_transaction,2026-04-21,11,pending
DSP-03223,ORD-15903,item_not_received,2026-04-21,10,pending
DSP-03224,ORD-17973,unauthorized_transaction,2026-04-21,17,pending
DSP-03225,ORD-05150,item_not_received,2026-04-21,3,pending
DSP-03226,ORD-11193,duplicate_charge,2026-04-21,24,pending
DSP-03227,ORD-00673,unauthorized_transaction,2026-04-21,2,pending
DSP-03228,ORD-13464,not_as_described,2026-04-21,13,pending
DSP-03229,ORD-17831,item_not_received,2026-04-21,9,pending
DSP-03230,ORD-01749,item_not_received,2026-04-21,16,pending
DSP-03231,ORD-15793,duplicate_charge,2026-04-21,1,pending
DSP-03232,ORD-11169,item_not_received,2026-04-21,17,pending
DSP-03233,ORD-10618,not_as_described,2026-04-21,24,pending
DSP-03234,ORD-05476,item_not_received,2026-04-21,19,pending
DSP-03235,ORD-00711,not_as_described,2026-04-21,12,pending
DSP-03236,ORD-09329,item_not_received,2026-04-21,13,pending
DSP-03237,ORD-18306,not_as_described,2026-04-21,23,pending
DSP-03238,ORD-19556,unauthorized_transaction,2026-04-21,5,pending
DSP-03239,ORD-13361,unauthorized_transaction,2026-04-21,5,pending
DSP-03240,ORD-13582,not_as_described,2026-04-21,21,pending
DSP-03241,ORD-02421,unauthorized_transaction,2026-04-21,5,pending
DSP-03242,ORD-00134,item_not_received,2026-04-21,13,pending
DSP-03243,ORD-18550,item_not_received,2026-04-21,8,pending
DSP-03244,ORD-01702,not_as_described,2026-04-21,3,pending
DSP-03245,ORD-18164,duplicate_charge,2026-04-21,24,pending
DSP-03246,ORD-18768,not_as_described,2026-04-21,19,pending
DSP-03247,ORD-13635,unauthorized_transaction,2026-04-21,23,pending
DSP-03248,ORD-04490,duplicate_charge,2026-04-21,7,pending
DSP-03249,ORD-10916,item_not_received,2026-04-21,5,pending
DSP-03250,ORD-16707,duplicate_charge,2026-04-21,20,pending
DSP-03251,ORD-10790,item_not_received,2026-04-21,8,pending
DSP-03252,ORD-05834,item_not_received,2026-04-21,12,pending
DSP-03253,ORD-14833,not_as_described,2026-04-21,2,pending
DSP-03254,ORD-18352,item_not_received,2026-04-21,14,pending
DSP-03255,ORD-04916,duplicate_charge,2026-04-21,21,pending
DSP-03256,ORD-17206,not_as_described,2026-04-21,5,pending
DSP-03257,ORD-11866,not_as_described,2026-04-21,17,pending
DSP-03258,ORD-09581,item_not_received,2026-04-21,4,pending
DSP-03259,ORD-03764,unauthorized_transaction,2026-04-21,20,pending
DSP-03260,ORD-15735,not_as_described,2026-04-21,14,pending
DSP-03261,ORD-05890,not_as_described,2026-04-21,12,pending
DSP-03262,ORD-09223,unauthorized_transaction,2026-04-21,17,pending
DSP-03263,ORD-09602,not_as_described,2026-04-21,6,pending
DSP-03264,ORD-14901,unauthorized_transaction,2026-04-21,16,pending
DSP-03265,ORD-15794,item_not_received,2026-04-21,17,pending
DSP-03266,ORD-07495,duplicate_charge,2026-04-21,19,pending
DSP-03267,ORD-05216,item_not_received,2026-04-21,17,pending
DSP-03268,ORD-02260,duplicate_charge,2026-04-21,22,pending
DSP-03269,ORD-02720,item_not_received,2026-04-21,13,pending
DSP-03270,ORD-14130,not_as_described,2026-04-21,21,pending
DSP-03271,ORD-15501,not_as_described,2026-04-21,22,pending
DSP-03272,ORD-09536,not_as_described,2026-04-21,1,pending
DSP-03273,ORD-03174,item_not_received,2026-04-21,7,pending
DSP-03274,ORD-00701,duplicate_charge,2026-04-21,3,pending
DSP-03275,ORD-10850,item_not_received,2026-04-21,22,pending
DSP-03276,ORD-06468,unauthorized_transaction,2026-04-21,17,pending
DSP-03277,ORD-19197,unauthorized_transaction,2026-04-21,18,pending
DSP-03278,ORD-15414,not_as_described,2026-04-21,2,pending
DSP-03279,ORD-19506,item_not_received,2026-04-21,4,pending
DSP-03280,ORD-13107,duplicate_charge,2026-04-21,14,pending
DSP-03281,ORD-10595,not_as_described,2026-04-21,13,pending
DSP-03282,ORD-12784,unauthorized_transaction,2026-04-21,2,pending
DSP-03283,ORD-18566,duplicate_charge,2026-04-21,24,pending
DSP-03284,ORD-00610,unauthorized_transaction,2026-04-21,21,pending
DSP-03285,ORD-00289,unauthorized_transaction,2026-04-21,13,pending
DSP-03286,ORD-15022,unauthorized_transaction,2026-04-21,8,pending
DSP-03287,ORD-14215,item_not_received,2026-04-21,4,pending
DSP-03288,ORD-17720,not_as_described,2026-04-21,5,pending
DSP-03289,ORD-15213,not_as_described,2026-04-21,12,pending
DSP-03290,ORD-12198,unauthorized_transaction,2026-04-21,2,pending
DSP-03291,ORD-16042,not_as_described,2026-04-21,8,pending
DSP-03292,ORD-16410,duplicate_charge,2026-04-21,17,pending
DSP-03293,ORD-07299,unauthorized_transaction,2026-04-21,16,pending
DSP-03294,ORD-01909,not_as_described,2026-04-22,11,pending
DSP-03295,ORD-00022,unauthorized_transaction,2026-04-22,23,pending
DSP-03296,ORD-01799,duplicate_charge,2026-04-22,24,pending
DSP-03297,ORD-06151,not_as_described,2026-04-22,17,pending
DSP-03298,ORD-06240,unauthorized_transaction,2026-04-22,19,pending
DSP-03299,ORD-10911,unauthorized_transaction,2026-04-22,9,pending
DSP-03300,ORD-08954,item_not_received,2026-04-22,18,pending
DSP-03301,ORD-19198,item_not_received,2026-04-22,18,pending
DSP-03302,ORD-05016,item_not_received,2026-04-22,11,pending
DSP-03303,ORD-11408,item_not_received,2026-04-22,7,pending
DSP-03304,ORD-19406,unauthorized_transaction,2026-04-22,12,pending
DSP-03305,ORD-07879,item_not_received,2026-04-22,24,pending
DSP-03306,ORD-13353,unauthorized_transaction,2026-04-22,9,pending
DSP-03307,ORD-00243,not_as_described,2026-04-22,12,pending
DSP-03308,ORD-10506,not_as_described,2026-04-22,9,pending
DSP-03309,ORD-06668,item_not_received,2026-04-22,1,pending
DSP-03310,ORD-03507,unauthorized_transaction,2026-04-22,21,pending
DSP-03311,ORD-11743,duplicate_charge,2026-04-22,16,pending
DSP-03312,ORD-04371,not_as_described,2026-04-22,17,pending
DSP-03313,ORD-00722,not_as_described,2026-04-22,9,pending
DSP-03314,ORD-19117,not_as_described,2026-04-22,5,pending
DSP-03315,ORD-01559,unauthorized_transaction,2026-04-22,11,pending
DSP-03316,ORD-01596,unauthorized_transaction,2026-04-22,5,pending
DSP-03317,ORD-05359,not_as_described,2026-04-22,2,pending
DSP-03318,ORD-06645,not_as_described,2026-04-22,5,pending
DSP-03319,ORD-14928,not_as_described,2026-04-22,9,pending
DSP-03320,ORD-16146,duplicate_charge,2026-04-22,17,pending
DSP-03321,ORD-19611,not_as_described,2026-04-22,12,pending
DSP-03322,ORD-17606,item_not_received,2026-04-22,8,pending
DSP-03323,ORD-03979,item_not_received,2026-04-22,16,pending
DSP-03324,ORD-11641,duplicate_charge,2026-04-22,23,pending
DSP-03325,ORD-11271,item_not_received,2026-04-22,2,pending
DSP-03326,ORD-14397,duplicate_charge,2026-04-22,5,pending
DSP-03327,ORD-15222,not_as_described,2026-04-22,24,pending
DSP-03328,ORD-09407,item_not_received,2026-04-22,8,pending
DSP-03329,ORD-15218,duplicate_charge,2026-04-22,22,pending
DSP-03330,ORD-00301,duplicate_charge,2026-04-22,5,pending
DSP-03331,ORD-11217,item_not_received,2026-04-22,24,pending
DSP-03332,ORD-05284,duplicate_charge,2026-04-22,4,pending
DSP-03333,ORD-04653,duplicate_charge,2026-04-22,9,pending
DSP-03334,ORD-15750,duplicate_charge,2026-04-22,20,pending
DSP-03335,ORD-15502,not_as_described,2026-04-22,16,pending
DSP-03336,ORD-12401,item_not_received,2026-04-22,10,pending
DSP-03337,ORD-19889,not_as_described,2026-04-22,16,pending
DSP-03338,ORD-13634,not_as_described,2026-04-22,7,pending
DSP-03339,ORD-04081,item_not_received,2026-04-22,6,pending
DSP-03340,ORD-02575,unauthorized_transaction,2026-04-22,24,pending
DSP-03341,ORD-11121,item_not_received,2026-04-22,4,pending
DSP-03342,ORD-07628,item_not_received,2026-04-22,19,pending
DSP-03343,ORD-08449,not_as_described,2026-04-22,13,pending
DSP-03344,ORD-18914,duplicate_charge,2026-04-22,9,pending
DSP-03345,ORD-08389,not_as_described,2026-04-22,13,pending
DSP-03346,ORD-09882,unauthorized_transaction,2026-04-22,11,pending
DSP-03347,ORD-09821,not_as_described,2026-04-22,24,pending
DSP-03348,ORD-02910,item_not_received,2026-04-22,6,pending
DSP-03349,ORD-11299,not_as_described,2026-04-22,4,pending
DSP-03350,ORD-13419,not_as_described,2026-04-22,12,pending
DSP-03351,ORD-10263,unauthorized_transaction,2026-04-22,23,pending
DSP-03352,ORD-05428,item_not_received,2026-04-22,18,pending
DSP-03353,ORD-11226,unauthorized_transaction,2026-04-22,9,pending
DSP-03354,ORD-05501,unauthorized_transaction,2026-04-22,4,pending
DSP-03355,ORD-01707,item_not_received,2026-04-22,8,pending
DSP-03356,ORD-18057,not_as_described,2026-04-22,13,pending
DSP-03357,ORD-13920,unauthorized_transaction,2026-04-22,24,pending
DSP-03358,ORD-13009,duplicate_charge,2026-04-22,15,pending
DSP-03359,ORD-18991,not_as_described,2026-04-22,17,pending
DSP-03360,ORD-05030,unauthorized_transaction,2026-04-22,16,pending
DSP-03361,ORD-16276,not_as_described,2026-04-22,13,pending
DSP-03362,ORD-06155,duplicate_charge,2026-04-22,12,pending
DSP-03363,ORD-14405,unauthorized_transaction,2026-04-22,9,pending
DSP-03364,ORD-01532,item_not_received,2026-04-22,18,pending
DSP-03365,ORD-17105,item_not_received,2026-04-22,9,pending
DSP-03366,ORD-18319,duplicate_charge,2026-04-22,7,pending
DSP-03367,ORD-17470,not_as_described,2026-04-22,17,pending
DSP-03368,ORD-08828,item_not_received,2026-04-22,18,pending
DSP-03369,ORD-09740,unauthorized_transaction,2026-04-22,4,pending
DSP-03370,ORD-15260,not_as_described,2026-04-22,15,pending
DSP-03371,ORD-09712,not_as_described,2026-04-22,10,pending
DSP-03372,ORD-01768,not_as_described,2026-04-22,15,pending
DSP-03373,ORD-05140,item_not_received,2026-04-22,21,pending
DSP-03374,ORD-08442,unauthorized_transaction,2026-04-22,21,pending
DSP-03375,ORD-10747,item_not_received,2026-04-22,3,pending
DSP-03376,ORD-10810,unauthorized_transaction,2026-04-22,8,pending
DSP-03377,ORD-01754,not_as_described,2026-04-22,13,pending
DSP-03378,ORD-19281,not_as_described,2026-04-22,18,pending
DSP-03379,ORD-00984,item_not_received,2026-04-22,24,pending
DSP-03380,ORD-04960,unauthorized_transaction,2026-04-22,7,pending
DSP-03381,ORD-00242,item_not_received,2026-04-22,9,pending
DSP-03382,ORD-06296,item_not_received,2026-04-22,4,pending
DSP-03383,ORD-17171,unauthorized_transaction,2026-04-22,12,pending
DSP-03384,ORD-11022,item_not_received,2026-04-22,23,pending
DSP-03385,ORD-03265,item_not_received,2026-04-22,3,pending
DSP-03386,ORD-16089,item_not_received,2026-04-22,14,pending
DSP-03387,ORD-12671,item_not_received,2026-04-22,12,pending
DSP-03388,ORD-11470,not_as_described,2026-04-22,7,pending
DSP-03389,ORD-03568,duplicate_charge,2026-04-22,21,pending
DSP-03390,ORD-13683,not_as_described,2026-04-22,21,pending
DSP-03391,ORD-11454,item_not_received,2026-04-22,22,pending
DSP-03392,ORD-14567,unauthorized_transaction,2026-04-22,2,pending
DSP-03393,ORD-18923,item_not_received,2026-04-22,2,pending
DSP-03394,ORD-03086,duplicate_charge,2026-04-22,15,pending
DSP-03395,ORD-04027,unauthorized_transaction,2026-04-23,10,pending
DSP-03396,ORD-09844,item_not_received,2026-04-23,4,pending
DSP-03397,ORD-09490,item_not_received,2026-04-23,11,pending
DSP-03398,ORD-05300,duplicate_charge,2026-04-23,10,pending
DSP-03399,ORD-08121,not_as_described,2026-04-23,13,pending
DSP-03400,ORD-14451,item_not_received,2026-04-23,16,pending
DSP-03401,ORD-15079,item_not_received,2026-04-23,16,pending
DSP-03402,ORD-04482,unauthorized_transaction,2026-04-23,10,pending
DSP-03403,ORD-15753,item_not_received,2026-04-23,5,pending
DSP-03404,ORD-08226,unauthorized_transaction,2026-04-23,2,pending
DSP-03405,ORD-17503,not_as_described,2026-04-23,18,pending
DSP-03406,ORD-01230,not_as_described,2026-04-23,9,pending
DSP-03407,ORD-09768,not_as_described,2026-04-23,24,pending
DSP-03408,ORD-00133,item_not_received,2026-04-23,2,pending
DSP-03409,ORD-05228,item_not_received,2026-04-23,19,pending
DSP-03410,ORD-09853,not_as_described,2026-04-23,17,pending
DSP-03411,ORD-01211,not_as_described,2026-04-23,24,pending
DSP-03412,ORD-01033,not_as_described,2026-04-23,7,pending
DSP-03413,ORD-12538,item_not_received,2026-04-23,5,pending
DSP-03414,ORD-03852,duplicate_charge,2026-04-23,14,pending
DSP-03415,ORD-18925,not_as_described,2026-04-23,17,pending
DSP-03416,ORD-15127,unauthorized_transaction,2026-04-23,10,pending
DSP-03417,ORD-09349,not_as_described,2026-04-23,3,pending
DSP-03418,ORD-06890,not_as_described,2026-04-23,18,pending
DSP-03419,ORD-10560,item_not_received,2026-04-23,15,pending
DSP-03420,ORD-06369,item_not_received,2026-04-23,3,pending
DSP-03421,ORD-17415,unauthorized_transaction,2026-04-23,20,pending
DSP-03422,ORD-16943,item_not_received,2026-04-23,19,pending
DSP-03423,ORD-18373,item_not_received,2026-04-23,21,pending
DSP-03424,ORD-08760,item_not_received,2026-04-23,22,pending
DSP-03425,ORD-06488,not_as_described,2026-04-23,4,pending
DSP-03426,ORD-16501,item_not_received,2026-04-23,10,pending
DSP-03427,ORD-17621,not_as_described,2026-04-23,11,pending
DSP-03428,ORD-06940,not_as_described,2026-04-23,8,pending
DSP-03429,ORD-10453,duplicate_charge,2026-04-23,2,pending
DSP-03430,ORD-12824,unauthorized_transaction,2026-04-23,22,pending
DSP-03431,ORD-01374,item_not_received,2026-04-23,22,pending
DSP-03432,ORD-16210,item_not_received,2026-04-23,6,pending
DSP-03433,ORD-08818,item_not_received,2026-04-23,15,pending
DSP-03434,ORD-08119,not_as_described,2026-04-23,14,pending
DSP-03435,ORD-07008,not_as_described,2026-04-23,14,pending
DSP-03436,ORD-10171,not_as_described,2026-04-23,18,pending
DSP-03437,ORD-01016,duplicate_charge,2026-04-23,20,pending
DSP-03438,ORD-08880,item_not_received,2026-04-23,14,pending
DSP-03439,ORD-18317,duplicate_charge,2026-04-23,1,pending
DSP-03440,ORD-10308,unauthorized_transaction,2026-04-23,19,pending
DSP-03441,ORD-08788,item_not_received,2026-04-23,6,pending
DSP-03442,ORD-19378,item_not_received,2026-04-23,4,pending
DSP-03443,ORD-11770,unauthorized_transaction,2026-04-23,21,pending
DSP-03444,ORD-18928,not_as_described,2026-04-23,8,pending
DSP-03445,ORD-09121,unauthorized_transaction,2026-04-23,21,pending
DSP-03446,ORD-02049,duplicate_charge,2026-04-23,19,pending
DSP-03447,ORD-17782,item_not_received,2026-04-23,20,pending
DSP-03448,ORD-07177,duplicate_charge,2026-04-23,21,pending
DSP-03449,ORD-03759,not_as_described,2026-04-23,22,pending
DSP-03450,ORD-12388,item_not_received,2026-04-23,24,pending
DSP-03451,ORD-14989,item_not_received,2026-04-23,7,pending
DSP-03452,ORD-18025,not_as_described,2026-04-23,24,pending
DSP-03453,ORD-14586,duplicate_charge,2026-04-23,21,pending
DSP-03454,ORD-08712,not_as_described,2026-04-23,3,pending
DSP-03455,ORD-19375,item_not_received,2026-04-23,16,pending
DSP-03456,ORD-19046,item_not_received,2026-04-23,7,pending
DSP-03457,ORD-02501,not_as_described,2026-04-23,19,pending
DSP-03458,ORD-11562,duplicate_charge,2026-04-23,13,pending
DSP-03459,ORD-03443,unauthorized_transaction,2026-04-23,7,pending
DSP-03460,ORD-07897,not_as_described,2026-04-23,22,pending
DSP-03461,ORD-07329,item_not_received,2026-04-23,5,pending
DSP-03462,ORD-07975,item_not_received,2026-04-23,2,pending
DSP-03463,ORD-07942,item_not_received,2026-04-23,10,pending
DSP-03464,ORD-06063,duplicate_charge,2026-04-23,20,pending
DSP-03465,ORD-18891,not_as_described,2026-04-23,1,pending
DSP-03466,ORD-14203,unauthorized_transaction,2026-04-23,24,pending
DSP-03467,ORD-14846,not_as_described,2026-04-23,10,pending
DSP-03468,ORD-04247,unauthorized_transaction,2026-04-23,10,pending
DSP-03469,ORD-10009,not_as_described,2026-04-23,4,pending
DSP-03470,ORD-13425,not_as_described,2026-04-23,18,pending
DSP-03471,ORD-16162,unauthorized_transaction,2026-04-23,16,pending
DSP-03472,ORD-07090,item_not_received,2026-04-23,14,pending
DSP-03473,ORD-01132,unauthorized_transaction,2026-04-23,20,pending
DSP-03474,ORD-18951,item_not_received,2026-04-23,22,pending
DSP-03475,ORD-19650,item_not_received,2026-04-23,4,pending
DSP-03476,ORD-00990,item_not_received,2026-04-23,21,pending
DSP-03477,ORD-00156,item_not_received,2026-04-23,18,pending
DSP-03478,ORD-14083,not_as_described,2026-04-23,1,pending
DSP-03479,ORD-09347,not_as_described,2026-04-23,23,pending
DSP-03480,ORD-11997,not_as_described,2026-04-23,13,pending
DSP-03481,ORD-08164,not_as_described,2026-04-23,10,pending
DSP-03482,ORD-10200,item_not_received,2026-04-23,2,pending
DSP-03483,ORD-02342,duplicate_charge,2026-04-23,8,pending
DSP-03484,ORD-19800,not_as_described,2026-04-23,11,pending
DSP-03485,ORD-05948,not_as_described,2026-04-23,12,pending
DSP-03486,ORD-08383,duplicate_charge,2026-04-23,13,pending
DSP-03487,ORD-06164,unauthorized_transaction,2026-04-23,12,pending
DSP-03488,ORD-05050,not_as_described,2026-04-23,7,pending
DSP-03489,ORD-15911,not_as_described,2026-04-23,8,pending
DSP-03490,ORD-12141,item_not_received,2026-04-23,21,pending
DSP-03491,ORD-08376,item_not_received,2026-04-23,3,pending
DSP-03492,ORD-19330,duplicate_charge,2026-04-23,1,pending
DSP-03493,ORD-17689,not_as_described,2026-04-24,17,pending
DSP-03494,ORD-06143,duplicate_charge,2026-04-24,15,pending
DSP-03495,ORD-12981,not_as_described,2026-04-24,3,pending
DSP-03496,ORD-00823,unauthorized_transaction,2026-04-24,22,pending
DSP-03497,ORD-06907,unauthorized_transaction,2026-04-24,12,pending
DSP-03498,ORD-04321,unauthorized_transaction,2026-04-24,10,pending
DSP-03499,ORD-01293,item_not_received,2026-04-24,22,pending
DSP-03500,ORD-14723,not_as_described,2026-04-24,7,pending
DSP-03501,ORD-00151,unauthorized_transaction,2026-04-24,21,pending
DSP-03502,ORD-09398,item_not_received,2026-04-24,2,pending
DSP-03503,ORD-08175,item_not_received,2026-04-24,21,pending
DSP-03504,ORD-18224,not_as_described,2026-04-24,15,pending
DSP-03505,ORD-14447,unauthorized_transaction,2026-04-24,1,pending
DSP-03506,ORD-03080,item_not_received,2026-04-24,5,pending
DSP-03507,ORD-07390,not_as_described,2026-04-24,3,pending
DSP-03508,ORD-13606,unauthorized_transaction,2026-04-24,22,pending
DSP-03509,ORD-02953,item_not_received,2026-04-24,9,pending
DSP-03510,ORD-05199,item_not_received,2026-04-24,4,pending
DSP-03511,ORD-13955,duplicate_charge,2026-04-24,2,pending
DSP-03512,ORD-03029,item_not_received,2026-04-24,10,pending
DSP-03513,ORD-13729,item_not_received,2026-04-24,13,pending
DSP-03514,ORD-00167,item_not_received,2026-04-24,6,pending
DSP-03515,ORD-01638,duplicate_charge,2026-04-24,7,pending
DSP-03516,ORD-17741,unauthorized_transaction,2026-04-24,17,pending
DSP-03517,ORD-18145,not_as_described,2026-04-24,6,pending
DSP-03518,ORD-17976,duplicate_charge,2026-04-24,20,pending
DSP-03519,ORD-16996,not_as_described,2026-04-24,24,pending
DSP-03520,ORD-08784,duplicate_charge,2026-04-24,12,pending
DSP-03521,ORD-05704,unauthorized_transaction,2026-04-24,20,pending
DSP-03522,ORD-02316,not_as_described,2026-04-24,13,pending
DSP-03523,ORD-14850,not_as_described,2026-04-24,8,pending
DSP-03524,ORD-04767,duplicate_charge,2026-04-24,12,pending
DSP-03525,ORD-01178,unauthorized_transaction,2026-04-24,13,pending
DSP-03526,ORD-09880,not_as_described,2026-04-24,15,pending
DSP-03527,ORD-01858,not_as_described,2026-04-24,1,pending
DSP-03528,ORD-19300,not_as_described,2026-04-24,18,pending
DSP-03529,ORD-14638,not_as_described,2026-04-24,17,pending
DSP-03530,ORD-12929,unauthorized_transaction,2026-04-24,23,pending
DSP-03531,ORD-03511,unauthorized_transaction,2026-04-24,4,pending
DSP-03532,ORD-10604,unauthorized_transaction,2026-04-24,14,pending
DSP-03533,ORD-13600,unauthorized_transaction,2026-04-24,9,pending
DSP-03534,ORD-15701,not_as_described,2026-04-24,17,pending
DSP-03535,ORD-09197,unauthorized_transaction,2026-04-24,16,pending
DSP-03536,ORD-05855,not_as_described,2026-04-24,18,pending
DSP-03537,ORD-19043,unauthorized_transaction,2026-04-24,10,pending
DSP-03538,ORD-19356,not_as_described,2026-04-24,14,pending
DSP-03539,ORD-09999,duplicate_charge,2026-04-24,17,pending
DSP-03540,ORD-13688,unauthorized_transaction,2026-04-24,14,pending
DSP-03541,ORD-16068,unauthorized_transaction,2026-04-24,5,pending
DSP-03542,ORD-11918,item_not_received,2026-04-24,22,pending
DSP-03543,ORD-00781,not_as_described,2026-04-24,10,pending
DSP-03544,ORD-00606,item_not_received,2026-04-24,9,pending
DSP-03545,ORD-11986,not_as_described,2026-04-24,1,pending
DSP-03546,ORD-16017,unauthorized_transaction,2026-04-24,23,pending
DSP-03547,ORD-09315,item_not_received,2026-04-24,22,pending
DSP-03548,ORD-11316,not_as_described,2026-04-24,6,pending
DSP-03549,ORD-03098,unauthorized_transaction,2026-04-24,21,pending
DSP-03550,ORD-07152,item_not_received,2026-04-24,21,pending
DSP-03551,ORD-00567,unauthorized_transaction,2026-04-24,19,pending
DSP-03552,ORD-12284,unauthorized_transaction,2026-04-24,12,pending
DSP-03553,ORD-15460,not_as_described,2026-04-24,3,pending
DSP-03554,ORD-03883,unauthorized_transaction,2026-04-24,13,pending
DSP-03555,ORD-09866,item_not_received,2026-04-24,8,pending
DSP-03556,ORD-01219,not_as_described,2026-04-24,23,pending
DSP-03557,ORD-14609,item_not_received,2026-04-24,14,pending
DSP-03558,ORD-00062,duplicate_charge,2026-04-24,3,pending
DSP-03559,ORD-13905,not_as_described,2026-04-24,2,pending
DSP-03560,ORD-05268,not_as_described,2026-04-24,18,pending
DSP-03561,ORD-02838,unauthorized_transaction,2026-04-24,2,pending
DSP-03562,ORD-09143,duplicate_charge,2026-04-24,10,pending
DSP-03563,ORD-07119,unauthorized_transaction,2026-04-24,17,pending
DSP-03564,ORD-05546,not_as_described,2026-04-24,12,pending
DSP-03565,ORD-05450,item_not_received,2026-04-24,7,pending
DSP-03566,ORD-16790,duplicate_charge,2026-04-24,16,pending
DSP-03567,ORD-16099,item_not_received,2026-04-24,8,pending
DSP-03568,ORD-04587,duplicate_charge,2026-04-24,20,pending
DSP-03569,ORD-17507,not_as_described,2026-04-24,6,pending
DSP-03570,ORD-10103,not_as_described,2026-04-24,15,pending
DSP-03571,ORD-05425,unauthorized_transaction,2026-04-24,20,pending
DSP-03572,ORD-18567,not_as_described,2026-04-24,21,pending
DSP-03573,ORD-19989,unauthorized_transaction,2026-04-24,10,pending
DSP-03574,ORD-17172,unauthorized_transaction,2026-04-24,10,pending
DSP-03575,ORD-02918,item_not_received,2026-04-24,16,pending
DSP-03576,ORD-16939,duplicate_charge,2026-04-24,7,pending
DSP-03577,ORD-05032,unauthorized_transaction,2026-04-24,5,pending
DSP-03578,ORD-05232,not_as_described,2026-04-24,12,pending
DSP-03579,ORD-05958,not_as_described,2026-04-24,14,pending
DSP-03580,ORD-08747,unauthorized_transaction,2026-04-24,9,pending
DSP-03581,ORD-12464,item_not_received,2026-04-24,15,pending
DSP-03582,ORD-03287,not_as_described,2026-04-24,7,pending
DSP-03583,ORD-02390,item_not_received,2026-04-24,15,pending
DSP-03584,ORD-12928,not_as_described,2026-04-25,2,pending
DSP-03585,ORD-08482,unauthorized_transaction,2026-04-25,24,pending
DSP-03586,ORD-07184,unauthorized_transaction,2026-04-25,4,pending
DSP-03587,ORD-06522,unauthorized_transaction,2026-04-25,1,pending
DSP-03588,ORD-10599,not_as_described,2026-04-25,9,pending
DSP-03589,ORD-13003,duplicate_charge,2026-04-25,19,pending
DSP-03590,ORD-07760,not_as_described,2026-04-25,2,pending
DSP-03591,ORD-10914,unauthorized_transaction,2026-04-25,18,pending
DSP-03592,ORD-07861,not_as_described,2026-04-25,4,pending
DSP-03593,ORD-13443,item_not_received,2026-04-25,5,pending
DSP-03594,ORD-18815,unauthorized_transaction,2026-04-25,20,pending
DSP-03595,ORD-07105,not_as_described,2026-04-25,20,pending
DSP-03596,ORD-01843,unauthorized_transaction,2026-04-25,4,pending
DSP-03597,ORD-05098,not_as_described,2026-04-25,1,pending
DSP-03598,ORD-02875,item_not_received,2026-04-25,18,pending
DSP-03599,ORD-19076,unauthorized_transaction,2026-04-25,24,pending
DSP-03600,ORD-06993,duplicate_charge,2026-04-25,1,pending
DSP-03601,ORD-04507,unauthorized_transaction,2026-04-25,5,pending
DSP-03602,ORD-07047,unauthorized_transaction,2026-04-25,19,pending
DSP-03603,ORD-04181,item_not_received,2026-04-25,24,pending
DSP-03604,ORD-17341,duplicate_charge,2026-04-25,12,pending
DSP-03605,ORD-11080,not_as_described,2026-04-25,4,pending
DSP-03606,ORD-12446,duplicate_charge,2026-04-25,12,pending
DSP-03607,ORD-02928,not_as_described,2026-04-25,1,pending
DSP-03608,ORD-09660,item_not_received,2026-04-25,3,pending
DSP-03609,ORD-16609,unauthorized_transaction,2026-04-25,20,pending
DSP-03610,ORD-05718,duplicate_charge,2026-04-25,14,pending
DSP-03611,ORD-00762,item_not_received,2026-04-25,20,pending
DSP-03612,ORD-13732,not_as_described,2026-04-25,21,pending
DSP-03613,ORD-00319,item_not_received,2026-04-25,18,pending
DSP-03614,ORD-01301,not_as_described,2026-04-25,3,pending
DSP-03615,ORD-05410,duplicate_charge,2026-04-25,9,pending
DSP-03616,ORD-18939,not_as_described,2026-04-25,14,pending
DSP-03617,ORD-10733,unauthorized_transaction,2026-04-25,13,pending
DSP-03618,ORD-16371,item_not_received,2026-04-25,15,pending
DSP-03619,ORD-04149,item_not_received,2026-04-25,13,pending
DSP-03620,ORD-15220,item_not_received,2026-04-25,20,pending
DSP-03621,ORD-09214,not_as_described,2026-04-25,14,pending
DSP-03622,ORD-02794,item_not_received,2026-04-25,18,pending
DSP-03623,ORD-01210,item_not_received,2026-04-25,15,pending
DSP-03624,ORD-15934,not_as_described,2026-04-25,6,pending
DSP-03625,ORD-09729,item_not_received,2026-04-25,8,pending
DSP-03626,ORD-14872,duplicate_charge,2026-04-25,6,pending
DSP-03627,ORD-05043,unauthorized_transaction,2026-04-25,13,pending
DSP-03628,ORD-13055,unauthorized_transaction,2026-04-25,24,pending
DSP-03629,ORD-03279,unauthorized_transaction,2026-04-25,2,pending
DSP-03630,ORD-14589,duplicate_charge,2026-04-25,18,pending
DSP-03631,ORD-10602,not_as_described,2026-04-25,7,pending
DSP-03632,ORD-04725,not_as_described,2026-04-25,6,pending
DSP-03633,ORD-14721,not_as_described,2026-04-25,20,pending
DSP-03634,ORD-07389,unauthorized_transaction,2026-04-25,13,pending
DSP-03635,ORD-11858,unauthorized_transaction,2026-04-25,4,pending
DSP-03636,ORD-05712,unauthorized_transaction,2026-04-25,11,pending
DSP-03637,ORD-03855,item_not_received,2026-04-25,22,pending
DSP-03638,ORD-10219,item_not_received,2026-04-25,16,pending
DSP-03639,ORD-02026,unauthorized_transaction,2026-04-25,5,pending
DSP-03640,ORD-06204,item_not_received,2026-04-25,10,pending
DSP-03641,ORD-13542,unauthorized_transaction,2026-04-25,3,pending
DSP-03642,ORD-07234,not_as_described,2026-04-25,7,pending
DSP-03643,ORD-02713,not_as_described,2026-04-25,4,pending
DSP-03644,ORD-03672,unauthorized_transaction,2026-04-25,7,pending
DSP-03645,ORD-12944,item_not_received,2026-04-25,6,pending
DSP-03646,ORD-10471,duplicate_charge,2026-04-25,24,pending
DSP-03647,ORD-02011,item_not_received,2026-04-25,16,pending
DSP-03648,ORD-12792,not_as_described,2026-04-25,1,pending
DSP-03649,ORD-13731,unauthorized_transaction,2026-04-25,9,pending
DSP-03650,ORD-02729,duplicate_charge,2026-04-25,11,pending
DSP-03651,ORD-03198,duplicate_charge,2026-04-25,24,pending
DSP-03652,ORD-14932,unauthorized_transaction,2026-04-25,3,pending
DSP-03653,ORD-15572,duplicate_charge,2026-04-25,12,pending
DSP-03654,ORD-14668,unauthorized_transaction,2026-04-25,13,pending
DSP-03655,ORD-09848,item_not_received,2026-04-25,7,pending
DSP-03656,ORD-08531,item_not_received,2026-04-25,15,pending
DSP-03657,ORD-00269,not_as_described,2026-04-25,18,pending
DSP-03658,ORD-18284,not_as_described,2026-04-25,22,pending
DSP-03659,ORD-16473,unauthorized_transaction,2026-04-25,8,pending
DSP-03660,ORD-15448,item_not_received,2026-04-25,12,pending
DSP-03661,ORD-07176,not_as_described,2026-04-25,2,pending
DSP-03662,ORD-17368,duplicate_charge,2026-04-25,6,pending
DSP-03663,ORD-07087,unauthorized_transaction,2026-04-25,8,pending
DSP-03664,ORD-09263,item_not_received,2026-04-25,9,pending
DSP-03665,ORD-12985,not_as_described,2026-04-25,8,pending
DSP-03666,ORD-10591,duplicate_charge,2026-04-25,18,pending
DSP-03667,ORD-02400,item_not_received,2026-04-25,1,pending
DSP-03668,ORD-08361,unauthorized_transaction,2026-04-25,13,pending
DSP-03669,ORD-16771,unauthorized_transaction,2026-04-25,15,pending
DSP-03670,ORD-02436,item_not_received,2026-04-25,7,pending
DSP-03671,ORD-06196,unauthorized_transaction,2026-04-25,14,pending
DSP-03672,ORD-00886,unauthorized_transaction,2026-04-25,3,pending
DSP-03673,ORD-14896,not_as_described,2026-04-25,3,pending
DSP-03674,ORD-01523,item_not_received,2026-04-25,15,pending
DSP-03675,ORD-05415,duplicate_charge,2026-04-25,15,pending
DSP-03676,ORD-02970,not_as_described,2026-04-25,11,pending
DSP-03677,ORD-12433,not_as_described,2026-04-25,17,pending
DSP-03678,ORD-10795,item_not_received,2026-04-25,13,pending
DSP-03679,ORD-18968,unauthorized_transaction,2026-04-25,2,pending
DSP-03680,ORD-04356,item_not_received,2026-04-25,2,pending
DSP-03681,ORD-19630,not_as_described,2026-04-25,18,pending
DSP-03682,ORD-19523,unauthorized_transaction,2026-04-25,2,pending
DSP-03683,ORD-02982,unauthorized_transaction,2026-04-25,6,pending
DSP-03684,ORD-02168,not_as_described,2026-04-25,8,pending
DSP-03685,ORD-04931,duplicate_charge,2026-04-25,8,pending
DSP-03686,ORD-07843,duplicate_charge,2026-04-25,8,pending
DSP-03687,ORD-01056,not_as_described,2026-04-26,12,pending
DSP-03688,ORD-18044,unauthorized_transaction,2026-04-26,18,pending
DSP-03689,ORD-18613,not_as_described,2026-04-26,6,pending
DSP-03690,ORD-14847,item_not_received,2026-04-26,10,pending
DSP-03691,ORD-18011,not_as_described,2026-04-26,8,pending
DSP-03692,ORD-12073,not_as_described,2026-04-26,1,pending
DSP-03693,ORD-01218,not_as_described,2026-04-26,17,pending
DSP-03694,ORD-19371,not_as_described,2026-04-26,9,pending
DSP-03695,ORD-03168,unauthorized_transaction,2026-04-26,2,pending
DSP-03696,ORD-18767,unauthorized_transaction,2026-04-26,7,pending
DSP-03697,ORD-16722,item_not_received,2026-04-26,9,pending
DSP-03698,ORD-14648,duplicate_charge,2026-04-26,22,pending
DSP-03699,ORD-01959,other_unclassified,2026-04-26,24,pending
DSP-03700,ORD-04909,item_not_received,2026-04-26,14,pending
DSP-03701,ORD-10735,item_not_received,2026-04-26,13,pending
DSP-03702,ORD-11113,item_not_received,2026-04-26,9,pending
DSP-03703,ORD-00805,item_not_received,2026-04-26,21,pending
DSP-03704,ORD-01097,item_not_received,2026-04-26,24,pending
DSP-03705,ORD-19976,duplicate_charge,2026-04-26,1,pending
DSP-03706,ORD-18894,item_not_received,2026-04-26,13,pending
DSP-03707,ORD-11832,item_not_received,2026-04-26,8,pending
DSP-03708,ORD-00602,not_as_described,2026-04-26,9,pending
DSP-03709,ORD-19042,item_not_received,2026-04-26,24,pending
DSP-03710,ORD-06317,duplicate_charge,2026-04-26,10,pending
DSP-03711,ORD-04458,item_not_received,2026-04-26,22,pending
DSP-03712,ORD-04308,not_as_described,2026-04-26,4,pending
DSP-03713,ORD-17112,item_not_received,2026-04-26,11,pending
DSP-03714,ORD-16549,not_as_described,2026-04-26,2,pending
DSP-03715,ORD-16632,item_not_received,2026-04-26,8,pending
DSP-03716,ORD-10697,item_not_received,2026-04-26,15,pending
DSP-03717,ORD-12857,item_not_received,2026-04-26,14,pending
DSP-03718,ORD-08916,item_not_received,2026-04-26,19,pending
DSP-03719,ORD-08200,unauthorized_transaction,2026-04-26,20,pending
DSP-03720,ORD-18118,not_as_described,2026-04-26,4,pending
DSP-03721,ORD-15117,unauthorized_transaction,2026-04-26,12,pending
DSP-03722,ORD-08638,item_not_received,2026-04-26,23,pending
DSP-03723,ORD-12195,not_as_described,2026-04-26,7,pending
DSP-03724,ORD-12403,not_as_described,2026-04-26,2,pending
DSP-03725,ORD-03938,duplicate_charge,2026-04-26,23,pending
DSP-03726,ORD-16315,duplicate_charge,2026-04-26,19,pending
DSP-03727,ORD-14235,unauthorized_transaction,2026-04-26,24,pending
DSP-03728,ORD-14671,item_not_received,2026-04-26,18,pending
DSP-03729,ORD-19798,item_not_received,2026-04-26,2,pending
DSP-03730,ORD-19377,not_as_described,2026-04-26,10,pending
DSP-03731,ORD-08141,duplicate_charge,2026-04-26,12,pending
DSP-03732,ORD-14137,unauthorized_transaction,2026-04-26,9,pending
DSP-03733,ORD-02920,item_not_received,2026-04-26,20,pending
DSP-03734,ORD-02936,not_as_described,2026-04-26,2,pending
DSP-03735,ORD-14407,not_as_described,2026-04-26,21,pending
DSP-03736,ORD-13149,duplicate_charge,2026-04-26,12,pending
DSP-03737,ORD-14685,item_not_received,2026-04-26,11,pending
DSP-03738,ORD-06506,duplicate_charge,2026-04-26,24,pending
DSP-03739,ORD-06390,unauthorized_transaction,2026-04-26,21,pending
DSP-03740,ORD-07099,not_as_described,2026-04-26,20,pending
DSP-03741,ORD-10962,item_not_received,2026-04-26,10,pending
DSP-03742,ORD-16213,item_not_received,2026-04-26,9,pending
DSP-03743,ORD-09119,unauthorized_transaction,2026-04-26,1,pending
DSP-03744,ORD-01543,not_as_described,2026-04-26,7,pending
DSP-03745,ORD-09977,item_not_received,2026-04-26,12,pending
DSP-03746,ORD-16754,not_as_described,2026-04-26,1,pending
DSP-03747,ORD-15912,unauthorized_transaction,2026-04-26,5,pending
DSP-03748,ORD-17962,not_as_described,2026-04-26,5,pending
DSP-03749,ORD-06976,not_as_described,2026-04-26,20,pending
DSP-03750,ORD-06534,not_as_described,2026-04-26,6,pending
DSP-03751,ORD-10912,unauthorized_transaction,2026-04-26,9,pending
DSP-03752,ORD-09260,not_as_described,2026-04-26,23,pending
DSP-03753,ORD-11532,item_not_received,2026-04-26,5,pending
DSP-03754,ORD-08098,item_not_received,2026-04-26,7,pending
DSP-03755,ORD-08911,duplicate_charge,2026-04-26,14,pending
DSP-03756,ORD-08417,duplicate_charge,2026-04-26,17,pending
DSP-03757,ORD-15156,unauthorized_transaction,2026-04-26,9,pending
DSP-03758,ORD-17551,unauthorized_transaction,2026-04-26,17,pending
DSP-03759,ORD-11666,duplicate_charge,2026-04-26,1,pending
DSP-03760,ORD-06407,not_as_described,2026-04-26,4,pending
DSP-03761,ORD-16457,item_not_received,2026-04-26,11,pending
DSP-03762,ORD-14145,not_as_described,2026-04-26,20,pending
DSP-03763,ORD-16612,duplicate_charge,2026-04-26,3,pending
DSP-03764,ORD-00937,item_not_received,2026-04-26,20,pending
DSP-03765,ORD-07819,not_as_described,2026-04-26,1,pending
DSP-03766,ORD-17189,item_not_received,2026-04-26,7,pending
DSP-03767,ORD-08143,not_as_described,2026-04-26,18,pending
DSP-03768,ORD-01477,not_as_described,2026-04-26,10,pending
DSP-03769,ORD-01102,item_not_received,2026-04-26,14,pending
DSP-03770,ORD-03419,item_not_received,2026-04-26,18,pending
DSP-03771,ORD-11054,unauthorized_transaction,2026-04-26,14,pending
DSP-03772,ORD-15807,not_as_described,2026-04-26,11,pending
DSP-03773,ORD-10104,item_not_received,2026-04-26,24,pending
DSP-03774,ORD-14231,not_as_described,2026-04-26,1,pending
DSP-03775,ORD-19268,unauthorized_transaction,2026-04-26,13,pending
DSP-03776,ORD-17789,not_as_described,2026-04-26,20,pending
DSP-03777,ORD-11088,item_not_received,2026-04-26,17,pending
DSP-03778,ORD-17580,not_as_described,2026-04-26,19,pending
DSP-03779,ORD-12144,item_not_received,2026-04-26,9,pending
DSP-03780,ORD-02694,unauthorized_transaction,2026-04-26,13,pending
DSP-03781,ORD-17430,unauthorized_transaction,2026-04-26,18,pending
DSP-03782,ORD-07532,not_as_described,2026-04-26,23,pending
DSP-03783,ORD-11929,unauthorized_transaction,2026-04-26,18,pending
DSP-03784,ORD-04288,item_not_received,2026-04-26,4,pending
DSP-03785,ORD-01806,not_as_described,2026-04-26,22,pending
DSP-03786,ORD-02094,not_as_described,2026-04-26,7,pending
DSP-03787,ORD-18792,not_as_described,2026-04-26,15,pending
DSP-03788,ORD-17861,item_not_received,2026-04-26,21,pending
DSP-03789,ORD-01383,not_as_described,2026-04-26,6,pending
DSP-03790,ORD-17521,unauthorized_transaction,2026-04-26,21,pending
DSP-03791,ORD-13570,item_not_received,2026-04-27,5,pending
DSP-03792,ORD-18810,unauthorized_transaction,2026-04-27,2,pending
DSP-03793,ORD-15487,unauthorized_transaction,2026-04-27,21,pending
DSP-03794,ORD-13249,not_as_described,2026-04-27,8,pending
DSP-03795,ORD-02359,not_as_described,2026-04-27,19,pending
DSP-03796,ORD-07771,item_not_received,2026-04-27,9,pending
DSP-03797,ORD-00128,unauthorized_transaction,2026-04-27,10,pending
DSP-03798,ORD-08615,not_as_described,2026-04-27,23,pending
DSP-03799,ORD-19053,item_not_received,2026-04-27,24,pending
DSP-03800,ORD-08044,not_as_described,2026-04-27,6,pending
DSP-03801,ORD-04690,not_as_described,2026-04-27,9,pending
DSP-03802,ORD-03306,unauthorized_transaction,2026-04-27,16,pending
DSP-03803,ORD-18172,not_as_described,2026-04-27,11,pending
DSP-03804,ORD-16316,duplicate_charge,2026-04-27,15,pending
DSP-03805,ORD-12927,item_not_received,2026-04-27,3,pending
DSP-03806,ORD-11345,not_as_described,2026-04-27,20,pending
DSP-03807,ORD-17557,item_not_received,2026-04-27,10,pending
DSP-03808,ORD-18052,item_not_received,2026-04-27,13,pending
DSP-03809,ORD-19030,not_as_described,2026-04-27,19,pending
DSP-03810,ORD-10294,item_not_received,2026-04-27,11,pending
DSP-03811,ORD-14223,item_not_received,2026-04-27,1,pending
DSP-03812,ORD-13449,duplicate_charge,2026-04-27,11,pending
DSP-03813,ORD-07271,not_as_described,2026-04-27,19,pending
DSP-03814,ORD-19374,not_as_described,2026-04-27,5,pending
DSP-03815,ORD-18846,not_as_described,2026-04-27,1,pending
DSP-03816,ORD-15162,item_not_received,2026-04-27,19,pending
DSP-03817,ORD-04939,item_not_received,2026-04-27,6,pending
DSP-03818,ORD-06385,not_as_described,2026-04-27,12,pending
DSP-03819,ORD-14327,unauthorized_transaction,2026-04-27,18,pending
DSP-03820,ORD-18586,unauthorized_transaction,2026-04-27,21,pending
DSP-03821,ORD-18920,not_as_described,2026-04-27,16,pending
DSP-03822,ORD-09639,not_as_described,2026-04-27,16,pending
DSP-03823,ORD-06300,duplicate_charge,2026-04-27,8,pending
DSP-03824,ORD-08734,not_as_described,2026-04-27,8,pending
DSP-03825,ORD-14961,duplicate_charge,2026-04-27,18,pending
DSP-03826,ORD-01215,not_as_described,2026-04-27,8,pending
DSP-03827,ORD-07339,item_not_received,2026-04-27,5,pending
DSP-03828,ORD-12024,duplicate_charge,2026-04-27,11,pending
DSP-03829,ORD-02929,item_not_received,2026-04-27,20,pending
DSP-03830,ORD-01688,unauthorized_transaction,2026-04-27,1,pending
DSP-03831,ORD-08198,item_not_received,2026-04-27,20,pending
DSP-03832,ORD-03773,item_not_received,2026-04-27,19,pending
DSP-03833,ORD-01372,not_as_described,2026-04-27,22,pending
DSP-03834,ORD-12409,not_as_described,2026-04-27,22,pending
DSP-03835,ORD-07485,duplicate_charge,2026-04-27,13,pending
DSP-03836,ORD-06474,item_not_received,2026-04-27,13,pending
DSP-03837,ORD-10381,duplicate_charge,2026-04-27,19,pending
DSP-03838,ORD-06776,unauthorized_transaction,2026-04-27,18,pending
DSP-03839,ORD-08236,not_as_described,2026-04-27,1,pending
DSP-03840,ORD-08057,not_as_described,2026-04-27,19,pending
DSP-03841,ORD-01648,unauthorized_transaction,2026-04-27,13,pending
DSP-03842,ORD-01250,item_not_received,2026-04-27,6,pending
DSP-03843,ORD-05751,item_not_received,2026-04-27,13,pending
DSP-03844,ORD-13346,item_not_received,2026-04-27,8,pending
DSP-03845,ORD-02438,unauthorized_transaction,2026-04-27,5,pending
DSP-03846,ORD-16461,duplicate_charge,2026-04-27,11,pending
DSP-03847,ORD-12364,not_as_described,2026-04-27,11,pending
DSP-03848,ORD-09916,unauthorized_transaction,2026-04-27,11,pending
DSP-03849,ORD-18281,unauthorized_transaction,2026-04-27,5,pending
DSP-03850,ORD-06471,not_as_described,2026-04-27,5,pending
DSP-03851,ORD-04830,duplicate_charge,2026-04-27,2,pending
DSP-03852,ORD-13131,not_as_described,2026-04-27,13,pending
DSP-03853,ORD-08523,unauthorized_transaction,2026-04-27,6,pending
DSP-03854,ORD-15465,unauthorized_transaction,2026-04-27,15,pending
DSP-03855,ORD-06734,item_not_received,2026-04-27,11,pending
DSP-03856,ORD-16163,not_as_described,2026-04-27,14,pending
DSP-03857,ORD-02641,item_not_received,2026-04-27,13,pending
DSP-03858,ORD-00356,unauthorized_transaction,2026-04-27,9,pending
DSP-03859,ORD-14505,item_not_received,2026-04-27,20,pending
DSP-03860,ORD-04959,item_not_received,2026-04-27,2,pending
DSP-03861,ORD-07317,item_not_received,2026-04-27,20,pending
DSP-03862,ORD-19931,not_as_described,2026-04-27,14,pending
DSP-03863,ORD-06483,unauthorized_transaction,2026-04-27,3,pending
DSP-03864,ORD-17359,unauthorized_transaction,2026-04-27,1,pending
DSP-03865,ORD-19063,item_not_received,2026-04-27,10,pending
DSP-03866,ORD-14284,item_not_received,2026-04-27,21,pending
DSP-03867,ORD-11564,unauthorized_transaction,2026-04-27,3,pending
DSP-03868,ORD-01895,item_not_received,2026-04-27,7,pending
DSP-03869,ORD-05445,unauthorized_transaction,2026-04-27,13,pending
DSP-03870,ORD-12847,duplicate_charge,2026-04-27,12,pending
DSP-03871,ORD-19676,not_as_described,2026-04-27,2,pending
DSP-03872,ORD-11155,item_not_received,2026-04-27,22,pending
DSP-03873,ORD-00185,item_not_received,2026-04-27,14,pending
DSP-03874,ORD-06459,not_as_described,2026-04-27,24,pending
DSP-03875,ORD-18617,item_not_received,2026-04-27,16,pending
DSP-03876,ORD-07415,not_as_described,2026-04-27,17,pending
DSP-03877,ORD-15046,unauthorized_transaction,2026-04-27,5,pending
DSP-03878,ORD-07180,not_as_described,2026-04-27,10,pending
DSP-03879,ORD-19008,item_not_received,2026-04-27,2,pending
DSP-03880,ORD-08144,unauthorized_transaction,2026-04-27,1,pending
DSP-03881,ORD-13012,not_as_described,2026-04-27,19,pending
DSP-03882,ORD-00664,not_as_described,2026-04-28,24,pending
DSP-03883,ORD-18436,not_as_described,2026-04-28,14,pending
DSP-03884,ORD-11973,item_not_received,2026-04-28,7,pending
DSP-03885,ORD-12921,item_not_received,2026-04-28,3,pending
DSP-03886,ORD-02085,not_as_described,2026-04-28,5,pending
DSP-03887,ORD-03508,unauthorized_transaction,2026-04-28,12,pending
DSP-03888,ORD-15595,not_as_described,2026-04-28,1,pending
DSP-03889,ORD-11676,duplicate_charge,2026-04-28,8,pending
DSP-03890,ORD-17512,item_not_received,2026-04-28,5,pending
DSP-03891,ORD-13158,unauthorized_transaction,2026-04-28,11,pending
DSP-03892,ORD-01655,not_as_described,2026-04-28,24,pending
DSP-03893,ORD-19849,not_as_described,2026-04-28,12,pending
DSP-03894,ORD-14000,unauthorized_transaction,2026-04-28,6,pending
DSP-03895,ORD-10505,not_as_described,2026-04-28,21,pending
DSP-03896,ORD-14437,unauthorized_transaction,2026-04-28,11,pending
DSP-03897,ORD-05564,unauthorized_transaction,2026-04-28,9,pending
DSP-03898,ORD-06247,duplicate_charge,2026-04-28,14,pending
DSP-03899,ORD-16758,unauthorized_transaction,2026-04-28,24,pending
DSP-03900,ORD-18627,not_as_described,2026-04-28,15,pending
DSP-03901,ORD-12327,item_not_received,2026-04-28,10,pending
DSP-03902,ORD-07498,item_not_received,2026-04-28,23,pending
DSP-03903,ORD-07809,duplicate_charge,2026-04-28,15,pending
DSP-03904,ORD-00097,duplicate_charge,2026-04-28,19,pending
DSP-03905,ORD-11435,not_as_described,2026-04-28,14,pending
DSP-03906,ORD-01486,not_as_described,2026-04-28,16,pending
DSP-03907,ORD-00787,unauthorized_transaction,2026-04-28,7,pending
DSP-03908,ORD-06278,not_as_described,2026-04-28,10,pending
DSP-03909,ORD-17294,item_not_received,2026-04-28,2,pending
DSP-03910,ORD-02122,item_not_received,2026-04-28,23,pending
DSP-03911,ORD-04590,not_as_described,2026-04-28,22,pending
DSP-03912,ORD-17082,unauthorized_transaction,2026-04-28,19,pending
DSP-03913,ORD-07214,unauthorized_transaction,2026-04-28,18,pending
DSP-03914,ORD-02944,item_not_received,2026-04-28,4,pending
DSP-03915,ORD-11931,not_as_described,2026-04-28,20,pending
DSP-03916,ORD-04375,item_not_received,2026-04-28,4,pending
DSP-03917,ORD-04655,item_not_received,2026-04-28,12,pending
DSP-03918,ORD-11596,item_not_received,2026-04-28,13,pending
DSP-03919,ORD-15108,not_as_described,2026-04-28,16,pending
DSP-03920,ORD-17972,item_not_received,2026-04-28,18,pending
DSP-03921,ORD-00907,not_as_described,2026-04-28,6,pending
DSP-03922,ORD-15711,unauthorized_transaction,2026-04-28,15,pending
DSP-03923,ORD-01721,unauthorized_transaction,2026-04-28,21,pending
DSP-03924,ORD-00942,unauthorized_transaction,2026-04-28,6,pending
DSP-03925,ORD-19754,item_not_received,2026-04-28,3,pending
DSP-03926,ORD-10776,item_not_received,2026-04-28,3,pending
DSP-03927,ORD-18217,unauthorized_transaction,2026-04-28,16,pending
DSP-03928,ORD-12172,unauthorized_transaction,2026-04-28,7,pending
DSP-03929,ORD-10967,unauthorized_transaction,2026-04-28,23,pending
DSP-03930,ORD-00958,item_not_received,2026-04-28,9,pending
DSP-03931,ORD-03807,unauthorized_transaction,2026-04-28,4,pending
DSP-03932,ORD-17291,not_as_described,2026-04-28,16,pending
DSP-03933,ORD-09279,duplicate_charge,2026-04-28,17,pending
DSP-03934,ORD-05407,unauthorized_transaction,2026-04-28,22,pending
DSP-03935,ORD-13343,not_as_described,2026-04-28,12,pending
DSP-03936,ORD-16922,unauthorized_transaction,2026-04-28,14,pending
DSP-03937,ORD-18898,item_not_received,2026-04-28,1,pending
DSP-03938,ORD-14664,unauthorized_transaction,2026-04-28,11,pending
DSP-03939,ORD-16059,item_not_received,2026-04-28,22,pending
DSP-03940,ORD-11705,item_not_received,2026-04-28,4,pending
DSP-03941,ORD-15436,unauthorized_transaction,2026-04-28,17,pending
DSP-03942,ORD-02998,item_not_received,2026-04-28,1,pending
DSP-03943,ORD-10007,item_not_received,2026-04-28,17,pending
DSP-03944,ORD-19218,duplicate_charge,2026-04-28,3,pending
DSP-03945,ORD-17164,unauthorized_transaction,2026-04-28,12,pending
DSP-03946,ORD-00122,unauthorized_transaction,2026-04-28,11,pending
DSP-03947,ORD-08819,unauthorized_transaction,2026-04-28,8,pending
DSP-03948,ORD-12866,not_as_described,2026-04-28,8,pending
DSP-03949,ORD-17066,duplicate_charge,2026-04-28,21,pending
DSP-03950,ORD-08317,not_as_described,2026-04-28,11,pending
DSP-03951,ORD-15048,not_as_described,2026-04-28,9,pending
DSP-03952,ORD-19816,unauthorized_transaction,2026-04-28,19,pending
DSP-03953,ORD-08287,unauthorized_transaction,2026-04-28,2,pending
DSP-03954,ORD-00150,unauthorized_transaction,2026-04-28,16,pending
DSP-03955,ORD-13579,not_as_described,2026-04-28,8,pending
DSP-03956,ORD-06282,not_as_described,2026-04-28,3,pending
DSP-03957,ORD-03548,item_not_received,2026-04-28,4,pending
DSP-03958,ORD-06009,item_not_received,2026-04-28,11,pending
DSP-03959,ORD-19979,item_not_received,2026-04-28,7,pending
DSP-03960,ORD-03031,unauthorized_transaction,2026-04-28,20,pending
DSP-03961,ORD-12252,unauthorized_transaction,2026-04-28,23,pending
DSP-03962,ORD-06607,not_as_described,2026-04-28,5,pending
DSP-03963,ORD-17325,item_not_received,2026-04-28,11,pending
DSP-03964,ORD-09389,duplicate_charge,2026-04-28,17,pending
DSP-03965,ORD-07702,item_not_received,2026-04-28,14,pending
DSP-03966,ORD-16451,item_not_received,2026-04-28,8,pending
DSP-03967,ORD-18511,unauthorized_transaction,2026-04-28,16,pending
DSP-03968,ORD-08266,unauthorized_transaction,2026-04-28,20,pending
DSP-03969,ORD-13077,unauthorized_transaction,2026-04-28,1,pending
DSP-03970,ORD-19502,unauthorized_transaction,2026-04-28,10,pending
DSP-03971,ORD-17971,duplicate_charge,2026-04-28,15,pending
DSP-03972,ORD-11724,not_as_described,2026-04-28,2,pending
DSP-03973,ORD-09525,item_not_received,2026-04-28,15,pending
DSP-03974,ORD-08291,unauthorized_transaction,2026-04-28,23,pending
DSP-03975,ORD-14903,not_as_described,2026-04-28,9,pending
DSP-03976,ORD-05080,item_not_received,2026-04-28,1,pending
DSP-03977,ORD-08947,not_as_described,2026-04-28,22,pending
DSP-03978,ORD-07310,not_as_described,2026-04-29,4,pending
DSP-03979,ORD-19372,item_not_received,2026-04-29,15,pending
DSP-03980,ORD-17769,unauthorized_transaction,2026-04-29,7,pending
DSP-03981,ORD-13753,not_as_described,2026-04-29,7,pending
DSP-03982,ORD-06311,not_as_described,2026-04-29,2,pending
DSP-03983,ORD-01540,not_as_described,2026-04-29,8,pending
DSP-03984,ORD-16886,item_not_received,2026-04-29,24,pending
DSP-03985,ORD-08862,item_not_received,2026-04-29,20,pending
DSP-03986,ORD-15584,not_as_described,2026-04-29,7,pending
DSP-03987,ORD-00218,duplicate_charge,2026-04-29,2,pending
DSP-03988,ORD-14372,duplicate_charge,2026-04-29,10,pending
DSP-03989,ORD-05434,item_not_received,2026-04-29,16,pending
DSP-03990,ORD-01750,unauthorized_transaction,2026-04-29,4,pending
DSP-03991,ORD-15485,item_not_received,2026-04-29,21,pending
DSP-03992,ORD-15355,item_not_received,2026-04-29,18,pending
DSP-03993,ORD-16850,unauthorized_transaction,2026-04-29,8,pending
DSP-03994,ORD-04577,item_not_received,2026-04-29,24,pending
DSP-03995,ORD-16767,item_not_received,2026-04-29,22,pending
DSP-03996,ORD-18311,not_as_described,2026-04-29,7,pending
DSP-03997,ORD-12276,unauthorized_transaction,2026-04-29,3,pending
DSP-03998,ORD-01903,item_not_received,2026-04-29,10,pending
DSP-03999,ORD-04373,not_as_described,2026-04-29,13,pending
DSP-04000,ORD-10266,unauthorized_transaction,2026-04-29,6,pending
DSP-04001,ORD-18548,not_as_described,2026-04-29,1,pending
DSP-04002,ORD-05465,not_as_described,2026-04-29,5,pending
DSP-04003,ORD-05481,unauthorized_transaction,2026-04-29,13,pending
DSP-04004,ORD-14061,duplicate_charge,2026-04-29,20,pending
DSP-04005,ORD-02681,unauthorized_transaction,2026-04-29,3,pending
DSP-04006,ORD-14599,not_as_described,2026-04-29,16,pending
DSP-04007,ORD-15905,not_as_described,2026-04-29,9,pending
DSP-04008,ORD-09133,not_as_described,2026-04-29,22,pending
DSP-04009,ORD-02277,unauthorized_transaction,2026-04-29,1,pending
DSP-04010,ORD-18884,not_as_described,2026-04-29,16,pending
DSP-04011,ORD-18297,not_as_described,2026-04-29,20,pending
DSP-04012,ORD-18082,unauthorized_transaction,2026-04-29,3,pending
DSP-04013,ORD-17115,item_not_received,2026-04-29,15,pending
DSP-04014,ORD-12087,item_not_received,2026-04-29,10,pending
DSP-04015,ORD-00368,duplicate_charge,2026-04-29,23,pending
DSP-04016,ORD-10015,unauthorized_transaction,2026-04-29,5,pending
DSP-04017,ORD-06541,not_as_described,2026-04-29,22,pending
DSP-04018,ORD-07404,not_as_described,2026-04-29,12,pending
DSP-04019,ORD-01981,item_not_received,2026-04-29,8,pending
DSP-04020,ORD-00123,not_as_described,2026-04-29,19,pending
DSP-04021,ORD-14309,unauthorized_transaction,2026-04-29,7,pending
DSP-04022,ORD-18830,item_not_received,2026-04-29,6,pending
DSP-04023,ORD-05356,duplicate_charge,2026-04-29,24,pending
DSP-04024,ORD-11290,item_not_received,2026-04-29,17,pending
DSP-04025,ORD-10724,unauthorized_transaction,2026-04-29,8,pending
DSP-04026,ORD-06832,unauthorized_transaction,2026-04-29,2,pending
DSP-04027,ORD-06795,unauthorized_transaction,2026-04-29,10,pending
DSP-04028,ORD-05803,not_as_described,2026-04-29,16,pending
DSP-04029,ORD-15718,item_not_received,2026-04-29,3,pending
DSP-04030,ORD-08077,not_as_described,2026-04-29,18,pending
DSP-04031,ORD-07392,item_not_received,2026-04-29,6,pending
DSP-04032,ORD-03897,duplicate_charge,2026-04-29,15,pending
DSP-04033,ORD-09165,not_as_described,2026-04-29,1,pending
DSP-04034,ORD-17717,not_as_described,2026-04-29,7,pending
DSP-04035,ORD-19355,not_as_described,2026-04-29,12,pending
DSP-04036,ORD-15984,not_as_described,2026-04-29,19,pending
DSP-04037,ORD-06269,item_not_received,2026-04-29,17,pending
DSP-04038,ORD-14732,not_as_described,2026-04-29,21,pending
DSP-04039,ORD-05689,unauthorized_transaction,2026-04-29,6,pending
DSP-04040,ORD-11252,item_not_received,2026-04-29,11,pending
DSP-04041,ORD-10129,not_as_described,2026-04-29,11,pending
DSP-04042,ORD-16727,unauthorized_transaction,2026-04-29,3,pending
DSP-04043,ORD-06977,item_not_received,2026-04-29,10,pending
DSP-04044,ORD-09963,duplicate_charge,2026-04-29,3,pending
DSP-04045,ORD-08378,item_not_received,2026-04-29,21,pending
DSP-04046,ORD-11194,not_as_described,2026-04-29,6,pending
DSP-04047,ORD-14677,item_not_received,2026-04-29,23,pending
DSP-04048,ORD-04788,item_not_received,2026-04-29,13,pending
DSP-04049,ORD-12488,duplicate_charge,2026-04-29,18,pending
DSP-04050,ORD-17677,unauthorized_transaction,2026-04-29,15,pending
DSP-04051,ORD-00060,unauthorized_transaction,2026-04-29,13,pending
DSP-04052,ORD-16343,unauthorized_transaction,2026-04-29,12,pending
DSP-04053,ORD-12083,unauthorized_transaction,2026-04-29,3,pending
DSP-04054,ORD-15066,unauthorized_transaction,2026-04-29,8,pending
DSP-04055,ORD-02677,duplicate_charge,2026-04-29,19,pending
DSP-04056,ORD-12271,not_as_described,2026-04-29,5,pending
DSP-04057,ORD-07553,duplicate_charge,2026-04-29,22,pending
DSP-04058,ORD-12148,unauthorized_transaction,2026-04-29,18,pending
DSP-04059,ORD-08938,not_as_described,2026-04-29,17,pending
DSP-04060,ORD-02624,unauthorized_transaction,2026-04-29,16,pending
DSP-04061,ORD-01379,item_not_received,2026-04-29,4,pending
DSP-04062,ORD-01009,not_as_described,2026-04-29,15,pending
DSP-04063,ORD-02262,not_as_described,2026-04-29,6,pending
DSP-04064,ORD-08563,unauthorized_transaction,2026-04-29,6,pending
DSP-04065,ORD-08766,duplicate_charge,2026-04-29,20,pending
DSP-04066,ORD-15011,unauthorized_transaction,2026-04-29,2,pending
DSP-04067,ORD-15290,not_as_described,2026-04-29,1,pending
DSP-04068,ORD-06960,unauthorized_transaction,2026-04-29,17,pending
DSP-04069,ORD-11327,unauthorized_transaction,2026-04-29,11,pending
DSP-04070,ORD-08393,duplicate_charge,2026-04-29,23,pending
DSP-04071,ORD-00763,item_not_received,2026-04-29,9,pending
DSP-04072,ORD-14234,item_not_received,2026-04-29,16,pending
DSP-04073,ORD-06680,item_not_received,2026-04-29,19,pending
DSP-04074,ORD-05977,unauthorized_transaction,2026-04-29,19,pending
DSP-04075,ORD-04558,item_not_received,2026-04-29,23,pending
DSP-04076,ORD-06291,not_as_described,2026-04-29,14,pending
DSP-04077,ORD-12779,item_not_received,2026-04-29,11,pending
DSP-04078,ORD-14136,not_as_described,2026-04-29,5,pending
DSP-04079,ORD-08655,not_as_described,2026-04-29,2,pending
DSP-04080,ORD-19236,unauthorized_transaction,2026-04-29,19,pending
DSP-04081,ORD-03220,unauthorized_transaction,2026-04-29,10,pending
DSP-04082,ORD-13445,not_as_described,2026-04-29,19,pending
DSP-04083,ORD-11970,not_as_described,2026-04-29,3,pending
DSP-04084,ORD-04672,unauthorized_transaction,2026-04-29,15,pending
DSP-04085,ORD-12383,not_as_described,2026-04-29,15,pending
DSP-04086,ORD-19740,item_not_received,2026-04-29,19,pending
DSP-04087,ORD-12830,duplicate_charge,2026-04-29,22,pending
DSP-04088,ORD-07469,item_not_received,2026-04-29,11,pending
DSP-04089,ORD-01057,not_as_described,2026-04-29,19,pending
DSP-04090,ORD-08457,duplicate_charge,2026-04-30,13,pending
DSP-04091,ORD-18101,item_not_received,2026-04-30,1,pending
DSP-04092,ORD-03064,duplicate_charge,2026-04-30,10,pending
DSP-04093,ORD-04109,item_not_received,2026-04-30,20,pending
DSP-04094,ORD-14326,unauthorized_transaction,2026-04-30,10,pending
DSP-04095,ORD-11535,item_not_received,2026-04-30,13,pending
DSP-04096,ORD-09906,unauthorized_transaction,2026-04-30,9,pending
DSP-04097,ORD-15091,not_as_described,2026-04-30,6,pending
DSP-04098,ORD-09698,unauthorized_transaction,2026-04-30,8,pending
DSP-04099,ORD-18966,unauthorized_transaction,2026-04-30,18,pending
DSP-04100,ORD-07891,unauthorized_transaction,2026-04-30,7,pending
DSP-04101,ORD-06441,not_as_described,2026-04-30,12,pending
DSP-04102,ORD-00847,unauthorized_transaction,2026-04-30,8,pending
DSP-04103,ORD-07321,item_not_received,2026-04-30,11,pending
DSP-04104,ORD-15291,duplicate_charge,2026-04-30,16,pending
DSP-04105,ORD-06255,item_not_received,2026-04-30,15,pending
DSP-04106,ORD-08084,unauthorized_transaction,2026-04-30,15,pending
DSP-04107,ORD-04239,unauthorized_transaction,2026-04-30,8,pending
DSP-04108,ORD-19837,unauthorized_transaction,2026-04-30,20,pending
DSP-04109,ORD-14720,not_as_described,2026-04-30,7,pending
DSP-04110,ORD-16709,item_not_received,2026-04-30,3,pending
DSP-04111,ORD-07817,item_not_received,2026-04-30,4,pending
DSP-04112,ORD-03342,unauthorized_transaction,2026-04-30,9,pending
DSP-04113,ORD-15937,unauthorized_transaction,2026-04-30,11,pending
DSP-04114,ORD-09399,not_as_described,2026-04-30,3,pending
DSP-04115,ORD-11390,not_as_described,2026-04-30,21,pending
DSP-04116,ORD-11626,not_as_described,2026-04-30,20,pending
DSP-04117,ORD-11725,item_not_received,2026-04-30,1,pending
DSP-04118,ORD-15183,item_not_received,2026-04-30,2,pending
DSP-04119,ORD-01993,unauthorized_transaction,2026-04-30,14,pending
DSP-04120,ORD-00259,item_not_received,2026-04-30,24,pending
DSP-04121,ORD-11358,duplicate_charge,2026-04-30,22,pending
DSP-04122,ORD-13785,not_as_described,2026-04-30,9,pending
DSP-04123,ORD-08558,duplicate_charge,2026-04-30,22,pending
DSP-04124,ORD-16356,duplicate_charge,2026-04-30,21,pending
DSP-04125,ORD-11132,not_as_described,2026-04-30,11,pending
DSP-04126,ORD-11555,unauthorized_transaction,2026-04-30,14,pending
DSP-04127,ORD-07681,unauthorized_transaction,2026-04-30,5,pending
DSP-04128,ORD-06628,item_not_received,2026-04-30,20,pending
DSP-04129,ORD-04803,unauthorized_transaction,2026-04-30,13,pending
DSP-04130,ORD-01260,item_not_received,2026-04-30,7,pending
DSP-04131,ORD-09310,duplicate_charge,2026-04-30,18,pending
DSP-04132,ORD-14626,unauthorized_transaction,2026-04-30,8,pending
DSP-04133,ORD-13229,item_not_received,2026-04-30,4,pending
DSP-04134,ORD-07136,not_as_described,2026-04-30,13,pending
DSP-04135,ORD-13697,not_as_described,2026-04-30,20,pending
DSP-04136,ORD-01704,item_not_received,2026-04-30,22,pending
DSP-04137,ORD-01399,not_as_described,2026-04-30,15,pending
DSP-04138,ORD-15469,duplicate_charge,2026-04-30,5,pending
DSP-04139,ORD-06301,not_as_described,2026-04-30,1,pending
DSP-04140,ORD-14569,unauthorized_transaction,2026-04-30,15,pending
DSP-04141,ORD-14156,duplicate_charge,2026-04-30,14,pending
DSP-04142,ORD-19509,not_as_described,2026-04-30,21,pending
DSP-04143,ORD-13599,not_as_described,2026-04-30,3,pending
DSP-04144,ORD-19732,unauthorized_transaction,2026-04-30,4,pending
DSP-04145,ORD-11630,item_not_received,2026-04-30,5,pending
DSP-04146,ORD-14772,unauthorized_transaction,2026-04-30,12,pending
DSP-04147,ORD-16678,unauthorized_transaction,2026-04-30,13,pending
DSP-04148,ORD-08823,item_not_received,2026-04-30,17,pending
DSP-04149,ORD-19725,not_as_described,2026-04-30,8,pending
DSP-04150,ORD-13268,not_as_described,2026-04-30,23,pending
DSP-04151,ORD-05675,item_not_received,2026-04-30,5,pending
DSP-04152,ORD-06880,not_as_described,2026-04-30,13,pending
DSP-04153,ORD-05949,item_not_received,2026-04-30,14,pending
DSP-04154,ORD-06383,item_not_received,2026-04-30,14,pending
DSP-04155,ORD-12586,not_as_described,2026-04-30,9,pending
DSP-04156,ORD-01387,duplicate_charge,2026-04-30,5,pending
DSP-04157,ORD-08415,unauthorized_transaction,2026-04-30,6,pending
DSP-04158,ORD-10520,unauthorized_transaction,2026-04-30,17,pending
DSP-04159,ORD-19166,duplicate_charge,2026-04-30,16,pending
DSP-04160,ORD-08897,item_not_received,2026-04-30,14,pending
DSP-04161,ORD-14837,item_not_received,2026-04-30,5,pending
DSP-04162,ORD-16404,unauthorized_transaction,2026-04-30,21,pending
DSP-04163,ORD-06750,item_not_received,2026-04-30,5,pending
DSP-04164,ORD-05617,unauthorized_transaction,2026-04-30,21,pending
DSP-04165,ORD-16033,unauthorized_transaction,2026-04-30,8,pending
DSP-04166,ORD-01905,unauthorized_transaction,2026-04-30,8,pending
DSP-04167,ORD-17827,unauthorized_transaction,2026-04-30,15,pending
DSP-04168,ORD-11417,unauthorized_transaction,2026-04-30,19,pending
DSP-04169,ORD-09438,item_not_received,2026-04-30,9,pending
DSP-04170,ORD-10186,not_as_described,2026-04-30,18,pending
DSP-04171,ORD-07247,item_not_received,2026-04-30,9,pending
DSP-04172,ORD-12727,not_as_described,2026-04-30,5,pending
DSP-04173,ORD-00999,not_as_described,2026-04-30,18,pending
DSP-04174,ORD-18013,unauthorized_transaction,2026-04-30,19,pending
DSP-04175,ORD-18428,unauthorized_transaction,2026-04-30,3,pending
DSP-04176,ORD-00803,item_not_received,2026-04-30,18,pending
DSP-04177,ORD-01453,not_as_described,2026-04-30,21,pending
DSP-04178,ORD-08099,item_not_received,2026-04-30,13,pending
DSP-04179,ORD-01584,duplicate_charge,2026-04-30,4,pending
DSP-04180,ORD-03996,duplicate_charge,2026-04-30,20,pending
DSP-04181,ORD-17678,not_as_described,2026-04-30,2,pending
DSP-04182,ORD-06906,not_as_described,2026-04-30,5,pending
DSP-04183,ORD-16271,unauthorized_transaction,2026-04-30,6,pending
DSP-04184,ORD-07661,duplicate_charge,2026-05-01,20,pending
DSP-04185,ORD-16429,unauthorized_transaction,2026-05-01,22,pending
DSP-04186,ORD-09803,not_as_described,2026-05-01,15,pending
DSP-04187,ORD-03923,not_as_described,2026-05-01,7,pending
DSP-04188,ORD-19338,not_as_described,2026-05-01,1,pending
DSP-04189,ORD-03788,item_not_received,2026-05-01,4,pending
DSP-04190,ORD-13941,not_as_described,2026-05-01,13,pending
DSP-04191,ORD-19644,item_not_received,2026-05-01,12,pending
DSP-04192,ORD-02887,item_not_received,2026-05-01,10,pending
DSP-04193,ORD-03166,item_not_received,2026-05-01,5,pending
DSP-04194,ORD-00347,item_not_received,2026-05-01,4,pending
DSP-04195,ORD-04493,not_as_described,2026-05-01,2,pending
DSP-04196,ORD-18861,not_as_described,2026-05-01,17,pending
DSP-04197,ORD-12817,unauthorized_transaction,2026-05-01,4,pending
DSP-04198,ORD-01698,duplicate_charge,2026-05-01,22,pending
DSP-04199,ORD-19603,unauthorized_transaction,2026-05-01,1,pending
DSP-04200,ORD-02964,not_as_described,2026-05-01,14,pending
DSP-04201,ORD-01533,unauthorized_transaction,2026-05-01,13,pending
DSP-04202,ORD-05218,duplicate_charge,2026-05-01,4,pending
DSP-04203,ORD-16944,not_as_described,2026-05-01,7,pending
DSP-04204,ORD-03890,unauthorized_transaction,2026-05-01,15,pending
DSP-04205,ORD-08663,item_not_received,2026-05-01,2,pending
DSP-04206,ORD-17088,unauthorized_transaction,2026-05-01,1,pending
DSP-04207,ORD-05776,not_as_described,2026-05-01,13,pending
DSP-04208,ORD-00767,item_not_received,2026-05-01,10,pending
DSP-04209,ORD-10650,unauthorized_transaction,2026-05-01,24,pending
DSP-04210,ORD-05391,item_not_received,2026-05-01,23,pending
DSP-04211,ORD-13889,not_as_described,2026-05-01,5,pending
DSP-04212,ORD-11285,not_as_described,2026-05-01,8,pending
DSP-04213,ORD-04028,item_not_received,2026-05-01,22,pending
DSP-04214,ORD-07464,item_not_received,2026-05-01,18,pending
DSP-04215,ORD-00989,duplicate_charge,2026-05-01,18,pending
DSP-04216,ORD-10853,unauthorized_transaction,2026-05-01,15,pending
DSP-04217,ORD-02632,not_as_described,2026-05-01,21,pending
DSP-04218,ORD-01949,unauthorized_transaction,2026-05-01,2,pending
DSP-04219,ORD-05930,item_not_received,2026-05-01,14,pending
DSP-04220,ORD-08575,unauthorized_transaction,2026-05-01,19,pending
DSP-04221,ORD-01773,not_as_described,2026-05-01,1,pending
DSP-04222,ORD-16866,unauthorized_transaction,2026-05-01,8,pending
DSP-04223,ORD-04502,unauthorized_transaction,2026-05-01,24,pending
DSP-04224,ORD-09929,item_not_received,2026-05-01,7,pending
DSP-04225,ORD-07864,not_as_described,2026-05-01,3,pending
DSP-04226,ORD-17806,not_as_described,2026-05-01,7,pending
DSP-04227,ORD-16270,item_not_received,2026-05-01,21,pending
DSP-04228,ORD-09829,not_as_described,2026-05-01,14,pending
DSP-04229,ORD-12787,unauthorized_transaction,2026-05-01,1,pending
DSP-04230,ORD-08171,not_as_described,2026-05-01,4,pending
DSP-04231,ORD-02040,not_as_described,2026-05-01,15,pending
DSP-04232,ORD-14832,not_as_described,2026-05-01,18,pending
DSP-04233,ORD-10296,unauthorized_transaction,2026-05-01,12,pending
DSP-04234,ORD-12112,duplicate_charge,2026-05-01,22,pending
DSP-04235,ORD-18559,unauthorized_transaction,2026-05-01,15,pending
DSP-04236,ORD-18151,item_not_received,2026-05-01,11,pending
DSP-04237,ORD-08928,unauthorized_transaction,2026-05-01,8,pending
DSP-04238,ORD-08413,item_not_received,2026-05-01,21,pending
DSP-04239,ORD-17860,item_not_received,2026-05-01,14,pending
DSP-04240,ORD-10654,unauthorized_transaction,2026-05-01,16,pending
DSP-04241,ORD-04948,not_as_described,2026-05-01,4,pending
DSP-04242,ORD-08191,not_as_described,2026-05-01,24,pending
DSP-04243,ORD-10408,not_as_described,2026-05-01,23,pending
DSP-04244,ORD-11904,not_as_described,2026-05-01,11,pending
DSP-04245,ORD-03529,duplicate_charge,2026-05-01,5,pending
DSP-04246,ORD-13856,not_as_described,2026-05-01,17,pending
DSP-04247,ORD-01812,not_as_described,2026-05-01,1,pending
DSP-04248,ORD-13915,item_not_received,2026-05-01,24,pending
DSP-04249,ORD-03314,duplicate_charge,2026-05-01,18,pending
DSP-04250,ORD-03134,item_not_received,2026-05-01,2,pending
DSP-04251,ORD-02679,item_not_received,2026-05-01,6,pending
DSP-04252,ORD-14808,unauthorized_transaction,2026-05-01,6,pending
DSP-04253,ORD-11934,not_as_described,2026-05-01,10,pending
DSP-04254,ORD-19187,item_not_received,2026-05-01,10,pending
DSP-04255,ORD-08347,item_not_received,2026-05-01,11,pending
DSP-04256,ORD-17704,not_as_described,2026-05-01,23,pending
DSP-04257,ORD-18155,item_not_received,2026-05-01,19,pending
DSP-04258,ORD-03120,not_as_described,2026-05-01,13,pending
DSP-04259,ORD-19664,duplicate_charge,2026-05-01,5,pending
DSP-04260,ORD-10750,not_as_described,2026-05-01,17,pending
DSP-04261,ORD-19810,unauthorized_transaction,2026-05-01,12,pending
DSP-04262,ORD-09673,unauthorized_transaction,2026-05-01,22,pending
DSP-04263,ORD-02119,not_as_described,2026-05-01,20,pending
DSP-04264,ORD-02802,item_not_received,2026-05-01,17,pending
DSP-04265,ORD-18443,not_as_described,2026-05-01,11,pending
DSP-04266,ORD-00144,item_not_received,2026-05-01,12,pending
DSP-04267,ORD-02804,item_not_received,2026-05-01,4,pending
DSP-04268,ORD-14521,duplicate_charge,2026-05-02,17,pending
DSP-04269,ORD-18721,item_not_received,2026-05-02,16,pending
DSP-04270,ORD-13031,not_as_described,2026-05-02,9,pending
DSP-04271,ORD-03594,duplicate_charge,2026-05-02,1,pending
DSP-04272,ORD-12759,unauthorized_transaction,2026-05-02,14,pending
DSP-04273,ORD-00656,unauthorized_transaction,2026-05-02,13,pending
DSP-04274,ORD-01659,not_as_described,2026-05-02,5,pending
DSP-04275,ORD-01729,item_not_received,2026-05-02,16,pending
DSP-04276,ORD-07017,item_not_received,2026-05-02,12,pending
DSP-04277,ORD-12605,not_as_described,2026-05-02,13,pending
DSP-04278,ORD-14441,item_not_received,2026-05-02,22,pending
DSP-04279,ORD-10090,not_as_described,2026-05-02,19,pending
DSP-04280,ORD-19380,unauthorized_transaction,2026-05-02,11,pending
DSP-04281,ORD-17616,unauthorized_transaction,2026-05-02,7,pending
DSP-04282,ORD-11131,not_as_described,2026-05-02,8,pending
DSP-04283,ORD-01088,item_not_received,2026-05-02,6,pending
DSP-04284,ORD-07001,unauthorized_transaction,2026-05-02,8,pending
DSP-04285,ORD-15847,not_as_described,2026-05-02,19,pending
DSP-04286,ORD-14887,duplicate_charge,2026-05-02,3,pending
DSP-04287,ORD-12851,unauthorized_transaction,2026-05-02,3,pending
DSP-04288,ORD-18441,duplicate_charge,2026-05-02,3,pending
DSP-04289,ORD-00749,unauthorized_transaction,2026-05-02,5,pending
DSP-04290,ORD-15602,duplicate_charge,2026-05-02,11,pending
DSP-04291,ORD-10441,unauthorized_transaction,2026-05-02,17,pending
DSP-04292,ORD-18842,unauthorized_transaction,2026-05-02,18,pending
DSP-04293,ORD-05376,unauthorized_transaction,2026-05-02,23,pending
DSP-04294,ORD-16502,duplicate_charge,2026-05-02,22,pending
DSP-04295,ORD-03041,item_not_received,2026-05-02,14,pending
DSP-04296,ORD-19060,not_as_described,2026-05-02,3,pending
DSP-04297,ORD-04843,not_as_described,2026-05-02,16,pending
DSP-04298,ORD-11529,not_as_described,2026-05-02,7,pending
DSP-04299,ORD-15941,unauthorized_transaction,2026-05-02,17,pending
DSP-04300,ORD-14507,unauthorized_transaction,2026-05-02,6,pending
DSP-04301,ORD-00798,item_not_received,2026-05-02,20,pending
DSP-04302,ORD-02666,duplicate_charge,2026-05-02,4,pending
DSP-04303,ORD-07358,not_as_described,2026-05-02,21,pending
DSP-04304,ORD-01525,unauthorized_transaction,2026-05-02,13,pending
DSP-04305,ORD-08362,duplicate_charge,2026-05-02,5,pending
DSP-04306,ORD-04569,duplicate_charge,2026-05-02,22,pending
DSP-04307,ORD-15212,not_as_described,2026-05-02,13,pending
DSP-04308,ORD-14201,unauthorized_transaction,2026-05-02,21,pending
DSP-04309,ORD-12943,item_not_received,2026-05-02,20,pending
DSP-04310,ORD-11926,not_as_described,2026-05-02,10,pending
DSP-04311,ORD-00466,unauthorized_transaction,2026-05-02,1,pending
DSP-04312,ORD-12275,not_as_described,2026-05-02,11,pending
DSP-04313,ORD-03702,duplicate_charge,2026-05-02,12,pending
DSP-04314,ORD-14329,not_as_described,2026-05-02,1,pending
DSP-04315,ORD-04918,item_not_received,2026-05-02,9,pending
DSP-04316,ORD-02574,duplicate_charge,2026-05-02,15,pending
DSP-04317,ORD-11787,unauthorized_transaction,2026-05-02,9,pending
DSP-04318,ORD-16567,duplicate_charge,2026-05-02,15,pending
DSP-04319,ORD-10165,item_not_received,2026-05-02,4,pending
DSP-04320,ORD-06941,item_not_received,2026-05-02,12,pending
DSP-04321,ORD-14646,not_as_described,2026-05-02,4,pending
DSP-04322,ORD-01107,unauthorized_transaction,2026-05-02,24,pending
DSP-04323,ORD-11344,unauthorized_transaction,2026-05-02,10,pending
DSP-04324,ORD-13217,item_not_received,2026-05-02,10,pending
DSP-04325,ORD-05279,item_not_received,2026-05-02,4,pending
DSP-04326,ORD-13075,item_not_received,2026-05-02,12,pending
DSP-04327,ORD-16406,item_not_received,2026-05-02,5,pending
DSP-04328,ORD-10175,item_not_received,2026-05-02,20,pending
DSP-04329,ORD-02712,unauthorized_transaction,2026-05-02,5,pending
DSP-04330,ORD-01353,not_as_described,2026-05-02,12,pending
DSP-04331,ORD-07132,unauthorized_transaction,2026-05-02,9,pending
DSP-04332,ORD-05716,unauthorized_transaction,2026-05-02,5,pending
DSP-04333,ORD-10214,not_as_described,2026-05-02,22,pending
DSP-04334,ORD-12883,not_as_described,2026-05-02,1,pending
DSP-04335,ORD-02656,not_as_described,2026-05-02,20,pending
DSP-04336,ORD-13745,not_as_described,2026-05-02,24,pending
DSP-04337,ORD-00153,duplicate_charge,2026-05-02,15,pending
DSP-04338,ORD-06911,item_not_received,2026-05-02,12,pending
DSP-04339,ORD-12484,other_unclassified,2026-05-02,20,pending
DSP-04340,ORD-16740,not_as_described,2026-05-02,22,pending
DSP-04341,ORD-17166,item_not_received,2026-05-02,19,pending
DSP-04342,ORD-19230,unauthorized_transaction,2026-05-02,12,pending
DSP-04343,ORD-16713,unauthorized_transaction,2026-05-02,3,pending
DSP-04344,ORD-17201,duplicate_charge,2026-05-02,4,pending
DSP-04345,ORD-10153,item_not_received,2026-05-02,24,pending
DSP-04346,ORD-11464,item_not_received,2026-05-02,23,pending
DSP-04347,ORD-17254,item_not_received,2026-05-02,23,pending
DSP-04348,ORD-03847,item_not_received,2026-05-02,10,pending
DSP-04349,ORD-17924,unauthorized_transaction,2026-05-02,15,pending
DSP-04350,ORD-02350,not_as_described,2026-05-02,8,pending
DSP-04351,ORD-18856,not_as_described,2026-05-02,24,pending
DSP-04352,ORD-07562,duplicate_charge,2026-05-02,15,pending
DSP-04353,ORD-02851,item_not_received,2026-05-02,22,pending
DSP-04354,ORD-12840,unauthorized_transaction,2026-05-02,1,pending
DSP-04355,ORD-15361,item_not_received,2026-05-02,22,pending
DSP-04356,ORD-13042,not_as_described,2026-05-02,9,pending
DSP-04357,ORD-11334,unauthorized_transaction,2026-05-02,5,pending
DSP-04358,ORD-10020,not_as_described,2026-05-02,14,pending
DSP-04359,ORD-19171,unauthorized_transaction,2026-05-02,20,pending
DSP-04360,ORD-02705,item_not_received,2026-05-02,13,pending
DSP-04361,ORD-02337,duplicate_charge,2026-05-02,8,pending
DSP-04362,ORD-07577,duplicate_charge,2026-05-02,23,pending
DSP-04363,ORD-13352,unauthorized_transaction,2026-05-02,23,pending
DSP-04364,ORD-08599,not_as_described,2026-05-02,23,pending
DSP-04365,ORD-19139,item_not_received,2026-05-02,19,pending
DSP-04366,ORD-03452,not_as_described,2026-05-02,5,pending
DSP-04367,ORD-07573,not_as_described,2026-05-02,13,pending
DSP-04368,ORD-12534,duplicate_charge,2026-05-02,3,pending
DSP-04369,ORD-17916,duplicate_charge,2026-05-02,4,pending
DSP-04370,ORD-09216,unauthorized_transaction,2026-05-02,12,pending
DSP-04371,ORD-16804,not_as_described,2026-05-03,15,pending
DSP-04372,ORD-10284,duplicate_charge,2026-05-03,8,pending
DSP-04373,ORD-04575,item_not_received,2026-05-03,21,pending
DSP-04374,ORD-03254,item_not_received,2026-05-03,20,pending
DSP-04375,ORD-16322,item_not_received,2026-05-03,7,pending
DSP-04376,ORD-10253,unauthorized_transaction,2026-05-03,23,pending
DSP-04377,ORD-15959,duplicate_charge,2026-05-03,10,pending
DSP-04378,ORD-04366,item_not_received,2026-05-03,22,pending
DSP-04379,ORD-15458,unauthorized_transaction,2026-05-03,20,pending
DSP-04380,ORD-14918,item_not_received,2026-05-03,12,pending
DSP-04381,ORD-15871,not_as_described,2026-05-03,22,pending
DSP-04382,ORD-14783,not_as_described,2026-05-03,10,pending
DSP-04383,ORD-10101,item_not_received,2026-05-03,9,pending
DSP-04384,ORD-09265,item_not_received,2026-05-03,8,pending
DSP-04385,ORD-08643,item_not_received,2026-05-03,5,pending
DSP-04386,ORD-07979,not_as_described,2026-05-03,12,pending
DSP-04387,ORD-13262,unauthorized_transaction,2026-05-03,9,pending
DSP-04388,ORD-12395,item_not_received,2026-05-03,8,pending
DSP-04389,ORD-00716,not_as_described,2026-05-03,13,pending
DSP-04390,ORD-04227,unauthorized_transaction,2026-05-03,17,pending
DSP-04391,ORD-12508,duplicate_charge,2026-05-03,20,pending
DSP-04392,ORD-12311,duplicate_charge,2026-05-03,20,pending
DSP-04393,ORD-06249,not_as_described,2026-05-03,8,pending
DSP-04394,ORD-03281,duplicate_charge,2026-05-03,19,pending
DSP-04395,ORD-02617,unauthorized_transaction,2026-05-03,1,pending
DSP-04396,ORD-02482,item_not_received,2026-05-03,17,pending
DSP-04397,ORD-11428,not_as_described,2026-05-03,8,pending
DSP-04398,ORD-04189,item_not_received,2026-05-03,5,pending
DSP-04399,ORD-00777,duplicate_charge,2026-05-03,23,pending
DSP-04400,ORD-08216,item_not_received,2026-05-03,22,pending
DSP-04401,ORD-00997,duplicate_charge,2026-05-03,22,pending
DSP-04402,ORD-02599,unauthorized_transaction,2026-05-03,23,pending
DSP-04403,ORD-14813,item_not_received,2026-05-03,14,pending
DSP-04404,ORD-15367,unauthorized_transaction,2026-05-03,23,pending
DSP-04405,ORD-03459,item_not_received,2026-05-03,6,pending
DSP-04406,ORD-04091,unauthorized_transaction,2026-05-03,9,pending
DSP-04407,ORD-06399,item_not_received,2026-05-03,19,pending
DSP-04408,ORD-03143,not_as_described,2026-05-03,13,pending
DSP-04409,ORD-17191,unauthorized_transaction,2026-05-03,22,pending
DSP-04410,ORD-14726,unauthorized_transaction,2026-05-03,3,pending
DSP-04411,ORD-11191,not_as_described,2026-05-03,19,pending
DSP-04412,ORD-16348,not_as_described,2026-05-03,12,pending
DSP-04413,ORD-11492,not_as_described,2026-05-03,23,pending
DSP-04414,ORD-18030,not_as_described,2026-05-03,13,pending
DSP-04415,ORD-02275,unauthorized_transaction,2026-05-03,18,pending
DSP-04416,ORD-11278,duplicate_charge,2026-05-03,1,pending
DSP-04417,ORD-03698,item_not_received,2026-05-03,18,pending
DSP-04418,ORD-16153,unauthorized_transaction,2026-05-03,21,pending
DSP-04419,ORD-18029,not_as_described,2026-05-03,8,pending
DSP-04420,ORD-04595,item_not_received,2026-05-03,12,pending
DSP-04421,ORD-03977,duplicate_charge,2026-05-03,13,pending
DSP-04422,ORD-18628,duplicate_charge,2026-05-03,10,pending
DSP-04423,ORD-04802,item_not_received,2026-05-03,5,pending
DSP-04424,ORD-18911,item_not_received,2026-05-03,17,pending
DSP-04425,ORD-01116,duplicate_charge,2026-05-03,16,pending
DSP-04426,ORD-18461,duplicate_charge,2026-05-03,10,pending
DSP-04427,ORD-13949,unauthorized_transaction,2026-05-03,23,pending
DSP-04428,ORD-15593,not_as_described,2026-05-03,22,pending
DSP-04429,ORD-15210,unauthorized_transaction,2026-05-03,13,pending
DSP-04430,ORD-11321,not_as_described,2026-05-03,6,pending
DSP-04431,ORD-06816,duplicate_charge,2026-05-03,11,pending
DSP-04432,ORD-01770,not_as_described,2026-05-03,20,pending
DSP-04433,ORD-18266,item_not_received,2026-05-03,16,pending
DSP-04434,ORD-01179,item_not_received,2026-05-03,10,pending
DSP-04435,ORD-03878,duplicate_charge,2026-05-03,16,pending
DSP-04436,ORD-06780,unauthorized_transaction,2026-05-03,18,pending
DSP-04437,ORD-17387,duplicate_charge,2026-05-03,17,pending
DSP-04438,ORD-10839,duplicate_charge,2026-05-03,5,pending
DSP-04439,ORD-01936,item_not_received,2026-05-03,8,pending
DSP-04440,ORD-09528,item_not_received,2026-05-03,24,pending
DSP-04441,ORD-17153,unauthorized_transaction,2026-05-03,23,pending
DSP-04442,ORD-02086,not_as_described,2026-05-03,24,pending
DSP-04443,ORD-06455,unauthorized_transaction,2026-05-03,5,pending
DSP-04444,ORD-12647,item_not_received,2026-05-03,13,pending
DSP-04445,ORD-14701,unauthorized_transaction,2026-05-03,13,pending
DSP-04446,ORD-19252,not_as_described,2026-05-03,21,pending
DSP-04447,ORD-14974,unauthorized_transaction,2026-05-03,18,pending
DSP-04448,ORD-05984,item_not_received,2026-05-03,15,pending
DSP-04449,ORD-05912,item_not_received,2026-05-03,1,pending
DSP-04450,ORD-16569,duplicate_charge,2026-05-03,19,pending
DSP-04451,ORD-08270,not_as_described,2026-05-03,8,pending
DSP-04452,ORD-00338,not_as_described,2026-05-03,17,pending
DSP-04453,ORD-03207,unauthorized_transaction,2026-05-03,1,pending
DSP-04454,ORD-17414,duplicate_charge,2026-05-03,10,pending
DSP-04455,ORD-15377,unauthorized_transaction,2026-05-03,15,pending
DSP-04456,ORD-08975,not_as_described,2026-05-03,14,pending
DSP-04457,ORD-14111,item_not_received,2026-05-03,20,pending
DSP-04458,ORD-09744,not_as_described,2026-05-03,1,pending
DSP-04459,ORD-04254,unauthorized_transaction,2026-05-03,17,pending
DSP-04460,ORD-15489,not_as_described,2026-05-03,11,pending
DSP-04461,ORD-15879,duplicate_charge,2026-05-03,7,pending
DSP-04462,ORD-04717,not_as_described,2026-05-03,9,pending
DSP-04463,ORD-02005,not_as_described,2026-05-03,19,pending
DSP-04464,ORD-17943,not_as_described,2026-05-03,17,pending
DSP-04465,ORD-02686,not_as_described,2026-05-03,4,pending
DSP-04466,ORD-08844,unauthorized_transaction,2026-05-03,4,pending
DSP-04467,ORD-18210,item_not_received,2026-05-03,8,pending
DSP-04468,ORD-11174,item_not_received,2026-05-03,12,pending
DSP-04469,ORD-03753,duplicate_charge,2026-05-03,2,pending
DSP-04470,ORD-12428,not_as_described,2026-05-03,15,pending
DSP-04471,ORD-00591,not_as_described,2026-05-03,7,pending
DSP-04472,ORD-17771,item_not_received,2026-05-03,4,pending
DSP-04473,ORD-15187,item_not_received,2026-05-04,2,pending
DSP-04474,ORD-11163,not_as_described,2026-05-04,24,pending
DSP-04475,ORD-06360,item_not_received,2026-05-04,24,pending
DSP-04476,ORD-17770,unauthorized_transaction,2026-05-04,18,pending
DSP-04477,ORD-07676,duplicate_charge,2026-05-04,13,pending
DSP-04478,ORD-02876,not_as_described,2026-05-04,6,pending
DSP-04479,ORD-02082,item_not_received,2026-05-04,12,pending
DSP-04480,ORD-15328,not_as_described,2026-05-04,24,pending
DSP-04481,ORD-03359,item_not_received,2026-05-04,24,pending
DSP-04482,ORD-11551,item_not_received,2026-05-04,5,pending
DSP-04483,ORD-13556,item_not_received,2026-05-04,3,pending
DSP-04484,ORD-14175,duplicate_charge,2026-05-04,5,pending
DSP-04485,ORD-12736,item_not_received,2026-05-04,18,pending
DSP-04486,ORD-16481,item_not_received,2026-05-04,1,pending
DSP-04487,ORD-10615,unauthorized_transaction,2026-05-04,22,pending
DSP-04488,ORD-00519,not_as_described,2026-05-04,24,pending
DSP-04489,ORD-08525,not_as_described,2026-05-04,19,pending
DSP-04490,ORD-15767,item_not_received,2026-05-04,6,pending
DSP-04491,ORD-18851,unauthorized_transaction,2026-05-04,24,pending
DSP-04492,ORD-06031,not_as_described,2026-05-04,10,pending
DSP-04493,ORD-14736,item_not_received,2026-05-04,19,pending
DSP-04494,ORD-00031,item_not_received,2026-05-04,14,pending
DSP-04495,ORD-17378,unauthorized_transaction,2026-05-04,22,pending
DSP-04496,ORD-14039,item_not_received,2026-05-04,24,pending
DSP-04497,ORD-07688,item_not_received,2026-05-04,8,pending
DSP-04498,ORD-09696,duplicate_charge,2026-05-04,2,pending
DSP-04499,ORD-09450,not_as_described,2026-05-04,21,pending
DSP-04500,ORD-15264,duplicate_charge,2026-05-04,16,pending
DSP-04501,ORD-04524,unauthorized_transaction,2026-05-04,11,pending
DSP-04502,ORD-05933,unauthorized_transaction,2026-05-04,2,pending
DSP-04503,ORD-03156,item_not_received,2026-05-04,6,pending
DSP-04504,ORD-13136,item_not_received,2026-05-04,9,pending
DSP-04505,ORD-17663,not_as_described,2026-05-04,3,pending
DSP-04506,ORD-05993,item_not_received,2026-05-04,12,pending
DSP-04507,ORD-19547,unauthorized_transaction,2026-05-04,19,pending
DSP-04508,ORD-07766,not_as_described,2026-05-04,5,pending
DSP-04509,ORD-04614,not_as_described,2026-05-04,1,pending
DSP-04510,ORD-01038,unauthorized_transaction,2026-05-04,12,pending
DSP-04511,ORD-01431,not_as_described,2026-05-04,1,pending
DSP-04512,ORD-03218,duplicate_charge,2026-05-04,1,pending
DSP-04513,ORD-02538,duplicate_charge,2026-05-04,6,pending
DSP-04514,ORD-18640,item_not_received,2026-05-04,2,pending
DSP-04515,ORD-18313,item_not_received,2026-05-04,20,pending
DSP-04516,ORD-18975,unauthorized_transaction,2026-05-04,24,pending
DSP-04517,ORD-06594,unauthorized_transaction,2026-05-04,22,pending
DSP-04518,ORD-03678,not_as_described,2026-05-04,2,pending
DSP-04519,ORD-10006,not_as_described,2026-05-04,10,pending
DSP-04520,ORD-03243,duplicate_charge,2026-05-04,5,pending
DSP-04521,ORD-09376,item_not_received,2026-05-04,23,pending
DSP-04522,ORD-01415,not_as_described,2026-05-04,21,pending
DSP-04523,ORD-16400,item_not_received,2026-05-04,8,pending
DSP-04524,ORD-14939,unauthorized_transaction,2026-05-04,6,pending
DSP-04525,ORD-02341,unauthorized_transaction,2026-05-04,16,pending
DSP-04526,ORD-02930,duplicate_charge,2026-05-04,17,pending
DSP-04527,ORD-05070,unauthorized_transaction,2026-05-04,2,pending
DSP-04528,ORD-09384,not_as_described,2026-05-04,20,pending
DSP-04529,ORD-16923,unauthorized_transaction,2026-05-04,20,pending
DSP-04530,ORD-19369,item_not_received,2026-05-04,13,pending
DSP-04531,ORD-14707,not_as_described,2026-05-04,24,pending
DSP-04532,ORD-05523,item_not_received,2026-05-04,17,pending
DSP-04533,ORD-10741,duplicate_charge,2026-05-04,21,pending
DSP-04534,ORD-16853,not_as_described,2026-05-04,24,pending
DSP-04535,ORD-07818,item_not_received,2026-05-04,20,pending
DSP-04536,ORD-01212,not_as_described,2026-05-04,12,pending
DSP-04537,ORD-04893,unauthorized_transaction,2026-05-04,7,pending
DSP-04538,ORD-08839,not_as_described,2026-05-04,14,pending
DSP-04539,ORD-03311,unauthorized_transaction,2026-05-04,7,pending
DSP-04540,ORD-19692,unauthorized_transaction,2026-05-04,16,pending
DSP-04541,ORD-07060,duplicate_charge,2026-05-04,21,pending
DSP-04542,ORD-09140,unauthorized_transaction,2026-05-04,15,pending
DSP-04543,ORD-02147,unauthorized_transaction,2026-05-04,1,pending
DSP-04544,ORD-17571,duplicate_charge,2026-05-04,21,pending
DSP-04545,ORD-05760,not_as_described,2026-05-04,8,pending
DSP-04546,ORD-09717,duplicate_charge,2026-05-04,18,pending
DSP-04547,ORD-02344,not_as_described,2026-05-04,4,pending
DSP-04548,ORD-00991,unauthorized_transaction,2026-05-04,24,pending
DSP-04549,ORD-13032,item_not_received,2026-05-04,20,pending
DSP-04550,ORD-10139,duplicate_charge,2026-05-04,1,pending
DSP-04551,ORD-16530,item_not_received,2026-05-04,5,pending
DSP-04552,ORD-17230,duplicate_charge,2026-05-04,8,pending
DSP-04553,ORD-02908,unauthorized_transaction,2026-05-04,9,pending
DSP-04554,ORD-16308,unauthorized_transaction,2026-05-04,17,pending
DSP-04555,ORD-13793,not_as_described,2026-05-04,1,pending
DSP-04556,ORD-01072,not_as_described,2026-05-04,11,pending
DSP-04557,ORD-10913,duplicate_charge,2026-05-04,21,pending
DSP-04558,ORD-04105,not_as_described,2026-05-04,24,pending
DSP-04559,ORD-08234,duplicate_charge,2026-05-04,7,pending
DSP-04560,ORD-10859,item_not_received,2026-05-04,5,pending
DSP-04561,ORD-17763,not_as_described,2026-05-04,9,pending
DSP-04562,ORD-11026,not_as_described,2026-05-04,16,pending
DSP-04563,ORD-00775,unauthorized_transaction,2026-05-04,17,pending
DSP-04564,ORD-12739,not_as_described,2026-05-04,6,pending
DSP-04565,ORD-01970,unauthorized_transaction,2026-05-04,2,pending
DSP-04566,ORD-16408,unauthorized_transaction,2026-05-04,9,pending
DSP-04567,ORD-17114,not_as_described,2026-05-04,21,pending
DSP-04568,ORD-12774,unauthorized_transaction,2026-05-04,12,pending
DSP-04569,ORD-12732,item_not_received,2026-05-04,14,pending
DSP-04570,ORD-13407,not_as_described,2026-05-04,10,pending
DSP-04571,ORD-11736,unauthorized_transaction,2026-05-04,2,pending
DSP-04572,ORD-08830,item_not_received,2026-05-04,12,pending
DSP-04573,ORD-18014,not_as_described,2026-05-05,23,pending
DSP-04574,ORD-00745,not_as_described,2026-05-05,23,pending
DSP-04575,ORD-08094,item_not_received,2026-05-05,1,pending
DSP-04576,ORD-04409,not_as_described,2026-05-05,23,pending
DSP-04577,ORD-14196,not_as_described,2026-05-05,12,pending
DSP-04578,ORD-17057,item_not_received,2026-05-05,24,pending
DSP-04579,ORD-01819,not_as_described,2026-05-05,23,pending
DSP-04580,ORD-10273,unauthorized_transaction,2026-05-05,15,pending
DSP-04581,ORD-00507,duplicate_charge,2026-05-05,10,pending
DSP-04582,ORD-02845,unauthorized_transaction,2026-05-05,3,pending
DSP-04583,ORD-10861,unauthorized_transaction,2026-05-05,19,pending
DSP-04584,ORD-18723,not_as_described,2026-05-05,7,pending
DSP-04585,ORD-05462,not_as_described,2026-05-05,6,pending
DSP-04586,ORD-04591,item_not_received,2026-05-05,23,pending
DSP-04587,ORD-10418,duplicate_charge,2026-05-05,3,pending
DSP-04588,ORD-18558,item_not_received,2026-05-05,18,pending
DSP-04589,ORD-05756,unauthorized_transaction,2026-05-05,12,pending
DSP-04590,ORD-10105,not_as_described,2026-05-05,6,pending
DSP-04591,ORD-18940,not_as_described,2026-05-05,18,pending
DSP-04592,ORD-07475,item_not_received,2026-05-05,12,pending
DSP-04593,ORD-18225,duplicate_charge,2026-05-05,14,pending
DSP-04594,ORD-05878,item_not_received,2026-05-05,5,pending
DSP-04595,ORD-08882,not_as_described,2026-05-05,17,pending
DSP-04596,ORD-05111,unauthorized_transaction,2026-05-05,14,pending
DSP-04597,ORD-00221,unauthorized_transaction,2026-05-05,1,pending
DSP-04598,ORD-11257,unauthorized_transaction,2026-05-05,15,pending
DSP-04599,ORD-12519,duplicate_charge,2026-05-05,5,pending
DSP-04600,ORD-06533,item_not_received,2026-05-05,17,pending
DSP-04601,ORD-10719,duplicate_charge,2026-05-05,21,pending
DSP-04602,ORD-02897,item_not_received,2026-05-05,3,pending
DSP-04603,ORD-17055,unauthorized_transaction,2026-05-05,13,pending
DSP-04604,ORD-01634,not_as_described,2026-05-05,8,pending
DSP-04605,ORD-14820,unauthorized_transaction,2026-05-05,12,pending
DSP-04606,ORD-02508,item_not_received,2026-05-05,4,pending
DSP-04607,ORD-02434,item_not_received,2026-05-05,22,pending
DSP-04608,ORD-17425,duplicate_charge,2026-05-05,7,pending
DSP-04609,ORD-00662,not_as_described,2026-05-05,6,pending
DSP-04610,ORD-18185,item_not_received,2026-05-05,6,pending
DSP-04611,ORD-09479,unauthorized_transaction,2026-05-05,20,pending
DSP-04612,ORD-14238,unauthorized_transaction,2026-05-05,16,pending
DSP-04613,ORD-00555,item_not_received,2026-05-05,12,pending
DSP-04614,ORD-06610,not_as_described,2026-05-05,17,pending
DSP-04615,ORD-07664,unauthorized_transaction,2026-05-05,22,pending
DSP-04616,ORD-00488,unauthorized_transaction,2026-05-05,3,pending
DSP-04617,ORD-02992,unauthorized_transaction,2026-05-05,23,pending
DSP-04618,ORD-06585,unauthorized_transaction,2026-05-05,6,pending
DSP-04619,ORD-01447,not_as_described,2026-05-05,20,pending
DSP-04620,ORD-00670,not_as_described,2026-05-05,16,pending
DSP-04621,ORD-10929,duplicate_charge,2026-05-05,9,pending
DSP-04622,ORD-12668,item_not_received,2026-05-05,16,pending
DSP-04623,ORD-14784,not_as_described,2026-05-05,19,pending
DSP-04624,ORD-19176,not_as_described,2026-05-05,5,pending
DSP-04625,ORD-14733,unauthorized_transaction,2026-05-05,5,pending
DSP-04626,ORD-14303,duplicate_charge,2026-05-05,11,pending
DSP-04627,ORD-14696,not_as_described,2026-05-05,3,pending
DSP-04628,ORD-03906,not_as_described,2026-05-05,23,pending
DSP-04629,ORD-17625,not_as_described,2026-05-05,17,pending
DSP-04630,ORD-10439,unauthorized_transaction,2026-05-05,24,pending
DSP-04631,ORD-15859,item_not_received,2026-05-05,13,pending
DSP-04632,ORD-08294,not_as_described,2026-05-05,11,pending
DSP-04633,ORD-04466,unauthorized_transaction,2026-05-05,4,pending
DSP-04634,ORD-05904,duplicate_charge,2026-05-05,20,pending
DSP-04635,ORD-12932,item_not_received,2026-05-05,3,pending
DSP-04636,ORD-17348,unauthorized_transaction,2026-05-05,24,pending
DSP-04637,ORD-12850,not_as_described,2026-05-05,24,pending
DSP-04638,ORD-18754,not_as_described,2026-05-05,1,pending
DSP-04639,ORD-00056,unauthorized_transaction,2026-05-05,13,pending
DSP-04640,ORD-14448,not_as_described,2026-05-05,11,pending
DSP-04641,ORD-08715,item_not_received,2026-05-05,24,pending
DSP-04642,ORD-04660,not_as_described,2026-05-05,9,pending
DSP-04643,ORD-00714,not_as_described,2026-05-05,4,pending
DSP-04644,ORD-04921,not_as_described,2026-05-05,11,pending
DSP-04645,ORD-08868,item_not_received,2026-05-05,13,pending
DSP-04646,ORD-14698,unauthorized_transaction,2026-05-05,18,pending
DSP-04647,ORD-04501,item_not_received,2026-05-05,1,pending
DSP-04648,ORD-04316,not_as_described,2026-05-05,19,pending
DSP-04649,ORD-16937,duplicate_charge,2026-05-05,1,pending
DSP-04650,ORD-11050,unauthorized_transaction,2026-05-05,24,pending
DSP-04651,ORD-14760,not_as_described,2026-05-05,18,pending
DSP-04652,ORD-09474,not_as_described,2026-05-05,21,pending
DSP-04653,ORD-04361,item_not_received,2026-05-05,20,pending
DSP-04654,ORD-11421,item_not_received,2026-05-05,19,pending
DSP-04655,ORD-05261,duplicate_charge,2026-05-05,4,pending
DSP-04656,ORD-00666,item_not_received,2026-05-05,23,pending
DSP-04657,ORD-15129,duplicate_charge,2026-05-05,13,pending
DSP-04658,ORD-08263,duplicate_charge,2026-05-05,15,pending
DSP-04659,ORD-05644,unauthorized_transaction,2026-05-05,19,pending
DSP-04660,ORD-19142,item_not_received,2026-05-05,11,pending
DSP-04661,ORD-03970,not_as_described,2026-05-05,3,pending
DSP-04662,ORD-06826,not_as_described,2026-05-05,18,pending
DSP-04663,ORD-19099,item_not_received,2026-05-05,24,pending
DSP-04664,ORD-12493,duplicate_charge,2026-05-05,13,pending
DSP-04665,ORD-04072,item_not_received,2026-05-05,11,pending
DSP-04666,ORD-07385,unauthorized_transaction,2026-05-05,16,pending
DSP-04667,ORD-13386,duplicate_charge,2026-05-05,5,pending
DSP-04668,ORD-17595,item_not_received,2026-05-05,1,pending
DSP-04669,ORD-16756,item_not_received,2026-05-05,2,pending
DSP-04670,ORD-08088,unauthorized_transaction,2026-05-05,8,pending
DSP-04671,ORD-04448,unauthorized_transaction,2026-05-05,1,pending
DSP-04672,ORD-05352,item_not_received,2026-05-05,8,pending
DSP-04673,ORD-17240,item_not_received,2026-05-05,8,pending
DSP-04674,ORD-08543,unauthorized_transaction,2026-05-05,7,pending
DSP-04675,ORD-12886,item_not_received,2026-05-05,23,pending
DSP-04676,ORD-12577,unauthorized_transaction,2026-05-05,7,pending
DSP-04677,ORD-09510,item_not_received,2026-05-06,16,pending
DSP-04678,ORD-15826,duplicate_charge,2026-05-06,3,pending
DSP-04679,ORD-02201,duplicate_charge,2026-05-06,22,pending
DSP-04680,ORD-01266,unauthorized_transaction,2026-05-06,22,pending
DSP-04681,ORD-10161,item_not_received,2026-05-06,18,pending
DSP-04682,ORD-14057,unauthorized_transaction,2026-05-06,13,pending
DSP-04683,ORD-06049,not_as_described,2026-05-06,12,pending
DSP-04684,ORD-11672,unauthorized_transaction,2026-05-06,6,pending
DSP-04685,ORD-10042,not_as_described,2026-05-06,23,pending
DSP-04686,ORD-13023,not_as_described,2026-05-06,12,pending
DSP-04687,ORD-16765,not_as_described,2026-05-06,23,pending
DSP-04688,ORD-08106,unauthorized_transaction,2026-05-06,5,pending
DSP-04689,ORD-01797,item_not_received,2026-05-06,18,pending
DSP-04690,ORD-05713,item_not_received,2026-05-06,8,pending
DSP-04691,ORD-17023,duplicate_charge,2026-05-06,13,pending
DSP-04692,ORD-00685,not_as_described,2026-05-06,2,pending
DSP-04693,ORD-06856,unauthorized_transaction,2026-05-06,24,pending
DSP-04694,ORD-02593,not_as_described,2026-05-06,19,pending
DSP-04695,ORD-17618,not_as_described,2026-05-06,20,pending
DSP-04696,ORD-06125,item_not_received,2026-05-06,23,pending
DSP-04697,ORD-01987,item_not_received,2026-05-06,14,pending
DSP-04698,ORD-14592,not_as_described,2026-05-06,23,pending
DSP-04699,ORD-15837,unauthorized_transaction,2026-05-06,4,pending
DSP-04700,ORD-05775,item_not_received,2026-05-06,16,pending
DSP-04701,ORD-07242,item_not_received,2026-05-06,24,pending
DSP-04702,ORD-09485,not_as_described,2026-05-06,7,pending
DSP-04703,ORD-14475,item_not_received,2026-05-06,3,pending
DSP-04704,ORD-04819,duplicate_charge,2026-05-06,1,pending
DSP-04705,ORD-15324,item_not_received,2026-05-06,7,pending
DSP-04706,ORD-03244,unauthorized_transaction,2026-05-06,16,pending
DSP-04707,ORD-18650,item_not_received,2026-05-06,21,pending
DSP-04708,ORD-13624,not_as_described,2026-05-06,9,pending
DSP-04709,ORD-17653,duplicate_charge,2026-05-06,1,pending
DSP-04710,ORD-03219,not_as_described,2026-05-06,2,pending
DSP-04711,ORD-10955,unauthorized_transaction,2026-05-06,20,pending
DSP-04712,ORD-16278,unauthorized_transaction,2026-05-06,5,pending
DSP-04713,ORD-06992,item_not_received,2026-05-06,23,pending
DSP-04714,ORD-15615,not_as_described,2026-05-06,6,pending
DSP-04715,ORD-13819,unauthorized_transaction,2026-05-06,1,pending
DSP-04716,ORD-07648,not_as_described,2026-05-06,19,pending
DSP-04717,ORD-02553,not_as_described,2026-05-06,24,pending
DSP-04718,ORD-02774,item_not_received,2026-05-06,17,pending
DSP-04719,ORD-00038,not_as_described,2026-05-06,10,pending
DSP-04720,ORD-10835,unauthorized_transaction,2026-05-06,10,pending
DSP-04721,ORD-11614,not_as_described,2026-05-06,16,pending
DSP-04722,ORD-14442,item_not_received,2026-05-06,8,pending
DSP-04723,ORD-11144,item_not_received,2026-05-06,5,pending
DSP-04724,ORD-19044,unauthorized_transaction,2026-05-06,12,pending
DSP-04725,ORD-19181,unauthorized_transaction,2026-05-06,16,pending
DSP-04726,ORD-07590,item_not_received,2026-05-06,5,pending
DSP-04727,ORD-00261,item_not_received,2026-05-06,21,pending
DSP-04728,ORD-01722,item_not_received,2026-05-06,7,pending
DSP-04729,ORD-07627,item_not_received,2026-05-06,11,pending
DSP-04730,ORD-00285,not_as_described,2026-05-06,22,pending
DSP-04731,ORD-05089,unauthorized_transaction,2026-05-06,20,pending
DSP-04732,ORD-15991,unauthorized_transaction,2026-05-06,4,pending
DSP-04733,ORD-10982,unauthorized_transaction,2026-05-06,16,pending
DSP-04734,ORD-13046,duplicate_charge,2026-05-06,23,pending
DSP-04735,ORD-02199,not_as_described,2026-05-06,3,pending
DSP-04736,ORD-08907,not_as_described,2026-05-06,21,pending
DSP-04737,ORD-02270,not_as_described,2026-05-06,15,pending
DSP-04738,ORD-00480,item_not_received,2026-05-06,22,pending
DSP-04739,ORD-17157,item_not_received,2026-05-06,17,pending
DSP-04740,ORD-06153,not_as_described,2026-05-06,17,pending
DSP-04741,ORD-04044,duplicate_charge,2026-05-06,24,pending
DSP-04742,ORD-05113,item_not_received,2026-05-06,20,pending
DSP-04743,ORD-02343,not_as_described,2026-05-06,9,pending
DSP-04744,ORD-19487,item_not_received,2026-05-06,2,pending
DSP-04745,ORD-04046,not_as_described,2026-05-06,1,pending
DSP-04746,ORD-16049,duplicate_charge,2026-05-06,22,pending
DSP-04747,ORD-05491,not_as_described,2026-05-06,24,pending
DSP-04748,ORD-04353,unauthorized_transaction,2026-05-06,9,pending
DSP-04749,ORD-18117,unauthorized_transaction,2026-05-06,8,pending
DSP-04750,ORD-08110,item_not_received,2026-05-06,21,pending
DSP-04751,ORD-04479,item_not_received,2026-05-06,14,pending
DSP-04752,ORD-03592,item_not_received,2026-05-06,14,pending
DSP-04753,ORD-09060,not_as_described,2026-05-06,19,pending
DSP-04754,ORD-13501,unauthorized_transaction,2026-05-06,5,pending
DSP-04755,ORD-17726,not_as_described,2026-05-06,1,pending
DSP-04756,ORD-18124,item_not_received,2026-05-06,13,pending
DSP-04757,ORD-18647,not_as_described,2026-05-06,5,pending
DSP-04758,ORD-07451,duplicate_charge,2026-05-06,24,pending
DSP-04759,ORD-17405,item_not_received,2026-05-06,21,pending
DSP-04760,ORD-02231,item_not_received,2026-05-06,1,pending
DSP-04761,ORD-00183,item_not_received,2026-05-06,12,pending
DSP-04762,ORD-14282,not_as_described,2026-05-06,21,pending
DSP-04763,ORD-09998,unauthorized_transaction,2026-05-06,10,pending
DSP-04764,ORD-07447,not_as_described,2026-05-06,20,pending
DSP-04765,ORD-00783,not_as_described,2026-05-06,7,pending
DSP-04766,ORD-11554,not_as_described,2026-05-06,20,pending
DSP-04767,ORD-04993,unauthorized_transaction,2026-05-06,3,pending
DSP-04768,ORD-16559,not_as_described,2026-05-06,4,pending
DSP-04769,ORD-06611,unauthorized_transaction,2026-05-06,2,pending
DSP-04770,ORD-08034,duplicate_charge,2026-05-06,14,pending
DSP-04771,ORD-03858,item_not_received,2026-05-06,1,pending
DSP-04772,ORD-00146,not_as_described,2026-05-06,21,pending
DSP-04773,ORD-12391,item_not_received,2026-05-06,12,pending
DSP-04774,ORD-05258,duplicate_charge,2026-05-06,12,pending
DSP-04775,ORD-00858,not_as_described,2026-05-06,4,pending
DSP-04776,ORD-13799,unauthorized_transaction,2026-05-06,19,pending
DSP-04777,ORD-03627,unauthorized_transaction,2026-05-06,10,pending
DSP-04778,ORD-02170,unauthorized_transaction,2026-05-06,14,pending
DSP-04779,ORD-14450,unauthorized_transaction,2026-05-06,6,pending
DSP-04780,ORD-17213,duplicate_charge,2026-05-06,18,pending
DSP-04781,ORD-05467,not_as_described,2026-05-06,23,pending
DSP-04782,ORD-17699,item_not_received,2026-05-06,1,pending
DSP-04783,ORD-01861,item_not_received,2026-05-06,17,pending
DSP-04784,ORD-09273,not_as_described,2026-05-06,16,pending
DSP-04785,ORD-11309,unauthorized_transaction,2026-05-06,9,pending
DSP-04786,ORD-10053,not_as_described,2026-05-06,23,pending
DSP-04787,ORD-01890,not_as_described,2026-05-06,11,pending
DSP-04788,ORD-11731,not_as_described,2026-05-06,8,pending
DSP-04789,ORD-14601,item_not_received,2026-05-06,9,pending
DSP-04790,ORD-09139,unauthorized_transaction,2026-05-06,20,pending
DSP-04791,ORD-18824,duplicate_charge,2026-05-06,5,pending
DSP-04792,ORD-14843,item_not_received,2026-05-06,16,pending
DSP-04793,ORD-02978,duplicate_charge,2026-05-06,1,pending
DSP-04794,ORD-15746,unauthorized_transaction,2026-05-06,3,pending
DSP-04795,ORD-13584,item_not_received,2026-05-06,16,pending
DSP-04796,ORD-13545,unauthorized_transaction,2026-05-06,6,pending
DSP-04797,ORD-14099,unauthorized_transaction,2026-05-06,1,pending
DSP-04798,ORD-06431,unauthorized_transaction,2026-05-06,6,pending
DSP-04799,ORD-18589,item_not_received,2026-05-06,4,pending
DSP-04800,ORD-14529,duplicate_charge,2026-05-06,22,pending
DSP-04801,ORD-12506,not_as_described,2026-05-06,14,pending
DSP-04802,ORD-12772,unauthorized_transaction,2026-05-06,12,pending
DSP-04803,ORD-13460,not_as_described,2026-05-06,11,pending
DSP-04804,ORD-10450,not_as_described,2026-05-06,5,pending
DSP-04805,ORD-08637,item_not_received,2026-05-06,21,pending
DSP-04806,ORD-17450,unauthorized_transaction,2026-05-07,6,pending
DSP-04807,ORD-12676,not_as_described,2026-05-07,9,pending
DSP-04808,ORD-01248,item_not_received,2026-05-07,6,pending
DSP-04809,ORD-17825,item_not_received,2026-05-07,2,pending
DSP-04810,ORD-04201,not_as_described,2026-05-07,11,pending
DSP-04811,ORD-04498,duplicate_charge,2026-05-07,10,pending
DSP-04812,ORD-01040,unauthorized_transaction,2026-05-07,10,pending
DSP-04813,ORD-14183,not_as_described,2026-05-07,6,pending
DSP-04814,ORD-15083,unauthorized_transaction,2026-05-07,11,pending
DSP-04815,ORD-07307,unauthorized_transaction,2026-05-07,5,pending
DSP-04816,ORD-15936,item_not_received,2026-05-07,20,pending
DSP-04817,ORD-19477,duplicate_charge,2026-05-07,2,pending
DSP-04818,ORD-00085,not_as_described,2026-05-07,14,pending
DSP-04819,ORD-15758,unauthorized_transaction,2026-05-07,10,pending
DSP-04820,ORD-16803,duplicate_charge,2026-05-07,21,pending
DSP-04821,ORD-07041,not_as_described,2026-05-07,3,pending
DSP-04822,ORD-10623,not_as_described,2026-05-07,6,pending
DSP-04823,ORD-19327,not_as_described,2026-05-07,8,pending
DSP-04824,ORD-09642,duplicate_charge,2026-05-07,18,pending
DSP-04825,ORD-17373,unauthorized_transaction,2026-05-07,1,pending
DSP-04826,ORD-11984,item_not_received,2026-05-07,24,pending
DSP-04827,ORD-04506,not_as_described,2026-05-07,22,pending
DSP-04828,ORD-06896,item_not_received,2026-05-07,16,pending
DSP-04829,ORD-10685,unauthorized_transaction,2026-05-07,9,pending
DSP-04830,ORD-16489,duplicate_charge,2026-05-07,16,pending
DSP-04831,ORD-04192,not_as_described,2026-05-07,24,pending
DSP-04832,ORD-02754,item_not_received,2026-05-07,4,pending
DSP-04833,ORD-00318,unauthorized_transaction,2026-05-07,17,pending
DSP-04834,ORD-14412,not_as_described,2026-05-07,6,pending
DSP-04835,ORD-02901,item_not_received,2026-05-07,14,pending
DSP-04836,ORD-10490,unauthorized_transaction,2026-05-07,7,pending
DSP-04837,ORD-02052,unauthorized_transaction,2026-05-07,3,pending
DSP-04838,ORD-16235,not_as_described,2026-05-07,16,pending
DSP-04839,ORD-19203,item_not_received,2026-05-07,21,pending
DSP-04840,ORD-10060,unauthorized_transaction,2026-05-07,7,pending
DSP-04841,ORD-13984,not_as_described,2026-05-07,18,pending
DSP-04842,ORD-16958,unauthorized_transaction,2026-05-07,2,pending
DSP-04843,ORD-17412,unauthorized_transaction,2026-05-07,3,pending
DSP-04844,ORD-03816,unauthorized_transaction,2026-05-07,2,pending
DSP-04845,ORD-04421,unauthorized_transaction,2026-05-07,23,pending
DSP-04846,ORD-19245,not_as_described,2026-05-07,11,pending
DSP-04847,ORD-12541,unauthorized_transaction,2026-05-07,9,pending
DSP-04848,ORD-08444,not_as_described,2026-05-07,21,pending
DSP-04849,ORD-19410,duplicate_charge,2026-05-07,4,pending
DSP-04850,ORD-04145,unauthorized_transaction,2026-05-07,8,pending
DSP-04851,ORD-05861,duplicate_charge,2026-05-07,1,pending
DSP-04852,ORD-09915,item_not_received,2026-05-07,24,pending
DSP-04853,ORD-15702,not_as_described,2026-05-07,22,pending
DSP-04854,ORD-02408,not_as_described,2026-05-07,7,pending
DSP-04855,ORD-00786,not_as_described,2026-05-07,11,pending
DSP-04856,ORD-03348,not_as_described,2026-05-07,17,pending
DSP-04857,ORD-07680,not_as_described,2026-05-07,7,pending
DSP-04858,ORD-10874,unauthorized_transaction,2026-05-07,5,pending
DSP-04859,ORD-15944,unauthorized_transaction,2026-05-07,24,pending
DSP-04860,ORD-11138,not_as_described,2026-05-07,16,pending
DSP-04861,ORD-14449,duplicate_charge,2026-05-07,3,pending
DSP-04862,ORD-04901,item_not_received,2026-05-07,5,pending
DSP-04863,ORD-08146,item_not_received,2026-05-07,3,pending
DSP-04864,ORD-02486,unauthorized_transaction,2026-05-07,4,pending
DSP-04865,ORD-03415,unauthorized_transaction,2026-05-07,8,pending
DSP-04866,ORD-18412,not_as_described,2026-05-07,21,pending
DSP-04867,ORD-15151,item_not_received,2026-05-07,17,pending
DSP-04868,ORD-09563,unauthorized_transaction,2026-05-07,19,pending
DSP-04869,ORD-19467,duplicate_charge,2026-05-07,3,pending
DSP-04870,ORD-03988,unauthorized_transaction,2026-05-07,11,pending
DSP-04871,ORD-14043,duplicate_charge,2026-05-07,4,pending
DSP-04872,ORD-08517,item_not_received,2026-05-07,16,pending
DSP-04873,ORD-05046,item_not_received,2026-05-07,24,pending
DSP-04874,ORD-01236,not_as_described,2026-05-07,24,pending
DSP-04875,ORD-03891,unauthorized_transaction,2026-05-07,21,pending
DSP-04876,ORD-01930,item_not_received,2026-05-07,12,pending
DSP-04877,ORD-14093,duplicate_charge,2026-05-07,3,pending
DSP-04878,ORD-12565,not_as_described,2026-05-07,16,pending
DSP-04879,ORD-09017,item_not_received,2026-05-07,19,pending
DSP-04880,ORD-09091,item_not_received,2026-05-07,21,pending
DSP-04881,ORD-07954,item_not_received,2026-05-07,12,pending
DSP-04882,ORD-15496,unauthorized_transaction,2026-05-07,5,pending
DSP-04883,ORD-02017,not_as_described,2026-05-07,18,pending
DSP-04884,ORD-14168,unauthorized_transaction,2026-05-07,8,pending
DSP-04885,ORD-15940,duplicate_charge,2026-05-07,16,pending
DSP-04886,ORD-00175,not_as_described,2026-05-07,7,pending
DSP-04887,ORD-17622,unauthorized_transaction,2026-05-07,20,pending
DSP-04888,ORD-13703,item_not_received,2026-05-07,24,pending
DSP-04889,ORD-02701,not_as_described,2026-05-07,21,pending
DSP-04890,ORD-02590,unauthorized_transaction,2026-05-07,24,pending
DSP-04891,ORD-08080,item_not_received,2026-05-07,15,pending
DSP-04892,ORD-06101,item_not_received,2026-05-07,4,pending
DSP-04893,ORD-11137,not_as_described,2026-05-07,3,pending
DSP-04894,ORD-06257,duplicate_charge,2026-05-07,12,pending
DSP-04895,ORD-10925,not_as_described,2026-05-07,10,pending
DSP-04896,ORD-18442,not_as_described,2026-05-07,12,pending
DSP-04897,ORD-00943,item_not_received,2026-05-07,11,pending
DSP-04898,ORD-05076,item_not_received,2026-05-07,4,pending
DSP-04899,ORD-05753,item_not_received,2026-05-08,16,pending
DSP-04900,ORD-02871,not_as_described,2026-05-08,5,pending
DSP-04901,ORD-18533,not_as_described,2026-05-08,15,pending
DSP-04902,ORD-18836,not_as_described,2026-05-08,5,pending
DSP-04903,ORD-09381,item_not_received,2026-05-08,3,pending
DSP-04904,ORD-18979,item_not_received,2026-05-08,13,pending
DSP-04905,ORD-02302,item_not_received,2026-05-08,24,pending
DSP-04906,ORD-00733,item_not_received,2026-05-08,22,pending
DSP-04907,ORD-19472,not_as_described,2026-05-08,24,pending
DSP-04908,ORD-14135,unauthorized_transaction,2026-05-08,18,pending
DSP-04909,ORD-18153,item_not_received,2026-05-08,24,pending
DSP-04910,ORD-08999,item_not_received,2026-05-08,8,pending
DSP-04911,ORD-05698,item_not_received,2026-05-08,8,pending
DSP-04912,ORD-17216,unauthorized_transaction,2026-05-08,3,pending
DSP-04913,ORD-01956,not_as_described,2026-05-08,2,pending
DSP-04914,ORD-05802,duplicate_charge,2026-05-08,13,pending
DSP-04915,ORD-15562,item_not_received,2026-05-08,1,pending
DSP-04916,ORD-11945,item_not_received,2026-05-08,11,pending
DSP-04917,ORD-06900,unauthorized_transaction,2026-05-08,10,pending
DSP-04918,ORD-05846,unauthorized_transaction,2026-05-08,12,pending
DSP-04919,ORD-15067,duplicate_charge,2026-05-08,3,pending
DSP-04920,ORD-09936,unauthorized_transaction,2026-05-08,18,pending
DSP-04921,ORD-15300,item_not_received,2026-05-08,3,pending
DSP-04922,ORD-01527,unauthorized_transaction,2026-05-08,3,pending
DSP-04923,ORD-07402,item_not_received,2026-05-08,5,pending
DSP-04924,ORD-05939,unauthorized_transaction,2026-05-08,16,pending
DSP-04925,ORD-15241,item_not_received,2026-05-08,20,pending
DSP-04926,ORD-02831,duplicate_charge,2026-05-08,9,pending
DSP-04927,ORD-15284,not_as_described,2026-05-08,19,pending
DSP-04928,ORD-07334,unauthorized_transaction,2026-05-08,12,pending
DSP-04929,ORD-05299,unauthorized_transaction,2026-05-08,7,pending
DSP-04930,ORD-10959,item_not_received,2026-05-08,12,pending
DSP-04931,ORD-15719,not_as_described,2026-05-08,11,pending
DSP-04932,ORD-03268,item_not_received,2026-05-08,3,pending
DSP-04933,ORD-18467,item_not_received,2026-05-08,9,pending
DSP-04934,ORD-15531,unauthorized_transaction,2026-05-08,4,pending
DSP-04935,ORD-11282,not_as_described,2026-05-08,3,pending
DSP-04936,ORD-09594,unauthorized_transaction,2026-05-08,24,pending
DSP-04937,ORD-10365,not_as_described,2026-05-08,6,pending
DSP-04938,ORD-17111,not_as_described,2026-05-08,4,pending
DSP-04939,ORD-19607,not_as_described,2026-05-08,18,pending
DSP-04940,ORD-19282,duplicate_charge,2026-05-08,13,pending
DSP-04941,ORD-10479,duplicate_charge,2026-05-08,10,pending
DSP-04942,ORD-09868,not_as_described,2026-05-08,13,pending
DSP-04943,ORD-00278,unauthorized_transaction,2026-05-08,22,pending
DSP-04944,ORD-07383,not_as_described,2026-05-08,8,pending
DSP-04945,ORD-07588,item_not_received,2026-05-08,7,pending
DSP-04946,ORD-05591,item_not_received,2026-05-08,19,pending
DSP-04947,ORD-16980,unauthorized_transaction,2026-05-08,14,pending
DSP-04948,ORD-14153,unauthorized_transaction,2026-05-08,18,pending
DSP-04949,ORD-00739,duplicate_charge,2026-05-08,15,pending
DSP-04950,ORD-06572,not_as_described,2026-05-08,4,pending
DSP-04951,ORD-00320,not_as_described,2026-05-08,7,pending
DSP-04952,ORD-05188,unauthorized_transaction,2026-05-08,17,pending
DSP-04953,ORD-06678,unauthorized_transaction,2026-05-08,11,pending
DSP-04954,ORD-04043,item_not_received,2026-05-08,24,pending
DSP-04955,ORD-08480,duplicate_charge,2026-05-08,5,pending
DSP-04956,ORD-05613,item_not_received,2026-05-08,6,pending
DSP-04957,ORD-17208,item_not_received,2026-05-08,24,pending
DSP-04958,ORD-13330,unauthorized_transaction,2026-05-08,4,pending
DSP-04959,ORD-04470,item_not_received,2026-05-08,18,pending
DSP-04960,ORD-09103,item_not_received,2026-05-08,12,pending
DSP-04961,ORD-15010,unauthorized_transaction,2026-05-08,24,pending
DSP-04962,ORD-04198,not_as_described,2026-05-08,2,pending
DSP-04963,ORD-17540,unauthorized_transaction,2026-05-08,7,pending
DSP-04964,ORD-18209,not_as_described,2026-05-08,17,pending
DSP-04965,ORD-10319,item_not_received,2026-05-08,4,pending
DSP-04966,ORD-17127,not_as_described,2026-05-08,23,pending
DSP-04967,ORD-04455,item_not_received,2026-05-08,15,pending
DSP-04968,ORD-09391,not_as_described,2026-05-08,24,pending
DSP-04969,ORD-07126,item_not_received,2026-05-08,15,pending
DSP-04970,ORD-08616,not_as_described,2026-05-08,9,pending
DSP-04971,ORD-16772,unauthorized_transaction,2026-05-08,21,pending
DSP-04972,ORD-06086,not_as_described,2026-05-08,23,pending
DSP-04973,ORD-14096,not_as_described,2026-05-08,18,pending
DSP-04974,ORD-04572,not_as_described,2026-05-08,20,pending
DSP-04975,ORD-09620,not_as_described,2026-05-08,24,pending
DSP-04976,ORD-11027,item_not_received,2026-05-08,4,pending
DSP-04977,ORD-00341,item_not_received,2026-05-08,23,pending
DSP-04978,ORD-10276,item_not_received,2026-05-08,12,pending
DSP-04979,ORD-10943,item_not_received,2026-05-08,17,pending
DSP-04980,ORD-00152,not_as_described,2026-05-08,22,pending
DSP-04981,ORD-06284,item_not_received,2026-05-08,24,pending
DSP-04982,ORD-00750,item_not_received,2026-05-08,23,pending
DSP-04983,ORD-04430,item_not_received,2026-05-08,8,pending
DSP-04984,ORD-14443,not_as_described,2026-05-08,2,pending
DSP-04985,ORD-03889,unauthorized_transaction,2026-05-08,11,pending
DSP-04986,ORD-07535,duplicate_charge,2026-05-08,18,pending
DSP-04987,ORD-12625,item_not_received,2026-05-08,1,pending
DSP-04988,ORD-08437,item_not_received,2026-05-08,11,pending
DSP-04989,ORD-02117,not_as_described,2026-05-08,6,pending
DSP-04990,ORD-18736,item_not_received,2026-05-08,17,pending
DSP-04991,ORD-17428,not_as_described,2026-05-08,15,pending
DSP-04992,ORD-19710,item_not_received,2026-05-08,5,pending
DSP-04993,ORD-01397,not_as_described,2026-05-08,20,pending
DSP-04994,ORD-01115,unauthorized_transaction,2026-05-08,20,pending
DSP-04995,ORD-01716,not_as_described,2026-05-08,1,pending
DSP-04996,ORD-01398,unauthorized_transaction,2026-05-08,19,pending
DSP-04997,ORD-18489,item_not_received,2026-05-08,22,pending
DSP-04998,ORD-15451,item_not_received,2026-05-09,3,pending
DSP-04999,ORD-14103,item_not_received,2026-05-09,13,pending
DSP-05000,ORD-18370,unauthorized_transaction,2026-05-09,5,pending
DSP-05001,ORD-11957,item_not_received,2026-05-09,16,pending
DSP-05002,ORD-09453,unauthorized_transaction,2026-05-09,13,pending
DSP-05003,ORD-10624,not_as_described,2026-05-09,12,pending
DSP-05004,ORD-17192,not_as_described,2026-05-09,3,pending
DSP-05005,ORD-04631,item_not_received,2026-05-09,11,pending
DSP-05006,ORD-12478,unauthorized_transaction,2026-05-09,22,pending
DSP-05007,ORD-03553,item_not_received,2026-05-09,1,pending
DSP-05008,ORD-08435,item_not_received,2026-05-09,17,pending
DSP-05009,ORD-04427,duplicate_charge,2026-05-09,3,pending
DSP-05010,ORD-07148,unauthorized_transaction,2026-05-09,13,pending
DSP-05011,ORD-10631,item_not_received,2026-05-09,24,pending
DSP-05012,ORD-00439,not_as_described,2026-05-09,11,pending
DSP-05013,ORD-05910,duplicate_charge,2026-05-09,24,pending
DSP-05014,ORD-01673,duplicate_charge,2026-05-09,16,pending
DSP-05015,ORD-02855,item_not_received,2026-05-09,14,pending
DSP-05016,ORD-01314,item_not_received,2026-05-09,3,pending
DSP-05017,ORD-00217,not_as_described,2026-05-09,24,pending
DSP-05018,ORD-09859,item_not_received,2026-05-09,23,pending
DSP-05019,ORD-13554,unauthorized_transaction,2026-05-09,10,pending
DSP-05020,ORD-06737,item_not_received,2026-05-09,9,pending
DSP-05021,ORD-07857,not_as_described,2026-05-09,1,pending
DSP-05022,ORD-12342,not_as_described,2026-05-09,18,pending
DSP-05023,ORD-11680,unauthorized_transaction,2026-05-09,18,pending
DSP-05024,ORD-15118,not_as_described,2026-05-09,19,pending
DSP-05025,ORD-02255,item_not_received,2026-05-09,1,pending
DSP-05026,ORD-16766,duplicate_charge,2026-05-09,11,pending
DSP-05027,ORD-02331,duplicate_charge,2026-05-09,23,pending
DSP-05028,ORD-05263,duplicate_charge,2026-05-09,20,pending
DSP-05029,ORD-00915,item_not_received,2026-05-09,2,pending
DSP-05030,ORD-00245,not_as_described,2026-05-09,18,pending
DSP-05031,ORD-02090,item_not_received,2026-05-09,15,pending
DSP-05032,ORD-06414,not_as_described,2026-05-09,15,pending
DSP-05033,ORD-01854,item_not_received,2026-05-09,24,pending
DSP-05034,ORD-03987,item_not_received,2026-05-09,6,pending
DSP-05035,ORD-07335,unauthorized_transaction,2026-05-09,6,pending
DSP-05036,ORD-18112,other_unclassified,2026-05-09,6,pending
DSP-05037,ORD-00076,unauthorized_transaction,2026-05-09,1,pending
DSP-05038,ORD-16579,unauthorized_transaction,2026-05-09,17,pending
DSP-05039,ORD-18221,duplicate_charge,2026-05-09,1,pending
DSP-05040,ORD-04021,not_as_described,2026-05-09,17,pending
DSP-05041,ORD-04013,unauthorized_transaction,2026-05-09,8,pending
DSP-05042,ORD-13626,not_as_described,2026-05-09,24,pending
DSP-05043,ORD-04518,unauthorized_transaction,2026-05-09,12,pending
DSP-05044,ORD-01328,not_as_described,2026-05-09,12,pending
DSP-05045,ORD-17040,unauthorized_transaction,2026-05-09,23,pending
DSP-05046,ORD-10807,item_not_received,2026-05-09,2,pending
DSP-05047,ORD-07459,not_as_described,2026-05-09,19,pending
DSP-05048,ORD-04391,not_as_described,2026-05-09,20,pending
DSP-05049,ORD-09026,unauthorized_transaction,2026-05-09,14,pending
DSP-05050,ORD-01788,item_not_received,2026-05-09,14,pending
DSP-05051,ORD-06439,duplicate_charge,2026-05-09,18,pending
DSP-05052,ORD-11120,item_not_received,2026-05-09,11,pending
DSP-05053,ORD-05706,unauthorized_transaction,2026-05-09,2,pending
DSP-05054,ORD-12355,item_not_received,2026-05-09,20,pending
DSP-05055,ORD-00251,not_as_described,2026-05-09,14,pending
DSP-05056,ORD-15088,unauthorized_transaction,2026-05-09,14,pending
DSP-05057,ORD-02271,unauthorized_transaction,2026-05-09,1,pending
DSP-05058,ORD-02684,duplicate_charge,2026-05-09,14,pending
DSP-05059,ORD-02514,unauthorized_transaction,2026-05-09,23,pending
DSP-05060,ORD-13821,not_as_described,2026-05-09,9,pending
DSP-05061,ORD-18794,duplicate_charge,2026-05-09,18,pending
DSP-05062,ORD-18054,not_as_described,2026-05-09,5,pending
DSP-05063,ORD-10881,item_not_received,2026-05-09,12,pending
DSP-05064,ORD-01321,not_as_described,2026-05-09,18,pending
DSP-05065,ORD-16079,item_not_received,2026-05-09,1,pending
DSP-05066,ORD-03291,not_as_described,2026-05-09,18,pending
DSP-05067,ORD-09350,unauthorized_transaction,2026-05-09,10,pending
DSP-05068,ORD-06497,duplicate_charge,2026-05-09,11,pending
DSP-05069,ORD-06481,unauthorized_transaction,2026-05-09,9,pending
DSP-05070,ORD-03453,not_as_described,2026-05-09,12,pending
DSP-05071,ORD-03713,duplicate_charge,2026-05-09,13,pending
DSP-05072,ORD-16925,unauthorized_transaction,2026-05-09,10,pending
DSP-05073,ORD-06232,duplicate_charge,2026-05-09,18,pending
DSP-05074,ORD-19349,not_as_described,2026-05-09,9,pending
DSP-05075,ORD-11813,unauthorized_transaction,2026-05-09,16,pending
DSP-05076,ORD-16293,item_not_received,2026-05-09,9,pending
DSP-05077,ORD-04406,item_not_received,2026-05-09,21,pending
DSP-05078,ORD-07411,item_not_received,2026-05-09,21,pending
DSP-05079,ORD-03832,not_as_described,2026-05-09,4,pending
DSP-05080,ORD-14139,duplicate_charge,2026-05-09,12,pending
DSP-05081,ORD-01800,item_not_received,2026-05-09,19,pending
DSP-05082,ORD-18596,duplicate_charge,2026-05-09,17,pending
DSP-05083,ORD-08063,not_as_described,2026-05-09,7,pending
DSP-05084,ORD-18075,unauthorized_transaction,2026-05-09,7,pending
DSP-05085,ORD-18643,not_as_described,2026-05-09,7,pending
DSP-05086,ORD-07187,not_as_described,2026-05-09,11,pending
DSP-05087,ORD-16920,item_not_received,2026-05-10,23,pending
DSP-05088,ORD-14892,item_not_received,2026-05-10,6,pending
DSP-05089,ORD-18698,not_as_described,2026-05-10,19,pending
DSP-05090,ORD-03588,item_not_received,2026-05-10,2,pending
DSP-05091,ORD-09790,not_as_described,2026-05-10,21,pending
DSP-05092,ORD-02563,item_not_received,2026-05-10,20,pending
DSP-05093,ORD-10761,not_as_described,2026-05-10,21,pending
DSP-05094,ORD-02025,unauthorized_transaction,2026-05-10,9,pending
DSP-05095,ORD-15862,not_as_described,2026-05-10,11,pending
DSP-05096,ORD-03371,not_as_described,2026-05-10,11,pending
DSP-05097,ORD-14573,not_as_described,2026-05-10,2,pending
DSP-05098,ORD-17821,not_as_described,2026-05-10,7,pending
DSP-05099,ORD-00723,not_as_described,2026-05-10,2,pending
DSP-05100,ORD-04488,not_as_described,2026-05-10,19,pending
DSP-05101,ORD-18316,not_as_described,2026-05-10,18,pending
DSP-05102,ORD-09838,not_as_described,2026-05-10,1,pending
DSP-05103,ORD-11234,unauthorized_transaction,2026-05-10,6,pending
DSP-05104,ORD-12189,item_not_received,2026-05-10,15,pending
DSP-05105,ORD-19540,item_not_received,2026-05-10,13,pending
DSP-05106,ORD-15041,item_not_received,2026-05-10,19,pending
DSP-05107,ORD-17426,not_as_described,2026-05-10,17,pending
DSP-05108,ORD-13557,not_as_described,2026-05-10,20,pending
DSP-05109,ORD-19553,item_not_received,2026-05-10,7,pending
DSP-05110,ORD-11407,item_not_received,2026-05-10,9,pending
DSP-05111,ORD-04945,not_as_described,2026-05-10,22,pending
DSP-05112,ORD-03002,item_not_received,2026-05-10,13,pending
DSP-05113,ORD-15349,item_not_received,2026-05-10,10,pending
DSP-05114,ORD-01646,duplicate_charge,2026-05-10,18,pending
DSP-05115,ORD-16854,unauthorized_transaction,2026-05-10,23,pending
DSP-05116,ORD-05618,not_as_described,2026-05-10,22,pending
DSP-05117,ORD-03851,not_as_described,2026-05-10,6,pending
DSP-05118,ORD-18773,unauthorized_transaction,2026-05-10,1,pending
DSP-05119,ORD-18793,duplicate_charge,2026-05-10,15,pending
DSP-05120,ORD-16946,duplicate_charge,2026-05-10,11,pending
DSP-05121,ORD-02542,duplicate_charge,2026-05-10,3,pending
DSP-05122,ORD-01813,item_not_received,2026-05-10,5,pending
DSP-05123,ORD-02490,duplicate_charge,2026-05-10,5,pending
DSP-05124,ORD-15998,not_as_described,2026-05-10,24,pending
DSP-05125,ORD-01050,unauthorized_transaction,2026-05-10,8,pending
DSP-05126,ORD-05281,item_not_received,2026-05-10,21,pending
DSP-05127,ORD-05267,item_not_received,2026-05-10,13,pending
DSP-05128,ORD-18230,not_as_described,2026-05-10,24,pending
DSP-05129,ORD-19055,not_as_described,2026-05-10,2,pending
DSP-05130,ORD-18669,item_not_received,2026-05-10,7,pending
DSP-05131,ORD-12962,item_not_received,2026-05-10,6,pending
DSP-05132,ORD-07453,unauthorized_transaction,2026-05-10,16,pending
DSP-05133,ORD-10478,unauthorized_transaction,2026-05-10,21,pending
DSP-05134,ORD-00317,item_not_received,2026-05-10,1,pending
DSP-05135,ORD-17110,unauthorized_transaction,2026-05-10,10,pending
DSP-05136,ORD-05135,duplicate_charge,2026-05-10,1,pending
DSP-05137,ORD-05196,not_as_described,2026-05-10,11,pending
DSP-05138,ORD-04806,item_not_received,2026-05-10,7,pending
DSP-05139,ORD-08633,item_not_received,2026-05-10,16,pending
DSP-05140,ORD-08794,not_as_described,2026-05-10,2,pending
DSP-05141,ORD-19001,item_not_received,2026-05-10,21,pending
DSP-05142,ORD-01243,not_as_described,2026-05-10,15,pending
DSP-05143,ORD-00111,unauthorized_transaction,2026-05-10,1,pending
DSP-05144,ORD-03955,not_as_described,2026-05-10,19,pending
DSP-05145,ORD-02963,not_as_described,2026-05-10,7,pending
DSP-05146,ORD-13141,not_as_described,2026-05-10,9,pending
DSP-05147,ORD-14884,not_as_described,2026-05-10,14,pending
DSP-05148,ORD-18400,item_not_received,2026-05-10,1,pending
DSP-05149,ORD-00345,unauthorized_transaction,2026-05-10,5,pending
DSP-05150,ORD-13393,not_as_described,2026-05-10,23,pending
DSP-05151,ORD-16115,item_not_received,2026-05-10,9,pending
DSP-05152,ORD-03285,item_not_received,2026-05-10,23,pending
DSP-05153,ORD-05497,not_as_described,2026-05-10,9,pending
DSP-05154,ORD-13851,not_as_described,2026-05-10,9,pending
DSP-05155,ORD-04086,item_not_received,2026-05-10,17,pending
DSP-05156,ORD-14528,duplicate_charge,2026-05-10,4,pending
DSP-05157,ORD-15235,not_as_described,2026-05-10,22,pending
DSP-05158,ORD-06104,unauthorized_transaction,2026-05-10,20,pending
DSP-05159,ORD-19321,not_as_described,2026-05-10,24,pending
DSP-05160,ORD-10802,not_as_described,2026-05-10,15,pending
DSP-05161,ORD-07953,item_not_received,2026-05-10,4,pending
DSP-05162,ORD-19654,duplicate_charge,2026-05-10,10,pending
DSP-05163,ORD-02407,unauthorized_transaction,2026-05-10,19,pending
DSP-05164,ORD-18371,not_as_described,2026-05-10,20,pending
DSP-05165,ORD-00211,duplicate_charge,2026-05-10,21,pending
DSP-05166,ORD-05266,not_as_described,2026-05-10,17,pending
DSP-05167,ORD-12266,item_not_received,2026-05-10,2,pending
DSP-05168,ORD-05260,not_as_described,2026-05-10,15,pending
DSP-05169,ORD-03682,duplicate_charge,2026-05-10,22,pending
DSP-05170,ORD-01692,item_not_received,2026-05-10,5,pending
DSP-05171,ORD-03524,duplicate_charge,2026-05-10,1,pending
DSP-05172,ORD-18429,unauthorized_transaction,2026-05-10,3,pending
DSP-05173,ORD-01601,not_as_described,2026-05-10,4,pending
DSP-05174,ORD-10621,not_as_described,2026-05-10,1,pending
DSP-05175,ORD-08597,duplicate_charge,2026-05-10,2,pending
DSP-05176,ORD-02001,item_not_received,2026-05-10,1,pending
DSP-05177,ORD-08436,not_as_described,2026-05-10,19,pending
DSP-05178,ORD-13521,not_as_described,2026-05-10,14,pending
DSP-05179,ORD-03136,unauthorized_transaction,2026-05-10,18,pending
DSP-05180,ORD-18619,item_not_received,2026-05-10,7,pending
DSP-05181,ORD-18240,unauthorized_transaction,2026-05-10,22,pending
DSP-05182,ORD-07776,unauthorized_transaction,2026-05-10,9,pending
DSP-05183,ORD-03258,unauthorized_transaction,2026-05-10,7,pending
DSP-05184,ORD-16370,not_as_described,2026-05-10,13,pending
DSP-05185,ORD-00378,not_as_described,2026-05-10,2,pending
DSP-05186,ORD-19303,not_as_described,2026-05-10,22,pending
DSP-05187,ORD-14600,duplicate_charge,2026-05-11,2,pending
DSP-05188,ORD-18978,item_not_received,2026-05-11,16,pending
DSP-05189,ORD-19258,duplicate_charge,2026-05-11,13,pending
DSP-05190,ORD-04704,duplicate_charge,2026-05-11,2,pending
DSP-05191,ORD-09597,unauthorized_transaction,2026-05-11,21,pending
DSP-05192,ORD-10551,item_not_received,2026-05-11,12,pending
DSP-05193,ORD-19279,item_not_received,2026-05-11,8,pending
DSP-05194,ORD-12093,unauthorized_transaction,2026-05-11,23,pending
DSP-05195,ORD-16088,unauthorized_transaction,2026-05-11,12,pending
DSP-05196,ORD-19954,not_as_described,2026-05-11,4,pending
DSP-05197,ORD-08853,not_as_described,2026-05-11,3,pending
DSP-05198,ORD-03337,duplicate_charge,2026-05-11,9,pending
DSP-05199,ORD-00629,not_as_described,2026-05-11,5,pending
DSP-05200,ORD-02039,not_as_described,2026-05-11,7,pending
DSP-05201,ORD-01362,duplicate_charge,2026-05-11,20,pending
DSP-05202,ORD-07731,duplicate_charge,2026-05-11,20,pending
DSP-05203,ORD-11961,not_as_described,2026-05-11,16,pending
DSP-05204,ORD-00668,item_not_received,2026-05-11,4,pending
DSP-05205,ORD-17605,unauthorized_transaction,2026-05-11,9,pending
DSP-05206,ORD-11800,item_not_received,2026-05-11,10,pending
DSP-05207,ORD-16800,duplicate_charge,2026-05-11,13,pending
DSP-05208,ORD-04390,item_not_received,2026-05-11,14,pending
DSP-05209,ORD-18502,not_as_described,2026-05-11,14,pending
DSP-05210,ORD-04936,not_as_described,2026-05-11,12,pending
DSP-05211,ORD-04178,unauthorized_transaction,2026-05-11,18,pending
DSP-05212,ORD-00876,unauthorized_transaction,2026-05-11,15,pending
DSP-05213,ORD-14830,item_not_received,2026-05-11,22,pending
DSP-05214,ORD-03257,duplicate_charge,2026-05-11,10,pending
DSP-05215,ORD-06502,item_not_received,2026-05-11,8,pending
DSP-05216,ORD-16950,duplicate_charge,2026-05-11,6,pending
DSP-05217,ORD-00695,duplicate_charge,2026-05-11,12,pending
DSP-05218,ORD-02938,duplicate_charge,2026-05-11,23,pending
DSP-05219,ORD-00132,not_as_described,2026-05-11,5,pending
DSP-05220,ORD-06024,item_not_received,2026-05-11,11,pending
DSP-05221,ORD-13291,unauthorized_transaction,2026-05-11,11,pending
DSP-05222,ORD-01569,item_not_received,2026-05-11,10,pending
DSP-05223,ORD-12528,item_not_received,2026-05-11,4,pending
DSP-05224,ORD-16726,unauthorized_transaction,2026-05-11,21,pending
DSP-05225,ORD-16510,duplicate_charge,2026-05-11,24,pending
DSP-05226,ORD-00459,not_as_described,2026-05-11,4,pending
DSP-05227,ORD-12699,duplicate_charge,2026-05-11,21,pending
DSP-05228,ORD-09604,not_as_described,2026-05-11,10,pending
DSP-05229,ORD-07604,unauthorized_transaction,2026-05-11,13,pending
DSP-05230,ORD-13119,unauthorized_transaction,2026-05-11,6,pending
DSP-05231,ORD-04019,unauthorized_transaction,2026-05-11,21,pending
DSP-05232,ORD-18781,item_not_received,2026-05-11,13,pending
DSP-05233,ORD-11951,unauthorized_transaction,2026-05-11,15,pending
DSP-05234,ORD-08284,duplicate_charge,2026-05-11,14,pending
DSP-05235,ORD-14373,item_not_received,2026-05-11,16,pending
DSP-05236,ORD-17840,item_not_received,2026-05-11,6,pending
DSP-05237,ORD-10801,item_not_received,2026-05-11,16,pending
DSP-05238,ORD-07999,unauthorized_transaction,2026-05-11,7,pending
DSP-05239,ORD-19456,duplicate_charge,2026-05-11,1,pending
DSP-05240,ORD-16195,unauthorized_transaction,2026-05-11,16,pending
DSP-05241,ORD-15635,item_not_received,2026-05-11,23,pending
DSP-05242,ORD-09926,not_as_described,2026-05-11,7,pending
DSP-05243,ORD-02757,duplicate_charge,2026-05-11,3,pending
DSP-05244,ORD-08887,item_not_received,2026-05-11,7,pending
DSP-05245,ORD-16679,unauthorized_transaction,2026-05-11,14,pending
DSP-05246,ORD-03335,item_not_received,2026-05-11,18,pending
DSP-05247,ORD-19367,not_as_described,2026-05-11,3,pending
DSP-05248,ORD-04173,not_as_described,2026-05-11,24,pending
DSP-05249,ORD-08267,unauthorized_transaction,2026-05-11,15,pending
DSP-05250,ORD-13660,not_as_described,2026-05-11,17,pending
DSP-05251,ORD-19777,item_not_received,2026-05-11,11,pending
DSP-05252,ORD-15163,item_not_received,2026-05-11,9,pending
DSP-05253,ORD-02329,item_not_received,2026-05-11,20,pending
DSP-05254,ORD-04709,unauthorized_transaction,2026-05-11,2,pending
DSP-05255,ORD-13813,not_as_described,2026-05-11,8,pending
DSP-05256,ORD-19317,unauthorized_transaction,2026-05-11,6,pending
DSP-05257,ORD-17065,duplicate_charge,2026-05-11,18,pending
DSP-05258,ORD-09651,not_as_described,2026-05-11,3,pending
DSP-05259,ORD-13440,unauthorized_transaction,2026-05-11,24,pending
DSP-05260,ORD-09542,unauthorized_transaction,2026-05-11,2,pending
DSP-05261,ORD-11223,item_not_received,2026-05-11,20,pending
DSP-05262,ORD-14635,unauthorized_transaction,2026-05-11,21,pending
DSP-05263,ORD-11935,not_as_described,2026-05-11,20,pending
DSP-05264,ORD-10054,item_not_received,2026-05-12,12,pending
DSP-05265,ORD-16029,item_not_received,2026-05-12,14,pending
DSP-05266,ORD-13254,unauthorized_transaction,2026-05-12,23,pending
DSP-05267,ORD-04166,unauthorized_transaction,2026-05-12,5,pending
DSP-05268,ORD-10180,not_as_described,2026-05-12,9,pending
DSP-05269,ORD-18458,not_as_described,2026-05-12,21,pending
DSP-05270,ORD-14649,item_not_received,2026-05-12,5,pending
DSP-05271,ORD-11819,not_as_described,2026-05-12,18,pending
DSP-05272,ORD-05825,unauthorized_transaction,2026-05-12,4,pending
DSP-05273,ORD-19274,item_not_received,2026-05-12,7,pending
DSP-05274,ORD-15664,item_not_received,2026-05-12,4,pending
DSP-05275,ORD-19706,unauthorized_transaction,2026-05-12,9,pending
DSP-05276,ORD-10888,duplicate_charge,2026-05-12,5,pending
DSP-05277,ORD-01113,item_not_received,2026-05-12,2,pending
DSP-05278,ORD-16513,unauthorized_transaction,2026-05-12,9,pending
DSP-05279,ORD-09857,not_as_described,2026-05-12,9,pending
DSP-05280,ORD-19270,not_as_described,2026-05-12,16,pending
DSP-05281,ORD-16331,item_not_received,2026-05-12,15,pending
DSP-05282,ORD-15215,not_as_described,2026-05-12,4,pending
DSP-05283,ORD-01907,duplicate_charge,2026-05-12,18,pending
DSP-05284,ORD-19188,duplicate_charge,2026-05-12,2,pending
DSP-05285,ORD-06134,item_not_received,2026-05-12,12,pending
DSP-05286,ORD-15147,not_as_described,2026-05-12,19,pending
DSP-05287,ORD-02623,item_not_received,2026-05-12,12,pending
DSP-05288,ORD-02835,unauthorized_transaction,2026-05-12,19,pending
DSP-05289,ORD-14066,duplicate_charge,2026-05-12,16,pending
DSP-05290,ORD-09128,duplicate_charge,2026-05-12,9,pending
DSP-05291,ORD-15366,duplicate_charge,2026-05-12,21,pending
DSP-05292,ORD-16393,unauthorized_transaction,2026-05-12,4,pending
DSP-05293,ORD-07613,duplicate_charge,2026-05-12,19,pending
DSP-05294,ORD-16265,item_not_received,2026-05-12,9,pending
DSP-05295,ORD-04610,item_not_received,2026-05-12,10,pending
DSP-05296,ORD-06002,item_not_received,2026-05-12,5,pending
DSP-05297,ORD-19080,item_not_received,2026-05-12,3,pending
DSP-05298,ORD-12466,item_not_received,2026-05-12,12,pending
DSP-05299,ORD-03587,duplicate_charge,2026-05-12,18,pending
DSP-05300,ORD-08528,unauthorized_transaction,2026-05-12,23,pending
DSP-05301,ORD-19206,unauthorized_transaction,2026-05-12,5,pending
DSP-05302,ORD-11989,duplicate_charge,2026-05-12,8,pending
DSP-05303,ORD-16012,item_not_received,2026-05-12,20,pending
DSP-05304,ORD-01029,not_as_described,2026-05-12,8,pending
DSP-05305,ORD-03468,unauthorized_transaction,2026-05-12,7,pending
DSP-05306,ORD-04984,not_as_described,2026-05-12,9,pending
DSP-05307,ORD-17562,duplicate_charge,2026-05-12,20,pending
DSP-05308,ORD-16493,not_as_described,2026-05-12,21,pending
DSP-05309,ORD-02969,unauthorized_transaction,2026-05-12,1,pending
DSP-05310,ORD-09354,not_as_described,2026-05-12,8,pending
DSP-05311,ORD-04119,not_as_described,2026-05-12,6,pending
DSP-05312,ORD-13887,unauthorized_transaction,2026-05-12,6,pending
DSP-05313,ORD-19409,not_as_described,2026-05-12,16,pending
DSP-05314,ORD-17948,item_not_received,2026-05-12,2,pending
DSP-05315,ORD-01224,not_as_described,2026-05-12,24,pending
DSP-05316,ORD-09591,unauthorized_transaction,2026-05-12,15,pending
DSP-05317,ORD-06656,item_not_received,2026-05-12,19,pending
DSP-05318,ORD-07948,unauthorized_transaction,2026-05-12,7,pending
DSP-05319,ORD-01835,duplicate_charge,2026-05-12,19,pending
DSP-05320,ORD-15568,item_not_received,2026-05-12,4,pending
DSP-05321,ORD-00988,duplicate_charge,2026-05-12,17,pending
DSP-05322,ORD-01247,duplicate_charge,2026-05-12,10,pending
DSP-05323,ORD-16613,not_as_described,2026-05-12,14,pending
DSP-05324,ORD-19888,unauthorized_transaction,2026-05-12,11,pending
DSP-05325,ORD-04211,unauthorized_transaction,2026-05-12,3,pending
DSP-05326,ORD-12480,item_not_received,2026-05-12,10,pending
DSP-05327,ORD-12832,item_not_received,2026-05-12,17,pending
DSP-05328,ORD-16615,not_as_described,2026-05-12,21,pending
DSP-05329,ORD-15341,not_as_described,2026-05-12,4,pending
DSP-05330,ORD-12858,item_not_received,2026-05-12,7,pending
DSP-05331,ORD-05988,unauthorized_transaction,2026-05-12,5,pending
DSP-05332,ORD-18500,unauthorized_transaction,2026-05-12,10,pending
DSP-05333,ORD-13900,not_as_described,2026-05-12,11,pending
DSP-05334,ORD-19550,unauthorized_transaction,2026-05-12,18,pending
DSP-05335,ORD-16792,not_as_described,2026-05-12,18,pending
DSP-05336,ORD-09818,item_not_received,2026-05-12,8,pending
DSP-05337,ORD-11360,unauthorized_transaction,2026-05-12,4,pending
DSP-05338,ORD-17546,unauthorized_transaction,2026-05-12,7,pending
DSP-05339,ORD-05416,not_as_described,2026-05-12,17,pending
DSP-05340,ORD-07319,item_not_received,2026-05-12,22,pending
DSP-05341,ORD-14151,not_as_described,2026-05-12,13,pending
DSP-05342,ORD-07957,duplicate_charge,2026-05-12,11,pending
DSP-05343,ORD-11768,not_as_described,2026-05-12,14,pending
DSP-05344,ORD-18807,duplicate_charge,2026-05-12,21,pending
DSP-05345,ORD-01055,not_as_described,2026-05-12,8,pending
DSP-05346,ORD-05121,unauthorized_transaction,2026-05-12,15,pending
DSP-05347,ORD-06041,not_as_described,2026-05-12,2,pending
DSP-05348,ORD-01128,not_as_described,2026-05-12,11,pending
DSP-05349,ORD-00761,item_not_received,2026-05-12,6,pending
DSP-05350,ORD-11905,not_as_described,2026-05-12,2,pending
DSP-05351,ORD-16895,not_as_described,2026-05-12,16,pending
DSP-05352,ORD-13700,unauthorized_transaction,2026-05-12,9,pending
DSP-05353,ORD-11333,not_as_described,2026-05-12,19,pending
DSP-05354,ORD-18381,item_not_received,2026-05-12,4,pending
DSP-05355,ORD-15821,item_not_received,2026-05-12,23,pending
DSP-05356,ORD-04102,duplicate_charge,2026-05-12,3,pending
DSP-05357,ORD-10581,not_as_described,2026-05-13,11,pending
DSP-05358,ORD-00468,not_as_described,2026-05-13,21,pending
DSP-05359,ORD-11881,item_not_received,2026-05-13,7,pending
DSP-05360,ORD-10345,not_as_described,2026-05-13,15,pending
DSP-05361,ORD-06400,unauthorized_transaction,2026-05-13,22,pending
DSP-05362,ORD-18739,item_not_received,2026-05-13,6,pending
DSP-05363,ORD-14406,item_not_received,2026-05-13,11,pending
DSP-05364,ORD-07386,unauthorized_transaction,2026-05-13,16,pending
DSP-05365,ORD-18149,unauthorized_transaction,2026-05-13,21,pending
DSP-05366,ORD-14920,unauthorized_transaction,2026-05-13,8,pending
DSP-05367,ORD-14398,not_as_described,2026-05-13,7,pending
DSP-05368,ORD-09799,duplicate_charge,2026-05-13,9,pending
DSP-05369,ORD-01976,item_not_received,2026-05-13,12,pending
DSP-05370,ORD-02233,not_as_described,2026-05-13,6,pending
DSP-05371,ORD-03186,not_as_described,2026-05-13,21,pending
DSP-05372,ORD-01708,not_as_described,2026-05-13,16,pending
DSP-05373,ORD-16884,not_as_described,2026-05-13,2,pending
DSP-05374,ORD-06773,item_not_received,2026-05-13,3,pending
DSP-05375,ORD-16199,not_as_described,2026-05-13,6,pending
DSP-05376,ORD-18519,not_as_described,2026-05-13,16,pending
DSP-05377,ORD-18265,item_not_received,2026-05-13,4,pending
DSP-05378,ORD-11722,item_not_received,2026-05-13,1,pending
DSP-05379,ORD-17626,item_not_received,2026-05-13,24,pending
DSP-05380,ORD-17481,item_not_received,2026-05-13,6,pending
DSP-05381,ORD-15368,unauthorized_transaction,2026-05-13,14,pending
DSP-05382,ORD-13286,not_as_described,2026-05-13,15,pending
DSP-05383,ORD-06921,duplicate_charge,2026-05-13,4,pending
DSP-05384,ORD-17760,item_not_received,2026-05-13,14,pending
DSP-05385,ORD-05149,item_not_received,2026-05-13,7,pending
DSP-05386,ORD-11817,unauthorized_transaction,2026-05-13,13,pending
DSP-05387,ORD-14335,not_as_described,2026-05-13,19,pending
DSP-05388,ORD-10205,duplicate_charge,2026-05-13,15,pending
DSP-05389,ORD-07174,unauthorized_transaction,2026-05-13,23,pending
DSP-05390,ORD-07551,item_not_received,2026-05-13,8,pending
DSP-05391,ORD-19737,unauthorized_transaction,2026-05-13,16,pending
DSP-05392,ORD-16556,item_not_received,2026-05-13,12,pending
DSP-05393,ORD-00964,unauthorized_transaction,2026-05-13,2,pending
DSP-05394,ORD-07525,unauthorized_transaction,2026-05-13,24,pending
DSP-05395,ORD-13640,unauthorized_transaction,2026-05-13,11,pending
DSP-05396,ORD-19560,not_as_described,2026-05-13,22,pending
DSP-05397,ORD-15318,not_as_described,2026-05-13,16,pending
DSP-05398,ORD-01474,duplicate_charge,2026-05-13,24,pending
DSP-05399,ORD-14224,other_unclassified,2026-05-13,13,pending
DSP-05400,ORD-02478,duplicate_charge,2026-05-13,2,pending
DSP-05401,ORD-17246,item_not_received,2026-05-13,6,pending
DSP-05402,ORD-06231,duplicate_charge,2026-05-13,15,pending
DSP-05403,ORD-01832,item_not_received,2026-05-13,20,pending
DSP-05404,ORD-12548,not_as_described,2026-05-13,11,pending
DSP-05405,ORD-06543,unauthorized_transaction,2026-05-13,19,pending
DSP-05406,ORD-06068,not_as_described,2026-05-13,11,pending
DSP-05407,ORD-18526,not_as_described,2026-05-13,10,pending
DSP-05408,ORD-02815,duplicate_charge,2026-05-13,18,pending
DSP-05409,ORD-03946,duplicate_charge,2026-05-13,11,pending
DSP-05410,ORD-09972,item_not_received,2026-05-13,12,pending
DSP-05411,ORD-02439,item_not_received,2026-05-13,19,pending
DSP-05412,ORD-13471,item_not_received,2026-05-13,19,pending
DSP-05413,ORD-02890,unauthorized_transaction,2026-05-13,23,pending
DSP-05414,ORD-03440,duplicate_charge,2026-05-13,19,pending
DSP-05415,ORD-02419,not_as_described,2026-05-13,12,pending
DSP-05416,ORD-03978,duplicate_charge,2026-05-13,8,pending
DSP-05417,ORD-00354,duplicate_charge,2026-05-13,22,pending
DSP-05418,ORD-02588,not_as_described,2026-05-13,2,pending
DSP-05419,ORD-09836,not_as_described,2026-05-13,16,pending
DSP-05420,ORD-12955,unauthorized_transaction,2026-05-13,9,pending
DSP-05421,ORD-13376,item_not_received,2026-05-13,12,pending
DSP-05422,ORD-17644,unauthorized_transaction,2026-05-13,17,pending
DSP-05423,ORD-02034,item_not_received,2026-05-13,20,pending
DSP-05424,ORD-02869,duplicate_charge,2026-05-13,8,pending
DSP-05425,ORD-06631,not_as_described,2026-05-13,8,pending
DSP-05426,ORD-02863,unauthorized_transaction,2026-05-13,4,pending
DSP-05427,ORD-12339,item_not_received,2026-05-13,10,pending
DSP-05428,ORD-01441,duplicate_charge,2026-05-13,23,pending
DSP-05429,ORD-10868,item_not_received,2026-05-13,21,pending
DSP-05430,ORD-14610,duplicate_charge,2026-05-13,6,pending
DSP-05431,ORD-01244,item_not_received,2026-05-13,7,pending
DSP-05432,ORD-11999,duplicate_charge,2026-05-13,13,pending
DSP-05433,ORD-05327,not_as_described,2026-05-13,5,pending
DSP-05434,ORD-02658,item_not_received,2026-05-13,11,pending
DSP-05435,ORD-12154,unauthorized_transaction,2026-05-13,15,pending
DSP-05436,ORD-18504,item_not_received,2026-05-13,11,pending
DSP-05437,ORD-19320,item_not_received,2026-05-13,13,pending
DSP-05438,ORD-03112,not_as_described,2026-05-13,19,pending
DSP-05439,ORD-04785,duplicate_charge,2026-05-13,9,pending
DSP-05440,ORD-16341,item_not_received,2026-05-13,24,pending
DSP-05441,ORD-15942,item_not_received,2026-05-13,11,pending
DSP-05442,ORD-17235,duplicate_charge,2026-05-13,9,pending
DSP-05443,ORD-05794,item_not_received,2026-05-13,9,pending
DSP-05444,ORD-15261,duplicate_charge,2026-05-13,7,pending
DSP-05445,ORD-18582,item_not_received,2026-05-13,22,pending
DSP-05446,ORD-15800,item_not_received,2026-05-13,1,pending
DSP-05447,ORD-00748,not_as_described,2026-05-13,15,pending
DSP-05448,ORD-08172,not_as_described,2026-05-13,20,pending
DSP-05449,ORD-01049,item_not_received,2026-05-13,23,pending
DSP-05450,ORD-17803,not_as_described,2026-05-13,5,pending
DSP-05451,ORD-19949,item_not_received,2026-05-13,24,pending
DSP-05452,ORD-14269,not_as_described,2026-05-13,9,pending
DSP-05453,ORD-17611,not_as_described,2026-05-13,9,pending
DSP-05454,ORD-10611,unauthorized_transaction,2026-05-13,12,pending
DSP-05455,ORD-14286,not_as_described,2026-05-13,21,pending
DSP-05456,ORD-18285,item_not_received,2026-05-13,24,pending
DSP-05457,ORD-05103,unauthorized_transaction,2026-05-13,13,pending
DSP-05458,ORD-00095,duplicate_charge,2026-05-13,4,pending
DSP-05459,ORD-13786,unauthorized_transaction,2026-05-13,19,pending
DSP-05460,ORD-00454,duplicate_charge,2026-05-13,21,pending
DSP-05461,ORD-18936,item_not_received,2026-05-13,12,pending
DSP-05462,ORD-13063,item_not_received,2026-05-14,16,pending
DSP-05463,ORD-04871,unauthorized_transaction,2026-05-14,9,pending
DSP-05464,ORD-12797,not_as_described,2026-05-14,10,pending
DSP-05465,ORD-18146,item_not_received,2026-05-14,18,pending
DSP-05466,ORD-06418,item_not_received,2026-05-14,20,pending
DSP-05467,ORD-04280,item_not_received,2026-05-14,19,pending
DSP-05468,ORD-17379,unauthorized_transaction,2026-05-14,14,pending
DSP-05469,ORD-13332,duplicate_charge,2026-05-14,22,pending
DSP-05470,ORD-01626,item_not_received,2026-05-14,22,pending
DSP-05471,ORD-02374,duplicate_charge,2026-05-14,15,pending
DSP-05472,ORD-04861,not_as_described,2026-05-14,8,pending
DSP-05473,ORD-09699,unauthorized_transaction,2026-05-14,15,pending
DSP-05474,ORD-03976,item_not_received,2026-05-14,9,pending
DSP-05475,ORD-04995,duplicate_charge,2026-05-14,7,pending
DSP-05476,ORD-07405,duplicate_charge,2026-05-14,1,pending
DSP-05477,ORD-01216,item_not_received,2026-05-14,18,pending
DSP-05478,ORD-02630,item_not_received,2026-05-14,20,pending
DSP-05479,ORD-17097,not_as_described,2026-05-14,24,pending
DSP-05480,ORD-06965,item_not_received,2026-05-14,24,pending
DSP-05481,ORD-19016,duplicate_charge,2026-05-14,14,pending
DSP-05482,ORD-10469,unauthorized_transaction,2026-05-14,7,pending
DSP-05483,ORD-06951,unauthorized_transaction,2026-05-14,15,pending
DSP-05484,ORD-02848,unauthorized_transaction,2026-05-14,24,pending
DSP-05485,ORD-19081,item_not_received,2026-05-14,21,pending
DSP-05486,ORD-03055,item_not_received,2026-05-14,15,pending
DSP-05487,ORD-19834,not_as_described,2026-05-14,6,pending
DSP-05488,ORD-15838,not_as_described,2026-05-14,16,pending
DSP-05489,ORD-09504,unauthorized_transaction,2026-05-14,9,pending
DSP-05490,ORD-08682,item_not_received,2026-05-14,22,pending
DSP-05491,ORD-03593,not_as_described,2026-05-14,13,pending
DSP-05492,ORD-06925,item_not_received,2026-05-14,7,pending
DSP-05493,ORD-09942,not_as_described,2026-05-14,10,pending
DSP-05494,ORD-15999,not_as_described,2026-05-14,13,pending
DSP-05495,ORD-17772,not_as_described,2026-05-14,5,pending
DSP-05496,ORD-14262,not_as_described,2026-05-14,8,pending
DSP-05497,ORD-15477,item_not_received,2026-05-14,19,pending
DSP-05498,ORD-04291,not_as_described,2026-05-14,4,pending
DSP-05499,ORD-10140,duplicate_charge,2026-05-14,20,pending
DSP-05500,ORD-01396,not_as_described,2026-05-14,8,pending
DSP-05501,ORD-04164,duplicate_charge,2026-05-14,16,pending
DSP-05502,ORD-01173,unauthorized_transaction,2026-05-14,17,pending
DSP-05503,ORD-00884,duplicate_charge,2026-05-14,1,pending
DSP-05504,ORD-16870,unauthorized_transaction,2026-05-14,19,pending
DSP-05505,ORD-03493,unauthorized_transaction,2026-05-14,24,pending
DSP-05506,ORD-00569,unauthorized_transaction,2026-05-14,23,pending
DSP-05507,ORD-05442,item_not_received,2026-05-14,4,pending
DSP-05508,ORD-12091,unauthorized_transaction,2026-05-14,3,pending
DSP-05509,ORD-11197,item_not_received,2026-05-14,8,pending
DSP-05510,ORD-09302,unauthorized_transaction,2026-05-14,5,pending
DSP-05511,ORD-00273,not_as_described,2026-05-14,17,pending
DSP-05512,ORD-04565,not_as_described,2026-05-14,20,pending
DSP-05513,ORD-17570,item_not_received,2026-05-14,3,pending
DSP-05514,ORD-19762,item_not_received,2026-05-14,6,pending
DSP-05515,ORD-12440,item_not_received,2026-05-14,17,pending
DSP-05516,ORD-12925,item_not_received,2026-05-14,2,pending
DSP-05517,ORD-04926,item_not_received,2026-05-14,12,pending
DSP-05518,ORD-05429,not_as_described,2026-05-14,11,pending
DSP-05519,ORD-14836,duplicate_charge,2026-05-14,22,pending
DSP-05520,ORD-16248,not_as_described,2026-05-14,22,pending
DSP-05521,ORD-03550,item_not_received,2026-05-14,13,pending
DSP-05522,ORD-11527,item_not_received,2026-05-14,10,pending
DSP-05523,ORD-12667,not_as_described,2026-05-14,18,pending
DSP-05524,ORD-18170,item_not_received,2026-05-14,10,pending
DSP-05525,ORD-03150,item_not_received,2026-05-14,10,pending
DSP-05526,ORD-17411,unauthorized_transaction,2026-05-14,9,pending
DSP-05527,ORD-01105,not_as_described,2026-05-14,16,pending
DSP-05528,ORD-17338,not_as_described,2026-05-14,9,pending
DSP-05529,ORD-00735,duplicate_charge,2026-05-14,5,pending
DSP-05530,ORD-03290,unauthorized_transaction,2026-05-14,12,pending
DSP-05531,ORD-17564,item_not_received,2026-05-14,19,pending
DSP-05532,ORD-18931,duplicate_charge,2026-05-14,5,pending
DSP-05533,ORD-08212,duplicate_charge,2026-05-14,3,pending
DSP-05534,ORD-16536,duplicate_charge,2026-05-14,12,pending
DSP-05535,ORD-16211,not_as_described,2026-05-14,17,pending
DSP-05536,ORD-19336,item_not_received,2026-05-14,6,pending
DSP-05537,ORD-04049,item_not_received,2026-05-14,2,pending
DSP-05538,ORD-11761,item_not_received,2026-05-14,18,pending
DSP-05539,ORD-19478,unauthorized_transaction,2026-05-14,20,pending
DSP-05540,ORD-15766,item_not_received,2026-05-14,20,pending
DSP-05541,ORD-10559,not_as_described,2026-05-14,7,pending
DSP-05542,ORD-15690,unauthorized_transaction,2026-05-14,3,pending
DSP-05543,ORD-02483,not_as_described,2026-05-14,14,pending
DSP-05544,ORD-09219,unauthorized_transaction,2026-05-14,6,pending
DSP-05545,ORD-17236,item_not_received,2026-05-14,16,pending
DSP-05546,ORD-18426,unauthorized_transaction,2026-05-14,18,pending
DSP-05547,ORD-04248,item_not_received,2026-05-15,6,pending
DSP-05548,ORD-01286,not_as_described,2026-05-15,4,pending
DSP-05549,ORD-01769,not_as_described,2026-05-15,1,pending
DSP-05550,ORD-16215,item_not_received,2026-05-15,22,pending
DSP-05551,ORD-06248,duplicate_charge,2026-05-15,24,pending
DSP-05552,ORD-18424,not_as_described,2026-05-15,18,pending
DSP-05553,ORD-02633,item_not_received,2026-05-15,18,pending
DSP-05554,ORD-00966,duplicate_charge,2026-05-15,18,pending
DSP-05555,ORD-15270,not_as_described,2026-05-15,17,pending
DSP-05556,ORD-01984,item_not_received,2026-05-15,7,pending
DSP-05557,ORD-01063,item_not_received,2026-05-15,21,pending
DSP-05558,ORD-15408,item_not_received,2026-05-15,4,pending
DSP-05559,ORD-08609,item_not_received,2026-05-15,2,pending
DSP-05560,ORD-08647,unauthorized_transaction,2026-05-15,4,pending
DSP-05561,ORD-13923,unauthorized_transaction,2026-05-15,9,pending
DSP-05562,ORD-09179,unauthorized_transaction,2026-05-15,15,pending
DSP-05563,ORD-09353,item_not_received,2026-05-15,24,pending
DSP-05564,ORD-16395,not_as_described,2026-05-15,11,pending
DSP-05565,ORD-16383,not_as_described,2026-05-15,15,pending
DSP-05566,ORD-02164,not_as_described,2026-05-15,15,pending
DSP-05567,ORD-02533,not_as_described,2026-05-15,3,pending
DSP-05568,ORD-01982,item_not_received,2026-05-15,1,pending
DSP-05569,ORD-07636,not_as_described,2026-05-15,16,pending
DSP-05570,ORD-02403,item_not_received,2026-05-15,16,pending
DSP-05571,ORD-14835,not_as_described,2026-05-15,18,pending
DSP-05572,ORD-10348,unauthorized_transaction,2026-05-15,15,pending
DSP-05573,ORD-08050,item_not_received,2026-05-15,22,pending
DSP-05574,ORD-06919,duplicate_charge,2026-05-15,10,pending
DSP-05575,ORD-05316,not_as_described,2026-05-15,12,pending
DSP-05576,ORD-03199,not_as_described,2026-05-15,19,pending
DSP-05577,ORD-17560,not_as_described,2026-05-15,10,pending
DSP-05578,ORD-08711,duplicate_charge,2026-05-15,12,pending
DSP-05579,ORD-19090,not_as_described,2026-05-15,20,pending
DSP-05580,ORD-10321,not_as_described,2026-05-15,11,pending
DSP-05581,ORD-07554,item_not_received,2026-05-15,22,pending
DSP-05582,ORD-05516,unauthorized_transaction,2026-05-15,23,pending
DSP-05583,ORD-01214,unauthorized_transaction,2026-05-15,14,pending
DSP-05584,ORD-15420,item_not_received,2026-05-15,17,pending
DSP-05585,ORD-02054,other_unclassified,2026-05-15,5,pending
DSP-05586,ORD-02347,not_as_described,2026-05-15,1,pending
DSP-05587,ORD-06793,unauthorized_transaction,2026-05-15,3,pending
DSP-05588,ORD-07207,unauthorized_transaction,2026-05-15,12,pending
DSP-05589,ORD-01650,duplicate_charge,2026-05-15,6,pending
DSP-05590,ORD-04683,unauthorized_transaction,2026-05-15,8,pending
DSP-05591,ORD-16649,not_as_described,2026-05-15,6,pending
DSP-05592,ORD-17163,not_as_described,2026-05-15,21,pending
DSP-05593,ORD-17421,duplicate_charge,2026-05-15,8,pending
DSP-05594,ORD-18864,unauthorized_transaction,2026-05-15,1,pending
DSP-05595,ORD-00573,unauthorized_transaction,2026-05-15,19,pending
DSP-05596,ORD-18218,unauthorized_transaction,2026-05-15,14,pending
DSP-05597,ORD-11106,unauthorized_transaction,2026-05-15,1,pending
DSP-05598,ORD-13396,not_as_described,2026-05-15,14,pending
DSP-05599,ORD-00759,unauthorized_transaction,2026-05-15,4,pending
DSP-05600,ORD-07555,unauthorized_transaction,2026-05-15,23,pending
DSP-05601,ORD-01990,unauthorized_transaction,2026-05-15,19,pending
DSP-05602,ORD-01620,not_as_described,2026-05-15,2,pending
DSP-05603,ORD-10786,duplicate_charge,2026-05-15,13,pending
DSP-05604,ORD-00630,unauthorized_transaction,2026-05-15,3,pending
DSP-05605,ORD-19098,unauthorized_transaction,2026-05-15,12,pending
DSP-05606,ORD-07224,unauthorized_transaction,2026-05-15,8,pending
DSP-05607,ORD-10720,not_as_described,2026-05-15,17,pending
DSP-05608,ORD-18580,not_as_described,2026-05-15,19,pending
DSP-05609,ORD-13870,item_not_received,2026-05-15,6,pending
DSP-05610,ORD-05106,item_not_received,2026-05-15,21,pending
DSP-05611,ORD-08014,not_as_described,2026-05-15,10,pending
DSP-05612,ORD-02369,item_not_received,2026-05-15,16,pending
DSP-05613,ORD-14994,unauthorized_transaction,2026-05-15,3,pending
DSP-05614,ORD-15947,not_as_described,2026-05-15,23,pending
DSP-05615,ORD-12751,not_as_described,2026-05-15,15,pending
DSP-05616,ORD-07170,not_as_described,2026-05-15,1,pending
DSP-05617,ORD-10852,item_not_received,2026-05-15,8,pending
DSP-05618,ORD-08004,not_as_described,2026-05-15,3,pending
DSP-05619,ORD-15280,item_not_received,2026-05-15,10,pending
DSP-05620,ORD-03980,duplicate_charge,2026-05-15,15,pending
DSP-05621,ORD-02313,unauthorized_transaction,2026-05-15,23,pending
DSP-05622,ORD-05145,item_not_received,2026-05-15,18,pending
DSP-05623,ORD-19999,duplicate_charge,2026-05-15,15,pending
DSP-05624,ORD-16179,duplicate_charge,2026-05-15,10,pending
DSP-05625,ORD-16432,unauthorized_transaction,2026-05-15,1,pending
DSP-05626,ORD-07114,unauthorized_transaction,2026-05-15,18,pending
DSP-05627,ORD-10782,duplicate_charge,2026-05-15,15,pending
DSP-05628,ORD-19257,duplicate_charge,2026-05-15,13,pending
DSP-05629,ORD-19533,item_not_received,2026-05-15,4,pending
DSP-05630,ORD-08312,not_as_described,2026-05-15,14,pending
DSP-05631,ORD-00287,not_as_described,2026-05-15,2,pending
DSP-05632,ORD-18460,item_not_received,2026-05-15,22,pending
DSP-05633,ORD-06677,unauthorized_transaction,2026-05-15,22,pending
DSP-05634,ORD-16307,item_not_received,2026-05-15,23,pending
DSP-05635,ORD-19255,item_not_received,2026-05-15,24,pending
DSP-05636,ORD-01240,item_not_received,2026-05-15,23,pending
DSP-05637,ORD-03656,duplicate_charge,2026-05-15,3,pending
DSP-05638,ORD-10045,not_as_described,2026-05-16,9,pending
DSP-05639,ORD-01989,duplicate_charge,2026-05-16,16,pending
DSP-05640,ORD-17719,not_as_described,2026-05-16,16,pending
DSP-05641,ORD-13787,item_not_received,2026-05-16,8,pending
DSP-05642,ORD-07166,item_not_received,2026-05-16,9,pending
DSP-05643,ORD-14907,duplicate_charge,2026-05-16,15,pending
DSP-05644,ORD-19733,item_not_received,2026-05-16,3,pending
DSP-05645,ORD-07821,not_as_described,2026-05-16,1,pending
DSP-05646,ORD-01737,unauthorized_transaction,2026-05-16,3,pending
DSP-05647,ORD-11087,duplicate_charge,2026-05-16,20,pending
DSP-05648,ORD-09779,item_not_received,2026-05-16,14,pending
DSP-05649,ORD-01986,not_as_described,2026-05-16,23,pending
DSP-05650,ORD-15330,unauthorized_transaction,2026-05-16,21,pending
DSP-05651,ORD-01039,not_as_described,2026-05-16,23,pending
DSP-05652,ORD-09905,unauthorized_transaction,2026-05-16,16,pending
DSP-05653,ORD-07842,not_as_described,2026-05-16,6,pending
DSP-05654,ORD-01208,item_not_received,2026-05-16,2,pending
DSP-05655,ORD-09909,unauthorized_transaction,2026-05-16,20,pending
DSP-05656,ORD-00335,item_not_received,2026-05-16,22,pending
DSP-05657,ORD-16312,not_as_described,2026-05-16,2,pending
DSP-05658,ORD-05612,item_not_received,2026-05-16,11,pending
DSP-05659,ORD-00388,duplicate_charge,2026-05-16,12,pending
DSP-05660,ORD-17020,not_as_described,2026-05-16,11,pending
DSP-05661,ORD-04240,not_as_described,2026-05-16,1,pending
DSP-05662,ORD-18615,not_as_described,2026-05-16,23,pending
DSP-05663,ORD-00778,unauthorized_transaction,2026-05-16,20,pending
DSP-05664,ORD-17849,unauthorized_transaction,2026-05-16,17,pending
DSP-05665,ORD-04494,unauthorized_transaction,2026-05-16,11,pending
DSP-05666,ORD-02153,unauthorized_transaction,2026-05-16,21,pending
DSP-05667,ORD-07939,unauthorized_transaction,2026-05-16,21,pending
DSP-05668,ORD-11544,not_as_described,2026-05-16,10,pending
DSP-05669,ORD-17630,item_not_received,2026-05-16,14,pending
DSP-05670,ORD-03726,item_not_received,2026-05-16,17,pending
DSP-05671,ORD-11025,duplicate_charge,2026-05-16,2,pending
DSP-05672,ORD-19526,not_as_described,2026-05-16,3,pending
DSP-05673,ORD-01837,duplicate_charge,2026-05-16,3,pending
DSP-05674,ORD-00410,item_not_received,2026-05-16,3,pending
DSP-05675,ORD-15167,not_as_described,2026-05-16,2,pending
DSP-05676,ORD-08519,not_as_described,2026-05-16,12,pending
DSP-05677,ORD-11691,item_not_received,2026-05-16,14,pending
DSP-05678,ORD-08494,item_not_received,2026-05-16,15,pending
DSP-05679,ORD-15456,not_as_described,2026-05-16,19,pending
DSP-05680,ORD-17214,unauthorized_transaction,2026-05-16,22,pending
DSP-05681,ORD-00430,not_as_described,2026-05-16,12,pending
DSP-05682,ORD-13465,not_as_described,2026-05-16,10,pending
DSP-05683,ORD-01647,item_not_received,2026-05-16,3,pending
DSP-05684,ORD-17598,unauthorized_transaction,2026-05-16,19,pending
DSP-05685,ORD-04441,unauthorized_transaction,2026-05-16,15,pending
DSP-05686,ORD-05176,item_not_received,2026-05-16,22,pending
DSP-05687,ORD-05823,duplicate_charge,2026-05-16,24,pending
DSP-05688,ORD-06131,unauthorized_transaction,2026-05-16,24,pending
DSP-05689,ORD-12322,duplicate_charge,2026-05-16,4,pending
DSP-05690,ORD-10960,item_not_received,2026-05-16,12,pending
DSP-05691,ORD-13709,not_as_described,2026-05-16,4,pending
DSP-05692,ORD-17988,not_as_described,2026-05-16,24,pending
DSP-05693,ORD-15519,item_not_received,2026-05-16,10,pending
DSP-05694,ORD-05533,item_not_received,2026-05-16,7,pending
DSP-05695,ORD-17958,item_not_received,2026-05-16,20,pending
DSP-05696,ORD-06853,not_as_described,2026-05-16,17,pending
DSP-05697,ORD-10765,duplicate_charge,2026-05-16,9,pending
DSP-05698,ORD-06771,not_as_described,2026-05-16,23,pending
DSP-05699,ORD-16704,duplicate_charge,2026-05-16,3,pending
DSP-05700,ORD-07930,not_as_described,2026-05-16,23,pending
DSP-05701,ORD-17858,not_as_described,2026-05-16,21,pending
DSP-05702,ORD-19441,item_not_received,2026-05-16,2,pending
DSP-05703,ORD-13768,duplicate_charge,2026-05-16,6,pending
DSP-05704,ORD-14786,unauthorized_transaction,2026-05-16,1,pending
DSP-05705,ORD-14121,unauthorized_transaction,2026-05-16,1,pending
DSP-05706,ORD-06339,item_not_received,2026-05-16,4,pending
DSP-05707,ORD-07142,unauthorized_transaction,2026-05-16,6,pending
DSP-05708,ORD-05595,unauthorized_transaction,2026-05-16,5,pending
DSP-05709,ORD-19285,not_as_described,2026-05-16,13,pending
DSP-05710,ORD-12940,not_as_described,2026-05-16,6,pending
DSP-05711,ORD-16113,not_as_described,2026-05-16,3,pending
DSP-05712,ORD-18646,not_as_described,2026-05-16,5,pending
DSP-05713,ORD-04862,duplicate_charge,2026-05-16,12,pending
DSP-05714,ORD-14452,not_as_described,2026-05-16,5,pending
DSP-05715,ORD-07086,not_as_described,2026-05-16,22,pending
DSP-05716,ORD-04152,unauthorized_transaction,2026-05-16,22,pending
DSP-05717,ORD-16949,duplicate_charge,2026-05-16,4,pending
DSP-05718,ORD-18887,item_not_received,2026-05-16,8,pending
DSP-05719,ORD-08873,not_as_described,2026-05-16,16,pending
DSP-05720,ORD-09205,unauthorized_transaction,2026-05-16,3,pending
DSP-05721,ORD-06735,unauthorized_transaction,2026-05-16,11,pending
DSP-05722,ORD-10111,duplicate_charge,2026-05-16,19,pending
DSP-05723,ORD-14660,item_not_received,2026-05-16,1,pending
DSP-05724,ORD-09913,not_as_described,2026-05-16,8,pending
DSP-05725,ORD-05205,duplicate_charge,2026-05-16,22,pending
DSP-05726,ORD-10240,item_not_received,2026-05-16,8,pending
DSP-05727,ORD-15231,unauthorized_transaction,2026-05-16,4,pending
DSP-05728,ORD-17758,unauthorized_transaction,2026-05-16,13,pending
DSP-05729,ORD-03469,item_not_received,2026-05-16,1,pending
DSP-05730,ORD-12978,not_as_described,2026-05-16,24,pending
DSP-05731,ORD-18374,not_as_described,2026-05-16,15,pending
DSP-05732,ORD-18937,unauthorized_transaction,2026-05-16,9,pending
DSP-05733,ORD-12646,duplicate_charge,2026-05-17,7,pending
DSP-05734,ORD-18122,not_as_described,2026-05-17,18,pending
DSP-05735,ORD-09323,duplicate_charge,2026-05-17,19,pending
DSP-05736,ORD-00529,not_as_described,2026-05-17,19,pending
DSP-05737,ORD-14654,item_not_received,2026-05-17,8,pending
DSP-05738,ORD-01354,not_as_described,2026-05-17,2,pending
DSP-05739,ORD-03013,item_not_received,2026-05-17,22,pending
DSP-05740,ORD-16865,unauthorized_transaction,2026-05-17,11,pending
DSP-05741,ORD-07128,duplicate_charge,2026-05-17,3,pending
DSP-05742,ORD-09778,unauthorized_transaction,2026-05-17,6,pending
DSP-05743,ORD-10549,not_as_described,2026-05-17,3,pending
DSP-05744,ORD-14866,unauthorized_transaction,2026-05-17,20,pending
DSP-05745,ORD-13489,not_as_described,2026-05-17,12,pending
DSP-05746,ORD-14954,not_as_described,2026-05-17,2,pending
DSP-05747,ORD-17832,unauthorized_transaction,2026-05-17,13,pending
DSP-05748,ORD-06887,not_as_described,2026-05-17,5,pending
DSP-05749,ORD-13702,duplicate_charge,2026-05-17,11,pending
DSP-05750,ORD-10729,not_as_described,2026-05-17,3,pending
DSP-05751,ORD-11371,not_as_described,2026-05-17,7,pending
DSP-05752,ORD-15199,unauthorized_transaction,2026-05-17,20,pending
DSP-05753,ORD-01967,duplicate_charge,2026-05-17,11,pending
DSP-05754,ORD-13675,item_not_received,2026-05-17,18,pending
DSP-05755,ORD-05563,item_not_received,2026-05-17,18,pending
DSP-05756,ORD-07355,duplicate_charge,2026-05-17,7,pending
DSP-05757,ORD-07751,item_not_received,2026-05-17,14,pending
DSP-05758,ORD-19291,not_as_described,2026-05-17,4,pending
DSP-05759,ORD-07255,item_not_received,2026-05-17,3,pending
DSP-05760,ORD-11041,not_as_described,2026-05-17,13,pending
DSP-05761,ORD-05191,not_as_described,2026-05-17,19,pending
DSP-05762,ORD-16389,item_not_received,2026-05-17,3,pending
DSP-05763,ORD-11983,not_as_described,2026-05-17,6,pending
DSP-05764,ORD-17847,duplicate_charge,2026-05-17,11,pending
DSP-05765,ORD-18529,not_as_described,2026-05-17,19,pending
DSP-05766,ORD-12931,not_as_described,2026-05-17,5,pending
DSP-05767,ORD-00309,not_as_described,2026-05-17,14,pending
DSP-05768,ORD-02112,item_not_received,2026-05-17,18,pending
DSP-05769,ORD-13384,duplicate_charge,2026-05-17,6,pending
DSP-05770,ORD-13008,item_not_received,2026-05-17,5,pending
DSP-05771,ORD-13466,not_as_described,2026-05-17,9,pending
DSP-05772,ORD-17161,duplicate_charge,2026-05-17,8,pending
DSP-05773,ORD-02063,unauthorized_transaction,2026-05-17,22,pending
DSP-05774,ORD-14471,unauthorized_transaction,2026-05-17,18,pending
DSP-05775,ORD-06935,not_as_described,2026-05-17,16,pending
DSP-05776,ORD-10629,item_not_received,2026-05-17,4,pending
DSP-05777,ORD-14047,not_as_described,2026-05-17,3,pending
DSP-05778,ORD-06362,not_as_described,2026-05-17,14,pending
DSP-05779,ORD-00283,not_as_described,2026-05-17,4,pending
DSP-05780,ORD-15223,unauthorized_transaction,2026-05-17,10,pending
DSP-05781,ORD-11850,duplicate_charge,2026-05-17,11,pending
DSP-05782,ORD-08127,not_as_described,2026-05-17,15,pending
DSP-05783,ORD-03767,duplicate_charge,2026-05-17,5,pending
DSP-05784,ORD-13030,not_as_described,2026-05-17,9,pending
DSP-05785,ORD-04273,duplicate_charge,2026-05-17,3,pending
DSP-05786,ORD-12630,item_not_received,2026-05-17,11,pending
DSP-05787,ORD-00268,item_not_received,2026-05-17,16,pending
DSP-05788,ORD-03256,item_not_received,2026-05-17,16,pending
DSP-05789,ORD-01464,not_as_described,2026-05-17,18,pending
DSP-05790,ORD-13195,not_as_described,2026-05-17,24,pending
DSP-05791,ORD-18377,duplicate_charge,2026-05-17,11,pending
DSP-05792,ORD-07603,unauthorized_transaction,2026-05-17,21,pending
DSP-05793,ORD-12623,item_not_received,2026-05-17,18,pending
DSP-05794,ORD-00960,not_as_described,2026-05-17,21,pending
DSP-05795,ORD-08518,unauthorized_transaction,2026-05-17,8,pending
DSP-05796,ORD-06096,not_as_described,2026-05-17,2,pending
DSP-05797,ORD-16092,unauthorized_transaction,2026-05-17,6,pending
DSP-05798,ORD-01866,item_not_received,2026-05-17,11,pending
DSP-05799,ORD-08423,unauthorized_transaction,2026-05-17,23,pending
DSP-05800,ORD-17691,duplicate_charge,2026-05-17,12,pending
DSP-05801,ORD-08166,not_as_described,2026-05-17,21,pending
DSP-05802,ORD-06019,duplicate_charge,2026-05-17,23,pending
DSP-05803,ORD-14026,unauthorized_transaction,2026-05-17,6,pending
DSP-05804,ORD-03096,item_not_received,2026-05-17,3,pending
DSP-05805,ORD-05908,duplicate_charge,2026-05-17,19,pending
DSP-05806,ORD-07261,unauthorized_transaction,2026-05-17,8,pending
DSP-05807,ORD-04209,unauthorized_transaction,2026-05-17,5,pending
DSP-05808,ORD-05969,not_as_described,2026-05-17,20,pending
DSP-05809,ORD-10080,unauthorized_transaction,2026-05-17,2,pending
DSP-05810,ORD-03485,unauthorized_transaction,2026-05-17,16,pending
DSP-05811,ORD-05685,duplicate_charge,2026-05-17,23,pending
DSP-05812,ORD-16095,duplicate_charge,2026-05-17,14,pending
DSP-05813,ORD-05142,duplicate_charge,2026-05-17,9,pending
DSP-05814,ORD-18344,duplicate_charge,2026-05-17,16,pending
DSP-05815,ORD-08248,item_not_received,2026-05-17,24,pending
DSP-05816,ORD-15447,item_not_received,2026-05-17,8,pending
DSP-05817,ORD-04286,unauthorized_transaction,2026-05-17,12,pending
DSP-05818,ORD-00603,unauthorized_transaction,2026-05-17,20,pending
DSP-05819,ORD-16442,item_not_received,2026-05-17,17,pending
DSP-05820,ORD-09132,not_as_described,2026-05-17,12,pending
DSP-05821,ORD-18276,duplicate_charge,2026-05-17,23,pending
DSP-05822,ORD-10569,unauthorized_transaction,2026-05-17,5,pending
DSP-05823,ORD-03336,item_not_received,2026-05-17,5,pending
DSP-05824,ORD-01972,not_as_described,2026-05-17,14,pending
DSP-05825,ORD-13238,duplicate_charge,2026-05-17,20,pending
DSP-05826,ORD-13260,item_not_received,2026-05-17,14,pending
DSP-05827,ORD-12081,not_as_described,2026-05-17,20,pending
DSP-05828,ORD-11797,item_not_received,2026-05-17,9,pending
DSP-05829,ORD-15566,item_not_received,2026-05-17,5,pending
DSP-05830,ORD-09345,unauthorized_transaction,2026-05-17,14,pending
DSP-05831,ORD-07237,item_not_received,2026-05-17,20,pending
DSP-05832,ORD-05118,not_as_described,2026-05-17,18,pending
DSP-05833,ORD-18419,not_as_described,2026-05-17,19,pending
DSP-05834,ORD-18161,duplicate_charge,2026-05-17,24,pending
DSP-05835,ORD-10587,not_as_described,2026-05-17,15,pending
DSP-05836,ORD-00911,item_not_received,2026-05-17,15,pending
DSP-05837,ORD-18778,unauthorized_transaction,2026-05-17,17,pending
DSP-05838,ORD-14389,item_not_received,2026-05-17,8,pending
DSP-05839,ORD-05789,not_as_described,2026-05-17,13,pending
DSP-05840,ORD-11090,duplicate_charge,2026-05-17,11,pending
DSP-05841,ORD-17249,unauthorized_transaction,2026-05-17,2,pending
DSP-05842,ORD-07474,unauthorized_transaction,2026-05-17,6,pending
DSP-05843,ORD-07639,item_not_received,2026-05-18,14,pending
DSP-05844,ORD-07155,unauthorized_transaction,2026-05-18,2,pending
DSP-05845,ORD-05839,unauthorized_transaction,2026-05-18,20,pending
DSP-05846,ORD-15811,not_as_described,2026-05-18,13,pending
DSP-05847,ORD-19017,duplicate_charge,2026-05-18,10,pending
DSP-05848,ORD-00113,not_as_described,2026-05-18,19,pending
DSP-05849,ORD-05077,item_not_received,2026-05-18,6,pending
DSP-05850,ORD-13961,not_as_described,2026-05-18,15,pending
DSP-05851,ORD-15068,duplicate_charge,2026-05-18,8,pending
DSP-05852,ORD-06862,unauthorized_transaction,2026-05-18,6,pending
DSP-05853,ORD-09538,unauthorized_transaction,2026-05-18,22,pending
DSP-05854,ORD-18683,item_not_received,2026-05-18,18,pending
DSP-05855,ORD-07521,not_as_described,2026-05-18,20,pending
DSP-05856,ORD-18051,unauthorized_transaction,2026-05-18,15,pending
DSP-05857,ORD-04903,unauthorized_transaction,2026-05-18,3,pending
DSP-05858,ORD-12712,duplicate_charge,2026-05-18,13,pending
DSP-05859,ORD-19426,item_not_received,2026-05-18,23,pending
DSP-05860,ORD-07873,item_not_received,2026-05-18,3,pending
DSP-05861,ORD-18282,not_as_described,2026-05-18,23,pending
DSP-05862,ORD-18665,duplicate_charge,2026-05-18,3,pending
DSP-05863,ORD-14716,unauthorized_transaction,2026-05-18,12,pending
DSP-05864,ORD-15839,item_not_received,2026-05-18,10,pending
DSP-05865,ORD-19018,duplicate_charge,2026-05-18,19,pending
DSP-05866,ORD-03104,not_as_described,2026-05-18,13,pending
DSP-05867,ORD-11750,item_not_received,2026-05-18,1,pending
DSP-05868,ORD-02601,item_not_received,2026-05-18,23,pending
DSP-05869,ORD-05897,not_as_described,2026-05-18,5,pending
DSP-05870,ORD-09374,duplicate_charge,2026-05-18,11,pending
DSP-05871,ORD-19609,unauthorized_transaction,2026-05-18,10,pending
DSP-05872,ORD-03360,unauthorized_transaction,2026-05-18,13,pending
DSP-05873,ORD-03170,item_not_received,2026-05-18,23,pending
DSP-05874,ORD-16015,duplicate_charge,2026-05-18,13,pending
DSP-05875,ORD-06306,item_not_received,2026-05-18,23,pending
DSP-05876,ORD-13412,item_not_received,2026-05-18,14,pending
DSP-05877,ORD-11056,duplicate_charge,2026-05-18,12,pending
DSP-05878,ORD-06606,not_as_described,2026-05-18,17,pending
DSP-05879,ORD-15708,item_not_received,2026-05-18,16,pending
DSP-05880,ORD-02029,not_as_described,2026-05-18,19,pending
DSP-05881,ORD-11903,item_not_received,2026-05-18,11,pending
DSP-05882,ORD-02981,item_not_received,2026-05-18,14,pending
DSP-05883,ORD-19051,item_not_received,2026-05-18,9,pending
DSP-05884,ORD-01407,item_not_received,2026-05-18,20,pending
DSP-05885,ORD-08757,unauthorized_transaction,2026-05-18,4,pending
DSP-05886,ORD-14024,not_as_described,2026-05-18,20,pending
DSP-05887,ORD-05522,unauthorized_transaction,2026-05-18,11,pending
DSP-05888,ORD-04902,item_not_received,2026-05-18,10,pending
DSP-05889,ORD-03795,not_as_described,2026-05-18,19,pending
DSP-05890,ORD-01521,not_as_described,2026-05-18,1,pending
DSP-05891,ORD-13830,duplicate_charge,2026-05-18,2,pending
DSP-05892,ORD-06298,duplicate_charge,2026-05-18,17,pending
DSP-05893,ORD-04207,not_as_described,2026-05-18,20,pending
DSP-05894,ORD-02526,not_as_described,2026-05-18,19,pending
DSP-05895,ORD-06179,not_as_described,2026-05-18,1,pending
DSP-05896,ORD-05354,not_as_described,2026-05-18,4,pending
DSP-05897,ORD-06083,item_not_received,2026-05-18,14,pending
DSP-05898,ORD-05162,item_not_received,2026-05-18,12,pending
DSP-05899,ORD-05967,not_as_described,2026-05-18,4,pending
DSP-05900,ORD-18241,item_not_received,2026-05-18,19,pending
DSP-05901,ORD-13115,not_as_described,2026-05-18,4,pending
DSP-05902,ORD-00206,item_not_received,2026-05-18,11,pending
DSP-05903,ORD-09259,not_as_described,2026-05-18,17,pending
DSP-05904,ORD-08005,item_not_received,2026-05-18,6,pending
DSP-05905,ORD-00362,item_not_received,2026-05-18,1,pending
DSP-05906,ORD-04322,item_not_received,2026-05-18,23,pending
DSP-05907,ORD-00427,not_as_described,2026-05-18,16,pending
DSP-05908,ORD-02933,unauthorized_transaction,2026-05-18,18,pending
DSP-05909,ORD-09052,not_as_described,2026-05-18,3,pending
DSP-05910,ORD-00409,duplicate_charge,2026-05-18,4,pending
DSP-05911,ORD-13482,not_as_described,2026-05-18,8,pending
DSP-05912,ORD-18563,duplicate_charge,2026-05-18,19,pending
DSP-05913,ORD-13382,item_not_received,2026-05-18,20,pending
DSP-05914,ORD-02957,not_as_described,2026-05-18,19,pending
DSP-05915,ORD-05725,item_not_received,2026-05-18,14,pending
DSP-05916,ORD-14007,not_as_described,2026-05-18,23,pending
DSP-05917,ORD-14624,item_not_received,2026-05-18,7,pending
DSP-05918,ORD-15126,unauthorized_transaction,2026-05-18,2,pending
DSP-05919,ORD-02332,not_as_described,2026-05-18,1,pending
DSP-05920,ORD-13627,not_as_described,2026-05-18,6,pending
DSP-05921,ORD-02281,not_as_described,2026-05-18,14,pending
DSP-05922,ORD-13562,not_as_described,2026-05-18,19,pending
DSP-05923,ORD-12012,duplicate_charge,2026-05-18,15,pending
DSP-05924,ORD-19140,item_not_received,2026-05-18,1,pending
DSP-05925,ORD-14718,unauthorized_transaction,2026-05-18,15,pending
DSP-05926,ORD-00672,not_as_described,2026-05-18,21,pending
DSP-05927,ORD-00568,duplicate_charge,2026-05-18,23,pending
DSP-05928,ORD-15922,unauthorized_transaction,2026-05-18,22,pending
DSP-05929,ORD-00456,item_not_received,2026-05-18,17,pending
DSP-05930,ORD-07202,unauthorized_transaction,2026-05-18,15,pending
DSP-05931,ORD-14087,not_as_described,2026-05-18,19,pending
DSP-05932,ORD-15945,unauthorized_transaction,2026-05-18,9,pending
DSP-05933,ORD-15736,duplicate_charge,2026-05-18,15,pending
DSP-05934,ORD-10705,duplicate_charge,2026-05-18,2,pending
DSP-05935,ORD-18869,not_as_described,2026-05-18,17,pending
DSP-05936,ORD-10777,item_not_received,2026-05-18,8,pending
DSP-05937,ORD-08678,duplicate_charge,2026-05-18,12,pending
DSP-05938,ORD-18309,duplicate_charge,2026-05-18,11,pending
DSP-05939,ORD-04011,unauthorized_transaction,2026-05-18,21,pending
DSP-05940,ORD-12636,duplicate_charge,2026-05-18,1,pending
DSP-05941,ORD-01845,unauthorized_transaction,2026-05-18,21,pending
DSP-05942,ORD-03669,not_as_described,2026-05-18,11,pending
DSP-05943,ORD-14227,unauthorized_transaction,2026-05-18,15,pending
DSP-05944,ORD-12174,item_not_received,2026-05-18,4,pending
DSP-05945,ORD-02015,item_not_received,2026-05-18,4,pending
DSP-05946,ORD-02075,unauthorized_transaction,2026-05-18,9,pending
DSP-05947,ORD-05999,not_as_described,2026-05-18,20,pending
DSP-05948,ORD-04259,item_not_received,2026-05-19,20,pending
DSP-05949,ORD-11348,item_not_received,2026-05-19,4,pending
DSP-05950,ORD-08195,unauthorized_transaction,2026-05-19,8,pending
DSP-05951,ORD-06945,unauthorized_transaction,2026-05-19,21,pending
DSP-05952,ORD-03660,item_not_received,2026-05-19,6,pending
DSP-05953,ORD-07163,not_as_described,2026-05-19,4,pending
DSP-05954,ORD-05797,item_not_received,2026-05-19,1,pending
DSP-05955,ORD-16242,item_not_received,2026-05-19,12,pending
DSP-05956,ORD-12242,not_as_described,2026-05-19,6,pending
DSP-05957,ORD-06675,not_as_described,2026-05-19,16,pending
DSP-05958,ORD-17863,not_as_described,2026-05-19,2,pending
DSP-05959,ORD-05779,unauthorized_transaction,2026-05-19,12,pending
DSP-05960,ORD-19065,duplicate_charge,2026-05-19,14,pending
DSP-05961,ORD-11032,not_as_described,2026-05-19,3,pending
DSP-05962,ORD-09217,item_not_received,2026-05-19,5,pending
DSP-05963,ORD-05796,item_not_received,2026-05-19,8,pending
DSP-05964,ORD-14616,duplicate_charge,2026-05-19,2,pending
DSP-05965,ORD-10658,not_as_described,2026-05-19,24,pending
DSP-05966,ORD-05086,duplicate_charge,2026-05-19,3,pending
DSP-05967,ORD-17532,duplicate_charge,2026-05-19,11,pending
DSP-05968,ORD-10944,unauthorized_transaction,2026-05-19,17,pending
DSP-05969,ORD-05444,item_not_received,2026-05-19,2,pending
DSP-05970,ORD-03910,item_not_received,2026-05-19,2,pending
DSP-05971,ORD-12249,not_as_described,2026-05-19,14,pending
DSP-05972,ORD-19312,unauthorized_transaction,2026-05-19,18,pending
DSP-05973,ORD-13276,not_as_described,2026-05-19,7,pending
DSP-05974,ORD-04106,unauthorized_transaction,2026-05-19,21,pending
DSP-05975,ORD-07360,duplicate_charge,2026-05-19,11,pending
DSP-05976,ORD-07840,duplicate_charge,2026-05-19,7,pending
DSP-05977,ORD-15242,duplicate_charge,2026-05-19,9,pending
DSP-05978,ORD-05952,not_as_described,2026-05-19,7,pending
DSP-05979,ORD-12028,unauthorized_transaction,2026-05-19,24,pending
DSP-05980,ORD-15014,item_not_received,2026-05-19,3,pending
DSP-05981,ORD-00252,not_as_described,2026-05-19,9,pending
DSP-05982,ORD-03828,unauthorized_transaction,2026-05-19,3,pending
DSP-05983,ORD-08081,not_as_described,2026-05-19,22,pending
DSP-05984,ORD-09755,unauthorized_transaction,2026-05-19,19,pending
DSP-05985,ORD-06817,not_as_described,2026-05-19,14,pending
DSP-05986,ORD-07683,item_not_received,2026-05-19,22,pending
DSP-05987,ORD-02545,not_as_described,2026-05-19,18,pending
DSP-05988,ORD-09174,item_not_received,2026-05-19,13,pending
DSP-05989,ORD-02219,unauthorized_transaction,2026-05-19,10,pending
DSP-05990,ORD-01099,item_not_received,2026-05-19,9,pending
DSP-05991,ORD-14839,duplicate_charge,2026-05-19,24,pending
DSP-05992,ORD-16325,item_not_received,2026-05-19,17,pending
DSP-05993,ORD-00297,item_not_received,2026-05-19,3,pending
DSP-05994,ORD-06051,item_not_received,2026-05-19,12,pending
DSP-05995,ORD-14807,unauthorized_transaction,2026-05-19,24,pending
DSP-05996,ORD-15055,item_not_received,2026-05-19,2,pending
DSP-05997,ORD-04151,unauthorized_transaction,2026-05-19,19,pending
DSP-05998,ORD-03532,not_as_described,2026-05-19,19,pending
DSP-05999,ORD-16204,unauthorized_transaction,2026-05-19,7,pending
DSP-06000,ORD-18024,item_not_received,2026-05-19,20,pending
DSP-06001,ORD-05084,item_not_received,2026-05-19,12,pending
DSP-06002,ORD-07966,item_not_received,2026-05-19,20,pending
DSP-06003,ORD-10246,duplicate_charge,2026-05-19,11,pending
DSP-06004,ORD-04372,item_not_received,2026-05-19,23,pending
DSP-06005,ORD-11711,item_not_received,2026-05-19,10,pending
DSP-06006,ORD-07306,item_not_received,2026-05-19,6,pending
DSP-06007,ORD-07768,item_not_received,2026-05-19,3,pending
DSP-06008,ORD-19940,unauthorized_transaction,2026-05-19,21,pending
DSP-06009,ORD-14360,duplicate_charge,2026-05-19,17,pending
DSP-06010,ORD-09239,unauthorized_transaction,2026-05-19,2,pending
DSP-06011,ORD-02410,item_not_received,2026-05-19,15,pending
DSP-06012,ORD-09956,not_as_described,2026-05-19,18,pending
DSP-06013,ORD-17711,item_not_received,2026-05-19,9,pending
DSP-06014,ORD-02059,item_not_received,2026-05-19,21,pending
DSP-06015,ORD-10672,item_not_received,2026-05-19,8,pending
DSP-06016,ORD-19579,item_not_received,2026-05-19,1,pending
DSP-06017,ORD-13918,not_as_described,2026-05-19,22,pending
DSP-06018,ORD-19734,not_as_described,2026-05-19,20,pending
DSP-06019,ORD-09249,not_as_described,2026-05-19,13,pending
DSP-06020,ORD-09666,not_as_described,2026-05-19,19,pending
DSP-06021,ORD-01587,unauthorized_transaction,2026-05-19,5,pending
DSP-06022,ORD-09865,not_as_described,2026-05-19,15,pending
DSP-06023,ORD-02880,unauthorized_transaction,2026-05-19,7,pending
DSP-06024,ORD-00518,duplicate_charge,2026-05-19,10,pending
DSP-06025,ORD-10757,unauthorized_transaction,2026-05-19,3,pending
DSP-06026,ORD-04663,duplicate_charge,2026-05-20,11,pending
DSP-06027,ORD-18889,unauthorized_transaction,2026-05-20,7,pending
DSP-06028,ORD-06554,not_as_described,2026-05-20,18,pending
DSP-06029,ORD-08264,not_as_described,2026-05-20,18,pending
DSP-06030,ORD-11384,not_as_described,2026-05-20,18,pending
DSP-06031,ORD-17899,not_as_described,2026-05-20,19,pending
DSP-06032,ORD-03745,not_as_described,2026-05-20,23,pending
DSP-06033,ORD-12326,not_as_described,2026-05-20,9,pending
DSP-06034,ORD-08612,unauthorized_transaction,2026-05-20,15,pending
DSP-06035,ORD-06753,not_as_described,2026-05-20,2,pending
DSP-06036,ORD-13219,unauthorized_transaction,2026-05-20,9,pending
DSP-06037,ORD-00889,not_as_described,2026-05-20,24,pending
DSP-06038,ORD-16641,unauthorized_transaction,2026-05-20,12,pending
DSP-06039,ORD-09619,not_as_described,2026-05-20,4,pending
DSP-06040,ORD-10239,duplicate_charge,2026-05-20,2,pending
DSP-06041,ORD-05071,not_as_described,2026-05-20,11,pending
DSP-06042,ORD-02303,unauthorized_transaction,2026-05-20,7,pending
DSP-06043,ORD-04041,not_as_described,2026-05-20,8,pending
DSP-06044,ORD-01689,not_as_described,2026-05-20,10,pending
DSP-06045,ORD-15931,unauthorized_transaction,2026-05-20,18,pending
DSP-06046,ORD-12974,not_as_described,2026-05-20,7,pending
DSP-06047,ORD-03152,unauthorized_transaction,2026-05-20,24,pending
DSP-06048,ORD-19929,not_as_described,2026-05-20,8,pending
DSP-06049,ORD-12192,item_not_received,2026-05-20,6,pending
DSP-06050,ORD-09554,unauthorized_transaction,2026-05-20,14,pending
DSP-06051,ORD-03083,item_not_received,2026-05-20,20,pending
DSP-06052,ORD-16101,not_as_described,2026-05-20,24,pending
DSP-06053,ORD-13978,unauthorized_transaction,2026-05-20,16,pending
DSP-06054,ORD-03831,duplicate_charge,2026-05-20,18,pending
DSP-06055,ORD-09687,duplicate_charge,2026-05-20,20,pending
DSP-06056,ORD-02872,unauthorized_transaction,2026-05-20,3,pending
DSP-06057,ORD-06124,not_as_described,2026-05-20,15,pending
DSP-06058,ORD-02333,not_as_described,2026-05-20,15,pending
DSP-06059,ORD-05286,not_as_described,2026-05-20,15,pending
DSP-06060,ORD-14697,unauthorized_transaction,2026-05-20,11,pending
DSP-06061,ORD-12199,item_not_received,2026-05-20,15,pending
DSP-06062,ORD-02413,item_not_received,2026-05-20,1,pending
DSP-06063,ORD-04644,unauthorized_transaction,2026-05-20,16,pending
DSP-06064,ORD-13302,not_as_described,2026-05-20,20,pending
DSP-06065,ORD-00202,item_not_received,2026-05-20,6,pending
DSP-06066,ORD-09546,not_as_described,2026-05-20,22,pending
DSP-06067,ORD-19306,not_as_described,2026-05-20,13,pending
DSP-06068,ORD-19379,not_as_described,2026-05-20,24,pending
DSP-06069,ORD-06358,item_not_received,2026-05-20,13,pending
DSP-06070,ORD-19621,unauthorized_transaction,2026-05-20,2,pending
DSP-06071,ORD-12776,unauthorized_transaction,2026-05-20,9,pending
DSP-06072,ORD-02243,unauthorized_transaction,2026-05-20,17,pending
DSP-06073,ORD-10984,unauthorized_transaction,2026-05-20,21,pending
DSP-06074,ORD-01809,not_as_described,2026-05-20,19,pending
DSP-06075,ORD-17276,item_not_received,2026-05-20,7,pending
DSP-06076,ORD-02649,unauthorized_transaction,2026-05-20,12,pending
DSP-06077,ORD-10637,item_not_received,2026-05-20,23,pending
DSP-06078,ORD-15713,unauthorized_transaction,2026-05-20,1,pending
DSP-06079,ORD-11105,unauthorized_transaction,2026-05-20,9,pending
DSP-06080,ORD-11494,unauthorized_transaction,2026-05-20,20,pending
DSP-06081,ORD-05554,unauthorized_transaction,2026-05-20,2,pending
DSP-06082,ORD-13564,unauthorized_transaction,2026-05-20,23,pending
DSP-06083,ORD-06280,item_not_received,2026-05-20,24,pending
DSP-06084,ORD-19583,not_as_described,2026-05-20,9,pending
DSP-06085,ORD-03033,not_as_described,2026-05-20,20,pending
DSP-06086,ORD-05058,unauthorized_transaction,2026-05-20,14,pending
DSP-06087,ORD-07692,not_as_described,2026-05-20,4,pending
DSP-06088,ORD-01637,item_not_received,2026-05-20,11,pending
DSP-06089,ORD-05431,not_as_described,2026-05-20,17,pending
DSP-06090,ORD-02098,unauthorized_transaction,2026-05-20,7,pending
DSP-06091,ORD-13776,item_not_received,2026-05-20,7,pending
DSP-06092,ORD-03821,item_not_received,2026-05-20,9,pending
DSP-06093,ORD-02295,item_not_received,2026-05-20,9,pending
DSP-06094,ORD-01917,duplicate_charge,2026-05-20,10,pending
DSP-06095,ORD-14361,not_as_described,2026-05-20,1,pending
DSP-06096,ORD-04015,unauthorized_transaction,2026-05-20,18,pending
DSP-06097,ORD-02755,unauthorized_transaction,2026-05-20,2,pending
DSP-06098,ORD-02420,not_as_described,2026-05-20,13,pending
DSP-06099,ORD-03714,duplicate_charge,2026-05-20,14,pending
DSP-06100,ORD-05973,unauthorized_transaction,2026-05-20,15,pending
DSP-06101,ORD-14290,duplicate_charge,2026-05-20,14,pending
DSP-06102,ORD-14692,not_as_described,2026-05-20,23,pending
DSP-06103,ORD-18393,not_as_described,2026-05-20,16,pending
DSP-06104,ORD-04245,duplicate_charge,2026-05-20,14,pending
DSP-06105,ORD-18980,item_not_received,2026-05-20,3,pending
DSP-06106,ORD-08426,duplicate_charge,2026-05-20,14,pending
DSP-06107,ORD-17106,duplicate_charge,2026-05-20,13,pending
DSP-06108,ORD-11688,not_as_described,2026-05-20,20,pending
DSP-06109,ORD-04492,unauthorized_transaction,2026-05-20,9,pending
DSP-06110,ORD-05061,not_as_described,2026-05-20,4,pending
DSP-06111,ORD-17233,unauthorized_transaction,2026-05-20,20,pending
DSP-06112,ORD-14527,not_as_described,2026-05-20,2,pending
DSP-06113,ORD-02626,item_not_received,2026-05-20,10,pending
DSP-06114,ORD-08991,item_not_received,2026-05-20,14,pending
DSP-06115,ORD-16951,not_as_described,2026-05-20,13,pending
DSP-06116,ORD-04529,not_as_described,2026-05-20,6,pending
DSP-06117,ORD-14017,not_as_described,2026-05-20,19,pending
DSP-06118,ORD-04656,item_not_received,2026-05-20,7,pending
DSP-06119,ORD-08589,duplicate_charge,2026-05-20,22,pending
DSP-06120,ORD-10197,duplicate_charge,2026-05-21,22,pending
DSP-06121,ORD-12539,item_not_received,2026-05-21,7,pending
DSP-06122,ORD-12901,duplicate_charge,2026-05-21,13,pending
DSP-06123,ORD-14345,not_as_described,2026-05-21,14,pending
DSP-06124,ORD-19957,duplicate_charge,2026-05-21,3,pending
DSP-06125,ORD-17345,duplicate_charge,2026-05-21,6,pending
DSP-06126,ORD-11142,unauthorized_transaction,2026-05-21,20,pending
DSP-06127,ORD-12989,unauthorized_transaction,2026-05-21,14,pending
DSP-06128,ORD-15250,not_as_described,2026-05-21,21,pending
DSP-06129,ORD-05657,unauthorized_transaction,2026-05-21,1,pending
DSP-06130,ORD-01036,unauthorized_transaction,2026-05-21,13,pending
DSP-06131,ORD-01446,not_as_described,2026-05-21,5,pending
DSP-06132,ORD-17232,item_not_received,2026-05-21,20,pending
DSP-06133,ORD-10320,unauthorized_transaction,2026-05-21,1,pending
DSP-06134,ORD-05550,not_as_described,2026-05-21,1,pending
DSP-06135,ORD-07536,not_as_described,2026-05-21,5,pending
DSP-06136,ORD-16846,item_not_received,2026-05-21,15,pending
DSP-06137,ORD-18205,not_as_described,2026-05-21,2,pending
DSP-06138,ORD-19339,not_as_described,2026-05-21,1,pending
DSP-06139,ORD-14912,not_as_described,2026-05-21,18,pending
DSP-06140,ORD-06214,unauthorized_transaction,2026-05-21,17,pending
DSP-06141,ORD-08856,unauthorized_transaction,2026-05-21,7,pending
DSP-06142,ORD-10449,unauthorized_transaction,2026-05-21,9,pending
DSP-06143,ORD-15082,not_as_described,2026-05-21,15,pending
DSP-06144,ORD-09488,item_not_received,2026-05-21,8,pending
DSP-06145,ORD-17682,not_as_described,2026-05-21,2,pending
DSP-06146,ORD-19474,item_not_received,2026-05-21,16,pending
DSP-06147,ORD-16827,unauthorized_transaction,2026-05-21,5,pending
DSP-06148,ORD-07998,not_as_described,2026-05-21,4,pending
DSP-06149,ORD-19793,unauthorized_transaction,2026-05-21,15,pending
DSP-06150,ORD-15820,duplicate_charge,2026-05-21,18,pending
DSP-06151,ORD-00473,unauthorized_transaction,2026-05-21,15,pending
DSP-06152,ORD-15069,not_as_described,2026-05-21,22,pending
DSP-06153,ORD-04059,unauthorized_transaction,2026-05-21,19,pending
DSP-06154,ORD-05054,unauthorized_transaction,2026-05-21,21,pending
DSP-06155,ORD-16734,item_not_received,2026-05-21,19,pending
DSP-06156,ORD-16094,item_not_received,2026-05-21,10,pending
DSP-06157,ORD-07285,unauthorized_transaction,2026-05-21,23,pending
DSP-06158,ORD-17874,item_not_received,2026-05-21,21,pending
DSP-06159,ORD-17886,item_not_received,2026-05-21,21,pending
DSP-06160,ORD-15343,not_as_described,2026-05-21,4,pending
DSP-06161,ORD-04214,item_not_received,2026-05-21,10,pending
DSP-06162,ORD-15388,not_as_described,2026-05-21,2,pending
DSP-06163,ORD-05109,not_as_described,2026-05-21,7,pending
DSP-06164,ORD-15529,item_not_received,2026-05-21,16,pending
DSP-06165,ORD-19155,duplicate_charge,2026-05-21,5,pending
DSP-06166,ORD-02064,item_not_received,2026-05-21,12,pending
DSP-06167,ORD-07024,item_not_received,2026-05-21,16,pending
DSP-06168,ORD-03188,not_as_described,2026-05-21,23,pending
DSP-06169,ORD-19420,unauthorized_transaction,2026-05-21,3,pending
DSP-06170,ORD-07376,unauthorized_transaction,2026-05-21,21,pending
DSP-06171,ORD-10848,unauthorized_transaction,2026-05-21,12,pending
DSP-06172,ORD-10956,duplicate_charge,2026-05-21,8,pending
DSP-06173,ORD-15444,item_not_received,2026-05-21,3,pending
DSP-06174,ORD-01661,item_not_received,2026-05-21,14,pending
DSP-06175,ORD-18900,item_not_received,2026-05-21,23,pending
DSP-06176,ORD-02427,item_not_received,2026-05-21,14,pending
DSP-06177,ORD-19088,unauthorized_transaction,2026-05-21,23,pending
DSP-06178,ORD-04560,item_not_received,2026-05-21,24,pending
DSP-06179,ORD-00359,unauthorized_transaction,2026-05-21,2,pending
DSP-06180,ORD-09164,item_not_received,2026-05-21,24,pending
DSP-06181,ORD-19442,unauthorized_transaction,2026-05-21,10,pending
DSP-06182,ORD-09495,duplicate_charge,2026-05-21,7,pending
DSP-06183,ORD-11295,not_as_described,2026-05-21,20,pending
DSP-06184,ORD-19881,unauthorized_transaction,2026-05-21,22,pending
DSP-06185,ORD-08505,not_as_described,2026-05-21,24,pending
DSP-06186,ORD-09813,unauthorized_transaction,2026-05-21,24,pending
DSP-06187,ORD-10564,not_as_described,2026-05-21,13,pending
DSP-06188,ORD-04476,duplicate_charge,2026-05-21,22,pending
DSP-06189,ORD-08359,item_not_received,2026-05-21,1,pending
DSP-06190,ORD-02966,not_as_described,2026-05-21,4,pending
DSP-06191,ORD-01347,unauthorized_transaction,2026-05-21,8,pending
DSP-06192,ORD-06462,not_as_described,2026-05-21,19,pending
DSP-06193,ORD-01503,not_as_described,2026-05-21,6,pending
DSP-06194,ORD-06346,not_as_described,2026-05-21,19,pending
DSP-06195,ORD-02917,not_as_described,2026-05-21,22,pending
DSP-06196,ORD-00557,not_as_described,2026-05-21,15,pending
DSP-06197,ORD-11481,item_not_received,2026-05-21,21,pending
DSP-06198,ORD-18092,item_not_received,2026-05-21,19,pending
DSP-06199,ORD-10857,unauthorized_transaction,2026-05-21,5,pending
DSP-06200,ORD-13142,duplicate_charge,2026-05-21,16,pending
DSP-06201,ORD-15623,item_not_received,2026-05-21,7,pending
DSP-06202,ORD-14814,unauthorized_transaction,2026-05-21,18,pending
DSP-06203,ORD-14036,unauthorized_transaction,2026-05-21,5,pending
DSP-06204,ORD-14764,not_as_described,2026-05-21,17,pending
DSP-06205,ORD-14509,item_not_received,2026-05-21,12,pending
DSP-06206,ORD-19714,item_not_received,2026-05-21,14,pending
DSP-06207,ORD-16387,unauthorized_transaction,2026-05-21,16,pending
DSP-06208,ORD-13581,item_not_received,2026-05-21,4,pending
DSP-06209,ORD-10390,unauthorized_transaction,2026-05-21,10,pending
DSP-06210,ORD-17543,unauthorized_transaction,2026-05-21,9,pending
DSP-06211,ORD-05330,item_not_received,2026-05-21,22,pending
DSP-06212,ORD-14163,item_not_received,2026-05-21,11,pending
DSP-06213,ORD-09254,duplicate_charge,2026-05-21,5,pending
DSP-06214,ORD-03420,item_not_received,2026-05-21,15,pending
DSP-06215,ORD-14863,unauthorized_transaction,2026-05-21,10,pending
DSP-06216,ORD-06822,duplicate_charge,2026-05-21,10,pending
DSP-06217,ORD-13596,not_as_described,2026-05-21,4,pending
DSP-06218,ORD-16878,item_not_received,2026-05-21,12,pending
DSP-06219,ORD-05367,item_not_received,2026-05-21,13,pending
DSP-06220,ORD-05532,unauthorized_transaction,2026-05-21,11,pending
DSP-06221,ORD-07988,not_as_described,2026-05-21,3,pending
DSP-06222,ORD-06361,not_as_described,2026-05-21,24,pending
DSP-06223,ORD-10131,not_as_described,2026-05-22,24,pending
DSP-06224,ORD-08276,item_not_received,2026-05-22,9,pending
DSP-06225,ORD-00457,unauthorized_transaction,2026-05-22,13,pending
DSP-06226,ORD-10135,not_as_described,2026-05-22,1,pending
DSP-06227,ORD-03963,item_not_received,2026-05-22,6,pending
DSP-06228,ORD-13781,unauthorized_transaction,2026-05-22,18,pending
DSP-06229,ORD-06058,unauthorized_transaction,2026-05-22,9,pending
DSP-06230,ORD-17034,item_not_received,2026-05-22,13,pending
DSP-06231,ORD-02416,duplicate_charge,2026-05-22,11,pending
DSP-06232,ORD-12436,unauthorized_transaction,2026-05-22,4,pending
DSP-06233,ORD-09886,duplicate_charge,2026-05-22,5,pending
DSP-06234,ORD-02812,duplicate_charge,2026-05-22,18,pending
DSP-06235,ORD-07481,unauthorized_transaction,2026-05-22,21,pending
DSP-06236,ORD-15670,item_not_received,2026-05-22,2,pending
DSP-06237,ORD-17014,not_as_described,2026-05-22,15,pending
DSP-06238,ORD-19156,unauthorized_transaction,2026-05-22,1,pending
DSP-06239,ORD-07910,not_as_described,2026-05-22,4,pending
DSP-06240,ORD-03040,unauthorized_transaction,2026-05-22,3,pending
DSP-06241,ORD-03535,not_as_described,2026-05-22,4,pending
DSP-06242,ORD-03387,not_as_described,2026-05-22,9,pending
DSP-06243,ORD-16004,item_not_received,2026-05-22,17,pending
DSP-06244,ORD-02391,item_not_received,2026-05-22,15,pending
DSP-06245,ORD-12059,duplicate_charge,2026-05-22,23,pending
DSP-06246,ORD-00732,item_not_received,2026-05-22,10,pending
DSP-06247,ORD-15211,unauthorized_transaction,2026-05-22,8,pending
DSP-06248,ORD-19537,item_not_received,2026-05-22,13,pending
DSP-06249,ORD-01111,item_not_received,2026-05-22,6,pending
DSP-06250,ORD-05526,duplicate_charge,2026-05-22,21,pending
DSP-06251,ORD-11996,item_not_received,2026-05-22,4,pending
DSP-06252,ORD-18652,not_as_described,2026-05-22,23,pending
DSP-06253,ORD-01489,item_not_received,2026-05-22,9,pending
DSP-06254,ORD-19786,item_not_received,2026-05-22,16,pending
DSP-06255,ORD-04688,item_not_received,2026-05-22,24,pending
DSP-06256,ORD-17572,item_not_received,2026-05-22,4,pending
DSP-06257,ORD-05368,duplicate_charge,2026-05-22,18,pending
DSP-06258,ORD-05129,not_as_described,2026-05-22,10,pending
DSP-06259,ORD-11055,item_not_received,2026-05-22,6,pending
DSP-06260,ORD-13026,not_as_described,2026-05-22,12,pending
DSP-06261,ORD-19652,duplicate_charge,2026-05-22,23,pending
DSP-06262,ORD-16531,not_as_described,2026-05-22,10,pending
DSP-06263,ORD-05185,not_as_described,2026-05-22,12,pending
DSP-06264,ORD-08608,duplicate_charge,2026-05-22,13,pending
DSP-06265,ORD-05762,duplicate_charge,2026-05-22,18,pending
DSP-06266,ORD-12696,duplicate_charge,2026-05-22,5,pending
DSP-06267,ORD-05053,unauthorized_transaction,2026-05-22,17,pending
DSP-06268,ORD-17333,unauthorized_transaction,2026-05-22,3,pending
DSP-06269,ORD-07896,unauthorized_transaction,2026-05-22,19,pending
DSP-06270,ORD-17664,not_as_described,2026-05-22,2,pending
DSP-06271,ORD-14921,item_not_received,2026-05-22,10,pending
DSP-06272,ORD-06723,not_as_described,2026-05-22,22,pending
DSP-06273,ORD-08045,not_as_described,2026-05-22,16,pending
DSP-06274,ORD-01377,unauthorized_transaction,2026-05-22,2,pending
DSP-06275,ORD-12265,not_as_described,2026-05-22,5,pending
DSP-06276,ORD-10961,item_not_received,2026-05-22,8,pending
DSP-06277,ORD-12171,item_not_received,2026-05-22,12,pending
DSP-06278,ORD-18632,not_as_described,2026-05-22,24,pending
DSP-06279,ORD-07893,unauthorized_transaction,2026-05-22,23,pending
DSP-06280,ORD-02044,not_as_described,2026-05-22,13,pending
DSP-06281,ORD-07750,item_not_received,2026-05-22,17,pending
DSP-06282,ORD-09475,item_not_received,2026-05-22,7,pending
DSP-06283,ORD-05651,unauthorized_transaction,2026-05-22,1,pending
DSP-06284,ORD-15369,unauthorized_transaction,2026-05-22,5,pending
DSP-06285,ORD-08401,item_not_received,2026-05-22,22,pending
DSP-06286,ORD-08726,unauthorized_transaction,2026-05-22,2,pending
DSP-06287,ORD-07222,duplicate_charge,2026-05-22,14,pending
DSP-06288,ORD-15462,item_not_received,2026-05-22,16,pending
DSP-06289,ORD-04407,duplicate_charge,2026-05-22,7,pending
DSP-06290,ORD-09340,item_not_received,2026-05-22,8,pending
DSP-06291,ORD-13035,unauthorized_transaction,2026-05-22,22,pending
DSP-06292,ORD-15137,item_not_received,2026-05-22,2,pending
DSP-06293,ORD-03902,unauthorized_transaction,2026-05-22,2,pending
DSP-06294,ORD-05511,item_not_received,2026-05-22,8,pending
DSP-06295,ORD-06244,item_not_received,2026-05-22,24,pending
DSP-06296,ORD-08557,not_as_described,2026-05-22,23,pending
DSP-06297,ORD-17753,not_as_described,2026-05-22,22,pending
DSP-06298,ORD-03927,item_not_received,2026-05-22,3,pending
DSP-06299,ORD-14454,item_not_received,2026-05-22,13,pending
DSP-06300,ORD-08211,item_not_received,2026-05-22,20,pending
DSP-06301,ORD-06230,not_as_described,2026-05-22,13,pending
DSP-06302,ORD-01805,not_as_described,2026-05-22,17,pending
DSP-06303,ORD-02028,not_as_described,2026-05-22,3,pending
DSP-06304,ORD-06644,not_as_described,2026-05-22,5,pending
DSP-06305,ORD-13834,not_as_described,2026-05-22,8,pending
DSP-06306,ORD-06786,unauthorized_transaction,2026-05-22,22,pending
DSP-06307,ORD-17224,item_not_received,2026-05-22,22,pending
DSP-06308,ORD-13735,duplicate_charge,2026-05-22,9,pending
DSP-06309,ORD-08135,not_as_described,2026-05-22,19,pending
DSP-06310,ORD-07782,item_not_received,2026-05-22,18,pending
DSP-06311,ORD-01256,item_not_received,2026-05-22,24,pending
DSP-06312,ORD-06021,duplicate_charge,2026-05-22,19,pending
DSP-06313,ORD-02279,not_as_described,2026-05-22,17,pending
DSP-06314,ORD-09867,unauthorized_transaction,2026-05-22,3,pending
DSP-06315,ORD-11466,item_not_received,2026-05-22,2,pending
DSP-06316,ORD-13671,not_as_described,2026-05-22,11,pending
DSP-06317,ORD-01786,duplicate_charge,2026-05-22,2,pending
DSP-06318,ORD-06463,not_as_described,2026-05-22,9,pending
DSP-06319,ORD-04682,not_as_described,2026-05-22,21,pending
DSP-06320,ORD-09622,not_as_described,2026-05-22,17,pending
DSP-06321,ORD-12426,unauthorized_transaction,2026-05-22,9,pending
DSP-06322,ORD-00391,item_not_received,2026-05-22,14,pending
DSP-06323,ORD-06618,item_not_received,2026-05-23,4,pending
DSP-06324,ORD-16386,unauthorized_transaction,2026-05-23,8,pending
DSP-06325,ORD-06453,item_not_received,2026-05-23,20,pending
DSP-06326,ORD-03968,unauthorized_transaction,2026-05-23,12,pending
DSP-06327,ORD-06782,unauthorized_transaction,2026-05-23,5,pending
DSP-06328,ORD-17857,unauthorized_transaction,2026-05-23,20,pending
DSP-06329,ORD-07438,item_not_received,2026-05-23,19,pending
DSP-06330,ORD-13576,item_not_received,2026-05-23,22,pending
DSP-06331,ORD-05137,item_not_received,2026-05-23,17,pending
DSP-06332,ORD-17461,unauthorized_transaction,2026-05-23,10,pending
DSP-06333,ORD-03914,item_not_received,2026-05-23,11,pending
DSP-06334,ORD-00973,unauthorized_transaction,2026-05-23,5,pending
DSP-06335,ORD-07444,duplicate_charge,2026-05-23,6,pending
DSP-06336,ORD-05821,item_not_received,2026-05-23,14,pending
DSP-06337,ORD-06438,item_not_received,2026-05-23,4,pending
DSP-06338,ORD-00470,not_as_described,2026-05-23,17,pending
DSP-06339,ORD-11176,item_not_received,2026-05-23,22,pending
DSP-06340,ORD-00892,not_as_described,2026-05-23,8,pending
DSP-06341,ORD-02738,not_as_described,2026-05-23,17,pending
DSP-06342,ORD-00904,not_as_described,2026-05-23,24,pending
DSP-06343,ORD-01141,unauthorized_transaction,2026-05-23,24,pending
DSP-06344,ORD-18417,not_as_described,2026-05-23,2,pending
DSP-06345,ORD-13644,not_as_described,2026-05-23,23,pending
DSP-06346,ORD-18895,not_as_described,2026-05-23,6,pending
DSP-06347,ORD-09163,not_as_described,2026-05-23,2,pending
DSP-06348,ORD-06779,duplicate_charge,2026-05-23,8,pending
DSP-06349,ORD-19760,item_not_received,2026-05-23,19,pending
DSP-06350,ORD-09005,unauthorized_transaction,2026-05-23,19,pending
DSP-06351,ORD-10879,duplicate_charge,2026-05-23,12,pending
DSP-06352,ORD-08988,item_not_received,2026-05-23,12,pending
DSP-06353,ORD-13086,duplicate_charge,2026-05-23,10,pending
DSP-06354,ORD-01092,item_not_received,2026-05-23,20,pending
DSP-06355,ORD-19417,unauthorized_transaction,2026-05-23,19,pending
DSP-06356,ORD-01065,not_as_described,2026-05-23,17,pending
DSP-06357,ORD-10220,not_as_described,2026-05-23,18,pending
DSP-06358,ORD-03808,item_not_received,2026-05-23,23,pending
DSP-06359,ORD-04302,item_not_received,2026-05-23,18,pending
DSP-06360,ORD-05788,unauthorized_transaction,2026-05-23,5,pending
DSP-06361,ORD-01818,not_as_described,2026-05-23,1,pending
DSP-06362,ORD-08885,unauthorized_transaction,2026-05-23,11,pending
DSP-06363,ORD-07455,item_not_received,2026-05-23,7,pending
DSP-06364,ORD-08806,duplicate_charge,2026-05-23,14,pending
DSP-06365,ORD-02267,item_not_received,2026-05-23,2,pending
DSP-06366,ORD-17267,item_not_received,2026-05-23,5,pending
DSP-06367,ORD-01530,not_as_described,2026-05-23,21,pending
DSP-06368,ORD-15759,not_as_described,2026-05-23,3,pending
DSP-06369,ORD-05565,duplicate_charge,2026-05-23,17,pending
DSP-06370,ORD-13360,duplicate_charge,2026-05-23,24,pending
DSP-06371,ORD-11516,unauthorized_transaction,2026-05-23,18,pending
DSP-06372,ORD-11536,not_as_described,2026-05-23,23,pending
DSP-06373,ORD-07082,unauthorized_transaction,2026-05-23,13,pending
DSP-06374,ORD-10941,item_not_received,2026-05-23,7,pending
DSP-06375,ORD-07981,unauthorized_transaction,2026-05-23,11,pending
DSP-06376,ORD-18642,item_not_received,2026-05-23,19,pending
DSP-06377,ORD-02820,not_as_described,2026-05-23,4,pending
DSP-06378,ORD-17484,not_as_described,2026-05-23,5,pending
DSP-06379,ORD-05868,not_as_described,2026-05-23,9,pending
DSP-06380,ORD-07093,item_not_received,2026-05-23,17,pending
DSP-06381,ORD-05620,not_as_described,2026-05-23,10,pending
DSP-06382,ORD-06378,not_as_described,2026-05-23,15,pending
DSP-06383,ORD-16535,not_as_described,2026-05-23,24,pending
DSP-06384,ORD-19322,item_not_received,2026-05-23,3,pending
DSP-06385,ORD-10218,not_as_described,2026-05-23,3,pending
DSP-06386,ORD-11064,unauthorized_transaction,2026-05-23,17,pending
DSP-06387,ORD-04025,unauthorized_transaction,2026-05-23,6,pending
DSP-06388,ORD-12294,item_not_received,2026-05-23,8,pending
DSP-06389,ORD-07138,unauthorized_transaction,2026-05-23,14,pending
DSP-06390,ORD-03598,unauthorized_transaction,2026-05-23,5,pending
DSP-06391,ORD-06899,duplicate_charge,2026-05-23,12,pending
DSP-06392,ORD-13470,not_as_described,2026-05-23,1,pending
DSP-06393,ORD-18050,duplicate_charge,2026-05-23,11,pending
DSP-06394,ORD-12554,not_as_described,2026-05-23,14,pending
DSP-06395,ORD-15776,not_as_described,2026-05-23,6,pending
DSP-06396,ORD-19368,duplicate_charge,2026-05-23,9,pending
DSP-06397,ORD-08697,item_not_received,2026-05-23,8,pending
DSP-06398,ORD-08032,item_not_received,2026-05-23,2,pending
DSP-06399,ORD-13349,not_as_described,2026-05-23,8,pending
DSP-06400,ORD-16960,not_as_described,2026-05-23,23,pending
DSP-06401,ORD-08185,not_as_described,2026-05-23,15,pending
DSP-06402,ORD-10387,item_not_received,2026-05-23,24,pending
DSP-06403,ORD-17627,duplicate_charge,2026-05-23,2,pending
DSP-06404,ORD-02867,not_as_described,2026-05-23,2,pending
DSP-06405,ORD-00304,unauthorized_transaction,2026-05-23,5,pending
DSP-06406,ORD-10260,item_not_received,2026-05-23,10,pending
DSP-06407,ORD-12459,unauthorized_transaction,2026-05-23,5,pending
DSP-06408,ORD-08981,item_not_received,2026-05-23,4,pending
DSP-06409,ORD-08866,item_not_received,2026-05-23,12,pending
DSP-06410,ORD-06770,item_not_received,2026-05-23,7,pending
DSP-06411,ORD-14876,duplicate_charge,2026-05-23,20,pending
DSP-06412,ORD-11482,item_not_received,2026-05-23,15,pending
DSP-06413,ORD-11245,not_as_described,2026-05-23,20,pending
DSP-06414,ORD-09578,duplicate_charge,2026-05-23,7,pending
DSP-06415,ORD-07772,unauthorized_transaction,2026-05-23,6,pending
DSP-06416,ORD-13173,duplicate_charge,2026-05-23,19,pending
DSP-06417,ORD-05229,unauthorized_transaction,2026-05-23,21,pending
DSP-06418,ORD-15337,duplicate_charge,2026-05-23,20,pending
DSP-06419,ORD-16374,unauthorized_transaction,2026-05-23,24,pending
DSP-06420,ORD-00640,item_not_received,2026-05-23,7,pending
DSP-06421,ORD-18817,unauthorized_transaction,2026-05-23,12,pending
DSP-06422,ORD-10081,item_not_received,2026-05-23,3,pending
DSP-06423,ORD-00983,not_as_described,2026-05-23,2,pending
DSP-06424,ORD-18926,item_not_received,2026-05-23,17,pending
DSP-06425,ORD-11649,unauthorized_transaction,2026-05-23,20,pending
DSP-06426,ORD-12158,item_not_received,2026-05-23,21,pending
DSP-06427,ORD-03238,not_as_described,2026-05-23,13,pending
DSP-06428,ORD-09532,not_as_described,2026-05-23,2,pending
DSP-06429,ORD-19342,not_as_described,2026-05-23,20,pending
DSP-06430,ORD-01203,item_not_received,2026-05-23,23,pending
DSP-06431,ORD-04756,item_not_received,2026-05-23,13,pending
DSP-06432,ORD-03063,duplicate_charge,2026-05-23,11,pending
DSP-06433,ORD-17194,item_not_received,2026-05-23,21,pending
DSP-06434,ORD-06761,unauthorized_transaction,2026-05-23,7,pending
DSP-06435,ORD-18324,item_not_received,2026-05-23,20,pending
DSP-06436,ORD-18527,duplicate_charge,2026-05-23,16,pending
DSP-06437,ORD-19429,item_not_received,2026-05-23,2,pending
DSP-06438,ORD-04146,item_not_received,2026-05-23,8,pending
DSP-06439,ORD-06511,unauthorized_transaction,2026-05-23,1,pending
DSP-06440,ORD-02825,unauthorized_transaction,2026-05-24,21,pending
DSP-06441,ORD-10335,not_as_described,2026-05-24,14,pending
DSP-06442,ORD-13064,not_as_described,2026-05-24,4,pending
DSP-06443,ORD-15374,unauthorized_transaction,2026-05-24,23,pending
DSP-06444,ORD-14967,not_as_described,2026-05-24,5,pending
DSP-06445,ORD-18001,not_as_described,2026-05-24,3,pending
DSP-06446,ORD-08797,item_not_received,2026-05-24,23,pending
DSP-06447,ORD-02661,duplicate_charge,2026-05-24,1,pending
DSP-06448,ORD-06287,unauthorized_transaction,2026-05-24,23,pending
DSP-06449,ORD-06687,duplicate_charge,2026-05-24,13,pending
DSP-06450,ORD-12567,unauthorized_transaction,2026-05-24,3,pending
DSP-06451,ORD-17776,unauthorized_transaction,2026-05-24,14,pending
DSP-06452,ORD-16812,not_as_described,2026-05-24,4,pending
DSP-06453,ORD-06697,not_as_described,2026-05-24,1,pending
DSP-06454,ORD-15385,unauthorized_transaction,2026-05-24,22,pending
DSP-06455,ORD-16465,unauthorized_transaction,2026-05-24,7,pending
DSP-06456,ORD-12769,item_not_received,2026-05-24,9,pending
DSP-06457,ORD-01277,not_as_described,2026-05-24,19,pending
DSP-06458,ORD-01355,unauthorized_transaction,2026-05-24,3,pending
DSP-06459,ORD-08162,not_as_described,2026-05-24,1,pending
DSP-06460,ORD-17457,not_as_described,2026-05-24,4,pending
DSP-06461,ORD-03058,duplicate_charge,2026-05-24,2,pending
DSP-06462,ORD-14667,not_as_described,2026-05-24,7,pending
DSP-06463,ORD-00016,not_as_described,2026-05-24,7,pending
DSP-06464,ORD-01755,item_not_received,2026-05-24,13,pending
DSP-06465,ORD-02975,not_as_described,2026-05-24,2,pending
DSP-06466,ORD-19761,not_as_described,2026-05-24,2,pending
DSP-06467,ORD-12056,not_as_described,2026-05-24,19,pending
DSP-06468,ORD-00736,item_not_received,2026-05-24,10,pending
DSP-06469,ORD-06831,item_not_received,2026-05-24,1,pending
DSP-06470,ORD-18520,duplicate_charge,2026-05-24,11,pending
DSP-06471,ORD-11499,unauthorized_transaction,2026-05-24,23,pending
DSP-06472,ORD-13194,not_as_described,2026-05-24,6,pending
DSP-06473,ORD-10499,duplicate_charge,2026-05-24,16,pending
DSP-06474,ORD-15724,not_as_described,2026-05-24,22,pending
DSP-06475,ORD-16858,item_not_received,2026-05-24,10,pending
DSP-06476,ORD-14859,item_not_received,2026-05-24,18,pending
DSP-06477,ORD-11211,item_not_received,2026-05-24,24,pending
DSP-06478,ORD-09505,not_as_described,2026-05-24,6,pending
DSP-06479,ORD-07051,not_as_described,2026-05-24,3,pending
DSP-06480,ORD-11448,item_not_received,2026-05-24,13,pending
DSP-06481,ORD-00462,not_as_described,2026-05-24,7,pending
DSP-06482,ORD-16659,not_as_described,2026-05-24,5,pending
DSP-06483,ORD-03712,unauthorized_transaction,2026-05-24,5,pending
DSP-06484,ORD-17474,not_as_described,2026-05-24,22,pending
DSP-06485,ORD-19463,item_not_received,2026-05-24,22,pending
DSP-06486,ORD-11746,duplicate_charge,2026-05-24,21,pending
DSP-06487,ORD-07579,item_not_received,2026-05-24,24,pending
DSP-06488,ORD-16517,not_as_described,2026-05-24,22,pending
DSP-06489,ORD-10097,not_as_described,2026-05-24,13,pending
DSP-06490,ORD-11513,unauthorized_transaction,2026-05-24,21,pending
DSP-06491,ORD-12424,unauthorized_transaction,2026-05-24,20,pending
DSP-06492,ORD-06328,duplicate_charge,2026-05-24,4,pending
DSP-06493,ORD-00813,not_as_described,2026-05-24,24,pending
DSP-06494,ORD-02513,not_as_described,2026-05-24,15,pending
DSP-06495,ORD-01393,unauthorized_transaction,2026-05-24,12,pending
DSP-06496,ORD-01183,item_not_received,2026-05-24,17,pending
DSP-06497,ORD-08067,item_not_received,2026-05-24,20,pending
DSP-06498,ORD-18272,unauthorized_transaction,2026-05-24,7,pending
DSP-06499,ORD-03950,not_as_described,2026-05-24,23,pending
DSP-06500,ORD-17907,not_as_described,2026-05-24,4,pending
DSP-06501,ORD-12526,not_as_described,2026-05-24,23,pending
DSP-06502,ORD-01562,duplicate_charge,2026-05-24,8,pending
DSP-06503,ORD-12100,unauthorized_transaction,2026-05-24,1,pending
DSP-06504,ORD-16955,duplicate_charge,2026-05-24,7,pending
DSP-06505,ORD-13365,item_not_received,2026-05-24,17,pending
DSP-06506,ORD-15335,duplicate_charge,2026-05-24,9,pending
DSP-06507,ORD-16984,item_not_received,2026-05-24,14,pending
DSP-06508,ORD-08684,unauthorized_transaction,2026-05-24,2,pending
DSP-06509,ORD-15755,item_not_received,2026-05-24,1,pending
DSP-06510,ORD-16873,duplicate_charge,2026-05-24,10,pending
DSP-06511,ORD-15429,not_as_described,2026-05-24,23,pending
DSP-06512,ORD-13097,unauthorized_transaction,2026-05-24,6,pending
DSP-06513,ORD-04033,unauthorized_transaction,2026-05-24,20,pending
DSP-06514,ORD-10983,not_as_described,2026-05-24,1,pending
DSP-06515,ORD-15040,unauthorized_transaction,2026-05-24,3,pending
DSP-06516,ORD-04675,not_as_described,2026-05-24,17,pending
DSP-06517,ORD-10952,duplicate_charge,2026-05-24,19,pending
DSP-06518,ORD-10473,duplicate_charge,2026-05-24,11,pending
DSP-06519,ORD-10785,not_as_described,2026-05-24,3,pending
DSP-06520,ORD-09849,item_not_received,2026-05-24,19,pending
DSP-06521,ORD-03034,not_as_described,2026-05-24,14,pending
DSP-06522,ORD-04435,unauthorized_transaction,2026-05-24,1,pending
DSP-06523,ORD-17307,item_not_received,2026-05-24,16,pending
DSP-06524,ORD-06033,unauthorized_transaction,2026-05-24,8,pending
DSP-06525,ORD-09569,item_not_received,2026-05-24,6,pending
DSP-06526,ORD-07393,item_not_received,2026-05-24,21,pending
DSP-06527,ORD-11835,item_not_received,2026-05-24,19,pending
DSP-06528,ORD-12134,unauthorized_transaction,2026-05-25,9,pending
DSP-06529,ORD-16748,not_as_described,2026-05-25,7,pending
DSP-06530,ORD-12408,unauthorized_transaction,2026-05-25,3,pending
DSP-06531,ORD-15379,unauthorized_transaction,2026-05-25,1,pending
DSP-06532,ORD-07372,item_not_received,2026-05-25,13,pending
DSP-06533,ORD-16877,not_as_described,2026-05-25,19,pending
DSP-06534,ORD-15864,item_not_received,2026-05-25,14,pending
DSP-06535,ORD-07756,not_as_described,2026-05-25,12,pending
DSP-06536,ORD-12629,duplicate_charge,2026-05-25,2,pending
DSP-06537,ORD-06285,item_not_received,2026-05-25,19,pending
DSP-06538,ORD-09364,duplicate_charge,2026-05-25,22,pending
DSP-06539,ORD-11140,item_not_received,2026-05-25,7,pending
DSP-06540,ORD-02336,not_as_described,2026-05-25,15,pending
DSP-06541,ORD-07238,not_as_described,2026-05-25,3,pending
DSP-06542,ORD-07587,unauthorized_transaction,2026-05-25,8,pending
DSP-06543,ORD-14324,duplicate_charge,2026-05-25,14,pending
DSP-06544,ORD-18026,item_not_received,2026-05-25,18,pending
DSP-06545,ORD-11220,item_not_received,2026-05-25,2,pending
DSP-06546,ORD-09220,not_as_described,2026-05-25,7,pending
DSP-06547,ORD-12020,not_as_described,2026-05-25,10,pending
DSP-06548,ORD-05610,item_not_received,2026-05-25,6,pending
DSP-06549,ORD-14670,item_not_received,2026-05-25,15,pending
DSP-06550,ORD-14340,not_as_described,2026-05-25,14,pending
DSP-06551,ORD-03737,unauthorized_transaction,2026-05-25,7,pending
DSP-06552,ORD-01597,not_as_described,2026-05-25,18,pending
DSP-06553,ORD-01498,not_as_described,2026-05-25,9,pending
DSP-06554,ORD-10726,item_not_received,2026-05-25,5,pending
DSP-06555,ORD-07849,duplicate_charge,2026-05-25,16,pending
DSP-06556,ORD-00626,unauthorized_transaction,2026-05-25,21,pending
DSP-06557,ORD-18505,item_not_received,2026-05-25,14,pending
DSP-06558,ORD-10496,duplicate_charge,2026-05-25,24,pending
DSP-06559,ORD-07140,not_as_described,2026-05-25,14,pending
DSP-06560,ORD-17940,unauthorized_transaction,2026-05-25,2,pending
DSP-06561,ORD-03992,duplicate_charge,2026-05-25,7,pending
DSP-06562,ORD-19752,unauthorized_transaction,2026-05-25,22,pending
DSP-06563,ORD-11845,duplicate_charge,2026-05-25,21,pending
DSP-06564,ORD-00961,not_as_described,2026-05-25,14,pending
DSP-06565,ORD-03369,not_as_described,2026-05-25,16,pending
DSP-06566,ORD-06130,unauthorized_transaction,2026-05-25,11,pending
DSP-06567,ORD-13954,duplicate_charge,2026-05-25,14,pending
DSP-06568,ORD-00078,item_not_received,2026-05-25,21,pending
DSP-06569,ORD-14944,item_not_received,2026-05-25,22,pending
DSP-06570,ORD-07672,duplicate_charge,2026-05-25,9,pending
DSP-06571,ORD-07538,unauthorized_transaction,2026-05-25,24,pending
DSP-06572,ORD-18881,unauthorized_transaction,2026-05-25,6,pending
DSP-06573,ORD-01602,unauthorized_transaction,2026-05-25,23,pending
DSP-06574,ORD-10723,not_as_described,2026-05-25,12,pending
DSP-06575,ORD-10528,item_not_received,2026-05-25,24,pending
DSP-06576,ORD-10846,duplicate_charge,2026-05-25,6,pending
DSP-06577,ORD-17070,item_not_received,2026-05-25,7,pending
DSP-06578,ORD-13868,unauthorized_transaction,2026-05-25,24,pending
DSP-06579,ORD-10854,not_as_described,2026-05-25,23,pending
DSP-06580,ORD-03850,item_not_received,2026-05-25,8,pending
DSP-06581,ORD-17807,not_as_described,2026-05-25,13,pending
DSP-06582,ORD-19253,item_not_received,2026-05-25,24,pending
DSP-06583,ORD-16662,duplicate_charge,2026-05-25,13,pending
DSP-06584,ORD-14557,not_as_described,2026-05-25,24,pending
DSP-06585,ORD-02216,not_as_described,2026-05-25,12,pending
DSP-06586,ORD-00710,item_not_received,2026-05-25,7,pending
DSP-06587,ORD-01096,duplicate_charge,2026-05-25,6,pending
DSP-06588,ORD-04243,item_not_received,2026-05-25,3,pending
DSP-06589,ORD-08669,not_as_described,2026-05-25,7,pending
DSP-06590,ORD-02280,duplicate_charge,2026-05-25,21,pending
DSP-06591,ORD-13051,unauthorized_transaction,2026-05-25,9,pending
DSP-06592,ORD-17587,not_as_described,2026-05-25,16,pending
DSP-06593,ORD-05158,unauthorized_transaction,2026-05-25,10,pending
DSP-06594,ORD-12075,item_not_received,2026-05-25,17,pending
DSP-06595,ORD-01262,item_not_received,2026-05-25,4,pending
DSP-06596,ORD-03234,item_not_received,2026-05-25,16,pending
DSP-06597,ORD-07940,not_as_described,2026-05-25,4,pending
DSP-06598,ORD-18877,duplicate_charge,2026-05-25,14,pending
DSP-06599,ORD-14938,item_not_received,2026-05-25,3,pending
DSP-06600,ORD-07394,item_not_received,2026-05-25,1,pending
DSP-06601,ORD-02986,unauthorized_transaction,2026-05-25,11,pending
DSP-06602,ORD-06999,not_as_described,2026-05-25,9,pending
DSP-06603,ORD-10445,item_not_received,2026-05-25,18,pending
DSP-06604,ORD-17999,not_as_described,2026-05-25,24,pending
DSP-06605,ORD-10519,item_not_received,2026-05-25,14,pending
DSP-06606,ORD-11684,item_not_received,2026-05-25,20,pending
DSP-06607,ORD-02357,not_as_described,2026-05-25,24,pending
DSP-06608,ORD-10301,not_as_described,2026-05-25,19,pending
DSP-06609,ORD-08537,duplicate_charge,2026-05-25,6,pending
DSP-06610,ORD-01308,item_not_received,2026-05-25,12,pending
DSP-06611,ORD-07266,unauthorized_transaction,2026-05-25,24,pending
DSP-06612,ORD-04681,not_as_described,2026-05-25,8,pending
DSP-06613,ORD-04586,duplicate_charge,2026-05-26,16,pending
DSP-06614,ORD-19535,unauthorized_transaction,2026-05-26,16,pending
DSP-06615,ORD-04163,item_not_received,2026-05-26,8,pending
DSP-06616,ORD-15550,item_not_received,2026-05-26,2,pending
DSP-06617,ORD-09584,unauthorized_transaction,2026-05-26,11,pending
DSP-06618,ORD-04216,unauthorized_transaction,2026-05-26,20,pending
DSP-06619,ORD-05065,not_as_described,2026-05-26,4,pending
DSP-06620,ORD-01470,item_not_received,2026-05-26,8,pending
DSP-06621,ORD-19514,not_as_described,2026-05-26,21,pending
DSP-06622,ORD-03811,unauthorized_transaction,2026-05-26,9,pending
DSP-06623,ORD-09837,unauthorized_transaction,2026-05-26,5,pending
DSP-06624,ORD-09278,item_not_received,2026-05-26,19,pending
DSP-06625,ORD-01448,item_not_received,2026-05-26,24,pending
DSP-06626,ORD-01341,duplicate_charge,2026-05-26,22,pending
DSP-06627,ORD-00400,item_not_received,2026-05-26,18,pending
DSP-06628,ORD-06568,unauthorized_transaction,2026-05-26,21,pending
DSP-06629,ORD-08189,not_as_described,2026-05-26,6,pending
DSP-06630,ORD-19787,unauthorized_transaction,2026-05-26,23,pending
DSP-06631,ORD-03122,not_as_described,2026-05-26,10,pending
DSP-06632,ORD-17515,item_not_received,2026-05-26,2,pending
DSP-06633,ORD-05166,not_as_described,2026-05-26,24,pending
DSP-06634,ORD-00497,not_as_described,2026-05-26,15,pending
DSP-06635,ORD-06693,item_not_received,2026-05-26,8,pending
DSP-06636,ORD-08832,item_not_received,2026-05-26,15,pending
DSP-06637,ORD-12642,unauthorized_transaction,2026-05-26,7,pending
DSP-06638,ORD-09842,unauthorized_transaction,2026-05-26,17,pending
DSP-06639,ORD-11524,not_as_described,2026-05-26,15,pending
DSP-06640,ORD-07826,not_as_described,2026-05-26,9,pending
DSP-06641,ORD-03983,item_not_received,2026-05-26,9,pending
DSP-06642,ORD-15301,duplicate_charge,2026-05-26,9,pending
DSP-06643,ORD-03446,not_as_described,2026-05-26,23,pending
DSP-06644,ORD-05674,not_as_described,2026-05-26,1,pending
DSP-06645,ORD-13906,unauthorized_transaction,2026-05-26,19,pending
DSP-06646,ORD-01042,unauthorized_transaction,2026-05-26,15,pending
DSP-06647,ORD-03331,not_as_described,2026-05-26,22,pending
DSP-06648,ORD-00515,unauthorized_transaction,2026-05-26,12,pending
DSP-06649,ORD-11646,item_not_received,2026-05-26,15,pending
DSP-06650,ORD-16646,duplicate_charge,2026-05-26,4,pending
DSP-06651,ORD-08033,item_not_received,2026-05-26,22,pending
DSP-06652,ORD-17134,item_not_received,2026-05-26,12,pending
DSP-06653,ORD-16557,item_not_received,2026-05-26,15,pending
DSP-06654,ORD-00106,not_as_described,2026-05-26,12,pending
DSP-06655,ORD-11369,unauthorized_transaction,2026-05-26,19,pending
DSP-06656,ORD-06868,unauthorized_transaction,2026-05-26,11,pending
DSP-06657,ORD-01358,unauthorized_transaction,2026-05-26,10,pending
DSP-06658,ORD-02699,not_as_described,2026-05-26,7,pending
DSP-06659,ORD-06220,unauthorized_transaction,2026-05-26,16,pending
DSP-06660,ORD-19243,item_not_received,2026-05-26,19,pending
DSP-06661,ORD-17514,item_not_received,2026-05-26,24,pending
DSP-06662,ORD-07276,item_not_received,2026-05-26,20,pending
DSP-06663,ORD-07901,item_not_received,2026-05-26,23,pending
DSP-06664,ORD-07758,unauthorized_transaction,2026-05-26,9,pending
DSP-06665,ORD-11804,unauthorized_transaction,2026-05-26,17,pending
DSP-06666,ORD-14751,not_as_described,2026-05-26,22,pending
DSP-06667,ORD-13468,not_as_described,2026-05-26,16,pending
DSP-06668,ORD-09352,duplicate_charge,2026-05-26,8,pending
DSP-06669,ORD-00200,item_not_received,2026-05-26,16,pending
DSP-06670,ORD-17401,item_not_received,2026-05-26,3,pending
DSP-06671,ORD-11709,item_not_received,2026-05-26,7,pending
DSP-06672,ORD-16071,unauthorized_transaction,2026-05-26,4,pending
DSP-06673,ORD-17416,unauthorized_transaction,2026-05-26,19,pending
DSP-06674,ORD-07121,duplicate_charge,2026-05-26,5,pending
DSP-06675,ORD-10568,unauthorized_transaction,2026-05-26,17,pending
DSP-06676,ORD-01166,unauthorized_transaction,2026-05-26,4,pending
DSP-06677,ORD-07823,not_as_described,2026-05-26,2,pending
DSP-06678,ORD-09051,item_not_received,2026-05-26,16,pending
DSP-06679,ORD-19010,not_as_described,2026-05-26,19,pending
DSP-06680,ORD-14571,not_as_described,2026-05-26,13,pending
DSP-06681,ORD-14947,item_not_received,2026-05-26,1,pending
DSP-06682,ORD-06025,item_not_received,2026-05-26,14,pending
DSP-06683,ORD-19938,not_as_described,2026-05-26,20,pending
DSP-06684,ORD-04640,duplicate_charge,2026-05-26,9,pending
DSP-06685,ORD-04241,item_not_received,2026-05-26,13,pending
DSP-06686,ORD-10193,duplicate_charge,2026-05-26,17,pending
DSP-06687,ORD-04865,not_as_described,2026-05-26,8,pending
DSP-06688,ORD-12708,unauthorized_transaction,2026-05-26,21,pending
DSP-06689,ORD-12350,unauthorized_transaction,2026-05-26,9,pending
DSP-06690,ORD-14619,item_not_received,2026-05-26,6,pending
DSP-06691,ORD-03911,not_as_described,2026-05-26,13,pending
DSP-06692,ORD-12697,not_as_described,2026-05-26,17,pending
DSP-06693,ORD-16314,unauthorized_transaction,2026-05-26,8,pending
DSP-06694,ORD-06100,not_as_described,2026-05-26,7,pending
DSP-06695,ORD-08743,unauthorized_transaction,2026-05-26,16,pending
DSP-06696,ORD-17103,not_as_described,2026-05-26,1,pending
DSP-06697,ORD-11509,unauthorized_transaction,2026-05-26,18,pending
DSP-06698,ORD-02637,item_not_received,2026-05-26,1,pending
DSP-06699,ORD-02517,unauthorized_transaction,2026-05-26,21,pending
DSP-06700,ORD-03956,item_not_received,2026-05-26,1,pending
DSP-06701,ORD-08594,item_not_received,2026-05-26,14,pending
DSP-06702,ORD-01499,not_as_described,2026-05-26,18,pending
DSP-06703,ORD-11076,duplicate_charge,2026-05-26,8,pending
DSP-06704,ORD-16437,unauthorized_transaction,2026-05-26,12,pending
DSP-06705,ORD-07465,not_as_described,2026-05-26,21,pending
DSP-06706,ORD-15644,not_as_described,2026-05-26,4,pending
DSP-06707,ORD-02236,not_as_described,2026-05-26,16,pending
DSP-06708,ORD-19073,unauthorized_transaction,2026-05-26,11,pending
DSP-06709,ORD-14270,unauthorized_transaction,2026-05-26,1,pending
DSP-06710,ORD-00601,item_not_received,2026-05-26,3,pending
DSP-06711,ORD-17003,unauthorized_transaction,2026-05-27,13,pending
DSP-06712,ORD-07595,unauthorized_transaction,2026-05-27,15,pending
DSP-06713,ORD-12728,not_as_described,2026-05-27,18,pending
DSP-06714,ORD-13883,unauthorized_transaction,2026-05-27,14,pending
DSP-06715,ORD-02811,unauthorized_transaction,2026-05-27,8,pending
DSP-06716,ORD-00370,item_not_received,2026-05-27,23,pending
DSP-06717,ORD-16802,unauthorized_transaction,2026-05-27,18,pending
DSP-06718,ORD-02003,unauthorized_transaction,2026-05-27,2,pending
DSP-06719,ORD-00216,duplicate_charge,2026-05-27,18,pending
DSP-06720,ORD-05366,item_not_received,2026-05-27,13,pending
DSP-06721,ORD-17968,duplicate_charge,2026-05-27,22,pending
DSP-06722,ORD-10076,not_as_described,2026-05-27,8,pending
DSP-06723,ORD-01382,unauthorized_transaction,2026-05-27,14,pending
DSP-06724,ORD-16021,not_as_described,2026-05-27,20,pending
DSP-06725,ORD-06217,duplicate_charge,2026-05-27,20,pending
DSP-06726,ORD-19447,unauthorized_transaction,2026-05-27,3,pending
DSP-06727,ORD-18294,item_not_received,2026-05-27,4,pending
DSP-06728,ORD-06396,not_as_described,2026-05-27,14,pending
DSP-06729,ORD-12690,item_not_received,2026-05-27,21,pending
DSP-06730,ORD-09079,unauthorized_transaction,2026-05-27,16,pending
DSP-06731,ORD-08917,not_as_described,2026-05-27,22,pending
DSP-06732,ORD-08190,duplicate_charge,2026-05-27,8,pending
DSP-06733,ORD-01280,duplicate_charge,2026-05-27,5,pending
DSP-06734,ORD-00107,duplicate_charge,2026-05-27,1,pending
DSP-06735,ORD-12991,duplicate_charge,2026-05-27,20,pending
DSP-06736,ORD-12331,item_not_received,2026-05-27,13,pending
DSP-06737,ORD-02095,not_as_described,2026-05-27,7,pending
DSP-06738,ORD-06219,unauthorized_transaction,2026-05-27,10,pending
DSP-06739,ORD-05616,not_as_described,2026-05-27,21,pending
DSP-06740,ORD-05230,not_as_described,2026-05-27,18,pending
DSP-06741,ORD-11259,duplicate_charge,2026-05-27,18,pending
DSP-06742,ORD-14748,item_not_received,2026-05-27,17,pending
DSP-06743,ORD-13893,item_not_received,2026-05-27,22,pending
DSP-06744,ORD-07260,duplicate_charge,2026-05-27,20,pending
DSP-06745,ORD-10351,duplicate_charge,2026-05-27,6,pending
DSP-06746,ORD-17434,not_as_described,2026-05-27,9,pending
DSP-06747,ORD-13427,unauthorized_transaction,2026-05-27,21,pending
DSP-06748,ORD-16373,unauthorized_transaction,2026-05-27,17,pending
DSP-06749,ORD-00014,item_not_received,2026-05-27,7,pending
DSP-06750,ORD-17404,not_as_described,2026-05-27,17,pending
DSP-06751,ORD-17795,duplicate_charge,2026-05-27,12,pending
DSP-06752,ORD-11965,item_not_received,2026-05-27,12,pending
DSP-06753,ORD-01567,not_as_described,2026-05-27,22,pending
DSP-06754,ORD-18119,not_as_described,2026-05-27,17,pending
DSP-06755,ORD-06659,unauthorized_transaction,2026-05-27,24,pending
DSP-06756,ORD-16397,not_as_described,2026-05-27,4,pending
DSP-06757,ORD-07466,unauthorized_transaction,2026-05-27,11,pending
DSP-06758,ORD-17074,item_not_received,2026-05-27,10,pending
DSP-06759,ORD-19224,item_not_received,2026-05-27,7,pending
DSP-06760,ORD-17796,unauthorized_transaction,2026-05-27,3,pending
DSP-06761,ORD-02104,unauthorized_transaction,2026-05-27,19,pending
DSP-06762,ORD-03619,unauthorized_transaction,2026-05-27,16,pending
DSP-06763,ORD-19165,item_not_received,2026-05-27,1,pending
DSP-06764,ORD-00639,unauthorized_transaction,2026-05-27,3,pending
DSP-06765,ORD-02338,item_not_received,2026-05-27,5,pending
DSP-06766,ORD-06409,not_as_described,2026-05-27,15,pending
DSP-06767,ORD-12680,not_as_described,2026-05-27,16,pending
DSP-06768,ORD-11437,duplicate_charge,2026-05-27,11,pending
DSP-06769,ORD-08440,not_as_described,2026-05-27,12,pending
DSP-06770,ORD-19711,duplicate_charge,2026-05-27,14,pending
DSP-06771,ORD-14603,not_as_described,2026-05-27,12,pending
DSP-06772,ORD-10125,unauthorized_transaction,2026-05-27,23,pending
DSP-06773,ORD-13459,not_as_described,2026-05-27,3,pending
DSP-06774,ORD-15548,unauthorized_transaction,2026-05-27,16,pending
DSP-06775,ORD-12236,not_as_described,2026-05-27,1,pending
DSP-06776,ORD-04349,item_not_received,2026-05-27,10,pending
DSP-06777,ORD-19571,unauthorized_transaction,2026-05-27,24,pending
DSP-06778,ORD-06150,not_as_described,2026-05-27,12,pending
DSP-06779,ORD-12046,item_not_received,2026-05-27,21,pending
DSP-06780,ORD-00622,item_not_received,2026-05-27,12,pending
DSP-06781,ORD-17656,unauthorized_transaction,2026-05-27,12,pending
DSP-06782,ORD-12594,item_not_received,2026-05-27,9,pending
DSP-06783,ORD-14679,unauthorized_transaction,2026-05-27,19,pending
DSP-06784,ORD-08851,not_as_described,2026-05-27,6,pending
DSP-06785,ORD-15443,item_not_received,2026-05-27,16,pending
DSP-06786,ORD-05631,item_not_received,2026-05-27,13,pending
DSP-06787,ORD-19862,unauthorized_transaction,2026-05-27,9,pending
DSP-06788,ORD-19273,not_as_described,2026-05-27,10,pending
DSP-06789,ORD-11922,duplicate_charge,2026-05-27,2,pending
DSP-06790,ORD-00969,not_as_described,2026-05-27,24,pending
DSP-06791,ORD-03694,not_as_described,2026-05-27,18,pending
DSP-06792,ORD-11809,item_not_received,2026-05-27,9,pending
DSP-06793,ORD-00512,item_not_received,2026-05-27,5,pending
DSP-06794,ORD-03133,item_not_received,2026-05-27,23,pending
DSP-06795,ORD-06722,duplicate_charge,2026-05-27,24,pending
DSP-06796,ORD-05811,item_not_received,2026-05-27,11,pending
DSP-06797,ORD-00184,item_not_received,2026-05-27,3,pending
DSP-06798,ORD-06398,not_as_described,2026-05-27,21,pending
DSP-06799,ORD-05458,not_as_described,2026-05-27,1,pending
DSP-06800,ORD-13062,item_not_received,2026-05-27,1,pending
DSP-06801,ORD-09237,item_not_received,2026-05-27,8,pending
DSP-06802,ORD-14332,item_not_received,2026-05-27,17,pending
DSP-06803,ORD-17635,not_as_described,2026-05-27,4,pending
DSP-06804,ORD-11475,not_as_described,2026-05-27,8,pending
DSP-06805,ORD-05653,duplicate_charge,2026-05-27,10,pending
DSP-06806,ORD-05858,duplicate_charge,2026-05-27,16,pending
DSP-06807,ORD-14643,not_as_described,2026-05-28,22,pending
DSP-06808,ORD-06243,not_as_described,2026-05-28,19,pending
DSP-06809,ORD-15698,not_as_described,2026-05-28,2,pending
DSP-06810,ORD-06192,not_as_described,2026-05-28,8,pending
DSP-06811,ORD-15312,unauthorized_transaction,2026-05-28,12,pending
DSP-06812,ORD-10809,unauthorized_transaction,2026-05-28,21,pending
DSP-06813,ORD-14862,not_as_described,2026-05-28,14,pending
DSP-06814,ORD-11154,unauthorized_transaction,2026-05-28,21,pending
DSP-06815,ORD-05305,unauthorized_transaction,2026-05-28,10,pending
DSP-06816,ORD-09991,not_as_described,2026-05-28,20,pending
DSP-06817,ORD-03800,item_not_received,2026-05-28,23,pending
DSP-06818,ORD-18358,not_as_described,2026-05-28,3,pending
DSP-06819,ORD-12641,unauthorized_transaction,2026-05-28,6,pending
DSP-06820,ORD-17036,unauthorized_transaction,2026-05-28,8,pending
DSP-06821,ORD-10740,not_as_described,2026-05-28,20,pending
DSP-06822,ORD-19573,not_as_described,2026-05-28,17,pending
DSP-06823,ORD-12632,not_as_described,2026-05-28,14,pending
DSP-06824,ORD-09557,duplicate_charge,2026-05-28,20,pending
DSP-06825,ORD-06667,unauthorized_transaction,2026-05-28,18,pending
DSP-06826,ORD-16469,unauthorized_transaction,2026-05-28,6,pending
DSP-06827,ORD-09277,not_as_described,2026-05-28,2,pending
DSP-06828,ORD-16435,duplicate_charge,2026-05-28,1,pending
DSP-06829,ORD-13880,duplicate_charge,2026-05-28,6,pending
DSP-06830,ORD-04966,item_not_received,2026-05-28,22,pending
DSP-06831,ORD-17731,unauthorized_transaction,2026-05-28,11,pending
DSP-06832,ORD-01693,unauthorized_transaction,2026-05-28,7,pending
DSP-06833,ORD-01478,item_not_received,2026-05-28,3,pending
DSP-06834,ORD-09989,unauthorized_transaction,2026-05-28,3,pending
DSP-06835,ORD-01440,not_as_described,2026-05-28,14,pending
DSP-06836,ORD-03881,unauthorized_transaction,2026-05-28,18,pending
DSP-06837,ORD-16412,not_as_described,2026-05-28,17,pending
DSP-06838,ORD-11084,item_not_received,2026-05-28,16,pending
DSP-06839,ORD-10185,unauthorized_transaction,2026-05-28,2,pending
DSP-06840,ORD-01461,unauthorized_transaction,2026-05-28,22,pending
DSP-06841,ORD-00465,not_as_described,2026-05-28,15,pending
DSP-06842,ORD-14549,not_as_described,2026-05-28,10,pending
DSP-06843,ORD-11597,unauthorized_transaction,2026-05-28,23,pending
DSP-06844,ORD-09198,item_not_received,2026-05-28,15,pending
DSP-06845,ORD-13888,item_not_received,2026-05-28,9,pending
DSP-06846,ORD-05666,item_not_received,2026-05-28,20,pending
DSP-06847,ORD-14546,unauthorized_transaction,2026-05-28,1,pending
DSP-06848,ORD-10114,not_as_described,2026-05-28,13,pending
DSP-06849,ORD-04545,not_as_described,2026-05-28,4,pending
DSP-06850,ORD-00021,not_as_described,2026-05-28,14,pending
DSP-06851,ORD-07518,unauthorized_transaction,2026-05-28,1,pending
DSP-06852,ORD-16013,not_as_described,2026-05-28,3,pending
DSP-06853,ORD-16087,duplicate_charge,2026-05-28,13,pending
DSP-06854,ORD-03599,duplicate_charge,2026-05-28,1,pending
DSP-06855,ORD-16526,item_not_received,2026-05-28,24,pending
DSP-06856,ORD-02352,not_as_described,2026-05-28,22,pending
DSP-06857,ORD-01590,duplicate_charge,2026-05-28,9,pending
DSP-06858,ORD-18479,item_not_received,2026-05-28,17,pending
DSP-06859,ORD-19717,item_not_received,2026-05-28,13,pending
DSP-06860,ORD-11341,not_as_described,2026-05-28,6,pending
DSP-06861,ORD-03981,item_not_received,2026-05-28,4,pending
DSP-06862,ORD-03539,unauthorized_transaction,2026-05-28,19,pending
DSP-06863,ORD-12750,item_not_received,2026-05-28,20,pending
DSP-06864,ORD-01978,item_not_received,2026-05-28,2,pending
DSP-06865,ORD-11783,unauthorized_transaction,2026-05-28,1,pending
DSP-06866,ORD-11613,not_as_described,2026-05-28,9,pending
DSP-06867,ORD-17696,duplicate_charge,2026-05-28,7,pending
DSP-06868,ORD-02031,item_not_received,2026-05-28,2,pending
DSP-06869,ORD-15891,unauthorized_transaction,2026-05-28,24,pending
DSP-06870,ORD-09251,duplicate_charge,2026-05-28,23,pending
DSP-06871,ORD-11265,unauthorized_transaction,2026-05-28,6,pending
DSP-06872,ORD-19751,item_not_received,2026-05-28,17,pending
DSP-06873,ORD-02840,unauthorized_transaction,2026-05-28,6,pending
DSP-06874,ORD-18493,item_not_received,2026-05-28,20,pending
DSP-06875,ORD-09741,unauthorized_transaction,2026-05-28,21,pending
DSP-06876,ORD-16586,not_as_described,2026-05-28,21,pending
DSP-06877,ORD-17912,unauthorized_transaction,2026-05-28,9,pending
DSP-06878,ORD-04462,item_not_received,2026-05-28,16,pending
DSP-06879,ORD-02070,item_not_received,2026-05-28,9,pending
DSP-06880,ORD-00576,unauthorized_transaction,2026-05-28,21,pending
DSP-06881,ORD-01606,unauthorized_transaction,2026-05-28,3,pending
DSP-06882,ORD-02074,not_as_described,2026-05-28,4,pending
DSP-06883,ORD-10358,unauthorized_transaction,2026-05-28,1,pending
DSP-06884,ORD-14386,duplicate_charge,2026-05-28,20,pending
DSP-06885,ORD-01918,duplicate_charge,2026-05-28,3,pending
DSP-06886,ORD-03622,item_not_received,2026-05-28,20,pending
DSP-06887,ORD-13629,duplicate_charge,2026-05-28,10,pending
DSP-06888,ORD-08130,duplicate_charge,2026-05-28,6,pending
DSP-06889,ORD-06265,not_as_described,2026-05-28,13,pending
DSP-06890,ORD-02055,item_not_received,2026-05-28,10,pending
DSP-06891,ORD-07112,duplicate_charge,2026-05-28,2,pending
DSP-06892,ORD-07169,item_not_received,2026-05-28,8,pending
DSP-06893,ORD-07800,not_as_described,2026-05-28,10,pending
DSP-06894,ORD-16279,not_as_described,2026-05-28,21,pending
DSP-06895,ORD-08546,not_as_described,2026-05-28,7,pending
DSP-06896,ORD-11847,not_as_described,2026-05-28,3,pending
DSP-06897,ORD-05968,item_not_received,2026-05-28,21,pending
DSP-06898,ORD-05571,not_as_described,2026-05-28,17,pending
DSP-06899,ORD-13548,not_as_described,2026-05-28,5,pending
DSP-06900,ORD-16377,duplicate_charge,2026-05-28,17,pending
DSP-06901,ORD-07596,unauthorized_transaction,2026-05-28,21,pending
DSP-06902,ORD-15516,unauthorized_transaction,2026-05-28,6,pending
DSP-06903,ORD-16082,duplicate_charge,2026-05-28,20,pending
DSP-06904,ORD-11294,unauthorized_transaction,2026-05-28,1,pending
DSP-06905,ORD-17705,unauthorized_transaction,2026-05-28,4,pending
DSP-06906,ORD-05857,unauthorized_transaction,2026-05-28,9,pending
DSP-06907,ORD-08997,not_as_described,2026-05-28,16,pending
DSP-06908,ORD-15813,item_not_received,2026-05-29,11,pending
DSP-06909,ORD-19784,item_not_received,2026-05-29,5,pending
DSP-06910,ORD-03333,not_as_described,2026-05-29,8,pending
DSP-06911,ORD-09471,not_as_described,2026-05-29,14,pending
DSP-06912,ORD-19182,not_as_described,2026-05-29,7,pending
DSP-06913,ORD-04076,not_as_described,2026-05-29,21,pending
DSP-06914,ORD-07921,unauthorized_transaction,2026-05-29,8,pending
DSP-06915,ORD-19066,not_as_described,2026-05-29,10,pending
DSP-06916,ORD-09366,duplicate_charge,2026-05-29,2,pending
DSP-06917,ORD-05683,item_not_received,2026-05-29,10,pending
DSP-06918,ORD-15015,not_as_described,2026-05-29,3,pending
DSP-06919,ORD-05101,not_as_described,2026-05-29,22,pending
DSP-06920,ORD-18530,not_as_described,2026-05-29,21,pending
DSP-06921,ORD-16888,item_not_received,2026-05-29,24,pending
DSP-06922,ORD-04249,not_as_described,2026-05-29,12,pending
DSP-06923,ORD-10784,item_not_received,2026-05-29,14,pending
DSP-06924,ORD-12638,item_not_received,2026-05-29,6,pending
DSP-06925,ORD-08316,unauthorized_transaction,2026-05-29,4,pending
DSP-06926,ORD-00426,unauthorized_transaction,2026-05-29,13,pending
DSP-06927,ORD-00998,unauthorized_transaction,2026-05-29,20,pending
DSP-06928,ORD-00936,item_not_received,2026-05-29,10,pending
DSP-06929,ORD-09643,unauthorized_transaction,2026-05-29,19,pending
DSP-06930,ORD-09547,unauthorized_transaction,2026-05-29,4,pending
DSP-06931,ORD-13865,item_not_received,2026-05-29,24,pending
DSP-06932,ORD-11419,unauthorized_transaction,2026-05-29,11,pending
DSP-06933,ORD-03746,not_as_described,2026-05-29,10,pending
DSP-06934,ORD-03226,not_as_described,2026-05-29,20,pending
DSP-06935,ORD-13755,item_not_received,2026-05-29,21,pending
DSP-06936,ORD-18073,not_as_described,2026-05-29,7,pending
DSP-06937,ORD-05189,not_as_described,2026-05-29,7,pending
DSP-06938,ORD-09994,item_not_received,2026-05-29,24,pending
DSP-06939,ORD-03190,duplicate_charge,2026-05-29,20,pending
DSP-06940,ORD-17834,unauthorized_transaction,2026-05-29,17,pending
DSP-06941,ORD-02189,unauthorized_transaction,2026-05-29,3,pending
DSP-06942,ORD-18547,not_as_described,2026-05-29,15,pending
DSP-06943,ORD-01013,not_as_described,2026-05-29,1,pending
DSP-06944,ORD-15342,item_not_received,2026-05-29,2,pending
DSP-06945,ORD-08923,unauthorized_transaction,2026-05-29,1,pending
DSP-06946,ORD-00244,item_not_received,2026-05-29,24,pending
DSP-06947,ORD-05165,unauthorized_transaction,2026-05-29,24,pending
DSP-06948,ORD-14637,unauthorized_transaction,2026-05-29,9,pending
DSP-06949,ORD-12299,item_not_received,2026-05-29,17,pending
DSP-06950,ORD-04260,item_not_received,2026-05-29,8,pending
DSP-06951,ORD-18813,item_not_received,2026-05-29,9,pending
DSP-06952,ORD-00481,duplicate_charge,2026-05-29,19,pending
DSP-06953,ORD-12894,item_not_received,2026-05-29,9,pending
DSP-06954,ORD-02711,not_as_described,2026-05-29,1,pending
DSP-06955,ORD-09386,not_as_described,2026-05-29,21,pending
DSP-06956,ORD-09846,unauthorized_transaction,2026-05-29,12,pending
DSP-06957,ORD-07225,item_not_received,2026-05-29,1,pending
DSP-06958,ORD-13574,not_as_described,2026-05-29,7,pending
DSP-06959,ORD-19348,item_not_received,2026-05-29,10,pending
DSP-06960,ORD-06084,not_as_described,2026-05-29,12,pending
DSP-06961,ORD-08948,unauthorized_transaction,2026-05-29,1,pending
DSP-06962,ORD-03414,duplicate_charge,2026-05-29,20,pending
DSP-06963,ORD-05020,not_as_described,2026-05-29,4,pending
DSP-06964,ORD-17017,not_as_described,2026-05-29,8,pending
DSP-06965,ORD-10843,not_as_described,2026-05-29,4,pending
DSP-06966,ORD-02021,duplicate_charge,2026-05-29,1,pending
DSP-06967,ORD-19689,item_not_received,2026-05-29,10,pending
DSP-06968,ORD-12551,item_not_received,2026-05-29,11,pending
DSP-06969,ORD-03239,duplicate_charge,2026-05-29,3,pending
DSP-06970,ORD-11831,unauthorized_transaction,2026-05-29,10,pending
DSP-06971,ORD-15578,unauthorized_transaction,2026-05-29,6,pending
DSP-06972,ORD-10628,unauthorized_transaction,2026-05-29,19,pending
DSP-06973,ORD-11590,item_not_received,2026-05-29,17,pending
DSP-06974,ORD-16687,unauthorized_transaction,2026-05-29,22,pending
DSP-06975,ORD-13693,not_as_described,2026-05-29,16,pending
DSP-06976,ORD-16843,unauthorized_transaction,2026-05-29,23,pending
DSP-06977,ORD-18658,not_as_described,2026-05-29,4,pending
DSP-06978,ORD-06216,item_not_received,2026-05-29,23,pending
DSP-06979,ORD-19687,item_not_received,2026-05-29,6,pending
DSP-06980,ORD-04115,item_not_received,2026-05-29,15,pending
DSP-06981,ORD-15618,duplicate_charge,2026-05-29,9,pending
DSP-06982,ORD-06904,duplicate_charge,2026-05-29,22,pending
DSP-06983,ORD-12536,item_not_received,2026-05-29,13,pending
DSP-06984,ORD-04420,not_as_described,2026-05-29,6,pending
DSP-06985,ORD-00295,item_not_received,2026-05-29,16,pending
DSP-06986,ORD-18232,item_not_received,2026-05-29,16,pending
DSP-06987,ORD-03709,item_not_received,2026-05-29,7,pending
DSP-06988,ORD-11012,not_as_described,2026-05-29,23,pending
DSP-06989,ORD-11343,not_as_described,2026-05-29,20,pending
DSP-06990,ORD-05700,unauthorized_transaction,2026-05-29,11,pending
DSP-06991,ORD-11395,not_as_described,2026-05-29,7,pending
DSP-06992,ORD-07568,unauthorized_transaction,2026-05-29,24,pending
DSP-06993,ORD-13392,duplicate_charge,2026-05-29,4,pending
DSP-06994,ORD-02014,not_as_described,2026-05-29,10,pending
DSP-06995,ORD-05402,item_not_received,2026-05-29,24,pending
DSP-06996,ORD-13161,not_as_described,2026-05-29,19,pending
DSP-06997,ORD-12153,item_not_received,2026-05-29,1,pending
DSP-06998,ORD-07251,item_not_received,2026-05-29,4,pending
DSP-06999,ORD-00303,unauthorized_transaction,2026-05-29,9,pending
DSP-07000,ORD-05884,item_not_received,2026-05-29,22,pending
DSP-07001,ORD-00160,item_not_received,2026-05-29,1,pending
DSP-07002,ORD-08405,not_as_described,2026-05-29,7,pending
DSP-07003,ORD-07561,item_not_received,2026-05-29,21,pending
DSP-07004,ORD-15919,not_as_described,2026-05-30,9,pending
DSP-07005,ORD-01199,not_as_described,2026-05-30,1,pending
DSP-07006,ORD-14882,item_not_received,2026-05-30,24,pending
DSP-07007,ORD-02528,item_not_received,2026-05-30,7,pending
DSP-07008,ORD-05024,unauthorized_transaction,2026-05-30,2,pending
DSP-07009,ORD-04822,item_not_received,2026-05-30,15,pending
DSP-07010,ORD-06569,not_as_described,2026-05-30,14,pending
DSP-07011,ORD-07441,unauthorized_transaction,2026-05-30,15,pending
DSP-07012,ORD-16288,not_as_described,2026-05-30,15,pending
DSP-07013,ORD-15255,unauthorized_transaction,2026-05-30,11,pending
DSP-07014,ORD-18107,item_not_received,2026-05-30,16,pending
DSP-07015,ORD-06334,item_not_received,2026-05-30,12,pending
DSP-07016,ORD-12016,unauthorized_transaction,2026-05-30,21,pending
DSP-07017,ORD-09069,unauthorized_transaction,2026-05-30,23,pending
DSP-07018,ORD-09873,not_as_described,2026-05-30,9,pending
DSP-07019,ORD-02195,duplicate_charge,2026-05-30,18,pending
DSP-07020,ORD-12762,unauthorized_transaction,2026-05-30,11,pending
DSP-07021,ORD-09044,unauthorized_transaction,2026-05-30,14,pending
DSP-07022,ORD-12138,duplicate_charge,2026-05-30,2,pending
DSP-07023,ORD-10138,unauthorized_transaction,2026-05-30,24,pending
DSP-07024,ORD-11000,unauthorized_transaction,2026-05-30,17,pending
DSP-07025,ORD-11605,item_not_received,2026-05-30,2,pending
DSP-07026,ORD-07059,unauthorized_transaction,2026-05-30,4,pending
DSP-07027,ORD-19536,not_as_described,2026-05-30,22,pending
DSP-07028,ORD-02404,item_not_received,2026-05-30,11,pending
DSP-07029,ORD-15279,not_as_described,2026-05-30,9,pending
DSP-07030,ORD-16458,item_not_received,2026-05-30,24,pending
DSP-07031,ORD-07812,item_not_received,2026-05-30,8,pending
DSP-07032,ORD-09629,item_not_received,2026-05-30,14,pending
DSP-07033,ORD-10016,not_as_described,2026-05-30,19,pending
DSP-07034,ORD-16921,duplicate_charge,2026-05-30,3,pending
DSP-07035,ORD-12481,not_as_described,2026-05-30,10,pending
DSP-07036,ORD-19665,unauthorized_transaction,2026-05-30,24,pending
DSP-07037,ORD-10346,not_as_described,2026-05-30,19,pending
DSP-07038,ORD-18712,unauthorized_transaction,2026-05-30,24,pending
DSP-07039,ORD-12106,unauthorized_transaction,2026-05-30,13,pending
DSP-07040,ORD-06846,not_as_described,2026-05-30,6,pending
DSP-07041,ORD-17177,unauthorized_transaction,2026-05-30,22,pending
DSP-07042,ORD-07796,unauthorized_transaction,2026-05-30,3,pending
DSP-07043,ORD-04348,duplicate_charge,2026-05-30,9,pending
DSP-07044,ORD-07122,item_not_received,2026-05-30,11,pending
DSP-07045,ORD-01877,item_not_received,2026-05-30,23,pending
DSP-07046,ORD-15822,not_as_described,2026-05-30,16,pending
DSP-07047,ORD-12624,not_as_described,2026-05-30,10,pending
DSP-07048,ORD-03933,item_not_received,2026-05-30,4,pending
DSP-07049,ORD-02368,not_as_described,2026-05-30,13,pending
DSP-07050,ORD-13454,item_not_received,2026-05-30,21,pending
DSP-07051,ORD-07107,item_not_received,2026-05-30,22,pending
DSP-07052,ORD-13801,unauthorized_transaction,2026-05-30,7,pending
DSP-07053,ORD-16799,item_not_received,2026-05-30,15,pending
DSP-07054,ORD-13974,unauthorized_transaction,2026-05-30,23,pending
DSP-07055,ORD-05341,not_as_described,2026-05-30,13,pending
DSP-07056,ORD-03441,unauthorized_transaction,2026-05-30,1,pending
DSP-07057,ORD-07439,unauthorized_transaction,2026-05-30,16,pending
DSP-07058,ORD-13638,item_not_received,2026-05-30,21,pending
DSP-07059,ORD-19894,unauthorized_transaction,2026-05-30,7,pending
DSP-07060,ORD-07909,unauthorized_transaction,2026-05-30,9,pending
DSP-07061,ORD-08527,not_as_described,2026-05-30,12,pending
DSP-07062,ORD-18327,unauthorized_transaction,2026-05-30,5,pending
DSP-07063,ORD-14368,item_not_received,2026-05-30,6,pending
DSP-07064,ORD-04584,duplicate_charge,2026-05-30,20,pending
DSP-07065,ORD-15322,item_not_received,2026-05-30,23,pending
DSP-07066,ORD-03546,unauthorized_transaction,2026-05-30,21,pending
DSP-07067,ORD-04129,item_not_received,2026-05-30,18,pending
DSP-07068,ORD-09272,not_as_described,2026-05-30,3,pending
DSP-07069,ORD-16217,duplicate_charge,2026-05-30,5,pending
DSP-07070,ORD-18740,item_not_received,2026-05-30,16,pending
DSP-07071,ORD-06194,unauthorized_transaction,2026-05-30,17,pending
DSP-07072,ORD-09048,item_not_received,2026-05-30,6,pending
DSP-07073,ORD-04760,not_as_described,2026-05-30,14,pending
DSP-07074,ORD-04422,item_not_received,2026-05-30,13,pending
DSP-07075,ORD-09910,not_as_described,2026-05-30,5,pending
DSP-07076,ORD-12503,unauthorized_transaction,2026-05-30,4,pending
DSP-07077,ORD-09073,item_not_received,2026-05-30,21,pending
DSP-07078,ORD-08577,item_not_received,2026-05-30,22,pending
DSP-07079,ORD-15906,item_not_received,2026-05-30,21,pending
DSP-07080,ORD-09827,item_not_received,2026-05-30,4,pending
DSP-07081,ORD-18260,item_not_received,2026-05-30,22,pending
DSP-07082,ORD-17518,unauthorized_transaction,2026-05-30,4,pending
DSP-07083,ORD-07638,not_as_described,2026-05-30,9,pending
DSP-07084,ORD-02873,item_not_received,2026-05-30,23,pending
DSP-07085,ORD-05214,duplicate_charge,2026-05-30,21,pending
DSP-07086,ORD-07982,not_as_described,2026-05-30,14,pending
DSP-07087,ORD-03062,unauthorized_transaction,2026-05-30,12,pending
DSP-07088,ORD-12121,not_as_described,2026-05-30,12,pending
DSP-07089,ORD-10737,not_as_described,2026-05-30,24,pending
DSP-07090,ORD-12489,item_not_received,2026-05-30,24,pending
DSP-07091,ORD-12958,item_not_received,2026-05-31,4,pending
DSP-07092,ORD-08118,item_not_received,2026-05-31,21,pending
DSP-07093,ORD-12186,unauthorized_transaction,2026-05-31,15,pending
DSP-07094,ORD-17363,item_not_received,2026-05-31,19,pending
DSP-07095,ORD-04326,not_as_described,2026-05-31,24,pending
DSP-07096,ORD-15972,duplicate_charge,2026-05-31,7,pending
DSP-07097,ORD-05921,duplicate_charge,2026-05-31,21,pending
DSP-07098,ORD-10648,not_as_described,2026-05-31,17,pending
DSP-07099,ORD-08595,duplicate_charge,2026-05-31,3,pending
DSP-07100,ORD-12461,item_not_received,2026-05-31,21,pending
DSP-07101,ORD-07324,not_as_described,2026-05-31,1,pending
DSP-07102,ORD-03310,duplicate_charge,2026-05-31,2,pending
DSP-07103,ORD-06313,item_not_received,2026-05-31,19,pending
DSP-07104,ORD-11331,unauthorized_transaction,2026-05-31,8,pending
DSP-07105,ORD-01253,duplicate_charge,2026-05-31,13,pending
DSP-07106,ORD-09171,duplicate_charge,2026-05-31,20,pending
DSP-07107,ORD-00321,item_not_received,2026-05-31,16,pending
DSP-07108,ORD-05567,not_as_described,2026-05-31,2,pending
DSP-07109,ORD-02795,unauthorized_transaction,2026-05-31,6,pending
DSP-07110,ORD-18444,unauthorized_transaction,2026-05-31,18,pending
DSP-07111,ORD-18325,not_as_described,2026-05-31,20,pending
DSP-07112,ORD-18445,duplicate_charge,2026-05-31,1,pending
DSP-07113,ORD-07423,duplicate_charge,2026-05-31,2,pending
DSP-07114,ORD-00794,unauthorized_transaction,2026-05-31,24,pending
DSP-07115,ORD-10582,other_unclassified,2026-05-31,6,pending
DSP-07116,ORD-01859,not_as_described,2026-05-31,4,pending
DSP-07117,ORD-13043,duplicate_charge,2026-05-31,12,pending
DSP-07118,ORD-09922,unauthorized_transaction,2026-05-31,9,pending
DSP-07119,ORD-17667,unauthorized_transaction,2026-05-31,24,pending
DSP-07120,ORD-07938,not_as_described,2026-05-31,15,pending
DSP-07121,ORD-02740,not_as_described,2026-05-31,16,pending
DSP-07122,ORD-13013,not_as_described,2026-05-31,6,pending
DSP-07123,ORD-14301,unauthorized_transaction,2026-05-31,9,pending
DSP-07124,ORD-04171,item_not_received,2026-05-31,1,pending
DSP-07125,ORD-04570,item_not_received,2026-05-31,20,pending
DSP-07126,ORD-08673,unauthorized_transaction,2026-05-31,10,pending
DSP-07127,ORD-01306,not_as_described,2026-05-31,4,pending
DSP-07128,ORD-14844,item_not_received,2026-05-31,1,pending
DSP-07129,ORD-04851,not_as_described,2026-05-31,15,pending
DSP-07130,ORD-03491,not_as_described,2026-05-31,2,pending
DSP-07131,ORD-02566,not_as_described,2026-05-31,2,pending
DSP-07132,ORD-02492,unauthorized_transaction,2026-05-31,4,pending
DSP-07133,ORD-00219,item_not_received,2026-05-31,22,pending
DSP-07134,ORD-06038,not_as_described,2026-05-31,2,pending
DSP-07135,ORD-02935,not_as_described,2026-05-31,12,pending
DSP-07136,ORD-00575,not_as_described,2026-05-31,7,pending
DSP-07137,ORD-13022,unauthorized_transaction,2026-05-31,11,pending
DSP-07138,ORD-01375,not_as_described,2026-05-31,14,pending
DSP-07139,ORD-08350,item_not_received,2026-05-31,2,pending
DSP-07140,ORD-10669,not_as_described,2026-05-31,18,pending
DSP-07141,ORD-00504,duplicate_charge,2026-05-31,2,pending
DSP-07142,ORD-19097,unauthorized_transaction,2026-05-31,17,pending
DSP-07143,ORD-18227,not_as_described,2026-05-31,7,pending
DSP-07144,ORD-00169,unauthorized_transaction,2026-05-31,5,pending
DSP-07145,ORD-11039,item_not_received,2026-05-31,13,pending
DSP-07146,ORD-10699,duplicate_charge,2026-05-31,3,pending
DSP-07147,ORD-04578,unauthorized_transaction,2026-05-31,24,pending
DSP-07148,ORD-03304,unauthorized_transaction,2026-05-31,16,pending
DSP-07149,ORD-04629,not_as_described,2026-05-31,3,pending
DSP-07150,ORD-12757,item_not_received,2026-05-31,6,pending
DSP-07151,ORD-01658,unauthorized_transaction,2026-05-31,20,pending
DSP-07152,ORD-13014,unauthorized_transaction,2026-05-31,4,pending
DSP-07153,ORD-18816,not_as_described,2026-05-31,21,pending
DSP-07154,ORD-17718,not_as_described,2026-05-31,24,pending
DSP-07155,ORD-05987,item_not_received,2026-05-31,6,pending
DSP-07156,ORD-01958,duplicate_charge,2026-05-31,18,pending
DSP-07157,ORD-02228,item_not_received,2026-05-31,14,pending
DSP-07158,ORD-01977,item_not_received,2026-05-31,3,pending
DSP-07159,ORD-05363,item_not_received,2026-05-31,15,pending
DSP-07160,ORD-01159,not_as_described,2026-05-31,5,pending
DSP-07161,ORD-10630,duplicate_charge,2026-05-31,3,pending
DSP-07162,ORD-16749,item_not_received,2026-05-31,20,pending
DSP-07163,ORD-07134,not_as_described,2026-05-31,15,pending
DSP-07164,ORD-11552,not_as_described,2026-05-31,16,pending
DSP-07165,ORD-06365,not_as_described,2026-05-31,19,pending
DSP-07166,ORD-01081,unauthorized_transaction,2026-05-31,12,pending
DSP-07167,ORD-00791,not_as_described,2026-05-31,2,pending
DSP-07168,ORD-03680,item_not_received,2026-05-31,8,pending
DSP-07169,ORD-02464,not_as_described,2026-05-31,23,pending
DSP-07170,ORD-16497,unauthorized_transaction,2026-05-31,23,pending
DSP-07171,ORD-06661,not_as_described,2026-05-31,14,pending
DSP-07172,ORD-17553,not_as_described,2026-05-31,22,pending
DSP-07173,ORD-15251,unauthorized_transaction,2026-05-31,4,pending
DSP-07174,ORD-17251,unauthorized_transaction,2026-05-31,15,pending
DSP-07175,ORD-03525,duplicate_charge,2026-05-31,6,pending
DSP-07176,ORD-12102,not_as_described,2026-05-31,1,pending
DSP-07177,ORD-04886,not_as_described,2026-05-31,2,pending
DSP-07178,ORD-12510,item_not_received,2026-05-31,12,pending
DSP-07179,ORD-04069,unauthorized_transaction,2026-05-31,18,pending
DSP-07180,ORD-10932,unauthorized_transaction,2026-05-31,19,pending
DSP-07181,ORD-12412,not_as_described,2026-05-31,20,pending
DSP-07182,ORD-15356,duplicate_charge,2026-05-31,17,pending
DSP-07183,ORD-12386,item_not_received,2026-06-01,9,pending
DSP-07184,ORD-03870,not_as_described,2026-06-01,7,pending
DSP-07185,ORD-02629,duplicate_charge,2026-06-01,16,pending
DSP-07186,ORD-01879,item_not_received,2026-06-01,19,pending
DSP-07187,ORD-07714,unauthorized_transaction,2026-06-01,20,pending
DSP-07188,ORD-00854,unauthorized_transaction,2026-06-01,15,pending
DSP-07189,ORD-04553,unauthorized_transaction,2026-06-01,2,pending
DSP-07190,ORD-06870,item_not_received,2026-06-01,7,pending
DSP-07191,ORD-13748,unauthorized_transaction,2026-06-01,22,pending
DSP-07192,ORD-06074,unauthorized_transaction,2026-06-01,2,pending
DSP-07193,ORD-13657,duplicate_charge,2026-06-01,21,pending
DSP-07194,ORD-08397,duplicate_charge,2026-06-01,14,pending
DSP-07195,ORD-19019,item_not_received,2026-06-01,5,pending
DSP-07196,ORD-07801,item_not_received,2026-06-01,22,pending
DSP-07197,ORD-17080,unauthorized_transaction,2026-06-01,24,pending
DSP-07198,ORD-07450,item_not_received,2026-06-01,1,pending
DSP-07199,ORD-01514,item_not_received,2026-06-01,3,pending
DSP-07200,ORD-16668,item_not_received,2026-06-01,4,pending
DSP-07201,ORD-05225,duplicate_charge,2026-06-01,10,pending
DSP-07202,ORD-19585,unauthorized_transaction,2026-06-01,3,pending
DSP-07203,ORD-17355,unauthorized_transaction,2026-06-01,4,pending
DSP-07204,ORD-10087,unauthorized_transaction,2026-06-01,6,pending
DSP-07205,ORD-07135,unauthorized_transaction,2026-06-01,4,pending
DSP-07206,ORD-01147,not_as_described,2026-06-01,1,pending
DSP-07207,ORD-10855,not_as_described,2026-06-01,16,pending
DSP-07208,ORD-14494,duplicate_charge,2026-06-01,1,pending
DSP-07209,ORD-13818,duplicate_charge,2026-06-01,2,pending
DSP-07210,ORD-19444,not_as_described,2026-06-01,22,pending
DSP-07211,ORD-07425,unauthorized_transaction,2026-06-01,14,pending
DSP-07212,ORD-13779,unauthorized_transaction,2026-06-01,14,pending
DSP-07213,ORD-18399,item_not_received,2026-06-01,11,pending
DSP-07214,ORD-00284,item_not_received,2026-06-01,14,pending
DSP-07215,ORD-10492,unauthorized_transaction,2026-06-01,8,pending
DSP-07216,ORD-09952,item_not_received,2026-06-01,19,pending
DSP-07217,ORD-10352,item_not_received,2026-06-01,6,pending
DSP-07218,ORD-01220,not_as_described,2026-06-01,18,pending
DSP-07219,ORD-01639,duplicate_charge,2026-06-01,5,pending
DSP-07220,ORD-06403,item_not_received,2026-06-01,17,pending
DSP-07221,ORD-16337,unauthorized_transaction,2026-06-01,1,pending
DSP-07222,ORD-04532,item_not_received,2026-06-01,17,pending
DSP-07223,ORD-18863,item_not_received,2026-06-01,8,pending
DSP-07224,ORD-08225,unauthorized_transaction,2026-06-01,20,pending
DSP-07225,ORD-04701,unauthorized_transaction,2026-06-01,22,pending
DSP-07226,ORD-09496,item_not_received,2026-06-01,9,pending
DSP-07227,ORD-18455,item_not_received,2026-06-01,24,pending
DSP-07228,ORD-08115,not_as_described,2026-06-01,2,pending
DSP-07229,ORD-10047,not_as_described,2026-06-01,20,pending
DSP-07230,ORD-18289,not_as_described,2026-06-01,15,pending
DSP-07231,ORD-17099,duplicate_charge,2026-06-01,2,pending
DSP-07232,ORD-04602,unauthorized_transaction,2026-06-01,11,pending
DSP-07233,ORD-08484,not_as_described,2026-06-01,4,pending
DSP-07234,ORD-18965,unauthorized_transaction,2026-06-01,20,pending
DSP-07235,ORD-16626,duplicate_charge,2026-06-01,13,pending
DSP-07236,ORD-04747,not_as_described,2026-06-01,9,pending
DSP-07237,ORD-02934,item_not_received,2026-06-01,20,pending
DSP-07238,ORD-17906,not_as_described,2026-06-01,14,pending
DSP-07239,ORD-19486,item_not_received,2026-06-01,22,pending
DSP-07240,ORD-10864,unauthorized_transaction,2026-06-01,24,pending
DSP-07241,ORD-05832,unauthorized_transaction,2026-06-01,11,pending
DSP-07242,ORD-06562,not_as_described,2026-06-01,12,pending
DSP-07243,ORD-10463,not_as_described,2026-06-01,17,pending
DSP-07244,ORD-11650,duplicate_charge,2026-06-01,12,pending
DSP-07245,ORD-07074,not_as_described,2026-06-01,3,pending
DSP-07246,ORD-03716,unauthorized_transaction,2026-06-01,16,pending
DSP-07247,ORD-18573,duplicate_charge,2026-06-01,14,pending
DSP-07248,ORD-03051,item_not_received,2026-06-01,17,pending
DSP-07249,ORD-15795,unauthorized_transaction,2026-06-01,13,pending
DSP-07250,ORD-07012,not_as_described,2026-06-01,16,pending
DSP-07251,ORD-16077,duplicate_charge,2026-06-01,6,pending
DSP-07252,ORD-13791,not_as_described,2026-06-01,21,pending
DSP-07253,ORD-08301,unauthorized_transaction,2026-06-01,7,pending
DSP-07254,ORD-16900,item_not_received,2026-06-01,13,pending
DSP-07255,ORD-04852,not_as_described,2026-06-01,21,pending
DSP-07256,ORD-04946,unauthorized_transaction,2026-06-01,21,pending
DSP-07257,ORD-08054,duplicate_charge,2026-06-01,17,pending
DSP-07258,ORD-18557,not_as_described,2026-06-01,21,pending
DSP-07259,ORD-17615,item_not_received,2026-06-01,21,pending
DSP-07260,ORD-00627,unauthorized_transaction,2026-06-01,3,pending
DSP-07261,ORD-17915,not_as_described,2026-06-01,8,pending
DSP-07262,ORD-14580,item_not_received,2026-06-01,5,pending
DSP-07263,ORD-06851,item_not_received,2026-06-01,2,pending
DSP-07264,ORD-15316,unauthorized_transaction,2026-06-01,9,pending
DSP-07265,ORD-12457,item_not_received,2026-06-01,23,pending
DSP-07266,ORD-18364,duplicate_charge,2026-06-01,24,pending
DSP-07267,ORD-13391,not_as_described,2026-06-01,11,pending
DSP-07268,ORD-12705,unauthorized_transaction,2026-06-01,11,pending
DSP-07269,ORD-00266,item_not_received,2026-06-01,12,pending
DSP-07270,ORD-12244,item_not_received,2026-06-01,15,pending
DSP-07271,ORD-08732,duplicate_charge,2026-06-01,8,pending
DSP-07272,ORD-15321,duplicate_charge,2026-06-01,20,pending
DSP-07273,ORD-16602,unauthorized_transaction,2026-06-01,18,pending
DSP-07274,ORD-08314,unauthorized_transaction,2026-06-01,23,pending
DSP-07275,ORD-00853,not_as_described,2026-06-01,21,pending
DSP-07276,ORD-19192,unauthorized_transaction,2026-06-01,1,pending
DSP-07277,ORD-05182,item_not_received,2026-06-02,21,pending
DSP-07278,ORD-07452,item_not_received,2026-06-02,2,pending
DSP-07279,ORD-04801,not_as_described,2026-06-02,17,pending
DSP-07280,ORD-11108,not_as_described,2026-06-02,1,pending
DSP-07281,ORD-14990,duplicate_charge,2026-06-02,8,pending
DSP-07282,ORD-19586,unauthorized_transaction,2026-06-02,20,pending
DSP-07283,ORD-06936,not_as_described,2026-06-02,13,pending
DSP-07284,ORD-10797,unauthorized_transaction,2026-06-02,4,pending
DSP-07285,ORD-10508,item_not_received,2026-06-02,10,pending
DSP-07286,ORD-04836,not_as_described,2026-06-02,15,pending
DSP-07287,ORD-10227,not_as_described,2026-06-02,16,pending
DSP-07288,ORD-07944,unauthorized_transaction,2026-06-02,17,pending
DSP-07289,ORD-11880,item_not_received,2026-06-02,21,pending
DSP-07290,ORD-01881,unauthorized_transaction,2026-06-02,3,pending
DSP-07291,ORD-14719,unauthorized_transaction,2026-06-02,3,pending
DSP-07292,ORD-08111,unauthorized_transaction,2026-06-02,2,pending
DSP-07293,ORD-06136,item_not_received,2026-06-02,21,pending
DSP-07294,ORD-05611,item_not_received,2026-06-02,9,pending
DSP-07295,ORD-02042,not_as_described,2026-06-02,23,pending
DSP-07296,ORD-08836,not_as_described,2026-06-02,23,pending
DSP-07297,ORD-18302,not_as_described,2026-06-02,8,pending
DSP-07298,ORD-06669,duplicate_charge,2026-06-02,3,pending
DSP-07299,ORD-06869,unauthorized_transaction,2026-06-02,7,pending
DSP-07300,ORD-17694,unauthorized_transaction,2026-06-02,3,pending
DSP-07301,ORD-04601,item_not_received,2026-06-02,15,pending
DSP-07302,ORD-18038,unauthorized_transaction,2026-06-02,15,pending
DSP-07303,ORD-15545,not_as_described,2026-06-02,1,pending
DSP-07304,ORD-11370,item_not_received,2026-06-02,19,pending
DSP-07305,ORD-13875,not_as_described,2026-06-02,6,pending
DSP-07306,ORD-18192,not_as_described,2026-06-02,21,pending
DSP-07307,ORD-02132,not_as_described,2026-06-02,5,pending
DSP-07308,ORD-17539,not_as_described,2026-06-02,14,pending
DSP-07309,ORD-12187,unauthorized_transaction,2026-06-02,10,pending
DSP-07310,ORD-01411,item_not_received,2026-06-02,16,pending
DSP-07311,ORD-09985,unauthorized_transaction,2026-06-02,1,pending
DSP-07312,ORD-04537,not_as_described,2026-06-02,19,pending
DSP-07313,ORD-06564,item_not_received,2026-06-02,23,pending
DSP-07314,ORD-02141,duplicate_charge,2026-06-02,9,pending
DSP-07315,ORD-18448,unauthorized_transaction,2026-06-02,21,pending
DSP-07316,ORD-00792,not_as_described,2026-06-02,18,pending
DSP-07317,ORD-03865,not_as_described,2026-06-02,5,pending
DSP-07318,ORD-01868,not_as_described,2026-06-02,13,pending
DSP-07319,ORD-19718,unauthorized_transaction,2026-06-02,1,pending
DSP-07320,ORD-09365,not_as_described,2026-06-02,17,pending
DSP-07321,ORD-15171,item_not_received,2026-06-02,3,pending
DSP-07322,ORD-02230,not_as_described,2026-06-02,13,pending
DSP-07323,ORD-11762,duplicate_charge,2026-06-02,19,pending
DSP-07324,ORD-08763,not_as_described,2026-06-02,20,pending
DSP-07325,ORD-01711,item_not_received,2026-06-02,23,pending
DSP-07326,ORD-19302,item_not_received,2026-06-02,4,pending
DSP-07327,ORD-14377,duplicate_charge,2026-06-02,23,pending
DSP-07328,ORD-05504,unauthorized_transaction,2026-06-02,21,pending
DSP-07329,ORD-09826,duplicate_charge,2026-06-02,21,pending
DSP-07330,ORD-05560,not_as_described,2026-06-02,21,pending
DSP-07331,ORD-18499,not_as_described,2026-06-02,12,pending
DSP-07332,ORD-19794,duplicate_charge,2026-06-02,3,pending
DSP-07333,ORD-17820,not_as_described,2026-06-02,7,pending
DSP-07334,ORD-06613,item_not_received,2026-06-02,1,pending
DSP-07335,ORD-10592,not_as_described,2026-06-02,3,pending
DSP-07336,ORD-19284,unauthorized_transaction,2026-06-02,15,pending
DSP-07337,ORD-19818,item_not_received,2026-06-02,16,pending
DSP-07338,ORD-07777,not_as_described,2026-06-02,5,pending
DSP-07339,ORD-05219,item_not_received,2026-06-02,4,pending
DSP-07340,ORD-19434,unauthorized_transaction,2026-06-02,7,pending
DSP-07341,ORD-13290,unauthorized_transaction,2026-06-02,21,pending
DSP-07342,ORD-17552,item_not_received,2026-06-02,17,pending
DSP-07343,ORD-06308,unauthorized_transaction,2026-06-02,12,pending
DSP-07344,ORD-16054,duplicate_charge,2026-06-02,16,pending
DSP-07345,ORD-12354,unauthorized_transaction,2026-06-02,14,pending
DSP-07346,ORD-01134,item_not_received,2026-06-02,3,pending
DSP-07347,ORD-19446,duplicate_charge,2026-06-02,17,pending
DSP-07348,ORD-01541,unauthorized_transaction,2026-06-02,17,pending
DSP-07349,ORD-18337,item_not_received,2026-06-02,16,pending
DSP-07350,ORD-01933,not_as_described,2026-06-02,18,pending
DSP-07351,ORD-03328,unauthorized_transaction,2026-06-02,9,pending
DSP-07352,ORD-15803,duplicate_charge,2026-06-02,15,pending
DSP-07353,ORD-12627,item_not_received,2026-06-02,23,pending
DSP-07354,ORD-03857,duplicate_charge,2026-06-02,16,pending
DSP-07355,ORD-09122,not_as_described,2026-06-02,6,pending
DSP-07356,ORD-11350,not_as_described,2026-06-02,14,pending
DSP-07357,ORD-19004,not_as_described,2026-06-02,12,pending
DSP-07358,ORD-13846,unauthorized_transaction,2026-06-02,12,pending
DSP-07359,ORD-13654,item_not_received,2026-06-02,22,pending
DSP-07360,ORD-09025,duplicate_charge,2026-06-02,15,pending
DSP-07361,ORD-09944,not_as_described,2026-06-02,23,pending
DSP-07362,ORD-16152,not_as_described,2026-06-02,22,pending
DSP-07363,ORD-19116,unauthorized_transaction,2026-06-02,12,pending
DSP-07364,ORD-18491,duplicate_charge,2026-06-02,11,pending
DSP-07365,ORD-10123,unauthorized_transaction,2026-06-02,11,pending
DSP-07366,ORD-11158,unauthorized_transaction,2026-06-02,18,pending
DSP-07367,ORD-14935,item_not_received,2026-06-02,8,pending
DSP-07368,ORD-19231,unauthorized_transaction,2026-06-02,8,pending
DSP-07369,ORD-13537,not_as_described,2026-06-02,15,pending
DSP-07370,ORD-02138,not_as_described,2026-06-02,5,pending
DSP-07371,ORD-19698,item_not_received,2026-06-02,10,pending
DSP-07372,ORD-03039,duplicate_charge,2026-06-02,2,pending
DSP-07373,ORD-07477,item_not_received,2026-06-02,13,pending
DSP-07374,ORD-16623,item_not_received,2026-06-02,4,pending
DSP-07375,ORD-15193,item_not_received,2026-06-02,24,pending
DSP-07376,ORD-13364,unauthorized_transaction,2026-06-02,18,pending
DSP-07377,ORD-09760,item_not_received,2026-06-02,15,pending
DSP-07378,ORD-06619,item_not_received,2026-06-02,22,pending
DSP-07379,ORD-00883,item_not_received,2026-06-02,21,pending
DSP-07380,ORD-03849,item_not_received,2026-06-02,2,pending
DSP-07381,ORD-06412,item_not_received,2026-06-02,3,pending
DSP-07382,ORD-00880,other_unclassified,2026-06-02,23,pending
DSP-07383,ORD-10465,not_as_described,2026-06-02,7,pending
DSP-07384,ORD-04017,item_not_received,2026-06-02,17,pending
DSP-07385,ORD-07410,duplicate_charge,2026-06-03,17,pending
DSP-07386,ORD-07089,not_as_described,2026-06-03,22,pending
DSP-07387,ORD-18130,unauthorized_transaction,2026-06-03,18,pending
DSP-07388,ORD-19695,item_not_received,2026-06-03,8,pending
DSP-07389,ORD-15145,item_not_received,2026-06-03,13,pending
DSP-07390,ORD-17226,unauthorized_transaction,2026-06-03,17,pending
DSP-07391,ORD-12417,item_not_received,2026-06-03,16,pending
DSP-07392,ORD-18259,unauthorized_transaction,2026-06-03,20,pending
DSP-07393,ORD-19385,item_not_received,2026-06-03,9,pending
DSP-07394,ORD-03212,unauthorized_transaction,2026-06-03,10,pending
DSP-07395,ORD-09036,not_as_described,2026-06-03,7,pending
DSP-07396,ORD-17631,duplicate_charge,2026-06-03,23,pending
DSP-07397,ORD-05034,item_not_received,2026-06-03,11,pending
DSP-07398,ORD-03375,duplicate_charge,2026-06-03,6,pending
DSP-07399,ORD-00910,not_as_described,2026-06-03,20,pending
DSP-07400,ORD-09861,not_as_described,2026-06-03,22,pending
DSP-07401,ORD-05206,duplicate_charge,2026-06-03,17,pending
DSP-07402,ORD-09080,item_not_received,2026-06-03,23,pending
DSP-07403,ORD-08986,not_as_described,2026-06-03,6,pending
DSP-07404,ORD-13835,duplicate_charge,2026-06-03,12,pending
DSP-07405,ORD-17953,unauthorized_transaction,2026-06-03,6,pending
DSP-07406,ORD-00698,item_not_received,2026-06-03,22,pending
DSP-07407,ORD-11889,item_not_received,2026-06-03,16,pending
DSP-07408,ORD-10283,not_as_described,2026-06-03,16,pending
DSP-07409,ORD-15370,unauthorized_transaction,2026-06-03,12,pending
DSP-07410,ORD-06964,item_not_received,2026-06-03,4,pending
DSP-07411,ORD-17453,item_not_received,2026-06-03,9,pending
DSP-07412,ORD-00413,duplicate_charge,2026-06-03,1,pending
DSP-07413,ORD-10668,not_as_described,2026-06-03,2,pending
DSP-07414,ORD-04281,unauthorized_transaction,2026-06-03,4,pending
DSP-07415,ORD-15392,item_not_received,2026-06-03,22,pending
DSP-07416,ORD-14927,duplicate_charge,2026-06-03,13,pending
DSP-07417,ORD-08720,unauthorized_transaction,2026-06-03,11,pending
DSP-07418,ORD-08273,not_as_described,2026-06-03,22,pending
DSP-07419,ORD-15157,not_as_described,2026-06-03,10,pending
DSP-07420,ORD-01953,not_as_described,2026-06-03,6,pending
DSP-07421,ORD-09903,not_as_described,2026-06-03,4,pending
DSP-07422,ORD-13237,duplicate_charge,2026-06-03,3,pending
DSP-07423,ORD-17675,unauthorized_transaction,2026-06-03,9,pending
DSP-07424,ORD-03181,item_not_received,2026-06-03,8,pending
DSP-07425,ORD-00810,unauthorized_transaction,2026-06-03,23,pending
DSP-07426,ORD-12483,not_as_described,2026-06-03,3,pending
DSP-07427,ORD-19819,unauthorized_transaction,2026-06-03,8,pending
DSP-07428,ORD-16038,duplicate_charge,2026-06-03,19,pending
DSP-07429,ORD-16964,duplicate_charge,2026-06-03,16,pending
DSP-07430,ORD-15587,item_not_received,2026-06-03,20,pending
DSP-07431,ORD-01420,not_as_described,2026-06-03,3,pending
DSP-07432,ORD-11580,not_as_described,2026-06-03,9,pending
DSP-07433,ORD-16839,item_not_received,2026-06-03,9,pending
DSP-07434,ORD-05507,unauthorized_transaction,2026-06-03,15,pending
DSP-07435,ORD-17683,not_as_described,2026-06-03,5,pending
DSP-07436,ORD-12358,item_not_received,2026-06-03,10,pending
DSP-07437,ORD-15191,not_as_described,2026-06-03,9,pending
DSP-07438,ORD-00203,not_as_described,2026-06-03,17,pending
DSP-07439,ORD-02529,unauthorized_transaction,2026-06-03,18,pending
DSP-07440,ORD-16125,not_as_described,2026-06-03,15,pending
DSP-07441,ORD-17200,not_as_described,2026-06-03,13,pending
DSP-07442,ORD-02892,not_as_described,2026-06-03,15,pending
DSP-07443,ORD-09321,not_as_described,2026-06-03,9,pending
DSP-07444,ORD-11635,duplicate_charge,2026-06-03,9,pending
DSP-07445,ORD-19960,unauthorized_transaction,2026-06-03,2,pending
DSP-07446,ORD-07798,unauthorized_transaction,2026-06-03,22,pending
DSP-07447,ORD-17742,not_as_described,2026-06-03,13,pending
DSP-07448,ORD-14909,not_as_described,2026-06-03,4,pending
DSP-07449,ORD-13455,not_as_described,2026-06-03,24,pending
DSP-07450,ORD-16785,duplicate_charge,2026-06-03,23,pending
DSP-07451,ORD-03014,duplicate_charge,2026-06-03,9,pending
DSP-07452,ORD-01494,not_as_described,2026-06-03,2,pending
DSP-07453,ORD-06706,item_not_received,2026-06-03,9,pending
DSP-07454,ORD-12188,item_not_received,2026-06-03,18,pending
DSP-07455,ORD-14107,item_not_received,2026-06-03,6,pending
DSP-07456,ORD-06845,item_not_received,2026-06-03,7,pending
DSP-07457,ORD-04199,not_as_described,2026-06-03,15,pending
DSP-07458,ORD-05422,item_not_received,2026-06-03,3,pending
DSP-07459,ORD-18140,not_as_described,2026-06-03,22,pending
DSP-07460,ORD-06342,unauthorized_transaction,2026-06-03,19,pending
DSP-07461,ORD-14560,unauthorized_transaction,2026-06-03,5,pending
DSP-07462,ORD-01720,item_not_received,2026-06-03,19,pending
DSP-07463,ORD-07436,not_as_described,2026-06-03,9,pending
DSP-07464,ORD-01502,duplicate_charge,2026-06-03,13,pending
DSP-07465,ORD-12644,unauthorized_transaction,2026-06-03,13,pending
DSP-07466,ORD-04177,item_not_received,2026-06-03,3,pending
DSP-07467,ORD-04957,not_as_described,2026-06-03,21,pending
DSP-07468,ORD-04814,duplicate_charge,2026-06-03,18,pending
DSP-07469,ORD-00860,item_not_received,2026-06-03,13,pending
DSP-07470,ORD-19462,item_not_received,2026-06-03,7,pending
DSP-07471,ORD-05240,not_as_described,2026-06-03,5,pending
DSP-07472,ORD-02361,item_not_received,2026-06-03,22,pending
DSP-07473,ORD-18717,item_not_received,2026-06-03,4,pending
DSP-07474,ORD-09322,item_not_received,2026-06-03,9,pending
DSP-07475,ORD-14157,item_not_received,2026-06-03,17,pending
DSP-07476,ORD-15111,item_not_received,2026-06-03,17,pending
DSP-07477,ORD-03573,unauthorized_transaction,2026-06-03,17,pending
DSP-07478,ORD-14321,unauthorized_transaction,2026-06-03,23,pending
DSP-07479,ORD-07323,item_not_received,2026-06-03,3,pending
DSP-07480,ORD-13839,unauthorized_transaction,2026-06-03,16,pending
DSP-07481,ORD-07528,item_not_received,2026-06-03,8,pending
DSP-07482,ORD-12793,duplicate_charge,2026-06-03,19,pending
DSP-07483,ORD-14581,unauthorized_transaction,2026-06-03,16,pending
DSP-07484,ORD-04445,duplicate_charge,2026-06-03,17,pending
DSP-07485,ORD-17544,unauthorized_transaction,2026-06-03,4,pending
DSP-07486,ORD-15928,item_not_received,2026-06-03,23,pending
DSP-07487,ORD-17888,not_as_described,2026-06-03,7,pending
DSP-07488,ORD-07021,duplicate_charge,2026-06-03,12,pending
DSP-07489,ORD-13388,not_as_described,2026-06-03,6,pending
DSP-07490,ORD-12360,item_not_received,2026-06-03,22,pending
DSP-07491,ORD-17250,not_as_described,2026-06-03,1,pending
DSP-07492,ORD-03695,item_not_received,2026-06-03,22,pending
DSP-07493,ORD-13298,unauthorized_transaction,2026-06-03,18,pending
DSP-07494,ORD-16423,not_as_described,2026-06-03,7,pending
DSP-07495,ORD-10150,unauthorized_transaction,2026-06-04,10,pending
DSP-07496,ORD-13247,item_not_received,2026-06-04,21,pending
DSP-07497,ORD-03185,item_not_received,2026-06-04,5,pending
DSP-07498,ORD-03898,not_as_described,2026-06-04,4,pending
DSP-07499,ORD-18116,item_not_received,2026-06-04,14,pending
DSP-07500,ORD-19104,not_as_described,2026-06-04,13,pending
DSP-07501,ORD-11335,unauthorized_transaction,2026-06-04,10,pending
DSP-07502,ORD-14105,duplicate_charge,2026-06-04,2,pending
DSP-07503,ORD-07052,unauthorized_transaction,2026-06-04,24,pending
DSP-07504,ORD-15744,duplicate_charge,2026-06-04,19,pending
DSP-07505,ORD-15730,not_as_described,2026-06-04,23,pending
DSP-07506,ORD-12608,not_as_described,2026-06-04,9,pending
DSP-07507,ORD-07417,item_not_received,2026-06-04,21,pending
DSP-07508,ORD-03848,item_not_received,2026-06-04,3,pending
DSP-07509,ORD-12806,duplicate_charge,2026-06-04,1,pending
DSP-07510,ORD-07747,not_as_described,2026-06-04,22,pending
DSP-07511,ORD-04157,duplicate_charge,2026-06-04,10,pending
DSP-07512,ORD-16141,not_as_described,2026-06-04,21,pending
DSP-07513,ORD-13853,not_as_described,2026-06-04,17,pending
DSP-07514,ORD-12657,item_not_received,2026-06-04,11,pending
DSP-07515,ORD-00380,duplicate_charge,2026-06-04,3,pending
DSP-07516,ORD-16591,unauthorized_transaction,2026-06-04,23,pending
DSP-07517,ORD-08979,item_not_received,2026-06-04,7,pending
DSP-07518,ORD-06726,item_not_received,2026-06-04,17,pending
DSP-07519,ORD-14500,unauthorized_transaction,2026-06-04,11,pending
DSP-07520,ORD-08269,not_as_described,2026-06-04,17,pending
DSP-07521,ORD-19657,item_not_received,2026-06-04,19,pending
DSP-07522,ORD-03762,unauthorized_transaction,2026-06-04,23,pending
DSP-07523,ORD-14379,not_as_described,2026-06-04,4,pending
DSP-07524,ORD-11777,unauthorized_transaction,2026-06-04,12,pending
DSP-07525,ORD-03180,unauthorized_transaction,2026-06-04,24,pending
DSP-07526,ORD-03196,unauthorized_transaction,2026-06-04,10,pending
DSP-07527,ORD-19072,item_not_received,2026-06-04,21,pending
DSP-07528,ORD-07606,unauthorized_transaction,2026-06-04,8,pending
DSP-07529,ORD-19543,unauthorized_transaction,2026-06-04,5,pending
DSP-07530,ORD-15885,unauthorized_transaction,2026-06-04,1,pending
DSP-07531,ORD-11681,item_not_received,2026-06-04,11,pending
DSP-07532,ORD-08696,not_as_described,2026-06-04,11,pending
DSP-07533,ORD-11380,duplicate_charge,2026-06-04,12,pending
DSP-07534,ORD-01414,not_as_described,2026-06-04,3,pending
DSP-07535,ORD-05807,unauthorized_transaction,2026-06-04,24,pending
DSP-07536,ORD-15975,not_as_described,2026-06-04,6,pending
DSP-07537,ORD-18023,not_as_described,2026-06-04,2,pending
DSP-07538,ORD-18416,unauthorized_transaction,2026-06-04,7,pending
DSP-07539,ORD-19161,unauthorized_transaction,2026-06-04,12,pending
DSP-07540,ORD-17168,unauthorized_transaction,2026-06-04,17,pending
DSP-07541,ORD-06419,item_not_received,2026-06-04,2,pending
DSP-07542,ORD-08336,duplicate_charge,2026-06-04,17,pending
DSP-07543,ORD-08874,item_not_received,2026-06-04,16,pending
DSP-07544,ORD-14221,not_as_described,2026-06-04,4,pending
DSP-07545,ORD-09104,unauthorized_transaction,2026-06-04,17,pending
DSP-07546,ORD-02650,duplicate_charge,2026-06-04,9,pending
DSP-07547,ORD-16031,item_not_received,2026-06-04,1,pending
DSP-07548,ORD-09086,not_as_described,2026-06-04,21,pending
DSP-07549,ORD-15573,item_not_received,2026-06-04,16,pending
DSP-07550,ORD-09502,item_not_received,2026-06-04,2,pending
DSP-07551,ORD-00390,item_not_received,2026-06-04,18,pending
DSP-07552,ORD-13047,item_not_received,2026-06-04,11,pending
DSP-07553,ORD-04299,duplicate_charge,2026-06-04,7,pending
DSP-07554,ORD-08203,item_not_received,2026-06-04,24,pending
DSP-07555,ORD-13552,item_not_received,2026-06-04,7,pending
DSP-07556,ORD-15049,item_not_received,2026-06-04,9,pending
DSP-07557,ORD-00168,item_not_received,2026-06-04,17,pending
DSP-07558,ORD-05795,item_not_received,2026-06-04,9,pending
DSP-07559,ORD-09000,duplicate_charge,2026-06-04,24,pending
DSP-07560,ORD-09646,unauthorized_transaction,2026-06-04,1,pending
DSP-07561,ORD-00493,item_not_received,2026-06-04,21,pending
DSP-07562,ORD-03024,item_not_received,2026-06-04,1,pending
DSP-07563,ORD-01357,item_not_received,2026-06-04,9,pending
DSP-07564,ORD-11795,duplicate_charge,2026-06-04,19,pending
DSP-07565,ORD-09240,not_as_described,2026-06-04,14,pending
DSP-07566,ORD-14976,unauthorized_transaction,2026-06-04,14,pending
DSP-07567,ORD-12615,not_as_described,2026-06-04,22,pending
DSP-07568,ORD-00090,duplicate_charge,2026-06-04,20,pending
DSP-07569,ORD-06739,item_not_received,2026-06-04,17,pending
DSP-07570,ORD-08894,not_as_described,2026-06-04,8,pending
DSP-07571,ORD-03867,unauthorized_transaction,2026-06-04,16,pending
DSP-07572,ORD-17879,item_not_received,2026-06-04,5,pending
DSP-07573,ORD-09816,duplicate_charge,2026-06-04,23,pending
DSP-07574,ORD-03307,unauthorized_transaction,2026-06-04,24,pending
DSP-07575,ORD-16053,unauthorized_transaction,2026-06-04,21,pending
DSP-07576,ORD-18397,unauthorized_transaction,2026-06-04,7,pending
DSP-07577,ORD-01060,item_not_received,2026-06-04,4,pending
DSP-07578,ORD-16546,unauthorized_transaction,2026-06-04,10,pending
DSP-07579,ORD-16714,not_as_described,2026-06-04,1,pending
DSP-07580,ORD-18974,not_as_described,2026-06-04,23,pending
DSP-07581,ORD-01833,duplicate_charge,2026-06-04,23,pending
DSP-07582,ORD-15900,item_not_received,2026-06-04,10,pending
DSP-07583,ORD-03151,unauthorized_transaction,2026-06-04,5,pending
DSP-07584,ORD-17347,not_as_described,2026-06-04,12,pending
DSP-07585,ORD-00790,unauthorized_transaction,2026-06-04,11,pending
DSP-07586,ORD-05849,duplicate_charge,2026-06-04,12,pending
DSP-07587,ORD-03928,not_as_described,2026-06-04,21,pending
DSP-07588,ORD-19629,not_as_described,2026-06-04,24,pending
DSP-07589,ORD-11031,duplicate_charge,2026-06-04,21,pending
DSP-07590,ORD-08477,not_as_described,2026-06-04,20,pending
DSP-07591,ORD-16509,duplicate_charge,2026-06-04,13,pending
DSP-07592,ORD-00774,unauthorized_transaction,2026-06-04,24,pending
DSP-07593,ORD-11493,not_as_described,2026-06-04,18,pending
DSP-07594,ORD-05518,not_as_described,2026-06-04,1,pending
DSP-07595,ORD-00105,item_not_received,2026-06-04,12,pending
DSP-07596,ORD-09539,item_not_received,2026-06-04,13,pending
DSP-07597,ORD-19972,not_as_described,2026-06-04,22,pending
DSP-07598,ORD-00517,unauthorized_transaction,2026-06-04,1,pending
DSP-07599,ORD-04657,item_not_received,2026-06-04,5,pending
DSP-07600,ORD-11264,unauthorized_transaction,2026-06-04,3,pending
DSP-07601,ORD-04813,not_as_described,2026-06-04,16,pending
DSP-07602,ORD-01487,not_as_described,2026-06-04,17,pending
DSP-07603,ORD-03502,not_as_described,2026-06-05,2,pending
DSP-07604,ORD-01884,not_as_described,2026-06-05,13,pending
DSP-07605,ORD-01666,duplicate_charge,2026-06-05,19,pending
DSP-07606,ORD-09967,item_not_received,2026-06-05,14,pending
DSP-07607,ORD-10994,not_as_described,2026-06-05,6,pending
DSP-07608,ORD-16477,item_not_received,2026-06-05,19,pending
DSP-07609,ORD-10282,not_as_described,2026-06-05,14,pending
DSP-07610,ORD-01876,unauthorized_transaction,2026-06-05,6,pending
DSP-07611,ORD-05783,item_not_received,2026-06-05,18,pending
DSP-07612,ORD-00925,item_not_received,2026-06-05,6,pending
DSP-07613,ORD-02398,item_not_received,2026-06-05,22,pending
DSP-07614,ORD-00879,unauthorized_transaction,2026-06-05,8,pending
DSP-07615,ORD-05774,not_as_described,2026-06-05,12,pending
DSP-07616,ORD-15910,unauthorized_transaction,2026-06-05,12,pending
DSP-07617,ORD-05018,item_not_received,2026-06-05,6,pending
DSP-07618,ORD-10942,item_not_received,2026-06-05,10,pending
DSP-07619,ORD-04811,item_not_received,2026-06-05,11,pending
DSP-07620,ORD-19531,duplicate_charge,2026-06-05,23,pending
DSP-07621,ORD-07371,unauthorized_transaction,2026-06-05,10,pending
DSP-07622,ORD-01513,duplicate_charge,2026-06-05,13,pending
DSP-07623,ORD-02418,item_not_received,2026-06-05,13,pending
DSP-07624,ORD-19087,unauthorized_transaction,2026-06-05,18,pending
DSP-07625,ORD-01291,not_as_described,2026-06-05,17,pending
DSP-07626,ORD-00687,duplicate_charge,2026-06-05,5,pending
DSP-07627,ORD-09472,duplicate_charge,2026-06-05,11,pending
DSP-07628,ORD-08404,duplicate_charge,2026-06-05,1,pending
DSP-07629,ORD-13198,item_not_received,2026-06-05,1,pending
DSP-07630,ORD-00850,item_not_received,2026-06-05,7,pending
DSP-07631,ORD-19994,duplicate_charge,2026-06-05,14,pending
DSP-07632,ORD-08039,duplicate_charge,2026-06-05,2,pending
DSP-07633,ORD-14403,item_not_received,2026-06-05,21,pending
DSP-07634,ORD-00433,not_as_described,2026-06-05,20,pending
DSP-07635,ORD-17573,not_as_described,2026-06-05,18,pending
DSP-07636,ORD-19126,unauthorized_transaction,2026-06-05,2,pending
DSP-07637,ORD-13112,not_as_described,2026-06-05,12,pending
DSP-07638,ORD-14120,not_as_described,2026-06-05,23,pending
DSP-07639,ORD-05887,item_not_received,2026-06-05,18,pending
DSP-07640,ORD-00419,item_not_received,2026-06-05,21,pending
DSP-07641,ORD-17075,item_not_received,2026-06-05,5,pending
DSP-07642,ORD-15970,unauthorized_transaction,2026-06-05,20,pending
DSP-07643,ORD-07091,item_not_received,2026-06-05,1,pending
DSP-07644,ORD-05193,not_as_described,2026-06-05,19,pending
DSP-07645,ORD-17123,duplicate_charge,2026-06-05,16,pending
DSP-07646,ORD-01249,not_as_described,2026-06-05,6,pending
DSP-07647,ORD-19419,not_as_described,2026-06-05,13,pending
DSP-07648,ORD-00595,duplicate_charge,2026-06-05,17,pending
DSP-07649,ORD-12254,not_as_described,2026-06-05,2,pending
DSP-07650,ORD-12220,unauthorized_transaction,2026-06-05,4,pending
DSP-07651,ORD-02456,duplicate_charge,2026-06-05,2,pending
DSP-07652,ORD-09676,unauthorized_transaction,2026-06-05,9,pending
DSP-07653,ORD-05577,not_as_described,2026-06-05,18,pending
DSP-07654,ORD-07753,item_not_received,2026-06-05,24,pending
DSP-07655,ORD-17089,not_as_described,2026-06-05,6,pending
DSP-07656,ORD-06203,item_not_received,2026-06-05,20,pending
DSP-07657,ORD-07941,unauthorized_transaction,2026-06-05,7,pending
DSP-07658,ORD-02330,duplicate_charge,2026-06-05,21,pending
DSP-07659,ORD-09918,unauthorized_transaction,2026-06-05,14,pending
DSP-07660,ORD-07050,item_not_received,2026-06-05,22,pending
DSP-07661,ORD-06525,item_not_received,2026-06-05,1,pending
DSP-07662,ORD-08275,item_not_received,2026-06-05,4,pending
DSP-07663,ORD-02383,item_not_received,2026-06-05,11,pending
DSP-07664,ORD-08286,unauthorized_transaction,2026-06-05,21,pending
DSP-07665,ORD-10459,unauthorized_transaction,2026-06-05,1,pending
DSP-07666,ORD-12935,item_not_received,2026-06-05,22,pending
DSP-07667,ORD-19261,not_as_described,2026-06-05,7,pending
DSP-07668,ORD-16820,item_not_received,2026-06-05,24,pending
DSP-07669,ORD-12710,duplicate_charge,2026-06-05,3,pending
DSP-07670,ORD-04004,item_not_received,2026-06-05,7,pending
DSP-07671,ORD-09113,unauthorized_transaction,2026-06-05,20,pending
DSP-07672,ORD-19225,not_as_described,2026-06-05,16,pending
DSP-07673,ORD-13430,not_as_described,2026-06-05,12,pending
DSP-07674,ORD-03392,not_as_described,2026-06-05,7,pending
DSP-07675,ORD-15249,item_not_received,2026-06-05,11,pending
DSP-07676,ORD-02221,item_not_received,2026-06-05,11,pending
DSP-07677,ORD-19221,item_not_received,2026-06-05,20,pending
DSP-07678,ORD-17815,item_not_received,2026-06-05,3,pending
DSP-07679,ORD-12558,not_as_described,2026-06-05,7,pending
DSP-07680,ORD-08875,unauthorized_transaction,2026-06-05,5,pending
DSP-07681,ORD-05944,unauthorized_transaction,2026-06-05,4,pending
DSP-07682,ORD-12382,item_not_received,2026-06-05,17,pending
DSP-07683,ORD-01445,unauthorized_transaction,2026-06-05,17,pending
DSP-07684,ORD-03555,item_not_received,2026-06-05,9,pending
DSP-07685,ORD-07790,not_as_described,2026-06-05,24,pending
DSP-07686,ORD-01307,item_not_received,2026-06-05,10,pending
DSP-07687,ORD-10311,unauthorized_transaction,2026-06-05,19,pending
DSP-07688,ORD-01075,item_not_received,2026-06-05,14,pending
DSP-07689,ORD-10064,item_not_received,2026-06-05,5,pending
DSP-07690,ORD-04388,not_as_described,2026-06-05,16,pending
DSP-07691,ORD-08662,item_not_received,2026-06-05,15,pending
DSP-07692,ORD-01535,duplicate_charge,2026-06-05,18,pending
DSP-07693,ORD-19439,unauthorized_transaction,2026-06-05,23,pending
DSP-07694,ORD-05427,duplicate_charge,2026-06-05,9,pending
DSP-07695,ORD-06145,not_as_described,2026-06-05,16,pending
DSP-07696,ORD-10143,not_as_described,2026-06-05,23,pending
DSP-07697,ORD-06801,item_not_received,2026-06-05,12,pending
DSP-07698,ORD-18367,unauthorized_transaction,2026-06-06,4,pending
DSP-07699,ORD-09960,item_not_received,2026-06-06,9,pending
DSP-07700,ORD-06728,not_as_described,2026-06-06,18,pending
DSP-07701,ORD-04737,item_not_received,2026-06-06,20,pending
DSP-07702,ORD-16394,unauthorized_transaction,2026-06-06,21,pending
DSP-07703,ORD-07137,not_as_described,2026-06-06,4,pending
DSP-07704,ORD-19037,not_as_described,2026-06-06,16,pending
DSP-07705,ORD-01006,not_as_described,2026-06-06,1,pending
DSP-07706,ORD-03146,not_as_described,2026-06-06,1,pending
DSP-07707,ORD-06916,not_as_described,2026-06-06,24,pending
DSP-07708,ORD-01581,not_as_described,2026-06-06,4,pending
DSP-07709,ORD-00674,not_as_described,2026-06-06,23,pending
DSP-07710,ORD-14869,item_not_received,2026-06-06,8,pending
DSP-07711,ORD-04024,unauthorized_transaction,2026-06-06,14,pending
DSP-07712,ORD-01893,duplicate_charge,2026-06-06,2,pending
DSP-07713,ORD-12752,item_not_received,2026-06-06,17,pending
DSP-07714,ORD-17650,unauthorized_transaction,2026-06-06,23,pending
DSP-07715,ORD-06070,item_not_received,2026-06-06,13,pending
DSP-07716,ORD-15087,duplicate_charge,2026-06-06,5,pending
DSP-07717,ORD-10393,not_as_described,2026-06-06,22,pending
DSP-07718,ORD-09204,item_not_received,2026-06-06,2,pending
DSP-07719,ORD-08891,item_not_received,2026-06-06,8,pending
DSP-07720,ORD-04923,unauthorized_transaction,2026-06-06,18,pending
DSP-07721,ORD-16282,unauthorized_transaction,2026-06-06,8,pending
DSP-07722,ORD-09493,unauthorized_transaction,2026-06-06,20,pending
DSP-07723,ORD-10603,not_as_described,2026-06-06,12,pending
DSP-07724,ORD-07885,unauthorized_transaction,2026-06-06,12,pending
DSP-07725,ORD-11735,unauthorized_transaction,2026-06-06,21,pending
DSP-07726,ORD-04172,not_as_described,2026-06-06,20,pending
DSP-07727,ORD-13928,not_as_described,2026-06-06,19,pending
DSP-07728,ORD-15317,item_not_received,2026-06-06,1,pending
DSP-07729,ORD-14251,unauthorized_transaction,2026-06-06,17,pending
DSP-07730,ORD-02977,duplicate_charge,2026-06-06,7,pending
DSP-07731,ORD-11051,duplicate_charge,2026-06-06,2,pending
DSP-07732,ORD-08411,unauthorized_transaction,2026-06-06,10,pending
DSP-07733,ORD-15221,unauthorized_transaction,2026-06-06,8,pending
DSP-07734,ORD-10734,unauthorized_transaction,2026-06-06,24,pending
DSP-07735,ORD-03060,unauthorized_transaction,2026-06-06,7,pending
DSP-07736,ORD-06224,duplicate_charge,2026-06-06,22,pending
DSP-07737,ORD-03617,not_as_described,2026-06-06,22,pending
DSP-07738,ORD-10182,not_as_described,2026-06-06,8,pending
DSP-07739,ORD-01265,item_not_received,2026-06-06,22,pending
DSP-07740,ORD-14278,duplicate_charge,2026-06-06,20,pending
DSP-07741,ORD-05824,not_as_described,2026-06-06,20,pending
DSP-07742,ORD-03463,duplicate_charge,2026-06-06,17,pending
DSP-07743,ORD-13948,unauthorized_transaction,2026-06-06,19,pending
DSP-07744,ORD-01782,unauthorized_transaction,2026-06-06,7,pending
DSP-07745,ORD-16798,duplicate_charge,2026-06-06,7,pending
DSP-07746,ORD-13095,duplicate_charge,2026-06-06,14,pending
DSP-07747,ORD-14678,not_as_described,2026-06-06,12,pending
DSP-07748,ORD-02205,not_as_described,2026-06-06,4,pending
DSP-07749,ORD-05013,item_not_received,2026-06-06,20,pending
DSP-07750,ORD-08837,unauthorized_transaction,2026-06-06,3,pending
DSP-07751,ORD-15918,duplicate_charge,2026-06-06,6,pending
DSP-07752,ORD-14117,item_not_received,2026-06-06,6,pending
DSP-07753,ORD-11283,item_not_received,2026-06-06,21,pending
DSP-07754,ORD-14212,not_as_described,2026-06-06,11,pending
DSP-07755,ORD-18710,unauthorized_transaction,2026-06-06,2,pending
DSP-07756,ORD-01418,item_not_received,2026-06-06,11,pending
DSP-07757,ORD-12494,unauthorized_transaction,2026-06-06,17,pending
DSP-07758,ORD-12419,unauthorized_transaction,2026-06-06,20,pending
DSP-07759,ORD-05321,not_as_described,2026-06-06,2,pending
DSP-07760,ORD-00015,not_as_described,2026-06-06,16,pending
DSP-07761,ORD-07564,item_not_received,2026-06-06,12,pending
DSP-07762,ORD-08601,item_not_received,2026-06-06,4,pending
DSP-07763,ORD-05031,item_not_received,2026-06-06,18,pending
DSP-07764,ORD-08587,duplicate_charge,2026-06-06,9,pending
DSP-07765,ORD-14084,not_as_described,2026-06-06,24,pending
DSP-07766,ORD-09158,unauthorized_transaction,2026-06-06,22,pending
DSP-07767,ORD-05253,not_as_described,2026-06-06,16,pending
DSP-07768,ORD-07728,not_as_described,2026-06-06,11,pending
DSP-07769,ORD-02123,not_as_described,2026-06-06,3,pending
DSP-07770,ORD-19826,item_not_received,2026-06-06,8,pending
DSP-07771,ORD-10818,not_as_described,2026-06-06,21,pending
DSP-07772,ORD-03203,not_as_described,2026-06-06,19,pending
DSP-07773,ORD-08100,not_as_described,2026-06-06,12,pending
DSP-07774,ORD-01617,duplicate_charge,2026-06-06,5,pending
DSP-07775,ORD-05128,unauthorized_transaction,2026-06-06,3,pending
DSP-07776,ORD-06844,unauthorized_transaction,2026-06-06,23,pending
DSP-07777,ORD-08042,not_as_described,2026-06-06,23,pending
DSP-07778,ORD-11751,not_as_described,2026-06-06,15,pending
DSP-07779,ORD-03916,unauthorized_transaction,2026-06-06,17,pending
DSP-07780,ORD-03412,not_as_described,2026-06-06,19,pending
DSP-07781,ORD-09024,not_as_described,2026-06-06,21,pending
DSP-07782,ORD-12377,unauthorized_transaction,2026-06-06,3,pending
DSP-07783,ORD-19190,duplicate_charge,2026-06-06,21,pending
DSP-07784,ORD-17019,item_not_received,2026-06-06,1,pending
DSP-07785,ORD-15763,item_not_received,2026-06-06,6,pending
DSP-07786,ORD-05710,not_as_described,2026-06-06,6,pending
DSP-07787,ORD-09409,not_as_described,2026-06-06,22,pending
DSP-07788,ORD-07483,unauthorized_transaction,2026-06-06,24,pending
DSP-07789,ORD-02657,not_as_described,2026-06-06,12,pending
DSP-07790,ORD-09555,not_as_described,2026-06-06,22,pending
DSP-07791,ORD-16744,not_as_described,2026-06-06,11,pending
DSP-07792,ORD-13171,unauthorized_transaction,2026-06-06,21,pending
DSP-07793,ORD-17129,not_as_described,2026-06-06,7,pending
DSP-07794,ORD-06807,duplicate_charge,2026-06-06,14,pending
DSP-07795,ORD-07837,unauthorized_transaction,2026-06-06,13,pending
DSP-07796,ORD-01180,unauthorized_transaction,2026-06-06,4,pending
DSP-07797,ORD-14009,unauthorized_transaction,2026-06-06,8,pending
DSP-07798,ORD-17285,not_as_described,2026-06-06,13,pending
DSP-07799,ORD-09306,duplicate_charge,2026-06-06,21,pending
DSP-07800,ORD-09446,unauthorized_transaction,2026-06-06,9,pending
DSP-07801,ORD-12058,item_not_received,2026-06-06,18,pending
DSP-07802,ORD-06849,unauthorized_transaction,2026-06-06,2,pending
DSP-07803,ORD-16794,duplicate_charge,2026-06-06,20,pending
DSP-07804,ORD-13652,item_not_received,2026-06-06,7,pending
DSP-07805,ORD-15298,duplicate_charge,2026-06-06,23,pending
DSP-07806,ORD-00037,not_as_described,2026-06-06,4,pending
DSP-07807,ORD-10394,item_not_received,2026-06-06,20,pending
DSP-07808,ORD-09016,not_as_described,2026-06-06,10,pending
DSP-07809,ORD-02642,unauthorized_transaction,2026-06-06,15,pending
DSP-07810,ORD-19316,not_as_described,2026-06-06,4,pending
DSP-07811,ORD-15256,duplicate_charge,2026-06-06,8,pending
DSP-07812,ORD-14104,item_not_received,2026-06-06,7,pending
DSP-07813,ORD-06042,duplicate_charge,2026-06-06,5,pending
DSP-07814,ORD-14253,duplicate_charge,2026-06-07,16,pending
DSP-07815,ORD-07889,unauthorized_transaction,2026-06-07,22,pending
DSP-07816,ORD-07015,duplicate_charge,2026-06-07,12,pending
DSP-07817,ORD-08825,not_as_described,2026-06-07,10,pending
DSP-07818,ORD-17174,not_as_described,2026-06-07,16,pending
DSP-07819,ORD-00063,item_not_received,2026-06-07,5,pending
DSP-07820,ORD-01756,item_not_received,2026-06-07,19,pending
DSP-07821,ORD-10866,unauthorized_transaction,2026-06-07,8,pending
DSP-07822,ORD-00496,item_not_received,2026-06-07,3,pending
DSP-07823,ORD-07605,unauthorized_transaction,2026-06-07,23,pending
DSP-07824,ORD-09394,unauthorized_transaction,2026-06-07,17,pending
DSP-07825,ORD-02210,item_not_received,2026-06-07,3,pending
DSP-07826,ORD-06133,item_not_received,2026-06-07,23,pending
DSP-07827,ORD-13550,unauthorized_transaction,2026-06-07,14,pending
DSP-07828,ORD-00023,item_not_received,2026-06-07,4,pending
DSP-07829,ORD-09224,item_not_received,2026-06-07,17,pending
DSP-07830,ORD-04839,item_not_received,2026-06-07,2,pending
DSP-07831,ORD-00941,item_not_received,2026-06-07,6,pending
DSP-07832,ORD-12761,not_as_described,2026-06-07,4,pending
DSP-07833,ORD-13825,unauthorized_transaction,2026-06-07,1,pending
DSP-07834,ORD-08858,duplicate_charge,2026-06-07,10,pending
DSP-07835,ORD-06114,item_not_received,2026-06-07,23,pending
DSP-07836,ORD-08890,unauthorized_transaction,2026-06-07,12,pending
DSP-07837,ORD-02771,not_as_described,2026-06-07,23,pending
DSP-07838,ORD-14893,unauthorized_transaction,2026-06-07,11,pending
DSP-07839,ORD-07729,item_not_received,2026-06-07,4,pending
DSP-07840,ORD-12308,unauthorized_transaction,2026-06-07,4,pending
DSP-07841,ORD-01759,unauthorized_transaction,2026-06-07,11,pending
DSP-07842,ORD-15554,not_as_described,2026-06-07,21,pending
DSP-07843,ORD-13234,not_as_described,2026-06-07,4,pending
DSP-07844,ORD-16719,duplicate_charge,2026-06-07,12,pending
DSP-07845,ORD-18858,duplicate_charge,2026-06-07,4,pending
DSP-07846,ORD-02372,item_not_received,2026-06-07,7,pending
DSP-07847,ORD-01169,not_as_described,2026-06-07,22,pending
DSP-07848,ORD-00526,item_not_received,2026-06-07,24,pending
DSP-07849,ORD-13334,duplicate_charge,2026-06-07,23,pending
DSP-07850,ORD-03435,item_not_received,2026-06-07,5,pending
DSP-07851,ORD-12039,item_not_received,2026-06-07,16,pending
DSP-07852,ORD-08178,not_as_described,2026-06-07,2,pending
DSP-07853,ORD-05906,unauthorized_transaction,2026-06-07,18,pending
DSP-07854,ORD-15072,not_as_described,2026-06-07,9,pending
DSP-07855,ORD-04667,unauthorized_transaction,2026-06-07,20,pending
DSP-07856,ORD-11459,not_as_described,2026-06-07,15,pending
DSP-07857,ORD-01238,not_as_described,2026-06-07,13,pending
DSP-07858,ORD-10339,not_as_described,2026-06-07,21,pending
DSP-07859,ORD-09685,duplicate_charge,2026-06-07,19,pending
DSP-07860,ORD-07006,unauthorized_transaction,2026-06-07,8,pending
DSP-07861,ORD-05215,item_not_received,2026-06-07,20,pending
DSP-07862,ORD-00796,not_as_described,2026-06-07,24,pending
DSP-07863,ORD-16545,duplicate_charge,2026-06-07,4,pending
DSP-07864,ORD-13924,duplicate_charge,2026-06-07,1,pending
DSP-07865,ORD-04169,not_as_described,2026-06-07,19,pending
DSP-07866,ORD-06425,unauthorized_transaction,2026-06-07,6,pending
DSP-07867,ORD-08958,item_not_received,2026-06-07,1,pending
DSP-07868,ORD-06014,unauthorized_transaction,2026-06-07,13,pending
DSP-07869,ORD-19778,not_as_described,2026-06-07,24,pending
DSP-07870,ORD-06671,unauthorized_transaction,2026-06-07,17,pending
DSP-07871,ORD-18982,not_as_described,2026-06-07,7,pending
DSP-07872,ORD-03742,duplicate_charge,2026-06-07,6,pending
DSP-07873,ORD-18002,unauthorized_transaction,2026-06-07,11,pending
DSP-07874,ORD-03748,unauthorized_transaction,2026-06-07,18,pending
DSP-07875,ORD-14114,unauthorized_transaction,2026-06-07,23,pending
DSP-07876,ORD-01554,item_not_received,2026-06-07,1,pending
DSP-07877,ORD-09229,item_not_received,2026-06-07,23,pending
DSP-07878,ORD-16176,item_not_received,2026-06-07,15,pending
DSP-07879,ORD-12813,not_as_described,2026-06-07,8,pending
DSP-07880,ORD-16200,duplicate_charge,2026-06-07,23,pending
DSP-07881,ORD-00110,not_as_described,2026-06-07,2,pending
DSP-07882,ORD-00296,not_as_described,2026-06-07,14,pending
DSP-07883,ORD-16822,item_not_received,2026-06-07,20,pending
DSP-07884,ORD-15953,item_not_received,2026-06-07,11,pending
DSP-07885,ORD-06318,not_as_described,2026-06-07,23,pending
DSP-07886,ORD-14945,item_not_received,2026-06-07,16,pending
DSP-07887,ORD-07894,duplicate_charge,2026-06-07,17,pending
DSP-07888,ORD-09075,unauthorized_transaction,2026-06-07,12,pending
DSP-07889,ORD-08251,not_as_described,2026-06-07,18,pending
DSP-07890,ORD-00453,duplicate_charge,2026-06-07,3,pending
DSP-07891,ORD-04607,item_not_received,2026-06-07,3,pending
DSP-07892,ORD-07632,duplicate_charge,2026-06-07,11,pending
DSP-07893,ORD-05942,item_not_received,2026-06-07,23,pending
DSP-07894,ORD-03802,unauthorized_transaction,2026-06-07,18,pending
DSP-07895,ORD-01794,unauthorized_transaction,2026-06-07,20,pending
DSP-07896,ORD-12575,not_as_described,2026-06-07,4,pending
DSP-07897,ORD-12790,unauthorized_transaction,2026-06-07,3,pending
DSP-07898,ORD-15475,unauthorized_transaction,2026-06-07,5,pending
DSP-07899,ORD-00953,unauthorized_transaction,2026-06-07,21,pending
DSP-07900,ORD-03073,unauthorized_transaction,2026-06-07,8,pending
DSP-07901,ORD-00448,not_as_described,2026-06-07,15,pending
DSP-07902,ORD-16711,duplicate_charge,2026-06-07,13,pending
DSP-07903,ORD-05668,duplicate_charge,2026-06-07,7,pending
DSP-07904,ORD-14288,unauthorized_transaction,2026-06-07,11,pending
DSP-07905,ORD-12977,unauthorized_transaction,2026-06-07,20,pending
DSP-07906,ORD-12110,unauthorized_transaction,2026-06-07,22,pending
DSP-07907,ORD-12915,unauthorized_transaction,2026-06-07,3,pending
DSP-07908,ORD-01069,duplicate_charge,2026-06-07,24,pending
DSP-07909,ORD-10461,item_not_received,2026-06-07,2,pending
DSP-07910,ORD-00186,duplicate_charge,2026-06-07,7,pending
DSP-07911,ORD-18420,unauthorized_transaction,2026-06-07,18,pending
DSP-07912,ORD-17078,unauthorized_transaction,2026-06-07,21,pending
DSP-07913,ORD-19992,not_as_described,2026-06-07,12,pending
DSP-07914,ORD-07500,duplicate_charge,2026-06-08,13,pending
DSP-07915,ORD-06426,unauthorized_transaction,2026-06-08,4,pending
DSP-07916,ORD-15527,item_not_received,2026-06-08,9,pending
DSP-07917,ORD-15517,item_not_received,2026-06-08,16,pending
DSP-07918,ORD-11805,duplicate_charge,2026-06-08,8,pending
DSP-07919,ORD-17107,item_not_received,2026-06-08,24,pending
DSP-07920,ORD-04331,duplicate_charge,2026-06-08,24,pending
DSP-07921,ORD-19479,duplicate_charge,2026-06-08,17,pending
DSP-07922,ORD-10667,unauthorized_transaction,2026-06-08,7,pending
DSP-07923,ORD-00611,duplicate_charge,2026-06-08,20,pending
DSP-07924,ORD-12225,not_as_described,2026-06-08,14,pending
DSP-07925,ORD-12603,unauthorized_transaction,2026-06-08,13,pending
DSP-07926,ORD-04386,unauthorized_transaction,2026-06-08,11,pending
DSP-07927,ORD-09517,item_not_received,2026-06-08,15,pending
DSP-07928,ORD-09362,not_as_described,2026-06-08,19,pending
DSP-07929,ORD-14453,not_as_described,2026-06-08,13,pending
DSP-07930,ORD-00112,not_as_described,2026-06-08,14,pending
DSP-07931,ORD-10357,item_not_received,2026-06-08,22,pending
DSP-07932,ORD-17122,duplicate_charge,2026-06-08,2,pending
DSP-07933,ORD-18692,not_as_described,2026-06-08,7,pending
DSP-07934,ORD-08322,not_as_described,2026-06-08,24,pending
DSP-07935,ORD-14587,item_not_received,2026-06-08,1,pending
DSP-07936,ORD-04808,unauthorized_transaction,2026-06-08,1,pending
DSP-07937,ORD-17788,unauthorized_transaction,2026-06-08,13,pending
DSP-07938,ORD-12230,unauthorized_transaction,2026-06-08,22,pending
DSP-07939,ORD-13553,unauthorized_transaction,2026-06-08,6,pending
DSP-07940,ORD-10033,not_as_described,2026-06-08,7,pending
DSP-07941,ORD-08468,not_as_described,2026-06-08,4,pending
DSP-07942,ORD-09147,not_as_described,2026-06-08,16,pending
DSP-07943,ORD-03308,not_as_described,2026-06-08,6,pending
DSP-07944,ORD-14289,item_not_received,2026-06-08,23,pending
DSP-07945,ORD-01052,unauthorized_transaction,2026-06-08,2,pending
DSP-07946,ORD-13153,not_as_described,2026-06-08,24,pending
DSP-07947,ORD-18212,not_as_described,2026-06-08,14,pending
DSP-07948,ORD-12345,unauthorized_transaction,2026-06-08,5,pending
DSP-07949,ORD-12013,not_as_described,2026-06-08,21,pending
DSP-07950,ORD-03214,item_not_received,2026-06-08,16,pending
DSP-07951,ORD-12009,item_not_received,2026-06-08,11,pending
DSP-07952,ORD-14504,not_as_described,2026-06-08,11,pending
DSP-07953,ORD-12672,unauthorized_transaction,2026-06-08,17,pending
DSP-07954,ORD-16494,duplicate_charge,2026-06-08,23,pending
DSP-07955,ORD-18523,unauthorized_transaction,2026-06-08,3,pending
DSP-07956,ORD-15677,not_as_described,2026-06-08,10,pending
DSP-07957,ORD-08092,unauthorized_transaction,2026-06-08,15,pending
DSP-07958,ORD-15140,not_as_described,2026-06-08,12,pending
DSP-07959,ORD-19993,item_not_received,2026-06-08,4,pending
DSP-07960,ORD-08307,not_as_described,2026-06-08,13,pending
DSP-07961,ORD-13007,duplicate_charge,2026-06-08,23,pending
DSP-07962,ORD-08906,item_not_received,2026-06-08,9,pending
DSP-07963,ORD-03135,duplicate_charge,2026-06-08,6,pending
DSP-07964,ORD-08657,unauthorized_transaction,2026-06-08,17,pending
DSP-07965,ORD-09326,duplicate_charge,2026-06-08,24,pending
DSP-07966,ORD-07767,not_as_described,2026-06-08,18,pending
DSP-07967,ORD-00404,item_not_received,2026-06-08,2,pending
DSP-07968,ORD-07226,duplicate_charge,2026-06-08,24,pending
DSP-07969,ORD-03887,not_as_described,2026-06-08,21,pending
DSP-07970,ORD-03608,item_not_received,2026-06-08,24,pending
DSP-07971,ORD-18501,unauthorized_transaction,2026-06-08,11,pending
DSP-07972,ORD-19457,not_as_described,2026-06-08,10,pending
DSP-07973,ORD-19799,item_not_received,2026-06-08,24,pending
DSP-07974,ORD-11385,item_not_received,2026-06-08,14,pending
DSP-07975,ORD-10258,not_as_described,2026-06-08,15,pending
DSP-07976,ORD-13289,duplicate_charge,2026-06-08,3,pending
DSP-07977,ORD-05541,item_not_received,2026-06-08,19,pending
DSP-07978,ORD-07046,item_not_received,2026-06-08,6,pending
DSP-07979,ORD-11960,item_not_received,2026-06-08,7,pending
DSP-07980,ORD-03873,item_not_received,2026-06-08,20,pending
DSP-07981,ORD-10019,item_not_received,2026-06-08,20,pending
DSP-07982,ORD-03053,item_not_received,2026-06-08,14,pending
DSP-07983,ORD-18104,not_as_described,2026-06-08,2,pending
DSP-07984,ORD-12125,not_as_described,2026-06-08,5,pending
DSP-07985,ORD-19227,unauthorized_transaction,2026-06-08,10,pending
DSP-07986,ORD-11103,item_not_received,2026-06-08,10,pending
DSP-07987,ORD-00119,item_not_received,2026-06-08,3,pending
DSP-07988,ORD-02134,not_as_described,2026-06-08,15,pending
DSP-07989,ORD-06465,duplicate_charge,2026-06-08,17,pending
DSP-07990,ORD-16715,unauthorized_transaction,2026-06-08,1,pending
DSP-07991,ORD-13950,item_not_received,2026-06-08,19,pending
DSP-07992,ORD-17790,item_not_received,2026-06-08,15,pending
DSP-07993,ORD-01028,duplicate_charge,2026-06-08,15,pending
DSP-07994,ORD-03736,unauthorized_transaction,2026-06-08,23,pending
DSP-07995,ORD-07070,not_as_described,2026-06-08,5,pending
DSP-07996,ORD-09477,duplicate_charge,2026-06-08,24,pending
DSP-07997,ORD-14381,unauthorized_transaction,2026-06-08,3,pending
DSP-07998,ORD-10920,item_not_received,2026-06-08,18,pending
DSP-07999,ORD-18955,unauthorized_transaction,2026-06-08,5,pending
DSP-08000,ORD-10936,item_not_received,2026-06-08,18,pending
DSP-08001,ORD-14823,unauthorized_transaction,2026-06-08,24,pending
DSP-08002,ORD-18133,not_as_described,2026-06-08,8,pending
DSP-08003,ORD-15024,not_as_described,2026-06-08,17,pending
DSP-08004,ORD-14252,not_as_described,2026-06-08,2,pending
DSP-08005,ORD-08811,item_not_received,2026-06-08,11,pending
DSP-08006,ORD-17272,not_as_described,2026-06-08,1,pending
DSP-08007,ORD-07123,not_as_described,2026-06-08,19,pending
DSP-08008,ORD-10576,unauthorized_transaction,2026-06-08,11,pending
DSP-08009,ORD-03007,item_not_received,2026-06-08,11,pending
DSP-08010,ORD-06547,not_as_described,2026-06-08,6,pending
DSP-08011,ORD-00157,item_not_received,2026-06-08,9,pending
DSP-08012,ORD-08184,item_not_received,2026-06-08,6,pending
DSP-08013,ORD-14440,not_as_described,2026-06-08,16,pending
DSP-08014,ORD-03295,unauthorized_transaction,2026-06-08,16,pending
DSP-08015,ORD-01571,duplicate_charge,2026-06-08,22,pending
DSP-08016,ORD-11784,unauthorized_transaction,2026-06-08,6,pending
DSP-08017,ORD-10049,item_not_received,2026-06-08,13,pending
DSP-08018,ORD-04807,not_as_described,2026-06-08,12,pending
DSP-08019,ORD-08989,item_not_received,2026-06-08,5,pending
DSP-08020,ORD-17498,item_not_received,2026-06-08,6,pending
DSP-08021,ORD-05237,not_as_described,2026-06-08,12,pending
DSP-08022,ORD-11567,unauthorized_transaction,2026-06-08,16,pending
DSP-08023,ORD-18288,not_as_described,2026-06-08,1,pending
DSP-08024,ORD-16518,item_not_received,2026-06-08,9,pending
DSP-08025,ORD-06658,item_not_received,2026-06-08,14,pending
DSP-08026,ORD-03900,item_not_received,2026-06-08,12,pending
DSP-08027,ORD-00609,item_not_received,2026-06-09,1,pending
DSP-08028,ORD-01026,unauthorized_transaction,2026-06-09,24,pending
DSP-08029,ORD-05767,item_not_received,2026-06-09,20,pending
DSP-08030,ORD-00009,unauthorized_transaction,2026-06-09,15,pending
DSP-08031,ORD-15480,unauthorized_transaction,2026-06-09,16,pending
DSP-08032,ORD-13448,duplicate_charge,2026-06-09,11,pending
DSP-08033,ORD-07288,item_not_received,2026-06-09,6,pending
DSP-08034,ORD-16072,item_not_received,2026-06-09,6,pending
DSP-08035,ORD-14853,duplicate_charge,2026-06-09,16,pending
DSP-08036,ORD-02335,not_as_described,2026-06-09,18,pending
DSP-08037,ORD-18299,item_not_received,2026-06-09,13,pending
DSP-08038,ORD-07211,not_as_described,2026-06-09,1,pending
DSP-08039,ORD-01695,item_not_received,2026-06-09,11,pending
DSP-08040,ORD-15601,duplicate_charge,2026-06-09,9,pending
DSP-08041,ORD-19125,duplicate_charge,2026-06-09,18,pending
DSP-08042,ORD-19020,duplicate_charge,2026-06-09,18,pending
DSP-08043,ORD-12754,not_as_described,2026-06-09,23,pending
DSP-08044,ORD-00720,duplicate_charge,2026-06-09,17,pending
DSP-08045,ORD-10305,not_as_described,2026-06-09,23,pending
DSP-08046,ORD-14929,item_not_received,2026-06-09,23,pending
DSP-08047,ORD-03197,item_not_received,2026-06-09,14,pending
DSP-08048,ORD-16096,duplicate_charge,2026-06-09,8,pending
DSP-08049,ORD-05818,duplicate_charge,2026-06-09,13,pending
DSP-08050,ORD-00082,duplicate_charge,2026-06-09,23,pending
DSP-08051,ORD-08330,item_not_received,2026-06-09,15,pending
DSP-08052,ORD-06928,not_as_described,2026-06-09,3,pending
DSP-08053,ORD-06122,unauthorized_transaction,2026-06-09,1,pending
DSP-08054,ORD-02118,not_as_described,2026-06-09,1,pending
DSP-08055,ORD-14742,not_as_described,2026-06-09,13,pending
DSP-08056,ORD-11955,not_as_described,2026-06-09,7,pending
DSP-08057,ORD-13284,item_not_received,2026-06-09,5,pending
DSP-08058,ORD-17383,item_not_received,2026-06-09,11,pending
DSP-08059,ORD-02914,item_not_received,2026-06-09,2,pending
DSP-08060,ORD-03253,item_not_received,2026-06-09,21,pending
DSP-08061,ORD-01926,item_not_received,2026-06-09,13,pending
DSP-08062,ORD-06319,not_as_described,2026-06-09,4,pending
DSP-08063,ORD-03725,duplicate_charge,2026-06-09,3,pending
DSP-08064,ORD-10731,unauthorized_transaction,2026-06-09,21,pending
DSP-08065,ORD-17610,not_as_described,2026-06-09,22,pending
DSP-08066,ORD-03862,not_as_described,2026-06-09,14,pending
DSP-08067,ORD-07929,item_not_received,2026-06-09,11,pending
DSP-08068,ORD-16904,unauthorized_transaction,2026-06-09,3,pending
DSP-08069,ORD-14150,unauthorized_transaction,2026-06-09,20,pending
DSP-08070,ORD-09815,not_as_described,2026-06-09,7,pending
DSP-08071,ORD-11833,unauthorized_transaction,2026-06-09,9,pending
DSP-08072,ORD-15466,item_not_received,2026-06-09,24,pending
DSP-08073,ORD-09951,not_as_described,2026-06-09,9,pending
DSP-08074,ORD-18303,item_not_received,2026-06-09,24,pending
DSP-08075,ORD-00717,unauthorized_transaction,2026-06-09,1,pending
DSP-08076,ORD-13400,duplicate_charge,2026-06-09,21,pending
DSP-08077,ORD-11359,item_not_received,2026-06-09,22,pending
DSP-08078,ORD-06221,unauthorized_transaction,2026-06-09,8,pending
DSP-08079,ORD-14798,unauthorized_transaction,2026-06-09,10,pending
DSP-08080,ORD-09082,unauthorized_transaction,2026-06-09,10,pending
DSP-08081,ORD-14703,item_not_received,2026-06-09,16,pending
DSP-08082,ORD-00536,duplicate_charge,2026-06-09,2,pending
DSP-08083,ORD-10608,not_as_described,2026-06-09,4,pending
DSP-08084,ORD-13420,item_not_received,2026-06-09,12,pending
DSP-08085,ORD-07791,item_not_received,2026-06-09,18,pending
DSP-08086,ORD-12036,unauthorized_transaction,2026-06-09,20,pending
DSP-08087,ORD-11802,item_not_received,2026-06-09,15,pending
DSP-08088,ORD-04585,item_not_received,2026-06-09,17,pending
DSP-08089,ORD-00147,not_as_described,2026-06-09,23,pending
DSP-08090,ORD-11236,unauthorized_transaction,2026-06-09,23,pending
DSP-08091,ORD-13692,unauthorized_transaction,2026-06-09,6,pending
DSP-08092,ORD-03820,not_as_described,2026-06-09,10,pending
DSP-08093,ORD-12425,item_not_received,2026-06-09,1,pending
DSP-08094,ORD-11008,duplicate_charge,2026-06-09,5,pending
DSP-08095,ORD-16913,not_as_described,2026-06-09,21,pending
DSP-08096,ORD-10211,not_as_described,2026-06-09,24,pending
DSP-08097,ORD-16039,unauthorized_transaction,2026-06-09,15,pending
DSP-08098,ORD-17310,not_as_described,2026-06-09,14,pending
DSP-08099,ORD-00903,not_as_described,2026-06-09,1,pending
DSP-08100,ORD-03326,item_not_received,2026-06-09,2,pending
DSP-08101,ORD-12025,item_not_received,2026-06-09,18,pending
DSP-08102,ORD-10385,not_as_described,2026-06-09,8,pending
DSP-08103,ORD-12744,duplicate_charge,2026-06-09,17,pending
DSP-08104,ORD-06559,unauthorized_transaction,2026-06-09,8,pending
DSP-08105,ORD-10583,unauthorized_transaction,2026-06-09,4,pending
DSP-08106,ORD-19918,item_not_received,2026-06-09,1,pending
DSP-08107,ORD-13029,item_not_received,2026-06-09,24,pending
DSP-08108,ORD-08502,item_not_received,2026-06-09,10,pending
DSP-08109,ORD-01352,duplicate_charge,2026-06-09,10,pending
DSP-08110,ORD-19563,item_not_received,2026-06-09,7,pending
DSP-08111,ORD-00729,unauthorized_transaction,2026-06-09,1,pending
DSP-08112,ORD-18136,not_as_described,2026-06-09,21,pending
DSP-08113,ORD-03145,item_not_received,2026-06-09,15,pending
DSP-08114,ORD-03830,not_as_described,2026-06-09,12,pending
DSP-08115,ORD-15995,item_not_received,2026-06-09,3,pending
DSP-08116,ORD-13746,not_as_described,2026-06-09,6,pending
DSP-08117,ORD-01713,unauthorized_transaction,2026-06-09,23,pending
DSP-08118,ORD-07282,not_as_described,2026-06-09,21,pending
DSP-08119,ORD-16674,not_as_described,2026-06-09,1,pending
DSP-08120,ORD-09281,item_not_received,2026-06-09,12,pending
DSP-08121,ORD-17487,unauthorized_transaction,2026-06-09,4,pending
DSP-08122,ORD-10290,unauthorized_transaction,2026-06-09,18,pending
DSP-08123,ORD-17048,unauthorized_transaction,2026-06-10,2,pending
DSP-08124,ORD-06694,item_not_received,2026-06-10,15,pending
DSP-08125,ORD-17978,not_as_described,2026-06-10,20,pending
DSP-08126,ORD-06069,unauthorized_transaction,2026-06-10,22,pending
DSP-08127,ORD-16832,duplicate_charge,2026-06-10,19,pending
DSP-08128,ORD-09053,unauthorized_transaction,2026-06-10,16,pending
DSP-08129,ORD-15694,not_as_described,2026-06-10,4,pending
DSP-08130,ORD-01037,duplicate_charge,2026-06-10,9,pending
DSP-08131,ORD-01142,unauthorized_transaction,2026-06-10,15,pending
DSP-08132,ORD-12530,item_not_received,2026-06-10,3,pending
DSP-08133,ORD-02721,item_not_received,2026-06-10,7,pending
DSP-08134,ORD-03436,not_as_described,2026-06-10,8,pending
DSP-08135,ORD-16468,item_not_received,2026-06-10,22,pending
DSP-08136,ORD-10128,unauthorized_transaction,2026-06-10,13,pending
DSP-08137,ORD-01311,not_as_described,2026-06-10,23,pending
DSP-08138,ORD-14852,not_as_described,2026-06-10,7,pending
DSP-08139,ORD-06894,unauthorized_transaction,2026-06-10,10,pending
DSP-08140,ORD-05473,duplicate_charge,2026-06-10,1,pending
DSP-08141,ORD-12272,unauthorized_transaction,2026-06-10,6,pending
DSP-08142,ORD-05902,not_as_described,2026-06-10,21,pending
DSP-08143,ORD-01572,item_not_received,2026-06-10,12,pending
DSP-08144,ORD-09997,not_as_described,2026-06-10,5,pending
DSP-08145,ORD-10511,not_as_described,2026-06-10,16,pending
DSP-08146,ORD-08745,duplicate_charge,2026-06-10,2,pending
DSP-08147,ORD-19448,unauthorized_transaction,2026-06-10,23,pending
DSP-08148,ORD-01516,not_as_described,2026-06-10,9,pending
DSP-08149,ORD-14595,unauthorized_transaction,2026-06-10,13,pending
DSP-08150,ORD-13258,unauthorized_transaction,2026-06-10,24,pending
DSP-08151,ORD-00389,item_not_received,2026-06-10,12,pending
DSP-08152,ORD-14226,item_not_received,2026-06-10,4,pending
DSP-08153,ORD-04230,unauthorized_transaction,2026-06-10,11,pending
DSP-08154,ORD-16177,unauthorized_transaction,2026-06-10,9,pending
DSP-08155,ORD-00395,item_not_received,2026-06-10,23,pending
DSP-08156,ORD-00946,not_as_described,2026-06-10,19,pending
DSP-08157,ORD-02884,not_as_described,2026-06-10,23,pending
DSP-08158,ORD-05178,item_not_received,2026-06-10,20,pending
DSP-08159,ORD-17126,not_as_described,2026-06-10,10,pending
DSP-08160,ORD-06689,duplicate_charge,2026-06-10,6,pending
DSP-08161,ORD-16933,not_as_described,2026-06-10,23,pending
DSP-08162,ORD-07254,unauthorized_transaction,2026-06-10,20,pending
DSP-08163,ORD-17837,item_not_received,2026-06-10,8,pending
DSP-08164,ORD-01419,unauthorized_transaction,2026-06-10,24,pending
DSP-08165,ORD-10768,not_as_described,2026-06-10,20,pending
DSP-08166,ORD-19262,item_not_received,2026-06-10,23,pending
DSP-08167,ORD-07860,unauthorized_transaction,2026-06-10,23,pending
DSP-08168,ORD-11565,item_not_received,2026-06-10,6,pending
DSP-08169,ORD-15503,item_not_received,2026-06-10,20,pending
DSP-08170,ORD-02068,item_not_received,2026-06-10,11,pending
DSP-08171,ORD-08048,item_not_received,2026-06-10,13,pending
DSP-08172,ORD-07312,item_not_received,2026-06-10,14,pending
DSP-08173,ORD-15073,unauthorized_transaction,2026-06-10,16,pending
DSP-08174,ORD-19211,not_as_described,2026-06-10,16,pending
DSP-08175,ORD-11148,not_as_described,2026-06-10,17,pending
DSP-08176,ORD-13259,duplicate_charge,2026-06-10,6,pending
DSP-08177,ORD-06405,not_as_described,2026-06-10,20,pending
DSP-08178,ORD-18703,not_as_described,2026-06-10,18,pending
DSP-08179,ORD-15508,unauthorized_transaction,2026-06-10,10,pending
DSP-08180,ORD-11615,unauthorized_transaction,2026-06-10,9,pending
DSP-08181,ORD-01923,unauthorized_transaction,2026-06-10,17,pending
DSP-08182,ORD-07048,not_as_described,2026-06-10,13,pending
DSP-08183,ORD-02171,item_not_received,2026-06-10,1,pending
DSP-08184,ORD-14639,not_as_described,2026-06-10,3,pending
DSP-08185,ORD-04965,item_not_received,2026-06-10,12,pending
DSP-08186,ORD-18623,item_not_received,2026-06-10,13,pending
DSP-08187,ORD-02191,not_as_described,2026-06-10,17,pending
DSP-08188,ORD-15135,duplicate_charge,2026-06-10,2,pending
DSP-08189,ORD-07011,not_as_described,2026-06-10,17,pending
DSP-08190,ORD-06448,item_not_received,2026-06-10,9,pending
DSP-08191,ORD-19407,duplicate_charge,2026-06-10,3,pending
DSP-08192,ORD-04367,duplicate_charge,2026-06-10,7,pending
DSP-08193,ORD-09110,duplicate_charge,2026-06-10,22,pending
DSP-08194,ORD-18608,unauthorized_transaction,2026-06-10,8,pending
DSP-08195,ORD-14661,item_not_received,2026-06-10,9,pending
DSP-08196,ORD-04351,item_not_received,2026-06-10,19,pending
DSP-08197,ORD-04639,not_as_described,2026-06-10,5,pending
DSP-08198,ORD-19870,item_not_received,2026-06-10,21,pending
DSP-08199,ORD-04739,item_not_received,2026-06-10,2,pending
DSP-08200,ORD-16399,unauthorized_transaction,2026-06-10,16,pending
DSP-08201,ORD-03765,unauthorized_transaction,2026-06-10,19,pending
DSP-08202,ORD-18995,duplicate_charge,2026-06-10,11,pending
DSP-08203,ORD-09798,duplicate_charge,2026-06-10,17,pending
DSP-08204,ORD-13684,not_as_described,2026-06-10,8,pending
DSP-08205,ORD-13317,item_not_received,2026-06-10,21,pending
DSP-08206,ORD-13998,not_as_described,2026-06-10,18,pending
DSP-08207,ORD-05283,unauthorized_transaction,2026-06-10,11,pending
DSP-08208,ORD-15142,not_as_described,2026-06-10,7,pending
DSP-08209,ORD-10606,item_not_received,2026-06-10,12,pending
DSP-08210,ORD-19014,unauthorized_transaction,2026-06-10,23,pending
DSP-08211,ORD-07969,item_not_received,2026-06-10,12,pending
DSP-08212,ORD-00890,unauthorized_transaction,2026-06-10,13,pending
DSP-08213,ORD-10538,duplicate_charge,2026-06-10,24,pending
DSP-08214,ORD-08104,unauthorized_transaction,2026-06-10,24,pending
DSP-08215,ORD-12343,not_as_described,2026-06-10,9,pending
DSP-08216,ORD-04090,item_not_received,2026-06-10,19,pending
DSP-08217,ORD-15323,unauthorized_transaction,2026-06-10,4,pending
DSP-08218,ORD-03224,not_as_described,2026-06-10,4,pending
DSP-08219,ORD-12295,not_as_described,2026-06-10,20,pending
DSP-08220,ORD-00299,unauthorized_transaction,2026-06-10,22,pending
DSP-08221,ORD-14159,duplicate_charge,2026-06-10,14,pending
DSP-08222,ORD-13414,item_not_received,2026-06-10,6,pending
DSP-08223,ORD-08197,not_as_described,2026-06-10,13,pending
DSP-08224,ORD-01394,not_as_described,2026-06-10,13,pending
DSP-08225,ORD-00142,not_as_described,2026-06-10,4,pending
DSP-08226,ORD-16945,item_not_received,2026-06-11,13,pending
DSP-08227,ORD-10350,not_as_described,2026-06-11,17,pending
DSP-08228,ORD-10613,item_not_received,2026-06-11,3,pending
DSP-08229,ORD-11304,item_not_received,2026-06-11,3,pending
DSP-08230,ORD-02468,item_not_received,2026-06-11,17,pending
DSP-08231,ORD-00124,duplicate_charge,2026-06-11,18,pending
DSP-08232,ORD-14959,unauthorized_transaction,2026-06-11,2,pending
DSP-08233,ORD-08412,not_as_described,2026-06-11,23,pending
DSP-08234,ORD-07623,not_as_described,2026-06-11,14,pending
DSP-08235,ORD-07899,item_not_received,2026-06-11,3,pending
DSP-08236,ORD-17529,unauthorized_transaction,2026-06-11,5,pending
DSP-08237,ORD-13512,item_not_received,2026-06-11,7,pending
DSP-08238,ORD-13017,not_as_described,2026-06-11,11,pending
DSP-08239,ORD-09404,unauthorized_transaction,2026-06-11,10,pending
DSP-08240,ORD-05479,duplicate_charge,2026-06-11,23,pending
DSP-08241,ORD-03509,duplicate_charge,2026-06-11,5,pending
DSP-08242,ORD-03444,item_not_received,2026-06-11,11,pending
DSP-08243,ORD-03750,item_not_received,2026-06-11,17,pending
DSP-08244,ORD-13648,unauthorized_transaction,2026-06-11,10,pending
DSP-08245,ORD-07725,unauthorized_transaction,2026-06-11,13,pending
DSP-08246,ORD-05655,duplicate_charge,2026-06-11,21,pending
DSP-08247,ORD-16257,duplicate_charge,2026-06-11,1,pending
DSP-08248,ORD-10842,duplicate_charge,2026-06-11,13,pending
DSP-08249,ORD-10265,item_not_received,2026-06-11,7,pending
DSP-08250,ORD-10593,unauthorized_transaction,2026-06-11,11,pending
DSP-08251,ORD-01827,unauthorized_transaction,2026-06-11,18,pending
DSP-08252,ORD-17592,item_not_received,2026-06-11,21,pending
DSP-08253,ORD-09980,not_as_described,2026-06-11,1,pending
DSP-08254,ORD-08474,not_as_described,2026-06-11,7,pending
DSP-08255,ORD-13869,not_as_described,2026-06-11,2,pending
DSP-08256,ORD-12691,item_not_received,2026-06-11,11,pending
DSP-08257,ORD-10616,item_not_received,2026-06-11,24,pending
DSP-08258,ORD-05235,not_as_described,2026-06-11,8,pending
DSP-08259,ORD-15818,not_as_described,2026-06-11,12,pending
DSP-08260,ORD-15329,unauthorized_transaction,2026-06-11,1,pending
DSP-08261,ORD-02447,not_as_described,2026-06-11,22,pending
DSP-08262,ORD-01209,duplicate_charge,2026-06-11,17,pending
DSP-08263,ORD-19144,not_as_described,2026-06-11,8,pending
DSP-08264,ORD-15955,duplicate_charge,2026-06-11,10,pending
DSP-08265,ORD-00436,item_not_received,2026-06-11,15,pending
DSP-08266,ORD-01002,not_as_described,2026-06-11,12,pending
DSP-08267,ORD-06991,unauthorized_transaction,2026-06-11,22,pending
DSP-08268,ORD-00087,item_not_received,2026-06-11,8,pending
DSP-08269,ORD-04396,item_not_received,2026-06-11,10,pending
DSP-08270,ORD-03972,not_as_described,2026-06-11,23,pending
DSP-08271,ORD-16881,duplicate_charge,2026-06-11,8,pending
DSP-08272,ORD-02432,item_not_received,2026-06-11,1,pending
DSP-08273,ORD-16597,item_not_received,2026-06-11,12,pending
DSP-08274,ORD-02152,not_as_described,2026-06-11,11,pending
DSP-08275,ORD-16246,not_as_described,2026-06-11,18,pending
DSP-08276,ORD-08265,duplicate_charge,2026-06-11,16,pending
DSP-08277,ORD-02263,item_not_received,2026-06-11,8,pending
DSP-08278,ORD-05052,item_not_received,2026-06-11,6,pending
DSP-08279,ORD-05728,duplicate_charge,2026-06-11,3,pending
DSP-08280,ORD-02239,unauthorized_transaction,2026-06-11,15,pending
DSP-08281,ORD-01386,item_not_received,2026-06-11,2,pending
DSP-08282,ORD-06696,item_not_received,2026-06-11,15,pending
DSP-08283,ORD-17780,not_as_described,2026-06-11,24,pending
DSP-08284,ORD-00139,item_not_received,2026-06-11,14,pending
DSP-08285,ORD-18705,unauthorized_transaction,2026-06-11,18,pending
DSP-08286,ORD-11330,not_as_described,2026-06-11,17,pending
DSP-08287,ORD-08661,duplicate_charge,2026-06-11,7,pending
DSP-08288,ORD-12273,unauthorized_transaction,2026-06-11,8,pending
DSP-08289,ORD-06811,not_as_described,2026-06-11,23,pending
DSP-08290,ORD-07722,item_not_received,2026-06-11,19,pending
DSP-08291,ORD-11182,item_not_received,2026-06-11,24,pending
DSP-08292,ORD-10498,unauthorized_transaction,2026-06-11,17,pending
DSP-08293,ORD-03612,unauthorized_transaction,2026-06-11,18,pending
DSP-08294,ORD-07507,item_not_received,2026-06-11,18,pending
DSP-08295,ORD-07607,not_as_described,2026-06-11,12,pending
DSP-08296,ORD-16692,item_not_received,2026-06-11,13,pending
DSP-08297,ORD-09185,not_as_described,2026-06-11,20,pending
DSP-08298,ORD-06368,item_not_received,2026-06-11,7,pending
DSP-08299,ORD-04002,unauthorized_transaction,2026-06-11,5,pending
DSP-08300,ORD-02245,not_as_described,2026-06-11,16,pending
DSP-08301,ORD-06526,item_not_received,2026-06-11,24,pending
DSP-08302,ORD-06648,item_not_received,2026-06-11,24,pending
DSP-08303,ORD-17509,not_as_described,2026-06-11,3,pending
DSP-08304,ORD-09656,not_as_described,2026-06-11,17,pending
DSP-08305,ORD-19681,item_not_received,2026-06-11,1,pending
DSP-08306,ORD-05502,unauthorized_transaction,2026-06-11,12,pending
DSP-08307,ORD-16514,unauthorized_transaction,2026-06-11,16,pending
DSP-08308,ORD-14655,not_as_described,2026-06-11,18,pending
DSP-08309,ORD-17668,unauthorized_transaction,2026-06-11,9,pending
DSP-08310,ORD-08724,not_as_described,2026-06-11,11,pending
DSP-08311,ORD-09777,unauthorized_transaction,2026-06-11,10,pending
DSP-08312,ORD-07387,unauthorized_transaction,2026-06-11,15,pending
DSP-08313,ORD-07931,not_as_described,2026-06-11,4,pending
DSP-08314,ORD-12335,item_not_received,2026-06-11,1,pending
DSP-08315,ORD-18422,not_as_described,2026-06-11,23,pending
DSP-08316,ORD-19776,unauthorized_transaction,2026-06-11,15,pending
DSP-08317,ORD-17241,unauthorized_transaction,2026-06-11,3,pending
DSP-08318,ORD-14665,duplicate_charge,2026-06-12,18,pending
DSP-08319,ORD-02289,not_as_described,2026-06-12,22,pending
DSP-08320,ORD-12010,not_as_described,2026-06-12,4,pending
DSP-08321,ORD-11811,unauthorized_transaction,2026-06-12,22,pending
DSP-08322,ORD-10877,duplicate_charge,2026-06-12,17,pending
DSP-08323,ORD-13040,unauthorized_transaction,2026-06-12,9,pending
DSP-08324,ORD-06952,duplicate_charge,2026-06-12,15,pending
DSP-08325,ORD-11062,item_not_received,2026-06-12,16,pending
DSP-08326,ORD-04556,not_as_described,2026-06-12,13,pending
DSP-08327,ORD-10540,not_as_described,2026-06-12,18,pending
DSP-08328,ORD-17670,duplicate_charge,2026-06-12,1,pending
DSP-08329,ORD-15021,not_as_described,2026-06-12,7,pending
DSP-08330,ORD-12352,unauthorized_transaction,2026-06-12,16,pending
DSP-08331,ORD-06321,item_not_received,2026-06-12,8,pending
DSP-08332,ORD-15165,duplicate_charge,2026-06-12,21,pending
DSP-08333,ORD-08306,unauthorized_transaction,2026-06-12,2,pending
DSP-08334,ORD-02381,item_not_received,2026-06-12,3,pending
DSP-08335,ORD-06460,item_not_received,2026-06-12,5,pending
DSP-08336,ORD-00908,not_as_described,2026-06-12,24,pending
DSP-08337,ORD-01962,not_as_described,2026-06-12,3,pending
DSP-08338,ORD-14576,not_as_described,2026-06-12,17,pending
DSP-08339,ORD-16181,unauthorized_transaction,2026-06-12,3,pending
DSP-08340,ORD-15287,unauthorized_transaction,2026-06-12,24,pending
DSP-08341,ORD-08343,item_not_received,2026-06-12,3,pending
DSP-08342,ORD-08046,not_as_described,2026-06-12,2,pending
DSP-08343,ORD-05537,item_not_received,2026-06-12,10,pending
DSP-08344,ORD-11284,item_not_received,2026-06-12,20,pending
DSP-08345,ORD-02136,unauthorized_transaction,2026-06-12,20,pending
DSP-08346,ORD-03275,item_not_received,2026-06-12,18,pending
DSP-08347,ORD-04696,not_as_described,2026-06-12,14,pending
DSP-08348,ORD-04029,item_not_received,2026-06-12,15,pending
DSP-08349,ORD-17768,unauthorized_transaction,2026-06-12,9,pending
DSP-08350,ORD-19700,unauthorized_transaction,2026-06-12,6,pending
DSP-08351,ORD-12448,not_as_described,2026-06-12,24,pending
DSP-08352,ORD-04228,item_not_received,2026-06-12,12,pending
DSP-08353,ORD-09456,item_not_received,2026-06-12,14,pending
DSP-08354,ORD-02111,item_not_received,2026-06-12,12,pending
DSP-08355,ORD-12264,not_as_described,2026-06-12,5,pending
DSP-08356,ORD-14002,duplicate_charge,2026-06-12,6,pending
DSP-08357,ORD-03952,not_as_described,2026-06-12,22,pending
DSP-08358,ORD-03012,duplicate_charge,2026-06-12,7,pending
DSP-08359,ORD-11389,unauthorized_transaction,2026-06-12,24,pending
DSP-08360,ORD-14583,item_not_received,2026-06-12,10,pending
DSP-08361,ORD-02605,not_as_described,2026-06-12,9,pending
DSP-08362,ORD-19101,unauthorized_transaction,2026-06-12,22,pending
DSP-08363,ORD-10451,duplicate_charge,2026-06-12,8,pending
DSP-08364,ORD-14877,duplicate_charge,2026-06-12,20,pending
DSP-08365,ORD-08420,unauthorized_transaction,2026-06-12,8,pending
DSP-08366,ORD-02709,unauthorized_transaction,2026-06-12,8,pending
DSP-08367,ORD-07311,unauthorized_transaction,2026-06-12,14,pending
DSP-08368,ORD-09013,not_as_described,2026-06-12,9,pending
DSP-08369,ORD-04856,not_as_described,2026-06-12,15,pending
DSP-08370,ORD-14310,unauthorized_transaction,2026-06-12,6,pending
DSP-08371,ORD-17495,unauthorized_transaction,2026-06-12,9,pending
DSP-08372,ORD-19244,unauthorized_transaction,2026-06-12,13,pending
DSP-08373,ORD-07492,unauthorized_transaction,2026-06-12,22,pending
DSP-08374,ORD-08260,unauthorized_transaction,2026-06-12,16,pending
DSP-08375,ORD-18583,unauthorized_transaction,2026-06-12,22,pending
DSP-08376,ORD-07431,item_not_received,2026-06-12,5,pending
DSP-08377,ORD-00525,not_as_described,2026-06-12,13,pending
DSP-08378,ORD-15752,not_as_described,2026-06-12,12,pending
DSP-08379,ORD-19577,unauthorized_transaction,2026-06-12,20,pending
DSP-08380,ORD-15110,item_not_received,2026-06-12,5,pending
DSP-08381,ORD-12704,duplicate_charge,2026-06-12,17,pending
DSP-08382,ORD-11477,duplicate_charge,2026-06-12,8,pending
DSP-08383,ORD-18215,item_not_received,2026-06-12,18,pending
DSP-08384,ORD-19998,unauthorized_transaction,2026-06-12,1,pending
DSP-08385,ORD-19311,not_as_described,2026-06-12,13,pending
DSP-08386,ORD-02362,item_not_received,2026-06-12,12,pending
DSP-08387,ORD-02045,duplicate_charge,2026-06-12,5,pending
DSP-08388,ORD-02782,duplicate_charge,2026-06-12,5,pending
DSP-08389,ORD-01479,duplicate_charge,2026-06-12,23,pending
DSP-08390,ORD-05074,item_not_received,2026-06-12,21,pending
DSP-08391,ORD-13309,item_not_received,2026-06-12,6,pending
DSP-08392,ORD-17740,item_not_received,2026-06-12,21,pending
DSP-08393,ORD-15650,item_not_received,2026-06-12,8,pending
DSP-08394,ORD-06302,unauthorized_transaction,2026-06-12,10,pending
DSP-08395,ORD-19904,item_not_received,2026-06-12,17,pending
DSP-08396,ORD-12371,unauthorized_transaction,2026-06-12,16,pending
DSP-08397,ORD-15409,unauthorized_transaction,2026-06-12,12,pending
DSP-08398,ORD-19443,item_not_received,2026-06-12,11,pending
DSP-08399,ORD-15844,item_not_received,2026-06-12,9,pending
DSP-08400,ORD-12259,item_not_received,2026-06-12,12,pending
DSP-08401,ORD-06898,not_as_described,2026-06-12,15,pending
DSP-08402,ORD-04257,item_not_received,2026-06-12,14,pending
DSP-08403,ORD-07620,duplicate_charge,2026-06-12,20,pending
DSP-08404,ORD-08112,unauthorized_transaction,2026-06-12,12,pending
DSP-08405,ORD-11791,unauthorized_transaction,2026-06-12,24,pending
DSP-08406,ORD-04864,unauthorized_transaction,2026-06-12,13,pending
DSP-08407,ORD-10084,unauthorized_transaction,2026-06-12,9,pending
DSP-08408,ORD-07908,unauthorized_transaction,2026-06-12,24,pending
DSP-08409,ORD-15641,duplicate_charge,2026-06-12,19,pending
DSP-08410,ORD-13926,not_as_described,2026-06-12,14,pending
DSP-08411,ORD-06436,unauthorized_transaction,2026-06-12,3,pending
DSP-08412,ORD-17337,item_not_received,2026-06-12,12,pending
DSP-08413,ORD-07069,not_as_described,2026-06-13,15,pending
DSP-08414,ORD-00148,unauthorized_transaction,2026-06-13,8,pending
DSP-08415,ORD-16443,duplicate_charge,2026-06-13,15,pending
DSP-08416,ORD-01604,item_not_received,2026-06-13,24,pending
DSP-08417,ORD-15598,unauthorized_transaction,2026-06-13,7,pending
DSP-08418,ORD-01264,not_as_described,2026-06-13,10,pending
DSP-08419,ORD-04930,not_as_described,2026-06-13,11,pending
DSP-08420,ORD-05342,not_as_described,2026-06-13,10,pending
DSP-08421,ORD-08445,item_not_received,2026-06-13,3,pending
DSP-08422,ORD-09447,not_as_described,2026-06-13,2,pending
DSP-08423,ORD-04266,unauthorized_transaction,2026-06-13,15,pending
DSP-08424,ORD-08274,item_not_received,2026-06-13,2,pending
DSP-08425,ORD-19973,duplicate_charge,2026-06-13,18,pending
DSP-08426,ORD-08670,item_not_received,2026-06-13,16,pending
DSP-08427,ORD-03149,not_as_described,2026-06-13,17,pending
DSP-08428,ORD-15025,unauthorized_transaction,2026-06-13,16,pending
DSP-08429,ORD-18234,not_as_described,2026-06-13,15,pending
DSP-08430,ORD-14965,item_not_received,2026-06-13,21,pending
DSP-08431,ORD-16472,not_as_described,2026-06-13,4,pending
DSP-08432,ORD-10012,unauthorized_transaction,2026-06-13,14,pending
DSP-08433,ORD-17429,unauthorized_transaction,2026-06-13,12,pending
DSP-08434,ORD-16166,not_as_described,2026-06-13,3,pending
DSP-08435,ORD-02610,item_not_received,2026-06-13,12,pending
DSP-08436,ORD-19807,item_not_received,2026-06-13,13,pending
DSP-08437,ORD-05738,item_not_received,2026-06-13,22,pending
DSP-08438,ORD-09734,item_not_received,2026-06-13,7,pending
DSP-08439,ORD-07615,item_not_received,2026-06-13,8,pending
DSP-08440,ORD-14628,duplicate_charge,2026-06-13,23,pending
DSP-08441,ORD-01670,item_not_received,2026-06-13,10,pending
DSP-08442,ORD-08618,unauthorized_transaction,2026-06-13,13,pending
DSP-08443,ORD-07361,unauthorized_transaction,2026-06-13,23,pending
DSP-08444,ORD-03456,item_not_received,2026-06-13,1,pending
DSP-08445,ORD-16624,item_not_received,2026-06-13,4,pending
DSP-08446,ORD-18973,item_not_received,2026-06-13,12,pending
DSP-08447,ORD-13251,duplicate_charge,2026-06-13,3,pending
DSP-08448,ORD-10878,duplicate_charge,2026-06-13,12,pending
DSP-08449,ORD-02411,item_not_received,2026-06-13,4,pending
DSP-08450,ORD-10690,item_not_received,2026-06-13,24,pending
DSP-08451,ORD-04398,item_not_received,2026-06-13,18,pending
DSP-08452,ORD-18715,item_not_received,2026-06-13,4,pending
DSP-08453,ORD-18866,not_as_described,2026-06-13,21,pending
DSP-08454,ORD-14495,not_as_described,2026-06-13,4,pending
DSP-08455,ORD-08952,item_not_received,2026-06-13,22,pending
DSP-08456,ORD-03703,unauthorized_transaction,2026-06-13,17,pending
DSP-08457,ORD-17701,not_as_described,2026-06-13,23,pending
DSP-08458,ORD-16994,not_as_described,2026-06-13,5,pending
DSP-08459,ORD-05598,duplicate_charge,2026-06-13,1,pending
DSP-08460,ORD-03301,duplicate_charge,2026-06-13,7,pending
DSP-08461,ORD-12240,item_not_received,2026-06-13,6,pending
DSP-08462,ORD-15269,item_not_received,2026-06-13,2,pending
DSP-08463,ORD-12396,unauthorized_transaction,2026-06-13,22,pending
DSP-08464,ORD-17607,unauthorized_transaction,2026-06-13,8,pending
DSP-08465,ORD-14570,item_not_received,2026-06-13,2,pending
DSP-08466,ORD-07208,duplicate_charge,2026-06-13,1,pending
DSP-08467,ORD-04832,not_as_described,2026-06-13,2,pending
DSP-08468,ORD-04527,item_not_received,2026-06-13,6,pending
DSP-08469,ORD-05351,item_not_received,2026-06-13,20,pending
DSP-08470,ORD-12113,item_not_received,2026-06-13,23,pending
DSP-08471,ORD-02780,duplicate_charge,2026-06-13,21,pending
DSP-08472,ORD-19432,item_not_received,2026-06-13,16,pending
DSP-08473,ORD-06861,not_as_described,2026-06-13,23,pending
DSP-08474,ORD-16525,item_not_received,2026-06-13,17,pending
DSP-08475,ORD-13491,duplicate_charge,2026-06-13,5,pending
DSP-08476,ORD-04844,duplicate_charge,2026-06-13,11,pending
DSP-08477,ORD-03744,duplicate_charge,2026-06-13,1,pending
DSP-08478,ORD-05885,unauthorized_transaction,2026-06-13,14,pending
DSP-08479,ORD-05004,item_not_received,2026-06-13,18,pending
DSP-08480,ORD-03686,not_as_described,2026-06-13,12,pending
DSP-08481,ORD-05291,item_not_received,2026-06-13,1,pending
DSP-08482,ORD-01712,item_not_received,2026-06-13,12,pending
DSP-08483,ORD-08809,item_not_received,2026-06-13,5,pending
DSP-08484,ORD-12749,not_as_described,2026-06-13,21,pending
DSP-08485,ORD-11368,unauthorized_transaction,2026-06-13,18,pending
DSP-08486,ORD-10527,not_as_described,2026-06-13,2,pending
DSP-08487,ORD-02772,item_not_received,2026-06-13,10,pending
DSP-08488,ORD-16226,item_not_received,2026-06-13,1,pending
DSP-08489,ORD-19544,unauthorized_transaction,2026-06-13,18,pending
DSP-08490,ORD-14011,item_not_received,2026-06-13,11,pending
DSP-08491,ORD-15494,not_as_described,2026-06-13,11,pending
DSP-08492,ORD-17032,item_not_received,2026-06-13,3,pending
DSP-08493,ORD-08402,not_as_described,2026-06-13,5,pending
DSP-08494,ORD-06651,item_not_received,2026-06-13,8,pending
DSP-08495,ORD-12666,item_not_received,2026-06-13,3,pending
DSP-08496,ORD-05288,unauthorized_transaction,2026-06-13,10,pending
DSP-08497,ORD-11947,not_as_described,2026-06-13,21,pending
DSP-08498,ORD-17437,not_as_described,2026-06-13,1,pending
DSP-08499,ORD-15180,not_as_described,2026-06-13,11,pending
DSP-08500,ORD-18477,item_not_received,2026-06-13,13,pending
DSP-08501,ORD-01456,unauthorized_transaction,2026-06-13,21,pending
DSP-08502,ORD-15052,item_not_received,2026-06-13,13,pending
DSP-08503,ORD-03169,item_not_received,2026-06-13,15,pending
DSP-08504,ORD-08666,item_not_received,2026-06-13,6,pending
DSP-08505,ORD-12557,not_as_described,2026-06-13,20,pending
DSP-08506,ORD-19749,item_not_received,2026-06-13,7,pending
DSP-08507,ORD-17814,not_as_described,2026-06-13,6,pending
DSP-08508,ORD-00605,not_as_described,2026-06-14,10,pending
DSP-08509,ORD-19637,duplicate_charge,2026-06-14,3,pending
DSP-08510,ORD-10754,not_as_described,2026-06-14,7,pending
DSP-08511,ORD-09679,item_not_received,2026-06-14,9,pending
DSP-08512,ORD-12802,item_not_received,2026-06-14,8,pending
DSP-08513,ORD-00590,unauthorized_transaction,2026-06-14,5,pending
DSP-08514,ORD-18156,not_as_described,2026-06-14,19,pending
DSP-08515,ORD-08064,duplicate_charge,2026-06-14,12,pending
DSP-08516,ORD-18551,not_as_described,2026-06-14,2,pending
DSP-08517,ORD-03472,item_not_received,2026-06-14,10,pending
DSP-08518,ORD-18492,unauthorized_transaction,2026-06-14,13,pending
DSP-08519,ORD-14588,not_as_described,2026-06-14,19,pending
DSP-08520,ORD-06830,unauthorized_transaction,2026-06-14,10,pending
DSP-08521,ORD-14429,unauthorized_transaction,2026-06-14,20,pending
DSP-08522,ORD-13538,unauthorized_transaction,2026-06-14,12,pending
DSP-08523,ORD-06478,unauthorized_transaction,2026-06-14,22,pending
DSP-08524,ORD-10083,not_as_described,2026-06-14,8,pending
DSP-08525,ORD-12007,not_as_described,2026-06-14,10,pending
DSP-08526,ORD-18280,not_as_described,2026-06-14,23,pending
DSP-08527,ORD-19935,item_not_received,2026-06-14,8,pending
DSP-08528,ORD-00072,unauthorized_transaction,2026-06-14,22,pending
DSP-08529,ORD-07501,unauthorized_transaction,2026-06-14,2,pending
DSP-08530,ORD-16304,unauthorized_transaction,2026-06-14,5,pending
DSP-08531,ORD-06581,item_not_received,2026-06-14,8,pending
DSP-08532,ORD-11533,item_not_received,2026-06-14,3,pending
DSP-08533,ORD-17589,item_not_received,2026-06-14,18,pending
DSP-08534,ORD-14461,item_not_received,2026-06-14,10,pending
DSP-08535,ORD-05643,not_as_described,2026-06-14,18,pending
DSP-08536,ORD-07919,not_as_described,2026-06-14,9,pending
DSP-08537,ORD-03605,item_not_received,2026-06-14,6,pending
DSP-08538,ORD-03626,not_as_described,2026-06-14,18,pending
DSP-08539,ORD-16023,not_as_described,2026-06-14,3,pending
DSP-08540,ORD-16030,not_as_described,2026-06-14,11,pending
DSP-08541,ORD-18123,duplicate_charge,2026-06-14,23,pending
DSP-08542,ORD-07557,duplicate_charge,2026-06-14,15,pending
DSP-08543,ORD-15386,not_as_described,2026-06-14,5,pending
DSP-08544,ORD-07270,not_as_described,2026-06-14,22,pending
DSP-08545,ORD-10250,item_not_received,2026-06-14,22,pending
DSP-08546,ORD-00176,not_as_described,2026-06-14,2,pending
DSP-08547,ORD-12163,other_unclassified,2026-06-14,13,pending
DSP-08548,ORD-15610,unauthorized_transaction,2026-06-14,10,pending
DSP-08549,ORD-16237,item_not_received,2026-06-14,20,pending
DSP-08550,ORD-00188,item_not_received,2026-06-14,9,pending
DSP-08551,ORD-16224,unauthorized_transaction,2026-06-14,4,pending
DSP-08552,ORD-11530,item_not_received,2026-06-14,8,pending
DSP-08553,ORD-00616,item_not_received,2026-06-14,18,pending
DSP-08554,ORD-05325,item_not_received,2026-06-14,8,pending
DSP-08555,ORD-04077,not_as_described,2026-06-14,1,pending
DSP-08556,ORD-19643,unauthorized_transaction,2026-06-14,17,pending
DSP-08557,ORD-14055,not_as_described,2026-06-14,22,pending
DSP-08558,ORD-09924,unauthorized_transaction,2026-06-14,19,pending
DSP-08559,ORD-05835,unauthorized_transaction,2026-06-14,8,pending
DSP-08560,ORD-04516,duplicate_charge,2026-06-14,10,pending
DSP-08561,ORD-17535,duplicate_charge,2026-06-14,21,pending
DSP-08562,ORD-01267,unauthorized_transaction,2026-06-14,2,pending
DSP-08563,ORD-15624,not_as_described,2026-06-14,17,pending
DSP-08564,ORD-12654,not_as_described,2026-06-14,23,pending
DSP-08565,ORD-06820,unauthorized_transaction,2026-06-14,2,pending
DSP-08566,ORD-19790,item_not_received,2026-06-14,1,pending
DSP-08567,ORD-09514,item_not_received,2026-06-14,9,pending
DSP-08568,ORD-03776,not_as_described,2026-06-14,8,pending
DSP-08569,ORD-17744,not_as_described,2026-06-14,18,pending
DSP-08570,ORD-17938,item_not_received,2026-06-14,13,pending
DSP-08571,ORD-19334,unauthorized_transaction,2026-06-14,16,pending
DSP-08572,ORD-18788,item_not_received,2026-06-14,5,pending
DSP-08573,ORD-16184,not_as_described,2026-06-14,15,pending
DSP-08574,ORD-16770,unauthorized_transaction,2026-06-14,13,pending
DSP-08575,ORD-18252,item_not_received,2026-06-14,8,pending
DSP-08576,ORD-19277,item_not_received,2026-06-14,11,pending
DSP-08577,ORD-09782,unauthorized_transaction,2026-06-14,11,pending
DSP-08578,ORD-03844,not_as_described,2026-06-14,1,pending
DSP-08579,ORD-10279,unauthorized_transaction,2026-06-14,3,pending
DSP-08580,ORD-06509,item_not_received,2026-06-14,17,pending
DSP-08581,ORD-17137,unauthorized_transaction,2026-06-14,14,pending
DSP-08582,ORD-15645,duplicate_charge,2026-06-14,17,pending
DSP-08583,ORD-00974,unauthorized_transaction,2026-06-14,9,pending
DSP-08584,ORD-05370,unauthorized_transaction,2026-06-14,7,pending
DSP-08585,ORD-01898,item_not_received,2026-06-14,20,pending
DSP-08586,ORD-18287,not_as_described,2026-06-14,23,pending
DSP-08587,ORD-18134,duplicate_charge,2026-06-14,22,pending
DSP-08588,ORD-12079,item_not_received,2026-06-14,14,pending
DSP-08589,ORD-14770,item_not_received,2026-06-14,2,pending
DSP-08590,ORD-11086,not_as_described,2026-06-14,5,pending
DSP-08591,ORD-01561,not_as_described,2026-06-14,12,pending
DSP-08592,ORD-03723,not_as_described,2026-06-14,20,pending
DSP-08593,ORD-04009,item_not_received,2026-06-14,7,pending
DSP-08594,ORD-06498,item_not_received,2026-06-14,12,pending
DSP-08595,ORD-13964,not_as_described,2026-06-14,19,pending
DSP-08596,ORD-11550,not_as_described,2026-06-14,7,pending
DSP-08597,ORD-02253,duplicate_charge,2026-06-14,12,pending
DSP-08598,ORD-02065,unauthorized_transaction,2026-06-14,4,pending
DSP-08599,ORD-07695,item_not_received,2026-06-14,19,pending
DSP-08600,ORD-14562,not_as_described,2026-06-14,8,pending
DSP-08601,ORD-04089,duplicate_charge,2026-06-14,24,pending
DSP-08602,ORD-17898,unauthorized_transaction,2026-06-14,10,pending
DSP-08603,ORD-17331,item_not_received,2026-06-14,23,pending
DSP-08604,ORD-10880,item_not_received,2026-06-14,21,pending
DSP-08605,ORD-02443,item_not_received,2026-06-14,22,pending
DSP-08606,ORD-17264,not_as_described,2026-06-14,24,pending
DSP-08607,ORD-16398,not_as_described,2026-06-14,6,pending
DSP-08608,ORD-05192,duplicate_charge,2026-06-14,20,pending
DSP-08609,ORD-11739,not_as_described,2026-06-14,14,pending
DSP-08610,ORD-03206,unauthorized_transaction,2026-06-14,13,pending
DSP-08611,ORD-12470,unauthorized_transaction,2026-06-14,2,pending
DSP-08612,ORD-04854,item_not_received,2026-06-15,14,pending
DSP-08613,ORD-15411,unauthorized_transaction,2026-06-15,2,pending
DSP-08614,ORD-11785,not_as_described,2026-06-15,20,pending
DSP-08615,ORD-19724,item_not_received,2026-06-15,20,pending
DSP-08616,ORD-19988,unauthorized_transaction,2026-06-15,13,pending
DSP-08617,ORD-08754,item_not_received,2026-06-15,10,pending
DSP-08618,ORD-03187,item_not_received,2026-06-15,19,pending
DSP-08619,ORD-18095,duplicate_charge,2026-06-15,1,pending
DSP-08620,ORD-17442,item_not_received,2026-06-15,4,pending
DSP-08621,ORD-12753,not_as_described,2026-06-15,3,pending
DSP-08622,ORD-10884,unauthorized_transaction,2026-06-15,9,pending
DSP-08623,ORD-15577,duplicate_charge,2026-06-15,12,pending
DSP-08624,ORD-08688,item_not_received,2026-06-15,7,pending
DSP-08625,ORD-02841,not_as_described,2026-06-15,4,pending
DSP-08626,ORD-17533,duplicate_charge,2026-06-15,9,pending
DSP-08627,ORD-11944,not_as_described,2026-06-15,16,pending
DSP-08628,ORD-01104,not_as_described,2026-06-15,19,pending
DSP-08629,ORD-16592,item_not_received,2026-06-15,15,pending
DSP-08630,ORD-16440,item_not_received,2026-06-15,24,pending
DSP-08631,ORD-17662,item_not_received,2026-06-15,18,pending
DSP-08632,ORD-11400,item_not_received,2026-06-15,21,pending
DSP-08633,ORD-09116,item_not_received,2026-06-15,12,pending
DSP-08634,ORD-17954,not_as_described,2026-06-15,7,pending
DSP-08635,ORD-13485,not_as_described,2026-06-15,22,pending
DSP-08636,ORD-04548,not_as_described,2026-06-15,21,pending
DSP-08637,ORD-00800,item_not_received,2026-06-15,4,pending
DSP-08638,ORD-04568,unauthorized_transaction,2026-06-15,24,pending
DSP-08639,ORD-16887,item_not_received,2026-06-15,18,pending
DSP-08640,ORD-15653,not_as_described,2026-06-15,14,pending
DSP-08641,ORD-04444,duplicate_charge,2026-06-15,24,pending
DSP-08642,ORD-04816,unauthorized_transaction,2026-06-15,3,pending
DSP-08643,ORD-17311,not_as_described,2026-06-15,23,pending
DSP-08644,ORD-14715,item_not_received,2026-06-15,12,pending
DSP-08645,ORD-07974,not_as_described,2026-06-15,23,pending
DSP-08646,ORD-11420,not_as_described,2026-06-15,15,pending
DSP-08647,ORD-09049,unauthorized_transaction,2026-06-15,5,pending
DSP-08648,ORD-17992,unauthorized_transaction,2026-06-15,8,pending
DSP-08649,ORD-13945,unauthorized_transaction,2026-06-15,22,pending
DSP-08650,ORD-06539,item_not_received,2026-06-15,12,pending
DSP-08651,ORD-08372,unauthorized_transaction,2026-06-15,13,pending
DSP-08652,ORD-15835,not_as_described,2026-06-15,21,pending
DSP-08653,ORD-05357,not_as_described,2026-06-15,24,pending
DSP-08654,ORD-02644,not_as_described,2026-06-15,5,pending
DSP-08655,ORD-00585,not_as_described,2026-06-15,3,pending
DSP-08656,ORD-07370,unauthorized_transaction,2026-06-15,21,pending
DSP-08657,ORD-00583,not_as_described,2026-06-15,21,pending
DSP-08658,ORD-00724,unauthorized_transaction,2026-06-15,8,pending
DSP-08659,ORD-16262,duplicate_charge,2026-06-15,5,pending
DSP-08660,ORD-13535,unauthorized_transaction,2026-06-15,8,pending
DSP-08661,ORD-10059,not_as_described,2026-06-15,8,pending
DSP-08662,ORD-15563,unauthorized_transaction,2026-06-15,8,pending
DSP-08663,ORD-14005,item_not_received,2026-06-15,23,pending
DSP-08664,ORD-07576,unauthorized_transaction,2026-06-15,7,pending
DSP-08665,ORD-05632,unauthorized_transaction,2026-06-15,6,pending
DSP-08666,ORD-13130,not_as_described,2026-06-15,9,pending
DSP-08667,ORD-11139,not_as_described,2026-06-15,14,pending
DSP-08668,ORD-18239,not_as_described,2026-06-15,10,pending
DSP-08669,ORD-07918,item_not_received,2026-06-15,17,pending
DSP-08670,ORD-02922,unauthorized_transaction,2026-06-15,8,pending
DSP-08671,ORD-02743,unauthorized_transaction,2026-06-15,21,pending
DSP-08672,ORD-15400,item_not_received,2026-06-15,8,pending
DSP-08673,ORD-05212,duplicate_charge,2026-06-15,1,pending
DSP-08674,ORD-01433,not_as_described,2026-06-15,19,pending
DSP-08675,ORD-11451,item_not_received,2026-06-15,18,pending
DSP-08676,ORD-07600,unauthorized_transaction,2026-06-15,12,pending
DSP-08677,ORD-06295,unauthorized_transaction,2026-06-15,18,pending
DSP-08678,ORD-12258,not_as_described,2026-06-15,15,pending
DSP-08679,ORD-16914,not_as_described,2026-06-15,18,pending
DSP-08680,ORD-04658,duplicate_charge,2026-06-15,9,pending
DSP-08681,ORD-18328,duplicate_charge,2026-06-15,8,pending
DSP-08682,ORD-08258,item_not_received,2026-06-15,24,pending
DSP-08683,ORD-13938,unauthorized_transaction,2026-06-15,10,pending
DSP-08684,ORD-01710,duplicate_charge,2026-06-15,2,pending
DSP-08685,ORD-15089,item_not_received,2026-06-15,23,pending
DSP-08686,ORD-00648,duplicate_charge,2026-06-15,8,pending
DSP-08687,ORD-01957,unauthorized_transaction,2026-06-15,6,pending
DSP-08688,ORD-10796,unauthorized_transaction,2026-06-15,12,pending
DSP-08689,ORD-12370,item_not_received,2026-06-15,14,pending
DSP-08690,ORD-00559,item_not_received,2026-06-15,10,pending
DSP-08691,ORD-13739,unauthorized_transaction,2026-06-15,18,pending
DSP-08692,ORD-01442,duplicate_charge,2026-06-15,12,pending
DSP-08693,ORD-07454,item_not_received,2026-06-15,8,pending
DSP-08694,ORD-19685,unauthorized_transaction,2026-06-15,15,pending
DSP-08695,ORD-01577,item_not_received,2026-06-15,24,pending
DSP-08696,ORD-13263,unauthorized_transaction,2026-06-15,15,pending
DSP-08697,ORD-09270,item_not_received,2026-06-15,12,pending
DSP-08698,ORD-11173,duplicate_charge,2026-06-15,21,pending
DSP-08699,ORD-13316,item_not_received,2026-06-15,24,pending
DSP-08700,ORD-15512,item_not_received,2026-06-15,4,pending
DSP-08701,ORD-11075,item_not_received,2026-06-15,3,pending
DSP-08702,ORD-02444,duplicate_charge,2026-06-15,2,pending
DSP-08703,ORD-11896,unauthorized_transaction,2026-06-15,2,pending
DSP-08704,ORD-10329,unauthorized_transaction,2026-06-16,7,pending
DSP-08705,ORD-18339,not_as_described,2026-06-16,19,pending
DSP-08706,ORD-16607,not_as_described,2026-06-16,21,pending
DSP-08707,ORD-17842,unauthorized_transaction,2026-06-16,23,pending
DSP-08708,ORD-17639,not_as_described,2026-06-16,17,pending
DSP-08709,ORD-08255,not_as_described,2026-06-16,16,pending
DSP-08710,ORD-12938,item_not_received,2026-06-16,15,pending
DSP-08711,ORD-16883,duplicate_charge,2026-06-16,8,pending
DSP-08712,ORD-04317,item_not_received,2026-06-16,7,pending
DSP-08713,ORD-01615,item_not_received,2026-06-16,16,pending
DSP-08714,ORD-01945,duplicate_charge,2026-06-16,8,pending
DSP-08715,ORD-13094,unauthorized_transaction,2026-06-16,1,pending
DSP-08716,ORD-08654,item_not_received,2026-06-16,8,pending
DSP-08717,ORD-10013,item_not_received,2026-06-16,13,pending
DSP-08718,ORD-08632,item_not_received,2026-06-16,23,pending
DSP-08719,ORD-00083,unauthorized_transaction,2026-06-16,20,pending
DSP-08720,ORD-10254,not_as_described,2026-06-16,17,pending
DSP-08721,ORD-09105,item_not_received,2026-06-16,6,pending
DSP-08722,ORD-12420,unauthorized_transaction,2026-06-16,17,pending
DSP-08723,ORD-09653,not_as_described,2026-06-16,2,pending
DSP-08724,ORD-11153,not_as_described,2026-06-16,2,pending
DSP-08725,ORD-01047,item_not_received,2026-06-16,21,pending
DSP-08726,ORD-12746,unauthorized_transaction,2026-06-16,7,pending
DSP-08727,ORD-18488,not_as_described,2026-06-16,22,pending
DSP-08728,ORD-03798,item_not_received,2026-06-16,2,pending
DSP-08729,ORD-13565,item_not_received,2026-06-16,1,pending
DSP-08730,ORD-11901,duplicate_charge,2026-06-16,8,pending
DSP-08731,ORD-18699,item_not_received,2026-06-16,3,pending
DSP-08732,ORD-02606,not_as_described,2026-06-16,5,pending
DSP-08733,ORD-17284,unauthorized_transaction,2026-06-16,11,pending
DSP-08734,ORD-05597,duplicate_charge,2026-06-16,19,pending
DSP-08735,ORD-07149,unauthorized_transaction,2026-06-16,20,pending
DSP-08736,ORD-07591,duplicate_charge,2026-06-16,21,pending
DSP-08737,ORD-02591,item_not_received,2026-06-16,8,pending
DSP-08738,ORD-06751,not_as_described,2026-06-16,5,pending
DSP-08739,ORD-09189,not_as_described,2026-06-16,7,pending
DSP-08740,ORD-15060,item_not_received,2026-06-16,2,pending
DSP-08741,ORD-06406,unauthorized_transaction,2026-06-16,8,pending
DSP-08742,ORD-15881,item_not_received,2026-06-16,15,pending
DSP-08743,ORD-11046,duplicate_charge,2026-06-16,10,pending
DSP-08744,ORD-09155,not_as_described,2026-06-16,13,pending
DSP-08745,ORD-18843,item_not_received,2026-06-16,21,pending
DSP-08746,ORD-15808,unauthorized_transaction,2026-06-16,5,pending
DSP-08747,ORD-01313,item_not_received,2026-06-16,14,pending
DSP-08748,ORD-13698,not_as_described,2026-06-16,16,pending
DSP-08749,ORD-00971,item_not_received,2026-06-16,13,pending
DSP-08750,ORD-19602,unauthorized_transaction,2026-06-16,23,pending
DSP-08751,ORD-08101,unauthorized_transaction,2026-06-16,18,pending
DSP-08752,ORD-07336,not_as_described,2026-06-16,2,pending
DSP-08753,ORD-00432,not_as_described,2026-06-16,23,pending
DSP-08754,ORD-04271,unauthorized_transaction,2026-06-16,21,pending
DSP-08755,ORD-16007,unauthorized_transaction,2026-06-16,21,pending
DSP-08756,ORD-01609,unauthorized_transaction,2026-06-16,17,pending
DSP-08757,ORD-04648,unauthorized_transaction,2026-06-16,5,pending
DSP-08758,ORD-01738,item_not_received,2026-06-16,15,pending
DSP-08759,ORD-11048,not_as_described,2026-06-16,5,pending
DSP-08760,ORD-05956,unauthorized_transaction,2026-06-16,11,pending
DSP-08761,ORD-00316,item_not_received,2026-06-16,23,pending
DSP-08762,ORD-12051,item_not_received,2026-06-16,15,pending
DSP-08763,ORD-05490,item_not_received,2026-06-16,17,pending
DSP-08764,ORD-13011,not_as_described,2026-06-16,3,pending
DSP-08765,ORD-13098,not_as_described,2026-06-16,1,pending
DSP-08766,ORD-08793,item_not_received,2026-06-16,13,pending
DSP-08767,ORD-11563,unauthorized_transaction,2026-06-16,4,pending
DSP-08768,ORD-07669,item_not_received,2026-06-16,22,pending
DSP-08769,ORD-18365,item_not_received,2026-06-16,14,pending
DSP-08770,ORD-01785,unauthorized_transaction,2026-06-16,8,pending
DSP-08771,ORD-03263,not_as_described,2026-06-16,20,pending
DSP-08772,ORD-07984,not_as_described,2026-06-16,13,pending
DSP-08773,ORD-06451,item_not_received,2026-06-16,18,pending
DSP-08774,ORD-09586,not_as_described,2026-06-16,5,pending
DSP-08775,ORD-19970,item_not_received,2026-06-16,3,pending
DSP-08776,ORD-16093,duplicate_charge,2026-06-16,10,pending
DSP-08777,ORD-05468,item_not_received,2026-06-16,22,pending
DSP-08778,ORD-18831,duplicate_charge,2026-06-16,4,pending
DSP-08779,ORD-08583,duplicate_charge,2026-06-16,24,pending
DSP-08780,ORD-15964,duplicate_charge,2026-06-16,18,pending
DSP-08781,ORD-12429,unauthorized_transaction,2026-06-16,2,pending
DSP-08782,ORD-18452,not_as_described,2026-06-16,15,pending
DSP-08783,ORD-12378,item_not_received,2026-06-16,8,pending
DSP-08784,ORD-14210,duplicate_charge,2026-06-16,19,pending
DSP-08785,ORD-07641,duplicate_charge,2026-06-16,24,pending
DSP-08786,ORD-05019,item_not_received,2026-06-16,1,pending
DSP-08787,ORD-05931,duplicate_charge,2026-06-16,1,pending
DSP-08788,ORD-17911,unauthorized_transaction,2026-06-16,22,pending
DSP-08789,ORD-17581,item_not_received,2026-06-16,10,pending
DSP-08790,ORD-19393,duplicate_charge,2026-06-16,11,pending
DSP-08791,ORD-12692,unauthorized_transaction,2026-06-16,10,pending
DSP-08792,ORD-02471,not_as_described,2026-06-16,24,pending
DSP-08793,ORD-18838,unauthorized_transaction,2026-06-16,6,pending
DSP-08794,ORD-06835,unauthorized_transaction,2026-06-16,23,pending
DSP-08795,ORD-02819,unauthorized_transaction,2026-06-16,13,pending
DSP-08796,ORD-07977,not_as_described,2026-06-16,2,pending
DSP-08797,ORD-13730,unauthorized_transaction,2026-06-16,6,pending
DSP-08798,ORD-02334,not_as_described,2026-06-16,17,pending
DSP-08799,ORD-07658,item_not_received,2026-06-16,22,pending
DSP-08800,ORD-03357,duplicate_charge,2026-06-17,8,pending
DSP-08801,ORD-09919,item_not_received,2026-06-17,24,pending
DSP-08802,ORD-01404,item_not_received,2026-06-17,19,pending
DSP-08803,ORD-02491,unauthorized_transaction,2026-06-17,18,pending
DSP-08804,ORD-04904,not_as_described,2026-06-17,21,pending
DSP-08805,ORD-04379,not_as_described,2026-06-17,11,pending
DSP-08806,ORD-01302,duplicate_charge,2026-06-17,13,pending
DSP-08807,ORD-00709,item_not_received,2026-06-17,14,pending
DSP-08808,ORD-07165,item_not_received,2026-06-17,1,pending
DSP-08809,ORD-10383,unauthorized_transaction,2026-06-17,8,pending
DSP-08810,ORD-17464,duplicate_charge,2026-06-17,17,pending
DSP-08811,ORD-03969,duplicate_charge,2026-06-17,10,pending
DSP-08812,ORD-02250,duplicate_charge,2026-06-17,18,pending
DSP-08813,ORD-13740,unauthorized_transaction,2026-06-17,22,pending
DSP-08814,ORD-18100,duplicate_charge,2026-06-17,15,pending
DSP-08815,ORD-06883,item_not_received,2026-06-17,20,pending
DSP-08816,ORD-16434,unauthorized_transaction,2026-06-17,21,pending
DSP-08817,ORD-07079,unauthorized_transaction,2026-06-17,12,pending
DSP-08818,ORD-00054,item_not_received,2026-06-17,5,pending
DSP-08819,ORD-02784,unauthorized_transaction,2026-06-17,16,pending
DSP-08820,ORD-06966,item_not_received,2026-06-17,18,pending
DSP-08821,ORD-12495,not_as_described,2026-06-17,12,pending
DSP-08822,ORD-15258,item_not_received,2026-06-17,19,pending
DSP-08823,ORD-15612,not_as_described,2026-06-17,14,pending
DSP-08824,ORD-15399,item_not_received,2026-06-17,22,pending
DSP-08825,ORD-03111,duplicate_charge,2026-06-17,9,pending
DSP-08826,ORD-05827,not_as_described,2026-06-17,22,pending
DSP-08827,ORD-17569,duplicate_charge,2026-06-17,1,pending
DSP-08828,ORD-19232,not_as_described,2026-06-17,9,pending
DSP-08829,ORD-02135,duplicate_charge,2026-06-17,3,pending
DSP-08830,ORD-04938,unauthorized_transaction,2026-06-17,10,pending
DSP-08831,ORD-08303,not_as_described,2026-06-17,23,pending
DSP-08832,ORD-11212,not_as_described,2026-06-17,16,pending
DSP-08833,ORD-11166,not_as_described,2026-06-17,14,pending
DSP-08834,ORD-04728,unauthorized_transaction,2026-06-17,18,pending
DSP-08835,ORD-15352,item_not_received,2026-06-17,24,pending
DSP-08836,ORD-11071,unauthorized_transaction,2026-06-17,23,pending
DSP-08837,ORD-16118,not_as_described,2026-06-17,2,pending
DSP-08838,ORD-06290,item_not_received,2026-06-17,24,pending
DSP-08839,ORD-10121,duplicate_charge,2026-06-17,7,pending
DSP-08840,ORD-16357,not_as_described,2026-06-17,21,pending
DSP-08841,ORD-08300,not_as_described,2026-06-17,24,pending
DSP-08842,ORD-17794,item_not_received,2026-06-17,24,pending
DSP-08843,ORD-03200,unauthorized_transaction,2026-06-17,18,pending
DSP-08844,ORD-19545,unauthorized_transaction,2026-06-17,2,pending
DSP-08845,ORD-13303,not_as_described,2026-06-17,19,pending
DSP-08846,ORD-00537,unauthorized_transaction,2026-06-17,3,pending
DSP-08847,ORD-17302,unauthorized_transaction,2026-06-17,12,pending
DSP-08848,ORD-04180,duplicate_charge,2026-06-17,12,pending
DSP-08849,ORD-05455,unauthorized_transaction,2026-06-17,1,pending
DSP-08850,ORD-04377,unauthorized_transaction,2026-06-17,24,pending
DSP-08851,ORD-00754,item_not_received,2026-06-17,12,pending
DSP-08852,ORD-00940,item_not_received,2026-06-17,15,pending
DSP-08853,ORD-17846,not_as_described,2026-06-17,13,pending
DSP-08854,ORD-11661,duplicate_charge,2026-06-17,11,pending
DSP-08855,ORD-10046,duplicate_charge,2026-06-17,19,pending
DSP-08856,ORD-04630,item_not_received,2026-06-17,10,pending
DSP-08857,ORD-12397,not_as_described,2026-06-17,5,pending
DSP-08858,ORD-00327,unauthorized_transaction,2026-06-17,2,pending
DSP-08859,ORD-03621,not_as_described,2026-06-17,1,pending
DSP-08860,ORD-18555,item_not_received,2026-06-17,14,pending
DSP-08861,ORD-14355,item_not_received,2026-06-17,5,pending
DSP-08862,ORD-10673,unauthorized_transaction,2026-06-17,8,pending
DSP-08863,ORD-14613,not_as_described,2026-06-17,12,pending
DSP-08864,ORD-10027,unauthorized_transaction,2026-06-17,17,pending
DSP-08865,ORD-18028,item_not_received,2026-06-17,18,pending
DSP-08866,ORD-03962,not_as_described,2026-06-17,17,pending
DSP-08867,ORD-11675,item_not_received,2026-06-17,16,pending
DSP-08868,ORD-08653,item_not_received,2026-06-17,6,pending
DSP-08869,ORD-10753,not_as_described,2026-06-17,9,pending
DSP-08870,ORD-15001,item_not_received,2026-06-17,21,pending
DSP-08871,ORD-12014,item_not_received,2026-06-17,9,pending
DSP-08872,ORD-08342,duplicate_charge,2026-06-17,2,pending
DSP-08873,ORD-04535,duplicate_charge,2026-06-17,9,pending
DSP-08874,ORD-11592,item_not_received,2026-06-17,11,pending
DSP-08875,ORD-12139,unauthorized_transaction,2026-06-17,19,pending
DSP-08876,ORD-17542,not_as_described,2026-06-17,1,pending
DSP-08877,ORD-07262,not_as_described,2026-06-17,3,pending
DSP-08878,ORD-15672,item_not_received,2026-06-17,17,pending
DSP-08879,ORD-17681,not_as_described,2026-06-17,17,pending
DSP-08880,ORD-08982,unauthorized_transaction,2026-06-17,17,pending
DSP-08881,ORD-12729,duplicate_charge,2026-06-17,11,pending
DSP-08882,ORD-03580,item_not_received,2026-06-17,3,pending
DSP-08883,ORD-03789,unauthorized_transaction,2026-06-17,7,pending
DSP-08884,ORD-02826,item_not_received,2026-06-17,10,pending
DSP-08885,ORD-14794,not_as_described,2026-06-17,20,pending
DSP-08886,ORD-13373,duplicate_charge,2026-06-17,13,pending
DSP-08887,ORD-00646,unauthorized_transaction,2026-06-17,21,pending
DSP-08888,ORD-12168,unauthorized_transaction,2026-06-17,15,pending
DSP-08889,ORD-19642,unauthorized_transaction,2026-06-17,9,pending
DSP-08890,ORD-19759,unauthorized_transaction,2026-06-17,20,pending
DSP-08891,ORD-00841,item_not_received,2026-06-17,23,pending
DSP-08892,ORD-00744,unauthorized_transaction,2026-06-17,24,pending
DSP-08893,ORD-05667,item_not_received,2026-06-17,24,pending
DSP-08894,ORD-16126,duplicate_charge,2026-06-17,15,pending
DSP-08895,ORD-18800,not_as_described,2026-06-17,21,pending
DSP-08896,ORD-00140,item_not_received,2026-06-17,8,pending
DSP-08897,ORD-16574,item_not_received,2026-06-17,3,pending
DSP-08898,ORD-05382,item_not_received,2026-06-18,23,pending
DSP-08899,ORD-06380,not_as_described,2026-06-18,8,pending
DSP-08900,ORD-14217,unauthorized_transaction,2026-06-18,1,pending
DSP-08901,ORD-11044,item_not_received,2026-06-18,13,pending
DSP-08902,ORD-05114,unauthorized_transaction,2026-06-18,3,pending
DSP-08903,ORD-19196,item_not_received,2026-06-18,24,pending
DSP-08904,ORD-14578,item_not_received,2026-06-18,14,pending
DSP-08905,ORD-16523,duplicate_charge,2026-06-18,9,pending
DSP-08906,ORD-17397,duplicate_charge,2026-06-18,20,pending
DSP-08907,ORD-17483,not_as_described,2026-06-18,15,pending
DSP-08908,ORD-04063,not_as_described,2026-06-18,2,pending
DSP-08909,ORD-08181,item_not_received,2026-06-18,7,pending
DSP-08910,ORD-04411,item_not_received,2026-06-18,2,pending
DSP-08911,ORD-03583,not_as_described,2026-06-18,12,pending
DSP-08912,ORD-14769,item_not_received,2026-06-18,21,pending
DSP-08913,ORD-09405,unauthorized_transaction,2026-06-18,20,pending
DSP-08914,ORD-07882,item_not_received,2026-06-18,24,pending
DSP-08915,ORD-01135,item_not_received,2026-06-18,5,pending
DSP-08916,ORD-14091,unauthorized_transaction,2026-06-18,21,pending
DSP-08917,ORD-14997,item_not_received,2026-06-18,8,pending
DSP-08918,ORD-10578,not_as_described,2026-06-18,2,pending
DSP-08919,ORD-01223,item_not_received,2026-06-18,10,pending
DSP-08920,ORD-08431,unauthorized_transaction,2026-06-18,11,pending
DSP-08921,ORD-16893,not_as_described,2026-06-18,22,pending
DSP-08922,ORD-07463,not_as_described,2026-06-18,1,pending
DSP-08923,ORD-03101,item_not_received,2026-06-18,5,pending
DSP-08924,ORD-11409,item_not_received,2026-06-18,24,pending
DSP-08925,ORD-14868,duplicate_charge,2026-06-18,22,pending
DSP-08926,ORD-01629,item_not_received,2026-06-18,24,pending
DSP-08927,ORD-19995,unauthorized_transaction,2026-06-18,11,pending
DSP-08928,ORD-10547,item_not_received,2026-06-18,19,pending
DSP-08929,ORD-14077,duplicate_charge,2026-06-18,11,pending
DSP-08930,ORD-06985,not_as_described,2026-06-18,8,pending
DSP-08931,ORD-06303,item_not_received,2026-06-18,3,pending
DSP-08932,ORD-04750,unauthorized_transaction,2026-06-18,9,pending
DSP-08933,ORD-16703,not_as_described,2026-06-18,18,pending
DSP-08934,ORD-12810,duplicate_charge,2026-06-18,11,pending
DSP-08935,ORD-18932,unauthorized_transaction,2026-06-18,22,pending
DSP-08936,ORD-05349,unauthorized_transaction,2026-06-18,21,pending
DSP-08937,ORD-12432,unauthorized_transaction,2026-06-18,13,pending
DSP-08938,ORD-08790,not_as_described,2026-06-18,9,pending
DSP-08939,ORD-12297,item_not_received,2026-06-18,1,pending
DSP-08940,ORD-03528,unauthorized_transaction,2026-06-18,17,pending
DSP-08941,ORD-14073,not_as_described,2026-06-18,20,pending
DSP-08942,ORD-07649,unauthorized_transaction,2026-06-18,22,pending
DSP-08943,ORD-17510,not_as_described,2026-06-18,18,pending
DSP-08944,ORD-18763,not_as_described,2026-06-18,9,pending
DSP-08945,ORD-14365,unauthorized_transaction,2026-06-18,23,pending
DSP-08946,ORD-08772,not_as_described,2026-06-18,3,pending
DSP-08947,ORD-00333,item_not_received,2026-06-18,10,pending
DSP-08948,ORD-02377,unauthorized_transaction,2026-06-18,7,pending
DSP-08949,ORD-00064,item_not_received,2026-06-18,16,pending
DSP-08950,ORD-18494,duplicate_charge,2026-06-18,16,pending
DSP-08951,ORD-07563,unauthorized_transaction,2026-06-18,1,pending
DSP-08952,ORD-03235,not_as_described,2026-06-18,6,pending
DSP-08953,ORD-02839,item_not_received,2026-06-18,5,pending
DSP-08954,ORD-07517,not_as_described,2026-06-18,3,pending
DSP-08955,ORD-16697,unauthorized_transaction,2026-06-18,13,pending
DSP-08956,ORD-14243,not_as_described,2026-06-18,11,pending
DSP-08957,ORD-05784,item_not_received,2026-06-18,15,pending
DSP-08958,ORD-15289,item_not_received,2026-06-18,16,pending
DSP-08959,ORD-16221,not_as_described,2026-06-18,16,pending
DSP-08960,ORD-03165,item_not_received,2026-06-18,22,pending
DSP-08961,ORD-12660,not_as_described,2026-06-18,4,pending
DSP-08962,ORD-05592,not_as_described,2026-06-18,13,pending
DSP-08963,ORD-00355,not_as_described,2026-06-18,18,pending
DSP-08964,ORD-17279,item_not_received,2026-06-18,7,pending
DSP-08965,ORD-07841,item_not_received,2026-06-18,5,pending
DSP-08966,ORD-01337,item_not_received,2026-06-18,4,pending
DSP-08967,ORD-10640,item_not_received,2026-06-18,7,pending
DSP-08968,ORD-01288,not_as_described,2026-06-18,7,pending
DSP-08969,ORD-15122,item_not_received,2026-06-18,3,pending
DSP-08970,ORD-18236,unauthorized_transaction,2026-06-18,10,pending
DSP-08971,ORD-15216,not_as_described,2026-06-18,12,pending
DSP-08972,ORD-10066,unauthorized_transaction,2026-06-18,3,pending
DSP-08973,ORD-18772,item_not_received,2026-06-18,9,pending
DSP-08974,ORD-15124,unauthorized_transaction,2026-06-18,15,pending
DSP-08975,ORD-01246,item_not_received,2026-06-18,1,pending
DSP-08976,ORD-17007,item_not_received,2026-06-18,2,pending
DSP-08977,ORD-05730,not_as_described,2026-06-18,18,pending
DSP-08978,ORD-18848,unauthorized_transaction,2026-06-18,16,pending
DSP-08979,ORD-07456,item_not_received,2026-06-19,22,pending
DSP-08980,ORD-08702,not_as_described,2026-06-19,9,pending
DSP-08981,ORD-18689,unauthorized_transaction,2026-06-19,14,pending
DSP-08982,ORD-16496,not_as_described,2026-06-19,14,pending
DSP-08983,ORD-10939,not_as_described,2026-06-19,9,pending
DSP-08984,ORD-08509,item_not_received,2026-06-19,1,pending
DSP-08985,ORD-11227,not_as_described,2026-06-19,5,pending
DSP-08986,ORD-07345,unauthorized_transaction,2026-06-19,8,pending
DSP-08987,ORD-18235,unauthorized_transaction,2026-06-19,3,pending
DSP-08988,ORD-19041,item_not_received,2026-06-19,13,pending
DSP-08989,ORD-06144,not_as_described,2026-06-19,3,pending
DSP-08990,ORD-00011,not_as_described,2026-06-19,8,pending
DSP-08991,ORD-04474,item_not_received,2026-06-19,2,pending
DSP-08992,ORD-07331,item_not_received,2026-06-19,5,pending
DSP-08993,ORD-02180,item_not_received,2026-06-19,14,pending
DSP-08994,ORD-09928,unauthorized_transaction,2026-06-19,17,pending
DSP-08995,ORD-14260,unauthorized_transaction,2026-06-19,22,pending
DSP-08996,ORD-00551,not_as_described,2026-06-19,11,pending
DSP-08997,ORD-00548,unauthorized_transaction,2026-06-19,12,pending
DSP-08998,ORD-08985,not_as_described,2026-06-19,24,pending
DSP-08999,ORD-06050,not_as_described,2026-06-19,3,pending
DSP-09000,ORD-07407,not_as_described,2026-06-19,13,pending
DSP-09001,ORD-18716,unauthorized_transaction,2026-06-19,16,pending
DSP-09002,ORD-19497,not_as_described,2026-06-19,13,pending
DSP-09003,ORD-07789,not_as_described,2026-06-19,24,pending
DSP-09004,ORD-01825,item_not_received,2026-06-19,23,pending
DSP-09005,ORD-00547,not_as_described,2026-06-19,21,pending
DSP-09006,ORD-13689,unauthorized_transaction,2026-06-19,5,pending
DSP-09007,ORD-06027,not_as_described,2026-06-19,9,pending
DSP-09008,ORD-18347,unauthorized_transaction,2026-06-19,8,pending
DSP-09009,ORD-01175,item_not_received,2026-06-19,21,pending
DSP-09010,ORD-06714,duplicate_charge,2026-06-19,3,pending
DSP-09011,ORD-04264,unauthorized_transaction,2026-06-19,6,pending
DSP-09012,ORD-16940,item_not_received,2026-06-19,22,pending
DSP-09013,ORD-06885,item_not_received,2026-06-19,10,pending
DSP-09014,ORD-15597,unauthorized_transaction,2026-06-19,12,pending
DSP-09015,ORD-04297,not_as_described,2026-06-19,24,pending
DSP-09016,ORD-09878,unauthorized_transaction,2026-06-19,16,pending
DSP-09017,ORD-06172,duplicate_charge,2026-06-19,5,pending
DSP-09018,ORD-01472,not_as_described,2026-06-19,19,pending
DSP-09019,ORD-17447,item_not_received,2026-06-19,22,pending
DSP-09020,ORD-02559,not_as_described,2026-06-19,15,pending
DSP-09021,ORD-13154,unauthorized_transaction,2026-06-19,21,pending
DSP-09022,ORD-17547,duplicate_charge,2026-06-19,24,pending
DSP-09023,ORD-02824,duplicate_charge,2026-06-19,10,pending
DSP-09024,ORD-13255,item_not_received,2026-06-19,19,pending
DSP-09025,ORD-16444,duplicate_charge,2026-06-19,17,pending
DSP-09026,ORD-07113,not_as_described,2026-06-19,2,pending
DSP-09027,ORD-05292,duplicate_charge,2026-06-19,14,pending
DSP-09028,ORD-05243,item_not_received,2026-06-19,9,pending
DSP-09029,ORD-12239,not_as_described,2026-06-19,10,pending
DSP-09030,ORD-05398,not_as_described,2026-06-19,9,pending
DSP-09031,ORD-11240,item_not_received,2026-06-19,20,pending
DSP-09032,ORD-19293,duplicate_charge,2026-06-19,15,pending
DSP-09033,ORD-05008,unauthorized_transaction,2026-06-19,17,pending
DSP-09034,ORD-18879,unauthorized_transaction,2026-06-19,6,pending
DSP-09035,ORD-18034,item_not_received,2026-06-19,9,pending
DSP-09036,ORD-07109,not_as_described,2026-06-19,14,pending
DSP-09037,ORD-02725,unauthorized_transaction,2026-06-19,17,pending
DSP-09038,ORD-03255,duplicate_charge,2026-06-19,9,pending
DSP-09039,ORD-04431,not_as_described,2026-06-19,10,pending
DSP-09040,ORD-04272,unauthorized_transaction,2026-06-19,6,pending
DSP-09041,ORD-06094,item_not_received,2026-06-19,11,pending
DSP-09042,ORD-02484,unauthorized_transaction,2026-06-19,17,pending
DSP-09043,ORD-03298,not_as_described,2026-06-19,24,pending
DSP-09044,ORD-00440,not_as_described,2026-06-19,20,pending
DSP-09045,ORD-07644,item_not_received,2026-06-19,13,pending
DSP-09046,ORD-19100,unauthorized_transaction,2026-06-19,19,pending
DSP-09047,ORD-16823,item_not_received,2026-06-19,4,pending
DSP-09048,ORD-05383,item_not_received,2026-06-19,7,pending
DSP-09049,ORD-04684,duplicate_charge,2026-06-19,4,pending
DSP-09050,ORD-02319,not_as_described,2026-06-19,17,pending
DSP-09051,ORD-12003,not_as_described,2026-06-19,12,pending
DSP-09052,ORD-05601,unauthorized_transaction,2026-06-19,15,pending
DSP-09053,ORD-16856,not_as_described,2026-06-19,11,pending
DSP-09054,ORD-07724,unauthorized_transaction,2026-06-19,9,pending
DSP-09055,ORD-05842,duplicate_charge,2026-06-19,5,pending
DSP-09056,ORD-16240,not_as_described,2026-06-19,22,pending
DSP-09057,ORD-08076,not_as_described,2026-06-19,2,pending
DSP-09058,ORD-17910,not_as_described,2026-06-19,16,pending
DSP-09059,ORD-15478,item_not_received,2026-06-19,6,pending
DSP-09060,ORD-16067,unauthorized_transaction,2026-06-19,5,pending
DSP-09061,ORD-15306,not_as_described,2026-06-19,4,pending
DSP-09062,ORD-07870,not_as_described,2026-06-19,9,pending
DSP-09063,ORD-15054,unauthorized_transaction,2026-06-19,3,pending
DSP-09064,ORD-12947,unauthorized_transaction,2026-06-19,23,pending
DSP-09065,ORD-04855,not_as_described,2026-06-19,15,pending
DSP-09066,ORD-09812,item_not_received,2026-06-19,11,pending
DSP-09067,ORD-10406,item_not_received,2026-06-19,9,pending
DSP-09068,ORD-12653,unauthorized_transaction,2026-06-19,12,pending
DSP-09069,ORD-13072,unauthorized_transaction,2026-06-19,11,pending
DSP-09070,ORD-12442,item_not_received,2026-06-19,18,pending
DSP-09071,ORD-08338,item_not_received,2026-06-19,17,pending
DSP-09072,ORD-00658,item_not_received,2026-06-19,4,pending
DSP-09073,ORD-16954,duplicate_charge,2026-06-19,9,pending
DSP-09074,ORD-08364,item_not_received,2026-06-19,14,pending
DSP-09075,ORD-16218,item_not_received,2026-06-19,2,pending
DSP-09076,ORD-12661,item_not_received,2026-06-19,20,pending
DSP-09077,ORD-15463,item_not_received,2026-06-19,23,pending
DSP-09078,ORD-09957,unauthorized_transaction,2026-06-19,12,pending
DSP-09079,ORD-02116,item_not_received,2026-06-20,23,pending
DSP-09080,ORD-18962,not_as_described,2026-06-20,22,pending
DSP-09081,ORD-04244,duplicate_charge,2026-06-20,21,pending
DSP-09082,ORD-08282,unauthorized_transaction,2026-06-20,16,pending
DSP-09083,ORD-06367,unauthorized_transaction,2026-06-20,18,pending
DSP-09084,ORD-11734,unauthorized_transaction,2026-06-20,20,pending
DSP-09085,ORD-16793,not_as_described,2026-06-20,11,pending
DSP-09086,ORD-12439,item_not_received,2026-06-20,1,pending
DSP-09087,ORD-08888,not_as_described,2026-06-20,5,pending
DSP-09088,ORD-05155,item_not_received,2026-06-20,8,pending
DSP-09089,ORD-17270,item_not_received,2026-06-20,4,pending
DSP-09090,ORD-14916,item_not_received,2026-06-20,2,pending
DSP-09091,ORD-04141,item_not_received,2026-06-20,10,pending
DSP-09092,ORD-12477,not_as_described,2026-06-20,8,pending
DSP-09093,ORD-08556,not_as_described,2026-06-20,7,pending
DSP-09094,ORD-06052,not_as_described,2026-06-20,2,pending
DSP-09095,ORD-18269,item_not_received,2026-06-20,11,pending
DSP-09096,ORD-17927,duplicate_charge,2026-06-20,6,pending
DSP-09097,ORD-12924,duplicate_charge,2026-06-20,20,pending
DSP-09098,ORD-03106,item_not_received,2026-06-20,15,pending
DSP-09099,ORD-04940,item_not_received,2026-06-20,9,pending
DSP-09100,ORD-01614,unauthorized_transaction,2026-06-20,4,pending
DSP-09101,ORD-19796,not_as_described,2026-06-20,13,pending
DSP-09102,ORD-05658,not_as_described,2026-06-20,16,pending
DSP-09103,ORD-07951,item_not_received,2026-06-20,12,pending
DSP-09104,ORD-07064,item_not_received,2026-06-20,8,pending
DSP-09105,ORD-07569,unauthorized_transaction,2026-06-20,6,pending
DSP-09106,ORD-18198,item_not_received,2026-06-20,13,pending
DSP-09107,ORD-03021,unauthorized_transaction,2026-06-20,24,pending
DSP-09108,ORD-03998,unauthorized_transaction,2026-06-20,6,pending
DSP-09109,ORD-06913,unauthorized_transaction,2026-06-20,22,pending
DSP-09110,ORD-14131,not_as_described,2026-06-20,18,pending
DSP-09111,ORD-19305,unauthorized_transaction,2026-06-20,19,pending
DSP-09112,ORD-14602,not_as_described,2026-06-20,9,pending
DSP-09113,ORD-08693,duplicate_charge,2026-06-20,15,pending
DSP-09114,ORD-19092,item_not_received,2026-06-20,24,pending
DSP-09115,ORD-01925,item_not_received,2026-06-20,8,pending
DSP-09116,ORD-17451,item_not_received,2026-06-20,8,pending
DSP-09117,ORD-04197,item_not_received,2026-06-20,12,pending
DSP-09118,ORD-00230,not_as_described,2026-06-20,1,pending
DSP-09119,ORD-04987,item_not_received,2026-06-20,9,pending
DSP-09120,ORD-06767,item_not_received,2026-06-20,19,pending
DSP-09121,ORD-00638,unauthorized_transaction,2026-06-20,10,pending
DSP-09122,ORD-14056,not_as_described,2026-06-20,22,pending
DSP-09123,ORD-18262,item_not_received,2026-06-20,10,pending
DSP-09124,ORD-03119,unauthorized_transaction,2026-06-20,9,pending
DSP-09125,ORD-08590,unauthorized_transaction,2026-06-20,11,pending
DSP-09126,ORD-16836,unauthorized_transaction,2026-06-20,4,pending
DSP-09127,ORD-14840,not_as_described,2026-06-20,4,pending
DSP-09128,ORD-04726,item_not_received,2026-06-20,7,pending
DSP-09129,ORD-15378,not_as_described,2026-06-20,10,pending
DSP-09130,ORD-00374,item_not_received,2026-06-20,7,pending
DSP-09131,ORD-14266,not_as_described,2026-06-20,12,pending
DSP-09132,ORD-06538,not_as_described,2026-06-20,18,pending
DSP-09133,ORD-15380,item_not_received,2026-06-20,7,pending
DSP-09134,ORD-09663,duplicate_charge,2026-06-20,5,pending
DSP-09135,ORD-11925,unauthorized_transaction,2026-06-20,18,pending
DSP-09136,ORD-16027,item_not_received,2026-06-20,15,pending
DSP-09137,ORD-18219,item_not_received,2026-06-20,17,pending
DSP-09138,ORD-09521,not_as_described,2026-06-20,17,pending
DSP-09139,ORD-05881,item_not_received,2026-06-20,17,pending
DSP-09140,ORD-04472,item_not_received,2026-06-20,7,pending
DSP-09141,ORD-12649,duplicate_charge,2026-06-20,16,pending
DSP-09142,ORD-05590,duplicate_charge,2026-06-20,5,pending
DSP-09143,ORD-12573,unauthorized_transaction,2026-06-20,4,pending
DSP-09144,ORD-11786,duplicate_charge,2026-06-20,8,pending
DSP-09145,ORD-17586,unauthorized_transaction,2026-06-20,13,pending
DSP-09146,ORD-13178,item_not_received,2026-06-20,10,pending
DSP-09147,ORD-17738,item_not_received,2026-06-20,14,pending
DSP-09148,ORD-06160,not_as_described,2026-06-20,11,pending
DSP-09149,ORD-12062,not_as_described,2026-06-20,7,pending
DSP-09150,ORD-15642,item_not_received,2026-06-20,11,pending
DSP-09151,ORD-07075,unauthorized_transaction,2026-06-20,5,pending
DSP-09152,ORD-03382,duplicate_charge,2026-06-20,1,pending
DSP-09153,ORD-15967,unauthorized_transaction,2026-06-20,13,pending
DSP-09154,ORD-19490,unauthorized_transaction,2026-06-20,4,pending
DSP-09155,ORD-19729,not_as_described,2026-06-20,3,pending
DSP-09156,ORD-18577,item_not_received,2026-06-20,4,pending
DSP-09157,ORD-04183,unauthorized_transaction,2026-06-20,12,pending
DSP-09158,ORD-17320,unauthorized_transaction,2026-06-20,3,pending
DSP-09159,ORD-12719,duplicate_charge,2026-06-20,13,pending
DSP-09160,ORD-01665,not_as_described,2026-06-20,18,pending
DSP-09161,ORD-09572,not_as_described,2026-06-21,12,pending
DSP-09162,ORD-13885,unauthorized_transaction,2026-06-21,13,pending
DSP-09163,ORD-18016,item_not_received,2026-06-21,1,pending
DSP-09164,ORD-18035,not_as_described,2026-06-21,15,pending
DSP-09165,ORD-10996,item_not_received,2026-06-21,4,pending
DSP-09166,ORD-08053,not_as_described,2026-06-21,19,pending
DSP-09167,ORD-15483,not_as_described,2026-06-21,3,pending
DSP-09168,ORD-07505,unauthorized_transaction,2026-06-21,16,pending
DSP-09169,ORD-19651,not_as_described,2026-06-21,22,pending
DSP-09170,ORD-17637,item_not_received,2026-06-21,11,pending
DSP-09171,ORD-05257,item_not_received,2026-06-21,11,pending
DSP-09172,ORD-16145,unauthorized_transaction,2026-06-21,6,pending
DSP-09173,ORD-04835,unauthorized_transaction,2026-06-21,13,pending
DSP-09174,ORD-03905,not_as_described,2026-06-21,4,pending
DSP-09175,ORD-14800,unauthorized_transaction,2026-06-21,15,pending
DSP-09176,ORD-04467,duplicate_charge,2026-06-21,24,pending
DSP-09177,ORD-16258,not_as_described,2026-06-21,3,pending
DSP-09178,ORD-14547,unauthorized_transaction,2026-06-21,18,pending
DSP-09179,ORD-03947,duplicate_charge,2026-06-21,24,pending
DSP-09180,ORD-08210,duplicate_charge,2026-06-21,22,pending
DSP-09181,ORD-03066,item_not_received,2026-06-21,18,pending
DSP-09182,ORD-19414,item_not_received,2026-06-21,8,pending
DSP-09183,ORD-05069,item_not_received,2026-06-21,18,pending
DSP-09184,ORD-03126,unauthorized_transaction,2026-06-21,13,pending
DSP-09185,ORD-06299,item_not_received,2026-06-21,15,pending
DSP-09186,ORD-11869,duplicate_charge,2026-06-21,24,pending
DSP-09187,ORD-06555,duplicate_charge,2026-06-21,3,pending
DSP-09188,ORD-02672,item_not_received,2026-06-21,1,pending
DSP-09189,ORD-02702,item_not_received,2026-06-21,21,pending
DSP-09190,ORD-03005,item_not_received,2026-06-21,12,pending
DSP-09191,ORD-08545,unauthorized_transaction,2026-06-21,23,pending
DSP-09192,ORD-01610,unauthorized_transaction,2026-06-21,3,pending
DSP-09193,ORD-05960,item_not_received,2026-06-21,7,pending
DSP-09194,ORD-14138,unauthorized_transaction,2026-06-21,1,pending
DSP-09195,ORD-14826,unauthorized_transaction,2026-06-21,5,pending
DSP-09196,ORD-03047,not_as_described,2026-06-21,23,pending
DSP-09197,ORD-19863,item_not_received,2026-06-21,17,pending
DSP-09198,ORD-07665,duplicate_charge,2026-06-21,11,pending
DSP-09199,ORD-00661,unauthorized_transaction,2026-06-21,20,pending
DSP-09200,ORD-07054,unauthorized_transaction,2026-06-21,10,pending
DSP-09201,ORD-00308,duplicate_charge,2026-06-21,15,pending
DSP-09202,ORD-18783,unauthorized_transaction,2026-06-21,8,pending
DSP-09203,ORD-17951,item_not_received,2026-06-21,23,pending
DSP-09204,ORD-13636,not_as_described,2026-06-21,10,pending
DSP-09205,ORD-18549,not_as_described,2026-06-21,16,pending
DSP-09206,ORD-10641,not_as_described,2026-06-21,12,pending
DSP-09207,ORD-17722,not_as_described,2026-06-21,13,pending
DSP-09208,ORD-07416,not_as_described,2026-06-21,20,pending
DSP-09209,ORD-01802,item_not_received,2026-06-21,17,pending
DSP-09210,ORD-02856,unauthorized_transaction,2026-06-21,16,pending
DSP-09211,ORD-05435,duplicate_charge,2026-06-21,1,pending
DSP-09212,ORD-16956,duplicate_charge,2026-06-21,9,pending
DSP-09213,ORD-19529,unauthorized_transaction,2026-06-21,20,pending
DSP-09214,ORD-17496,item_not_received,2026-06-21,10,pending
DSP-09215,ORD-10718,unauthorized_transaction,2026-06-21,4,pending
DSP-09216,ORD-03782,unauthorized_transaction,2026-06-21,5,pending
DSP-09217,ORD-12820,item_not_received,2026-06-21,22,pending
DSP-09218,ORD-16186,item_not_received,2026-06-21,19,pending
DSP-09219,ORD-13418,unauthorized_transaction,2026-06-21,16,pending
DSP-09220,ORD-07820,unauthorized_transaction,2026-06-21,10,pending
DSP-09221,ORD-09556,not_as_described,2026-06-21,5,pending
DSP-09222,ORD-05440,unauthorized_transaction,2026-06-21,1,pending
DSP-09223,ORD-05271,item_not_received,2026-06-21,17,pending
DSP-09224,ORD-17669,unauthorized_transaction,2026-06-21,8,pending
DSP-09225,ORD-00121,unauthorized_transaction,2026-06-21,9,pending
DSP-09226,ORD-14306,unauthorized_transaction,2026-06-21,6,pending
DSP-09227,ORD-15564,item_not_received,2026-06-21,3,pending
DSP-09228,ORD-10883,item_not_received,2026-06-21,5,pending
DSP-09229,ORD-08932,duplicate_charge,2026-06-21,7,pending
DSP-09230,ORD-14307,duplicate_charge,2026-06-21,21,pending
DSP-09231,ORD-06281,unauthorized_transaction,2026-06-21,7,pending
DSP-09232,ORD-08129,unauthorized_transaction,2026-06-21,9,pending
DSP-09233,ORD-11632,duplicate_charge,2026-06-21,22,pending
DSP-09234,ORD-08773,not_as_described,2026-06-21,24,pending
DSP-09235,ORD-19864,item_not_received,2026-06-21,14,pending
DSP-09236,ORD-04084,item_not_received,2026-06-21,11,pending
DSP-09237,ORD-13533,item_not_received,2026-06-21,1,pending
DSP-09238,ORD-19069,not_as_described,2026-06-21,17,pending
DSP-09239,ORD-18927,duplicate_charge,2026-06-21,8,pending
DSP-09240,ORD-17188,not_as_described,2026-06-21,16,pending
DSP-09241,ORD-00574,not_as_described,2026-06-21,2,pending
DSP-09242,ORD-16929,not_as_described,2026-06-21,9,pending
DSP-09243,ORD-18857,unauthorized_transaction,2026-06-21,1,pending
DSP-09244,ORD-06616,unauthorized_transaction,2026-06-21,21,pending
DSP-09245,ORD-18342,item_not_received,2026-06-21,9,pending
DSP-09246,ORD-14419,item_not_received,2026-06-21,8,pending
DSP-09247,ORD-13529,item_not_received,2026-06-21,13,pending
DSP-09248,ORD-18901,unauthorized_transaction,2026-06-21,20,pending
DSP-09249,ORD-19307,unauthorized_transaction,2026-06-22,9,pending
DSP-09250,ORD-02102,not_as_described,2026-06-22,13,pending
DSP-09251,ORD-12724,not_as_described,2026-06-22,23,pending
DSP-09252,ORD-08522,unauthorized_transaction,2026-06-22,12,pending
DSP-09253,ORD-00339,item_not_received,2026-06-22,22,pending
DSP-09254,ORD-00084,duplicate_charge,2026-06-22,10,pending
DSP-09255,ORD-14393,item_not_received,2026-06-22,20,pending
DSP-09256,ORD-07406,not_as_described,2026-06-22,5,pending
DSP-09257,ORD-09314,unauthorized_transaction,2026-06-22,22,pending
DSP-09258,ORD-15754,item_not_received,2026-06-22,19,pending
DSP-09259,ORD-14148,not_as_described,2026-06-22,17,pending
DSP-09260,ORD-00968,unauthorized_transaction,2026-06-22,18,pending
DSP-09261,ORD-04478,not_as_described,2026-06-22,16,pending
DSP-09262,ORD-00684,unauthorized_transaction,2026-06-22,6,pending
DSP-09263,ORD-14204,item_not_received,2026-06-22,5,pending
DSP-09264,ORD-16280,item_not_received,2026-06-22,20,pending
DSP-09265,ORD-04395,not_as_described,2026-06-22,6,pending
DSP-09266,ORD-11446,unauthorized_transaction,2026-06-22,8,pending
DSP-09267,ORD-01734,item_not_received,2026-06-22,8,pending
DSP-09268,ORD-16222,not_as_described,2026-06-22,16,pending
DSP-09269,ORD-07409,item_not_received,2026-06-22,10,pending
DSP-09270,ORD-06446,item_not_received,2026-06-22,18,pending
DSP-09271,ORD-16171,not_as_described,2026-06-22,4,pending
DSP-09272,ORD-06578,not_as_described,2026-06-22,1,pending
DSP-09273,ORD-04643,unauthorized_transaction,2026-06-22,14,pending
DSP-09274,ORD-11366,unauthorized_transaction,2026-06-22,17,pending
DSP-09275,ORD-03078,not_as_described,2026-06-22,19,pending
DSP-09276,ORD-06322,item_not_received,2026-06-22,12,pending
DSP-09277,ORD-10529,duplicate_charge,2026-06-22,23,pending
DSP-09278,ORD-16269,not_as_described,2026-06-22,7,pending
DSP-09279,ORD-14608,not_as_described,2026-06-22,7,pending
DSP-09280,ORD-13156,unauthorized_transaction,2026-06-22,17,pending
DSP-09281,ORD-04787,duplicate_charge,2026-06-22,8,pending
DSP-09282,ORD-17936,not_as_described,2026-06-22,11,pending
DSP-09283,ORD-06279,item_not_received,2026-06-22,1,pending
DSP-09284,ORD-05163,not_as_described,2026-06-22,16,pending
DSP-09285,ORD-15982,duplicate_charge,2026-06-22,16,pending
DSP-09286,ORD-08667,item_not_received,2026-06-22,2,pending
DSP-09287,ORD-15592,unauthorized_transaction,2026-06-22,14,pending
DSP-09288,ORD-06933,not_as_described,2026-06-22,23,pending
DSP-09289,ORD-19250,unauthorized_transaction,2026-06-22,3,pending
DSP-09290,ORD-10497,item_not_received,2026-06-22,4,pending
DSP-09291,ORD-10122,unauthorized_transaction,2026-06-22,8,pending
DSP-09292,ORD-00647,duplicate_charge,2026-06-22,3,pending
DSP-09293,ORD-03562,unauthorized_transaction,2026-06-22,10,pending
DSP-09294,ORD-11292,not_as_described,2026-06-22,2,pending
DSP-09295,ORD-06350,not_as_described,2026-06-22,16,pending
DSP-09296,ORD-05157,item_not_received,2026-06-22,22,pending
DSP-09297,ORD-18725,item_not_received,2026-06-22,6,pending
DSP-09298,ORD-00207,not_as_described,2026-06-22,5,pending
DSP-09299,ORD-01423,not_as_described,2026-06-22,14,pending
DSP-09300,ORD-18865,item_not_received,2026-06-22,9,pending
DSP-09301,ORD-08582,not_as_described,2026-06-22,20,pending
DSP-09302,ORD-11950,duplicate_charge,2026-06-22,15,pending
DSP-09303,ORD-12843,unauthorized_transaction,2026-06-22,9,pending
DSP-09304,ORD-18833,not_as_described,2026-06-22,15,pending
DSP-09305,ORD-05786,not_as_described,2026-06-22,16,pending
DSP-09306,ORD-16648,not_as_described,2026-06-22,22,pending
DSP-09307,ORD-11915,item_not_received,2026-06-22,3,pending
DSP-09308,ORD-01586,not_as_described,2026-06-22,3,pending
DSP-09309,ORD-01167,unauthorized_transaction,2026-06-22,13,pending
DSP-09310,ORD-19691,item_not_received,2026-06-22,16,pending
DSP-09311,ORD-18518,unauthorized_transaction,2026-06-22,15,pending
DSP-09312,ORD-01403,unauthorized_transaction,2026-06-22,9,pending
DSP-09313,ORD-13233,unauthorized_transaction,2026-06-22,1,pending
DSP-09314,ORD-00570,unauthorized_transaction,2026-06-22,16,pending
DSP-09315,ORD-01657,unauthorized_transaction,2026-06-22,23,pending
DSP-09316,ORD-15267,item_not_received,2026-06-22,1,pending
DSP-09317,ORD-10160,item_not_received,2026-06-22,18,pending
DSP-09318,ORD-08297,unauthorized_transaction,2026-06-22,11,pending
DSP-09319,ORD-01177,unauthorized_transaction,2026-06-22,20,pending
DSP-09320,ORD-13788,unauthorized_transaction,2026-06-22,10,pending
DSP-09321,ORD-06185,duplicate_charge,2026-06-22,9,pending
DSP-09322,ORD-10804,duplicate_charge,2026-06-22,7,pending
DSP-09323,ORD-00835,unauthorized_transaction,2026-06-22,13,pending
DSP-09324,ORD-05454,unauthorized_transaction,2026-06-22,15,pending
DSP-09325,ORD-16666,not_as_described,2026-06-22,3,pending
DSP-09326,ORD-04213,item_not_received,2026-06-22,12,pending
DSP-09327,ORD-08345,item_not_received,2026-06-22,14,pending
DSP-09328,ORD-00677,item_not_received,2026-06-22,12,pending
DSP-09329,ORD-07781,duplicate_charge,2026-06-22,14,pending
DSP-09330,ORD-06535,not_as_described,2026-06-22,11,pending
DSP-09331,ORD-11713,unauthorized_transaction,2026-06-22,18,pending
DSP-09332,ORD-05394,not_as_described,2026-06-22,13,pending
DSP-09333,ORD-16107,item_not_received,2026-06-22,15,pending
DSP-09334,ORD-05405,unauthorized_transaction,2026-06-22,7,pending
DSP-09335,ORD-14535,not_as_described,2026-06-22,22,pending
DSP-09336,ORD-07092,duplicate_charge,2026-06-22,16,pending
DSP-09337,ORD-03731,item_not_received,2026-06-22,5,pending
DSP-09338,ORD-13736,unauthorized_transaction,2026-06-22,20,pending
DSP-09339,ORD-13312,other_unclassified,2026-06-22,5,pending
DSP-09340,ORD-07480,item_not_received,2026-06-23,20,pending
DSP-09341,ORD-14615,unauthorized_transaction,2026-06-23,7,pending
DSP-09342,ORD-19135,item_not_received,2026-06-23,12,pending
DSP-09343,ORD-13617,item_not_received,2026-06-23,21,pending
DSP-09344,ORD-15332,item_not_received,2026-06-23,6,pending
DSP-09345,ORD-08901,not_as_described,2026-06-23,16,pending
DSP-09346,ORD-14906,item_not_received,2026-06-23,5,pending
DSP-09347,ORD-06738,unauthorized_transaction,2026-06-23,7,pending
DSP-09348,ORD-19170,item_not_received,2026-06-23,4,pending
DSP-09349,ORD-04661,item_not_received,2026-06-23,24,pending
DSP-09350,ORD-09856,unauthorized_transaction,2026-06-23,22,pending
DSP-09351,ORD-12920,not_as_described,2026-06-23,15,pending
DSP-09352,ORD-18957,item_not_received,2026-06-23,1,pending
DSP-09353,ORD-01675,unauthorized_transaction,2026-06-23,23,pending
DSP-09354,ORD-04621,unauthorized_transaction,2026-06-23,12,pending
DSP-09355,ORD-03986,item_not_received,2026-06-23,21,pending
DSP-09356,ORD-12041,item_not_received,2026-06-23,24,pending
DSP-09357,ORD-10183,duplicate_charge,2026-06-23,11,pending
DSP-09358,ORD-10976,not_as_described,2026-06-23,4,pending
DSP-09359,ORD-03460,item_not_received,2026-06-23,21,pending
DSP-09360,ORD-08176,not_as_described,2026-06-23,5,pending
DSP-09361,ORD-13174,item_not_received,2026-06-23,17,pending
DSP-09362,ORD-01878,not_as_described,2026-06-23,6,pending
DSP-09363,ORD-11906,not_as_described,2026-06-23,20,pending
DSP-09364,ORD-14402,unauthorized_transaction,2026-06-23,5,pending
DSP-09365,ORD-13199,not_as_described,2026-06-23,20,pending
DSP-09366,ORD-10590,item_not_received,2026-06-23,13,pending
DSP-09367,ORD-08922,item_not_received,2026-06-23,16,pending
DSP-09368,ORD-05241,item_not_received,2026-06-23,1,pending
DSP-09369,ORD-00431,duplicate_charge,2026-06-23,12,pending
DSP-09370,ORD-18897,item_not_received,2026-06-23,2,pending
DSP-09371,ORD-05649,not_as_described,2026-06-23,15,pending
DSP-09372,ORD-18132,duplicate_charge,2026-06-23,1,pending
DSP-09373,ORD-18758,not_as_described,2026-06-23,17,pending
DSP-09374,ORD-14991,item_not_received,2026-06-23,1,pending
DSP-09375,ORD-17255,not_as_described,2026-06-23,9,pending
DSP-09376,ORD-14694,item_not_received,2026-06-23,3,pending
DSP-09377,ORD-02367,not_as_described,2026-06-23,13,pending
DSP-09378,ORD-18790,unauthorized_transaction,2026-06-23,4,pending
DSP-09379,ORD-00025,not_as_described,2026-06-23,11,pending
DSP-09380,ORD-15932,duplicate_charge,2026-06-23,16,pending
DSP-09381,ORD-01916,not_as_described,2026-06-23,4,pending
DSP-09382,ORD-12218,item_not_received,2026-06-23,20,pending
DSP-09383,ORD-03124,not_as_described,2026-06-23,16,pending
DSP-09384,ORD-10300,duplicate_charge,2026-06-23,6,pending
DSP-09385,ORD-19449,item_not_received,2026-06-23,15,pending
DSP-09386,ORD-17761,duplicate_charge,2026-06-23,13,pending
DSP-09387,ORD-04805,item_not_received,2026-06-23,7,pending
DSP-09388,ORD-13811,duplicate_charge,2026-06-23,3,pending
DSP-09389,ORD-11627,item_not_received,2026-06-23,12,pending
DSP-09390,ORD-01118,item_not_received,2026-06-23,2,pending
DSP-09391,ORD-01008,duplicate_charge,2026-06-23,16,pending
DSP-09392,ORD-06168,unauthorized_transaction,2026-06-23,15,pending
DSP-09393,ORD-07645,item_not_received,2026-06-23,1,pending
DSP-09394,ORD-18332,not_as_described,2026-06-23,12,pending
DSP-09395,ORD-03943,item_not_received,2026-06-23,14,pending
DSP-09396,ORD-13695,item_not_received,2026-06-23,16,pending
DSP-09397,ORD-18466,item_not_received,2026-06-23,11,pending
DSP-09398,ORD-09759,item_not_received,2026-06-23,8,pending
DSP-09399,ORD-02683,duplicate_charge,2026-06-23,10,pending
DSP-09400,ORD-12619,duplicate_charge,2026-06-23,7,pending
DSP-09401,ORD-08149,unauthorized_transaction,2026-06-23,4,pending
DSP-09402,ORD-14752,not_as_described,2026-06-23,13,pending
DSP-09403,ORD-06755,duplicate_charge,2026-06-23,20,pending
DSP-09404,ORD-17609,not_as_described,2026-06-23,8,pending
DSP-09405,ORD-00141,unauthorized_transaction,2026-06-23,18,pending
DSP-09406,ORD-19247,not_as_described,2026-06-23,20,pending
DSP-09407,ORD-11719,duplicate_charge,2026-06-23,10,pending
DSP-09408,ORD-19458,unauthorized_transaction,2026-06-23,7,pending
DSP-09409,ORD-05371,not_as_described,2026-06-23,15,pending
DSP-09410,ORD-10882,item_not_received,2026-06-23,5,pending
DSP-09411,ORD-14828,unauthorized_transaction,2026-06-23,18,pending
DSP-09412,ORD-19074,not_as_described,2026-06-23,10,pending
DSP-09413,ORD-09039,unauthorized_transaction,2026-06-23,6,pending
DSP-09414,ORD-01623,not_as_described,2026-06-23,20,pending
DSP-09415,ORD-02000,duplicate_charge,2026-06-23,24,pending
DSP-09416,ORD-11201,item_not_received,2026-06-23,6,pending
DSP-09417,ORD-11471,unauthorized_transaction,2026-06-23,14,pending
DSP-09418,ORD-02578,item_not_received,2026-06-23,19,pending
DSP-09419,ORD-18753,item_not_received,2026-06-23,12,pending
DSP-09420,ORD-12864,not_as_described,2026-06-23,7,pending
DSP-09421,ORD-11979,duplicate_charge,2026-06-23,6,pending
DSP-09422,ORD-14503,unauthorized_transaction,2026-06-23,10,pending
DSP-09423,ORD-18905,unauthorized_transaction,2026-06-23,16,pending
DSP-09424,ORD-16083,not_as_described,2026-06-23,17,pending
DSP-09425,ORD-09280,duplicate_charge,2026-06-23,21,pending
DSP-09426,ORD-16811,item_not_received,2026-06-23,15,pending
DSP-09427,ORD-10364,unauthorized_transaction,2026-06-23,17,pending
DSP-09428,ORD-03683,duplicate_charge,2026-06-23,14,pending
DSP-09429,ORD-06673,not_as_described,2026-06-23,8,pending
DSP-09430,ORD-03396,not_as_described,2026-06-23,12,pending
DSP-09431,ORD-10577,unauthorized_transaction,2026-06-23,9,pending
DSP-09432,ORD-06010,item_not_received,2026-06-23,11,pending
DSP-09433,ORD-10712,not_as_described,2026-06-23,24,pending
DSP-09434,ORD-00212,unauthorized_transaction,2026-06-23,20,pending
DSP-09435,ORD-01344,item_not_received,2026-06-23,10,pending
DSP-09436,ORD-04461,duplicate_charge,2026-06-23,10,pending
DSP-09437,ORD-04399,not_as_described,2026-06-23,6,pending
DSP-09438,ORD-08550,not_as_described,2026-06-23,5,pending
DSP-09439,ORD-19518,unauthorized_transaction,2026-06-23,21,pending
DSP-09440,ORD-19911,item_not_received,2026-06-23,6,pending
DSP-09441,ORD-09587,not_as_described,2026-06-23,12,pending
DSP-09442,ORD-03896,duplicate_charge,2026-06-23,6,pending
DSP-09443,ORD-01380,item_not_received,2026-06-23,22,pending
DSP-09444,ORD-05245,item_not_received,2026-06-23,19,pending
DSP-09445,ORD-00292,unauthorized_transaction,2026-06-23,11,pending
DSP-09446,ORD-07743,unauthorized_transaction,2026-06-23,7,pending
DSP-09447,ORD-04200,item_not_received,2026-06-24,20,pending
DSP-09448,ORD-09695,unauthorized_transaction,2026-06-24,10,pending
DSP-09449,ORD-03431,unauthorized_transaction,2026-06-24,8,pending
DSP-09450,ORD-02502,not_as_described,2026-06-24,12,pending
DSP-09451,ORD-05837,unauthorized_transaction,2026-06-24,7,pending
DSP-09452,ORD-03572,unauthorized_transaction,2026-06-24,19,pending
DSP-09453,ORD-02445,duplicate_charge,2026-06-24,10,pending
DSP-09454,ORD-17049,item_not_received,2026-06-24,15,pending
DSP-09455,ORD-11152,unauthorized_transaction,2026-06-24,17,pending
DSP-09456,ORD-04549,item_not_received,2026-06-24,20,pending
DSP-09457,ORD-14058,item_not_received,2026-06-24,23,pending
DSP-09458,ORD-17601,item_not_received,2026-06-24,12,pending
DSP-09459,ORD-01405,duplicate_charge,2026-06-24,11,pending
DSP-09460,ORD-09425,not_as_described,2026-06-24,5,pending
DSP-09461,ORD-18852,not_as_described,2026-06-24,1,pending
DSP-09462,ORD-01820,unauthorized_transaction,2026-06-24,10,pending
DSP-09463,ORD-16178,item_not_received,2026-06-24,7,pending
DSP-09464,ORD-16657,item_not_received,2026-06-24,9,pending
DSP-09465,ORD-05922,unauthorized_transaction,2026-06-24,3,pending
DSP-09466,ORD-15405,unauthorized_transaction,2026-06-24,9,pending
DSP-09467,ORD-04032,unauthorized_transaction,2026-06-24,13,pending
DSP-09468,ORD-04185,not_as_described,2026-06-24,13,pending
DSP-09469,ORD-00013,unauthorized_transaction,2026-06-24,8,pending
DSP-09470,ORD-10711,item_not_received,2026-06-24,15,pending
DSP-09471,ORD-18854,item_not_received,2026-06-24,3,pending
DSP-09472,ORD-08465,not_as_described,2026-06-24,14,pending
DSP-09473,ORD-14617,item_not_received,2026-06-24,24,pending
DSP-09474,ORD-08978,not_as_described,2026-06-24,7,pending
DSP-09475,ORD-01622,unauthorized_transaction,2026-06-24,13,pending
DSP-09476,ORD-09530,duplicate_charge,2026-06-24,11,pending
DSP-09477,ORD-05372,unauthorized_transaction,2026-06-24,19,pending
DSP-09478,ORD-09943,item_not_received,2026-06-24,13,pending
DSP-09479,ORD-11099,not_as_described,2026-06-24,23,pending
DSP-09480,ORD-01473,item_not_received,2026-06-24,5,pending
DSP-09481,ORD-05302,unauthorized_transaction,2026-06-24,1,pending
DSP-09482,ORD-07659,item_not_received,2026-06-24,22,pending
DSP-09483,ORD-13525,unauthorized_transaction,2026-06-24,5,pending
DSP-09484,ORD-06690,item_not_received,2026-06-24,21,pending
DSP-09485,ORD-00079,item_not_received,2026-06-24,3,pending
DSP-09486,ORD-13304,item_not_received,2026-06-24,20,pending
DSP-09487,ORD-04952,duplicate_charge,2026-06-24,10,pending
DSP-09488,ORD-16328,duplicate_charge,2026-06-24,19,pending
DSP-09489,ORD-10678,not_as_described,2026-06-24,12,pending
DSP-09490,ORD-00255,not_as_described,2026-06-24,18,pending
DSP-09491,ORD-06662,duplicate_charge,2026-06-24,19,pending
DSP-09492,ORD-13413,not_as_described,2026-06-24,11,pending
DSP-09493,ORD-14426,item_not_received,2026-06-24,23,pending
DSP-09494,ORD-14013,duplicate_charge,2026-06-24,20,pending
DSP-09495,ORD-17281,not_as_described,2026-06-24,23,pending
DSP-09496,ORD-10374,item_not_received,2026-06-24,1,pending
DSP-09497,ORD-13340,item_not_received,2026-06-24,8,pending
DSP-09498,ORD-06798,not_as_described,2026-06-24,9,pending
DSP-09499,ORD-09078,not_as_described,2026-06-24,2,pending
DSP-09500,ORD-01091,item_not_received,2026-06-24,5,pending
DSP-09501,ORD-00812,unauthorized_transaction,2026-06-24,14,pending
DSP-09502,ORD-05582,item_not_received,2026-06-24,24,pending
DSP-09503,ORD-02150,not_as_described,2026-06-24,20,pending
DSP-09504,ORD-14574,item_not_received,2026-06-24,14,pending
DSP-09505,ORD-02956,unauthorized_transaction,2026-06-24,19,pending
DSP-09506,ORD-11933,item_not_received,2026-06-24,7,pending
DSP-09507,ORD-03079,unauthorized_transaction,2026-06-24,17,pending
DSP-09508,ORD-12101,item_not_received,2026-06-24,4,pending
DSP-09509,ORD-17856,unauthorized_transaction,2026-06-24,6,pending
DSP-09510,ORD-12628,duplicate_charge,2026-06-24,16,pending
DSP-09511,ORD-01853,unauthorized_transaction,2026-06-24,5,pending
DSP-09512,ORD-15886,unauthorized_transaction,2026-06-24,22,pending
DSP-09513,ORD-17853,not_as_described,2026-06-24,4,pending
DSP-09514,ORD-09067,unauthorized_transaction,2026-06-24,2,pending
DSP-09515,ORD-04847,item_not_received,2026-06-24,13,pending
DSP-09516,ORD-07063,not_as_described,2026-06-24,4,pending
DSP-09517,ORD-08674,not_as_described,2026-06-24,19,pending
DSP-09518,ORD-08155,item_not_received,2026-06-24,1,pending
DSP-09519,ORD-05915,duplicate_charge,2026-06-24,14,pending
DSP-09520,ORD-11263,item_not_received,2026-06-24,2,pending
DSP-09521,ORD-16787,duplicate_charge,2026-06-24,24,pending
DSP-09522,ORD-06660,not_as_described,2026-06-24,3,pending
DSP-09523,ORD-10906,duplicate_charge,2026-06-24,21,pending
DSP-09524,ORD-01860,item_not_received,2026-06-24,23,pending
DSP-09525,ORD-02572,not_as_described,2026-06-24,24,pending
DSP-09526,ORD-13816,duplicate_charge,2026-06-24,11,pending
DSP-09527,ORD-08049,unauthorized_transaction,2026-06-24,22,pending
DSP-09528,ORD-13406,duplicate_charge,2026-06-24,12,pending
DSP-09529,ORD-02822,item_not_received,2026-06-24,13,pending
DSP-09530,ORD-03071,item_not_received,2026-06-24,2,pending
DSP-09531,ORD-04783,item_not_received,2026-06-24,19,pending
DSP-09532,ORD-04963,unauthorized_transaction,2026-06-25,7,pending
DSP-09533,ORD-01143,duplicate_charge,2026-06-25,1,pending
DSP-09534,ORD-01140,item_not_received,2026-06-25,11,pending
DSP-09535,ORD-16966,not_as_described,2026-06-25,23,pending
DSP-09536,ORD-15843,item_not_received,2026-06-25,16,pending
DSP-09537,ORD-16769,duplicate_charge,2026-06-25,23,pending
DSP-09538,ORD-15976,unauthorized_transaction,2026-06-25,11,pending
DSP-09539,ORD-10000,unauthorized_transaction,2026-06-25,1,pending
DSP-09540,ORD-16295,not_as_described,2026-06-25,24,pending
DSP-09541,ORD-06600,item_not_received,2026-06-25,23,pending
DSP-09542,ORD-03809,not_as_described,2026-06-25,1,pending
DSP-09543,ORD-05012,item_not_received,2026-06-25,17,pending
DSP-09544,ORD-01030,unauthorized_transaction,2026-06-25,10,pending
DSP-09545,ORD-15293,not_as_described,2026-06-25,17,pending
DSP-09546,ORD-12146,not_as_described,2026-06-25,2,pending
DSP-09547,ORD-09583,not_as_described,2026-06-25,9,pending
DSP-09548,ORD-04131,item_not_received,2026-06-25,2,pending
DSP-09549,ORD-10136,unauthorized_transaction,2026-06-25,7,pending
DSP-09550,ORD-01883,not_as_described,2026-06-25,15,pending
DSP-09551,ORD-19670,duplicate_charge,2026-06-25,9,pending
DSP-09552,ORD-03676,unauthorized_transaction,2026-06-25,1,pending
DSP-09553,ORD-07428,unauthorized_transaction,2026-06-25,7,pending
DSP-09554,ORD-08659,unauthorized_transaction,2026-06-25,9,pending
DSP-09555,ORD-12825,unauthorized_transaction,2026-06-25,10,pending
DSP-09556,ORD-09234,not_as_described,2026-06-25,16,pending
DSP-09557,ORD-04328,not_as_described,2026-06-25,17,pending
DSP-09558,ORD-10259,not_as_described,2026-06-25,19,pending
DSP-09559,ORD-01607,duplicate_charge,2026-06-25,12,pending
DSP-09560,ORD-03395,duplicate_charge,2026-06-25,16,pending
DSP-09561,ORD-12741,item_not_received,2026-06-25,15,pending
DSP-09562,ORD-12309,duplicate_charge,2026-06-25,1,pending
DSP-09563,ORD-09610,not_as_described,2026-06-25,9,pending
DSP-09564,ORD-04360,item_not_received,2026-06-25,16,pending
DSP-09565,ORD-11882,item_not_received,2026-06-25,18,pending
DSP-09566,ORD-02883,duplicate_charge,2026-06-25,3,pending
DSP-09567,ORD-02823,not_as_described,2026-06-25,17,pending
DSP-09568,ORD-12669,duplicate_charge,2026-06-25,8,pending
DSP-09569,ORD-10257,item_not_received,2026-06-25,12,pending
DSP-09570,ORD-06575,duplicate_charge,2026-06-25,13,pending
DSP-09571,ORD-04870,item_not_received,2026-06-25,2,pending
DSP-09572,ORD-05782,duplicate_charge,2026-06-25,23,pending
DSP-09573,ORD-02927,unauthorized_transaction,2026-06-25,5,pending
DSP-09574,ORD-11895,unauthorized_transaction,2026-06-25,8,pending
DSP-09575,ORD-02161,not_as_described,2026-06-25,17,pending
DSP-09576,ORD-13129,not_as_described,2026-06-25,22,pending
DSP-09577,ORD-16114,duplicate_charge,2026-06-25,9,pending
DSP-09578,ORD-09506,item_not_received,2026-06-25,15,pending
DSP-09579,ORD-07895,item_not_received,2026-06-25,1,pending
DSP-09580,ORD-09834,unauthorized_transaction,2026-06-25,7,pending
DSP-09581,ORD-07578,unauthorized_transaction,2026-06-25,23,pending
DSP-09582,ORD-08925,not_as_described,2026-06-25,11,pending
DSP-09583,ORD-15561,item_not_received,2026-06-25,6,pending
DSP-09584,ORD-19428,unauthorized_transaction,2026-06-25,10,pending
DSP-09585,ORD-02943,not_as_described,2026-06-25,2,pending
DSP-09586,ORD-02285,not_as_described,2026-06-25,17,pending
DSP-09587,ORD-15403,duplicate_charge,2026-06-25,18,pending
DSP-09588,ORD-15486,unauthorized_transaction,2026-06-25,8,pending
DSP-09589,ORD-13602,unauthorized_transaction,2026-06-25,1,pending
DSP-09590,ORD-05328,not_as_described,2026-06-25,8,pending
DSP-09591,ORD-00734,unauthorized_transaction,2026-06-25,13,pending
DSP-09592,ORD-15359,not_as_described,2026-06-25,4,pending
DSP-09593,ORD-08136,unauthorized_transaction,2026-06-25,7,pending
DSP-09594,ORD-17732,item_not_received,2026-06-25,22,pending
DSP-09595,ORD-14218,duplicate_charge,2026-06-25,14,pending
DSP-09596,ORD-11268,unauthorized_transaction,2026-06-25,16,pending
DSP-09597,ORD-16778,duplicate_charge,2026-06-25,21,pending
DSP-09598,ORD-14817,duplicate_charge,2026-06-25,16,pending
DSP-09599,ORD-17010,item_not_received,2026-06-25,15,pending
DSP-09600,ORD-00521,duplicate_charge,2026-06-25,19,pending
DSP-09601,ORD-06307,item_not_received,2026-06-25,15,pending
DSP-09602,ORD-07719,item_not_received,2026-06-25,3,pending
DSP-09603,ORD-16148,item_not_received,2026-06-25,11,pending
DSP-09604,ORD-05864,item_not_received,2026-06-25,19,pending
DSP-09605,ORD-16504,item_not_received,2026-06-25,15,pending
DSP-09606,ORD-18490,unauthorized_transaction,2026-06-25,24,pending
DSP-09607,ORD-13933,not_as_described,2026-06-25,20,pending
DSP-09608,ORD-03399,duplicate_charge,2026-06-25,19,pending
DSP-09609,ORD-08591,item_not_received,2026-06-25,21,pending
DSP-09610,ORD-08785,unauthorized_transaction,2026-06-25,18,pending
DSP-09611,ORD-03176,unauthorized_transaction,2026-06-25,13,pending
DSP-09612,ORD-00337,not_as_described,2026-06-25,2,pending
DSP-09613,ORD-15532,unauthorized_transaction,2026-06-25,21,pending
DSP-09614,ORD-04932,unauthorized_transaction,2026-06-25,14,pending
DSP-09615,ORD-12044,unauthorized_transaction,2026-06-25,16,pending
DSP-09616,ORD-15579,unauthorized_transaction,2026-06-25,17,pending
DSP-09617,ORD-01539,not_as_described,2026-06-25,4,pending
DSP-09618,ORD-05250,item_not_received,2026-06-25,18,pending
DSP-09619,ORD-01242,not_as_described,2026-06-25,2,pending
DSP-09620,ORD-15961,unauthorized_transaction,2026-06-25,10,pending
DSP-09621,ORD-08855,item_not_received,2026-06-25,16,pending
DSP-09622,ORD-09269,item_not_received,2026-06-25,13,pending
DSP-09623,ORD-11053,unauthorized_transaction,2026-06-25,3,pending
DSP-09624,ORD-01942,item_not_received,2026-06-25,11,pending
DSP-09625,ORD-03499,item_not_received,2026-06-25,3,pending
DSP-09626,ORD-10907,not_as_described,2026-06-26,16,pending
DSP-09627,ORD-01919,duplicate_charge,2026-06-26,11,pending
DSP-09628,ORD-17895,duplicate_charge,2026-06-26,18,pending
DSP-09629,ORD-09473,unauthorized_transaction,2026-06-26,19,pending
DSP-09630,ORD-07836,unauthorized_transaction,2026-06-26,13,pending
DSP-09631,ORD-06333,unauthorized_transaction,2026-06-26,15,pending
DSP-09632,ORD-19991,item_not_received,2026-06-26,12,pending
DSP-09633,ORD-01669,unauthorized_transaction,2026-06-26,22,pending
DSP-09634,ORD-09678,unauthorized_transaction,2026-06-26,11,pending
DSP-09635,ORD-19318,item_not_received,2026-06-26,1,pending
DSP-09636,ORD-14181,unauthorized_transaction,2026-06-26,11,pending
DSP-09637,ORD-03381,item_not_received,2026-06-26,4,pending
DSP-09638,ORD-16182,not_as_described,2026-06-26,19,pending
DSP-09639,ORD-10225,unauthorized_transaction,2026-06-26,5,pending
DSP-09640,ORD-19011,duplicate_charge,2026-06-26,11,pending
DSP-09641,ORD-11273,item_not_received,2026-06-26,16,pending
DSP-09642,ORD-01182,item_not_received,2026-06-26,3,pending
DSP-09643,ORD-09202,unauthorized_transaction,2026-06-26,22,pending
DSP-09644,ORD-09482,item_not_received,2026-06-26,19,pending
DSP-09645,ORD-13135,unauthorized_transaction,2026-06-26,6,pending
DSP-09646,ORD-12599,duplicate_charge,2026-06-26,16,pending
DSP-09647,ORD-15980,duplicate_charge,2026-06-26,5,pending
DSP-09648,ORD-05899,not_as_described,2026-06-26,24,pending
DSP-09649,ORD-13305,not_as_described,2026-06-26,12,pending
DSP-09650,ORD-08943,item_not_received,2026-06-26,7,pending
DSP-09651,ORD-04699,not_as_described,2026-06-26,6,pending
DSP-09652,ORD-00262,duplicate_charge,2026-06-26,17,pending
DSP-09653,ORD-10816,duplicate_charge,2026-06-26,4,pending
DSP-09654,ORD-06888,not_as_described,2026-06-26,11,pending
DSP-09655,ORD-15830,duplicate_charge,2026-06-26,23,pending
DSP-09656,ORD-03099,duplicate_charge,2026-06-26,1,pending
DSP-09657,ORD-15026,not_as_described,2026-06-26,18,pending
DSP-09658,ORD-11375,not_as_described,2026-06-26,9,pending
DSP-09659,ORD-13655,not_as_described,2026-06-26,16,pending
DSP-09660,ORD-06860,unauthorized_transaction,2026-06-26,18,pending
DSP-09661,ORD-00818,item_not_received,2026-06-26,11,pending
DSP-09662,ORD-17273,unauthorized_transaction,2026-06-26,1,pending
DSP-09663,ORD-12684,unauthorized_transaction,2026-06-26,18,pending
DSP-09664,ORD-07742,not_as_described,2026-06-26,17,pending
DSP-09665,ORD-06413,duplicate_charge,2026-06-26,20,pending
DSP-09666,ORD-19430,unauthorized_transaction,2026-06-26,16,pending
DSP-09667,ORD-08495,not_as_described,2026-06-26,8,pending
DSP-09668,ORD-14788,unauthorized_transaction,2026-06-26,14,pending
DSP-09669,ORD-02325,unauthorized_transaction,2026-06-26,12,pending
DSP-09670,ORD-15560,not_as_described,2026-06-26,20,pending
DSP-09671,ORD-10886,item_not_received,2026-06-26,6,pending
DSP-09672,ORD-16741,not_as_described,2026-06-26,3,pending
DSP-09673,ORD-13424,unauthorized_transaction,2026-06-26,8,pending
DSP-09674,ORD-17602,not_as_described,2026-06-26,6,pending
DSP-09675,ORD-12862,item_not_received,2026-06-26,20,pending
DSP-09676,ORD-16245,not_as_described,2026-06-26,23,pending
DSP-09677,ORD-12566,not_as_described,2026-06-26,24,pending
DSP-09678,ORD-00225,unauthorized_transaction,2026-06-26,20,pending
DSP-09679,ORD-12161,not_as_described,2026-06-26,8,pending
DSP-09680,ORD-15646,not_as_described,2026-06-26,13,pending
DSP-09681,ORD-08208,not_as_described,2026-06-26,2,pending
DSP-09682,ORD-08725,duplicate_charge,2026-06-26,13,pending
DSP-09683,ORD-17374,not_as_described,2026-06-26,24,pending
DSP-09684,ORD-08447,item_not_received,2026-06-26,17,pending
DSP-09685,ORD-09797,not_as_described,2026-06-26,4,pending
DSP-09686,ORD-02619,unauthorized_transaction,2026-06-26,2,pending
DSP-09687,ORD-07677,item_not_received,2026-06-26,9,pending
DSP-09688,ORD-12611,not_as_described,2026-06-26,6,pending
DSP-09689,ORD-14666,duplicate_charge,2026-06-26,23,pending
DSP-09690,ORD-07182,not_as_described,2026-06-26,21,pending
DSP-09691,ORD-04875,unauthorized_transaction,2026-06-26,8,pending
DSP-09692,ORD-12155,unauthorized_transaction,2026-06-26,18,pending
DSP-09693,ORD-06524,item_not_received,2026-06-26,16,pending
DSP-09694,ORD-18293,not_as_described,2026-06-26,18,pending
DSP-09695,ORD-12537,not_as_described,2026-06-26,16,pending
DSP-09696,ORD-18110,duplicate_charge,2026-06-26,17,pending
DSP-09697,ORD-10195,not_as_described,2026-06-26,12,pending
DSP-09698,ORD-09058,duplicate_charge,2026-06-26,8,pending
DSP-09699,ORD-15013,item_not_received,2026-06-26,19,pending
DSP-09700,ORD-10662,item_not_received,2026-06-26,11,pending
DSP-09701,ORD-00434,item_not_received,2026-06-26,21,pending
DSP-09702,ORD-03121,not_as_described,2026-06-26,6,pending
DSP-09703,ORD-11954,duplicate_charge,2026-06-26,9,pending
DSP-09704,ORD-00005,item_not_received,2026-06-26,8,pending
DSP-09705,ORD-07755,not_as_described,2026-06-26,10,pending
DSP-09706,ORD-00240,item_not_received,2026-06-26,23,pending
DSP-09707,ORD-10894,item_not_received,2026-06-26,22,pending
DSP-09708,ORD-09375,not_as_described,2026-06-26,14,pending
DSP-09709,ORD-19980,unauthorized_transaction,2026-06-26,24,pending
DSP-09710,ORD-09608,not_as_described,2026-06-26,20,pending
DSP-09711,ORD-06186,duplicate_charge,2026-06-26,4,pending
DSP-09712,ORD-03148,unauthorized_transaction,2026-06-26,9,pending
DSP-09713,ORD-03400,unauthorized_transaction,2026-06-26,12,pending
DSP-09714,ORD-04020,duplicate_charge,2026-06-26,22,pending
DSP-09715,ORD-19663,item_not_received,2026-06-26,11,pending
DSP-09716,ORD-18544,unauthorized_transaction,2026-06-26,14,pending
DSP-09717,ORD-18737,unauthorized_transaction,2026-06-26,4,pending
DSP-09718,ORD-08870,item_not_received,2026-06-26,24,pending
DSP-09719,ORD-09247,item_not_received,2026-06-26,24,pending
DSP-09720,ORD-17205,duplicate_charge,2026-06-26,17,pending
DSP-09721,ORD-14274,not_as_described,2026-06-27,8,pending
DSP-09722,ORD-13742,unauthorized_transaction,2026-06-27,23,pending
DSP-09723,ORD-06376,unauthorized_transaction,2026-06-27,7,pending
DSP-09724,ORD-14254,not_as_described,2026-06-27,3,pending
DSP-09725,ORD-16880,not_as_described,2026-06-27,22,pending
DSP-09726,ORD-08959,item_not_received,2026-06-27,22,pending
DSP-09727,ORD-06626,duplicate_charge,2026-06-27,24,pending
DSP-09728,ORD-18972,not_as_described,2026-06-27,21,pending
DSP-09729,ORD-01258,item_not_received,2026-06-27,12,pending
DSP-09730,ORD-14914,unauthorized_transaction,2026-06-27,12,pending
DSP-09731,ORD-10825,unauthorized_transaction,2026-06-27,19,pending
DSP-09732,ORD-18126,not_as_described,2026-06-27,17,pending
DSP-09733,ORD-16427,unauthorized_transaction,2026-06-27,13,pending
DSP-09734,ORD-16490,not_as_described,2026-06-27,14,pending
DSP-09735,ORD-02587,unauthorized_transaction,2026-06-27,15,pending
DSP-09736,ORD-15100,item_not_received,2026-06-27,12,pending
DSP-09737,ORD-14006,unauthorized_transaction,2026-06-27,6,pending
DSP-09738,ORD-03874,unauthorized_transaction,2026-06-27,6,pending
DSP-09739,ORD-12569,unauthorized_transaction,2026-06-27,4,pending
DSP-09740,ORD-02389,item_not_received,2026-06-27,5,pending
DSP-09741,ORD-12393,unauthorized_transaction,2026-06-27,21,pending
DSP-09742,ORD-04820,unauthorized_transaction,2026-06-27,12,pending
DSP-09743,ORD-15030,item_not_received,2026-06-27,18,pending
DSP-09744,ORD-15229,item_not_received,2026-06-27,13,pending
DSP-09745,ORD-11806,not_as_described,2026-06-27,11,pending
DSP-09746,ORD-19909,item_not_received,2026-06-27,2,pending
DSP-09747,ORD-06017,item_not_received,2026-06-27,5,pending
DSP-09748,ORD-06246,duplicate_charge,2026-06-27,6,pending
DSP-09749,ORD-09553,item_not_received,2026-06-27,2,pending
DSP-09750,ORD-11898,unauthorized_transaction,2026-06-27,9,pending
DSP-09751,ORD-05375,unauthorized_transaction,2026-06-27,24,pending
DSP-09752,ORD-15065,not_as_described,2026-06-27,9,pending
DSP-09753,ORD-10178,not_as_described,2026-06-27,15,pending
DSP-09754,ORD-07175,item_not_received,2026-06-27,13,pending
DSP-09755,ORD-19365,unauthorized_transaction,2026-06-27,23,pending
DSP-09756,ORD-18802,not_as_described,2026-06-27,16,pending
DSP-09757,ORD-17219,duplicate_charge,2026-06-27,16,pending
DSP-09758,ORD-00704,unauthorized_transaction,2026-06-27,10,pending
DSP-09759,ORD-11741,not_as_described,2026-06-27,22,pending
DSP-09760,ORD-12613,duplicate_charge,2026-06-27,5,pending
DSP-09761,ORD-10889,item_not_received,2026-06-27,17,pending
DSP-09762,ORD-14100,duplicate_charge,2026-06-27,9,pending
DSP-09763,ORD-09949,duplicate_charge,2026-06-27,10,pending
DSP-09764,ORD-17210,item_not_received,2026-06-27,23,pending
DSP-09765,ORD-15452,duplicate_charge,2026-06-27,23,pending
DSP-09766,ORD-17749,duplicate_charge,2026-06-27,6,pending
DSP-09767,ORD-03838,item_not_received,2026-06-27,8,pending
DSP-09768,ORD-17085,duplicate_charge,2026-06-27,11,pending
DSP-09769,ORD-09030,not_as_described,2026-06-27,17,pending
DSP-09770,ORD-01333,not_as_described,2026-06-27,9,pending
DSP-09771,ORD-17908,duplicate_charge,2026-06-27,12,pending
DSP-09772,ORD-06154,not_as_described,2026-06-27,17,pending
DSP-09773,ORD-09749,unauthorized_transaction,2026-06-27,8,pending
DSP-09774,ORD-14464,unauthorized_transaction,2026-06-27,24,pending
DSP-09775,ORD-09469,not_as_described,2026-06-27,23,pending
DSP-09776,ORD-07239,duplicate_charge,2026-06-27,1,pending
DSP-09777,ORD-17554,item_not_received,2026-06-27,2,pending
DSP-09778,ORD-16965,duplicate_charge,2026-06-27,22,pending
DSP-09779,ORD-10596,item_not_received,2026-06-27,12,pending
DSP-09780,ORD-08277,unauthorized_transaction,2026-06-27,21,pending
DSP-09781,ORD-08213,not_as_described,2026-06-27,8,pending
DSP-09782,ORD-18727,item_not_received,2026-06-27,15,pending
DSP-09783,ORD-04612,not_as_described,2026-06-27,20,pending
DSP-09784,ORD-14731,item_not_received,2026-06-27,20,pending
DSP-09785,ORD-15320,not_as_described,2026-06-27,13,pending
DSP-09786,ORD-13280,item_not_received,2026-06-27,21,pending
DSP-09787,ORD-03618,not_as_described,2026-06-27,9,pending
DSP-09788,ORD-11600,not_as_described,2026-06-27,21,pending
DSP-09789,ORD-10325,item_not_received,2026-06-27,1,pending
DSP-09790,ORD-06712,unauthorized_transaction,2026-06-27,17,pending
DSP-09791,ORD-06642,duplicate_charge,2026-06-27,3,pending
DSP-09792,ORD-16467,unauthorized_transaction,2026-06-27,12,pending
DSP-09793,ORD-12022,unauthorized_transaction,2026-06-27,8,pending
DSP-09794,ORD-00980,item_not_received,2026-06-27,9,pending
DSP-09795,ORD-16169,item_not_received,2026-06-27,3,pending
DSP-09796,ORD-16081,item_not_received,2026-06-27,13,pending
DSP-09797,ORD-09041,item_not_received,2026-06-27,21,pending
DSP-09798,ORD-15890,not_as_described,2026-06-27,21,pending
DSP-09799,ORD-04917,not_as_described,2026-06-27,11,pending
DSP-09800,ORD-00364,duplicate_charge,2026-06-27,5,pending
DSP-09801,ORD-06872,unauthorized_transaction,2026-06-27,22,pending
DSP-09802,ORD-10316,unauthorized_transaction,2026-06-27,5,pending
DSP-09803,ORD-16651,unauthorized_transaction,2026-06-27,12,pending
DSP-09804,ORD-19396,unauthorized_transaction,2026-06-27,6,pending
DSP-09805,ORD-08201,item_not_received,2026-06-27,8,pending
DSP-09806,ORD-05495,item_not_received,2026-06-27,1,pending
DSP-09807,ORD-05141,unauthorized_transaction,2026-06-27,5,pending
DSP-09808,ORD-07711,unauthorized_transaction,2026-06-27,5,pending
DSP-09809,ORD-18007,item_not_received,2026-06-27,13,pending
DSP-09810,ORD-02467,not_as_described,2026-06-27,21,pending
DSP-09811,ORD-15674,duplicate_charge,2026-06-27,15,pending
DSP-09812,ORD-04979,not_as_described,2026-06-27,22,pending
DSP-09813,ORD-06877,item_not_received,2026-06-27,20,pending
DSP-09814,ORD-04135,unauthorized_transaction,2026-06-27,17,pending
DSP-09815,ORD-02976,not_as_described,2026-06-27,11,pending
DSP-09816,ORD-08869,item_not_received,2026-06-27,4,pending
DSP-09817,ORD-13048,item_not_received,2026-06-27,14,pending
DSP-09818,ORD-17613,unauthorized_transaction,2026-06-27,12,pending
DSP-09819,ORD-04746,unauthorized_transaction,2026-06-28,23,pending
DSP-09820,ORD-10166,unauthorized_transaction,2026-06-28,13,pending
DSP-09821,ORD-04018,not_as_described,2026-06-28,22,pending
DSP-09822,ORD-09631,not_as_described,2026-06-28,24,pending
DSP-09823,ORD-05927,duplicate_charge,2026-06-28,7,pending
DSP-09824,ORD-19204,item_not_received,2026-06-28,3,pending
DSP-09825,ORD-14263,not_as_described,2026-06-28,17,pending
DSP-09826,ORD-02552,not_as_described,2026-06-28,4,pending
DSP-09827,ORD-15406,item_not_received,2026-06-28,15,pending
DSP-09828,ORD-02665,not_as_described,2026-06-28,19,pending
DSP-09829,ORD-13515,not_as_described,2026-06-28,5,pending
DSP-09830,ORD-12232,not_as_described,2026-06-28,4,pending
DSP-09831,ORD-06190,not_as_described,2026-06-28,12,pending
DSP-09832,ORD-16254,not_as_described,2026-06-28,24,pending
DSP-09833,ORD-03016,item_not_received,2026-06-28,16,pending
DSP-09834,ORD-13104,not_as_described,2026-06-28,8,pending
DSP-09835,ORD-09958,not_as_described,2026-06-28,3,pending
DSP-09836,ORD-00495,item_not_received,2026-06-28,20,pending
DSP-09837,ORD-05309,unauthorized_transaction,2026-06-28,21,pending
DSP-09838,ORD-08073,duplicate_charge,2026-06-28,6,pending
DSP-09839,ORD-03118,item_not_received,2026-06-28,11,pending
DSP-09840,ORD-12520,duplicate_charge,2026-06-28,22,pending
DSP-09841,ORD-17983,unauthorized_transaction,2026-06-28,7,pending
DSP-09842,ORD-14971,unauthorized_transaction,2026-06-28,23,pending
DSP-09843,ORD-14577,unauthorized_transaction,2026-06-28,5,pending
DSP-09844,ORD-13320,item_not_received,2026-06-28,20,pending
DSP-09845,ORD-00817,not_as_described,2026-06-28,7,pending
DSP-09846,ORD-09930,not_as_described,2026-06-28,7,pending
DSP-09847,ORD-16411,duplicate_charge,2026-06-28,20,pending
DSP-09848,ORD-12675,not_as_described,2026-06-28,19,pending
DSP-09849,ORD-01482,unauthorized_transaction,2026-06-28,17,pending
DSP-09850,ORD-11004,duplicate_charge,2026-06-28,1,pending
DSP-09851,ORD-03140,duplicate_charge,2026-06-28,8,pending
DSP-09852,ORD-09413,item_not_received,2026-06-28,10,pending
DSP-09853,ORD-04888,not_as_described,2026-06-28,18,pending
DSP-09854,ORD-16310,not_as_described,2026-06-28,15,pending
DSP-09855,ORD-07264,unauthorized_transaction,2026-06-28,21,pending
DSP-09856,ORD-08848,duplicate_charge,2026-06-28,2,pending
DSP-09857,ORD-03696,unauthorized_transaction,2026-06-28,18,pending
DSP-09858,ORD-00032,not_as_described,2026-06-28,6,pending
DSP-09859,ORD-00977,not_as_described,2026-06-28,18,pending
DSP-09860,ORD-04070,not_as_described,2026-06-28,2,pending
DSP-09861,ORD-18039,unauthorized_transaction,2026-06-28,24,pending
DSP-09862,ORD-14913,item_not_received,2026-06-28,1,pending
DSP-09863,ORD-08709,item_not_received,2026-06-28,1,pending
DSP-09864,ORD-05443,unauthorized_transaction,2026-06-28,21,pending
DSP-09865,ORD-06004,unauthorized_transaction,2026-06-28,24,pending
DSP-09866,ORD-19605,item_not_received,2026-06-28,16,pending
DSP-09867,ORD-00906,item_not_received,2026-06-28,13,pending
DSP-09868,ORD-04078,not_as_described,2026-06-28,21,pending
DSP-09869,ORD-03390,not_as_described,2026-06-28,15,pending
DSP-09870,ORD-17649,not_as_described,2026-06-28,4,pending
DSP-09871,ORD-07708,item_not_received,2026-06-28,20,pending
DSP-09872,ORD-14623,not_as_described,2026-06-28,4,pending
DSP-09873,ORD-01717,duplicate_charge,2026-06-28,16,pending
DSP-09874,ORD-16448,not_as_described,2026-06-28,10,pending
DSP-09875,ORD-18677,unauthorized_transaction,2026-06-28,7,pending
DSP-09876,ORD-13874,item_not_received,2026-06-28,6,pending
DSP-09877,ORD-17392,item_not_received,2026-06-28,16,pending
DSP-09878,ORD-01801,duplicate_charge,2026-06-28,11,pending
DSP-09879,ORD-08332,not_as_described,2026-06-28,14,pending
DSP-09880,ORD-01367,unauthorized_transaction,2026-06-28,6,pending
DSP-09881,ORD-03642,item_not_received,2026-06-28,24,pending
DSP-09882,ORD-13773,not_as_described,2026-06-28,14,pending
DSP-09883,ORD-15526,unauthorized_transaction,2026-06-28,8,pending
DSP-09884,ORD-03813,not_as_described,2026-06-28,17,pending
DSP-09885,ORD-08011,not_as_described,2026-06-28,6,pending
DSP-09886,ORD-12936,not_as_described,2026-06-28,12,pending
DSP-09887,ORD-01184,unauthorized_transaction,2026-06-28,22,pending
DSP-09888,ORD-02756,not_as_described,2026-06-28,8,pending
DSP-09889,ORD-04365,not_as_described,2026-06-28,12,pending
DSP-09890,ORD-09320,not_as_described,2026-06-28,5,pending
DSP-09891,ORD-18786,unauthorized_transaction,2026-06-28,24,pending
DSP-09892,ORD-01844,item_not_received,2026-06-28,19,pending
DSP-09893,ORD-02693,unauthorized_transaction,2026-06-28,20,pending
DSP-09894,ORD-10535,unauthorized_transaction,2026-06-28,22,pending
DSP-09895,ORD-12104,unauthorized_transaction,2026-06-28,5,pending
DSP-09896,ORD-01390,item_not_received,2026-06-28,4,pending
DSP-09897,ORD-09897,unauthorized_transaction,2026-06-28,13,pending
DSP-09898,ORD-03727,not_as_described,2026-06-28,13,pending
DSP-09899,ORD-15498,item_not_received,2026-06-28,14,pending
DSP-09900,ORD-19123,unauthorized_transaction,2026-06-28,24,pending
DSP-09901,ORD-12126,item_not_received,2026-06-28,14,pending
DSP-09902,ORD-15418,unauthorized_transaction,2026-06-28,3,pending
DSP-09903,ORD-03286,item_not_received,2026-06-28,20,pending
DSP-09904,ORD-12918,duplicate_charge,2026-06-28,4,pending
DSP-09905,ORD-07903,not_as_described,2026-06-28,14,pending
DSP-09906,ORD-15131,not_as_described,2026-06-28,9,pending
DSP-09907,ORD-10957,not_as_described,2026-06-28,20,pending
DSP-09908,ORD-19370,duplicate_charge,2026-06-28,23,pending
DSP-09909,ORD-03480,item_not_received,2026-06-28,9,pending
DSP-09910,ORD-00311,unauthorized_transaction,2026-06-28,19,pending
DSP-09911,ORD-06340,item_not_received,2026-06-28,1,pending
DSP-09912,ORD-11985,item_not_received,2026-06-28,16,pending
DSP-09913,ORD-09800,duplicate_charge,2026-06-28,4,pending
DSP-09914,ORD-00291,item_not_received,2026-06-28,3,pending
DSP-09915,ORD-09442,item_not_received,2026-06-28,22,pending
DSP-09916,ORD-06066,unauthorized_transaction,2026-06-28,21,pending
DSP-09917,ORD-13253,not_as_described,2026-06-28,19,pending
DSP-09918,ORD-18954,not_as_described,2026-06-28,19,pending
DSP-09919,ORD-00487,not_as_described,2026-06-29,8,pending
DSP-09920,ORD-10993,unauthorized_transaction,2026-06-29,14,pending
DSP-09921,ORD-04563,duplicate_charge,2026-06-29,8,pending
DSP-09922,ORD-02646,duplicate_charge,2026-06-29,6,pending
DSP-09923,ORD-17221,unauthorized_transaction,2026-06-29,4,pending
DSP-09924,ORD-05862,unauthorized_transaction,2026-06-29,22,pending
DSP-09925,ORD-12473,item_not_received,2026-06-29,7,pending
DSP-09926,ORD-14331,not_as_described,2026-06-29,17,pending
DSP-09927,ORD-06666,item_not_received,2026-06-29,13,pending
DSP-09928,ORD-18270,item_not_received,2026-06-29,2,pending
DSP-09929,ORD-16251,item_not_received,2026-06-29,1,pending
DSP-09930,ORD-12781,item_not_received,2026-06-29,1,pending
DSP-09931,ORD-08995,item_not_received,2026-06-29,1,pending
DSP-09932,ORD-15360,item_not_received,2026-06-29,24,pending
DSP-09933,ORD-12221,not_as_described,2026-06-29,7,pending
DSP-09934,ORD-08845,duplicate_charge,2026-06-29,18,pending
DSP-09935,ORD-09748,unauthorized_transaction,2026-06-29,11,pending
DSP-09936,ORD-15421,item_not_received,2026-06-29,18,pending
DSP-09937,ORD-00503,not_as_described,2026-06-29,14,pending
DSP-09938,ORD-09533,duplicate_charge,2026-06-29,13,pending
DSP-09939,ORD-08603,not_as_described,2026-06-29,23,pending
DSP-09940,ORD-03454,unauthorized_transaction,2026-06-29,18,pending
DSP-09941,ORD-08580,item_not_received,2026-06-29,6,pending
DSP-09942,ORD-07003,not_as_described,2026-06-29,22,pending
DSP-09943,ORD-12369,unauthorized_transaction,2026-06-29,13,pending
DSP-09944,ORD-07320,not_as_described,2026-06-29,9,pending
DSP-09945,ORD-16139,unauthorized_transaction,2026-06-29,23,pending
DSP-09946,ORD-16418,duplicate_charge,2026-06-29,8,pending
DSP-09947,ORD-05963,unauthorized_transaction,2026-06-29,10,pending
DSP-09948,ORD-18565,duplicate_charge,2026-06-29,7,pending
DSP-09949,ORD-12064,duplicate_charge,2026-06-29,23,pending
DSP-09950,ORD-00042,not_as_described,2026-06-29,22,pending
DSP-09951,ORD-19612,item_not_received,2026-06-29,20,pending
DSP-09952,ORD-00527,not_as_described,2026-06-29,10,pending
DSP-09953,ORD-11286,duplicate_charge,2026-06-29,22,pending
DSP-09954,ORD-05190,duplicate_charge,2026-06-29,6,pending
DSP-09955,ORD-13201,duplicate_charge,2026-06-29,4,pending
DSP-09956,ORD-14834,item_not_received,2026-06-29,20,pending
DSP-09957,ORD-01560,not_as_described,2026-06-29,5,pending
DSP-09958,ORD-19809,unauthorized_transaction,2026-06-29,18,pending
DSP-09959,ORD-03801,not_as_described,2026-06-29,24,pending
DSP-09960,ORD-01522,not_as_described,2026-06-29,4,pending
DSP-09961,ORD-19902,not_as_described,2026-06-29,14,pending
DSP-09962,ORD-07816,item_not_received,2026-06-29,14,pending
DSP-09963,ORD-13623,item_not_received,2026-06-29,24,pending
DSP-09964,ORD-03610,unauthorized_transaction,2026-06-29,6,pending
DSP-09965,ORD-11546,unauthorized_transaction,2026-06-29,19,pending
DSP-09966,ORD-15226,item_not_received,2026-06-29,19,pending
DSP-09967,ORD-16730,item_not_received,2026-06-29,15,pending
DSP-09968,ORD-10427,item_not_received,2026-06-29,8,pending
DSP-09969,ORD-00428,not_as_described,2026-06-29,5,pending
DSP-09970,ORD-11314,unauthorized_transaction,2026-06-29,8,pending
DSP-09971,ORD-06829,unauthorized_transaction,2026-06-29,18,pending
DSP-09972,ORD-02463,duplicate_charge,2026-06-29,18,pending
DSP-09973,ORD-13167,unauthorized_transaction,2026-06-29,20,pending
DSP-09974,ORD-04327,item_not_received,2026-06-29,8,pending
DSP-09975,ORD-18674,duplicate_charge,2026-06-29,10,pending
DSP-09976,ORD-16132,unauthorized_transaction,2026-06-29,10,pending
DSP-09977,ORD-16346,not_as_described,2026-06-29,11,pending
DSP-09978,ORD-19846,not_as_described,2026-06-29,1,pending
DSP-09979,ORD-01676,not_as_described,2026-06-29,22,pending
DSP-09980,ORD-03248,item_not_received,2026-06-29,2,pending
DSP-09981,ORD-16745,item_not_received,2026-06-29,5,pending
DSP-09982,ORD-02931,unauthorized_transaction,2026-06-29,13,pending
DSP-09983,ORD-12509,duplicate_charge,2026-06-29,19,pending
DSP-09984,ORD-14756,unauthorized_transaction,2026-06-29,24,pending
DSP-09985,ORD-05946,duplicate_charge,2026-06-29,5,pending
DSP-09986,ORD-18654,not_as_described,2026-06-29,6,pending
DSP-09987,ORD-19690,duplicate_charge,2026-06-29,10,pending
DSP-09988,ORD-05390,unauthorized_transaction,2026-06-29,1,pending
DSP-09989,ORD-17657,unauthorized_transaction,2026-06-29,4,pending
DSP-09990,ORD-00688,item_not_received,2026-06-29,15,pending
DSP-09991,ORD-06640,item_not_received,2026-06-29,6,pending
DSP-09992,ORD-03659,unauthorized_transaction,2026-06-29,11,pending
DSP-09993,ORD-16445,not_as_described,2026-06-29,21,pending
DSP-09994,ORD-07696,unauthorized_transaction,2026-06-29,24,pending
DSP-09995,ORD-03505,item_not_received,2026-06-29,8,pending
DSP-09996,ORD-08150,unauthorized_transaction,2026-06-29,5,pending
DSP-09997,ORD-14693,item_not_received,2026-06-29,9,pending
DSP-09998,ORD-10924,unauthorized_transaction,2026-06-29,17,pending
DSP-09999,ORD-06608,not_as_described,2026-06-29,12,pending
DSP-10000,ORD-15699,unauthorized_transaction,2026-06-29,7,pending
DSP-10001,ORD-03297,item_not_received,2026-06-29,19,pending
DSP-10002,ORD-01748,not_as_described,2026-06-29,14,pending
DSP-10003,ORD-12447,duplicate_charge,2026-06-29,7,pending
DSP-10004,ORD-17703,duplicate_charge,2026-06-29,23,pending
DSP-10005,ORD-14636,item_not_received,2026-06-29,18,pending
DSP-10006,ORD-17362,not_as_described,2026-06-29,13,pending
DSP-10007,ORD-10970,not_as_described,2026-06-29,1,pending
DSP-10008,ORD-04352,item_not_received,2026-06-29,7,pending
DSP-10009,ORD-16892,not_as_described,2026-06-29,1,pending
DSP-10010,ORD-01066,not_as_described,2026-06-29,4,pending
DSP-10011,ORD-03278,item_not_received,2026-06-29,9,pending
DSP-10012,ORD-05338,item_not_received,2026-06-30,2,pending
DSP-10013,ORD-12245,not_as_described,2026-06-30,5,pending
DSP-10014,ORD-14856,duplicate_charge,2026-06-30,8,pending
DSP-10015,ORD-02798,unauthorized_transaction,2026-06-30,23,pending
DSP-10016,ORD-12006,not_as_described,2026-06-30,6,pending
DSP-10017,ORD-15384,not_as_described,2026-06-30,16,pending
DSP-10018,ORD-19996,item_not_received,2026-06-30,3,pending
DSP-10019,ORD-00802,unauthorized_transaction,2026-06-30,8,pending
DSP-10020,ORD-06858,item_not_received,2026-06-30,23,pending
DSP-10021,ORD-00689,unauthorized_transaction,2026-06-30,3,pending
DSP-10022,ORD-13493,item_not_received,2026-06-30,11,pending
DSP-10023,ORD-02667,unauthorized_transaction,2026-06-30,7,pending
DSP-10024,ORD-05493,duplicate_charge,2026-06-30,17,pending
DSP-10025,ORD-01687,duplicate_charge,2026-06-30,13,pending
DSP-10026,ORD-17247,duplicate_charge,2026-06-30,3,pending
DSP-10027,ORD-09343,not_as_described,2026-06-30,10,pending
DSP-10028,ORD-18456,unauthorized_transaction,2026-06-30,23,pending
DSP-10029,ORD-03975,duplicate_charge,2026-06-30,5,pending
DSP-10030,ORD-10152,item_not_received,2026-06-30,9,pending
DSP-10031,ORD-15704,duplicate_charge,2026-06-30,7,pending
DSP-10032,ORD-14434,duplicate_charge,2026-06-30,7,pending
DSP-10033,ORD-03050,not_as_described,2026-06-30,15,pending
DSP-10034,ORD-19404,unauthorized_transaction,2026-06-30,7,pending
DSP-10035,ORD-16109,duplicate_charge,2026-06-30,22,pending
DSP-10036,ORD-00372,duplicate_charge,2026-06-30,1,pending
DSP-10037,ORD-13054,unauthorized_transaction,2026-06-30,20,pending
DSP-10038,ORD-01160,item_not_received,2026-06-30,9,pending
DSP-10039,ORD-08990,item_not_received,2026-06-30,7,pending
DSP-10040,ORD-11251,not_as_described,2026-06-30,13,pending
DSP-10041,ORD-19667,unauthorized_transaction,2026-06-30,20,pending
DSP-10042,ORD-07833,item_not_received,2026-06-30,8,pending
DSP-10043,ORD-10787,not_as_described,2026-06-30,24,pending
DSP-10044,ORD-14346,unauthorized_transaction,2026-06-30,16,pending
DSP-10045,ORD-01822,not_as_described,2026-06-30,16,pending
DSP-10046,ORD-01315,duplicate_charge,2026-06-30,10,pending
DSP-10047,ORD-05749,unauthorized_transaction,2026-06-30,6,pending
DSP-10048,ORD-06565,unauthorized_transaction,2026-06-30,24,pending
DSP-10049,ORD-11059,not_as_described,2026-06-30,18,pending
DSP-10050,ORD-04617,unauthorized_transaction,2026-06-30,11,pending
DSP-10051,ORD-17323,duplicate_charge,2026-06-30,22,pending
DSP-10052,ORD-07946,duplicate_charge,2026-06-30,2,pending
DSP-10053,ORD-02242,duplicate_charge,2026-06-30,3,pending
DSP-10054,ORD-16851,item_not_received,2026-06-30,4,pending
DSP-10055,ORD-04598,duplicate_charge,2026-06-30,14,pending
DSP-10056,ORD-14825,duplicate_charge,2026-06-30,20,pending
DSP-10057,ORD-06245,unauthorized_transaction,2026-06-30,5,pending
DSP-10058,ORD-17334,item_not_received,2026-06-30,3,pending
DSP-10059,ORD-13895,not_as_described,2026-06-30,15,pending
DSP-10060,ORD-05964,not_as_described,2026-06-30,22,pending
DSP-10061,ORD-17315,not_as_described,2026-06-30,18,pending
DSP-10062,ORD-18470,not_as_described,2026-06-30,8,pending
DSP-10063,ORD-07044,not_as_described,2026-06-30,1,pending
DSP-10064,ORD-07884,item_not_received,2026-06-30,15,pending
DSP-10065,ORD-08968,item_not_received,2026-06-30,9,pending
DSP-10066,ORD-16045,unauthorized_transaction,2026-06-30,24,pending
DSP-10067,ORD-12952,duplicate_charge,2026-06-30,14,pending
DSP-10068,ORD-01753,unauthorized_transaction,2026-06-30,20,pending
DSP-10069,ORD-12418,unauthorized_transaction,2026-06-30,21,pending
DSP-10070,ORD-07630,not_as_described,2026-06-30,6,pending
DSP-10071,ORD-06716,unauthorized_transaction,2026-06-30,20,pending
DSP-10072,ORD-07110,unauthorized_transaction,2026-06-30,23,pending
DSP-10073,ORD-02900,not_as_described,2026-06-30,22,pending
DSP-10074,ORD-01283,not_as_described,2026-06-30,7,pending
DSP-10075,ORD-00325,duplicate_charge,2026-06-30,6,pending
DSP-10076,ORD-12838,duplicate_charge,2026-06-30,20,pending
DSP-10077,ORD-13717,unauthorized_transaction,2026-06-30,15,pending
DSP-10078,ORD-08082,unauthorized_transaction,2026-06-30,15,pending
DSP-10079,ORD-10458,duplicate_charge,2026-06-30,21,pending
DSP-10080,ORD-13067,item_not_received,2026-06-30,18,pending
DSP-10081,ORD-12842,item_not_received,2026-06-30,21,pending
DSP-10082,ORD-13472,not_as_described,2026-06-30,17,pending
DSP-10083,ORD-00195,unauthorized_transaction,2026-06-30,22,pending
DSP-10084,ORD-06337,item_not_received,2026-06-30,16,pending
DSP-10085,ORD-09415,not_as_described,2026-06-30,20,pending
DSP-10086,ORD-17712,item_not_received,2026-06-30,22,pending
DSP-10087,ORD-15401,unauthorized_transaction,2026-06-30,11,pending
DSP-10088,ORD-02320,item_not_received,2026-06-30,18,pending
DSP-10089,ORD-14164,unauthorized_transaction,2026-06-30,7,pending
DSP-10090,ORD-19741,unauthorized_transaction,2026-06-30,19,pending
DSP-10091,ORD-14480,not_as_described,2026-06-30,23,pending
DSP-10092,ORD-14674,item_not_received,2026-06-30,22,pending
DSP-10093,ORD-18113,unauthorized_transaction,2026-06-30,12,pending
DSP-10094,ORD-08280,item_not_received,2026-06-30,2,pending
DSP-10095,ORD-04320,unauthorized_transaction,2026-06-30,20,pending
DSP-10096,ORD-11387,not_as_described,2026-06-30,14,pending
DSP-10097,ORD-13979,duplicate_charge,2026-06-30,2,pending
DSP-10098,ORD-19433,unauthorized_transaction,2026-06-30,20,pending
DSP-10099,ORD-15552,duplicate_charge,2026-06-30,16,pending
DSP-10100,ORD-01864,unauthorized_transaction,2026-06-30,10,pending
DSP-10101,ORD-01034,duplicate_charge,2026-06-30,13,pending
DSP-10102,ORD-02758,duplicate_charge,2026-06-30,19,pending
DSP-10103,ORD-01005,item_not_received,2026-06-30,23,pending
DSP-10104,ORD-16915,unauthorized_transaction,2026-06-30,1,pending
DSP-10105,ORD-14129,unauthorized_transaction,2026-06-30,19,pending
DSP-10106,ORD-00782,item_not_received,2026-06-30,23,pending
DSP-10107,ORD-12722,unauthorized_transaction,2026-06-30,8,pending
DSP-10108,ORD-07752,item_not_received,2026-06-30,23,pending
DSP-10109,ORD-06741,not_as_described,2026-06-30,17,pending
DSP-10110,ORD-13034,duplicate_charge,2026-06-30,13,pending
DSP-10111,ORD-09720,item_not_received,2026-07-01,18,pending
DSP-10112,ORD-16403,not_as_described,2026-07-01,20,pending
DSP-10113,ORD-05691,unauthorized_transaction,2026-07-01,14,pending
DSP-10114,ORD-13960,not_as_described,2026-07-01,19,pending
DSP-10115,ORD-05531,item_not_received,2026-07-01,12,pending
DSP-10116,ORD-16359,item_not_received,2026-07-01,10,pending
DSP-10117,ORD-13371,not_as_described,2026-07-01,1,pending
DSP-10118,ORD-02211,unauthorized_transaction,2026-07-01,3,pending
DSP-10119,ORD-11807,item_not_received,2026-07-01,19,pending
DSP-10120,ORD-05869,item_not_received,2026-07-01,15,pending
DSP-10121,ORD-13500,item_not_received,2026-07-01,15,pending
DSP-10122,ORD-11669,unauthorized_transaction,2026-07-01,13,pending
DSP-10123,ORD-03674,unauthorized_transaction,2026-07-01,13,pending
DSP-10124,ORD-01847,unauthorized_transaction,2026-07-01,2,pending
DSP-10125,ORD-02788,item_not_received,2026-07-01,9,pending
DSP-10126,ORD-03355,unauthorized_transaction,2026-07-01,24,pending
DSP-10127,ORD-10397,not_as_described,2026-07-01,10,pending
DSP-10128,ORD-04459,item_not_received,2026-07-01,2,pending
DSP-10129,ORD-17871,item_not_received,2026-07-01,1,pending
DSP-10130,ORD-14564,not_as_described,2026-07-01,10,pending
DSP-10131,ORD-14359,duplicate_charge,2026-07-01,23,pending
DSP-10132,ORD-00554,not_as_described,2026-07-01,5,pending
DSP-10133,ORD-02568,unauthorized_transaction,2026-07-01,6,pending
DSP-10134,ORD-11773,unauthorized_transaction,2026-07-01,2,pending
DSP-10135,ORD-06193,not_as_described,2026-07-01,15,pending
DSP-10136,ORD-19438,unauthorized_transaction,2026-07-01,2,pending
DSP-10137,ORD-12257,unauthorized_transaction,2026-07-01,20,pending
DSP-10138,ORD-00094,unauthorized_transaction,2026-07-01,8,pending
DSP-10139,ORD-06553,duplicate_charge,2026-07-01,13,pending
DSP-10140,ORD-18031,unauthorized_transaction,2026-07-01,17,pending
DSP-10141,ORD-06852,unauthorized_transaction,2026-07-01,1,pending
DSP-10142,ORD-07650,duplicate_charge,2026-07-01,11,pending
DSP-10143,ORD-00848,unauthorized_transaction,2026-07-01,22,pending
DSP-10144,ORD-16979,item_not_received,2026-07-01,23,pending
DSP-10145,ORD-14186,not_as_described,2026-07-01,1,pending
DSP-10146,ORD-13908,item_not_received,2026-07-01,22,pending
DSP-10147,ORD-04236,not_as_described,2026-07-01,19,pending
DSP-10148,ORD-13084,not_as_described,2026-07-01,9,pending
DSP-10149,ORD-10571,item_not_received,2026-07-01,2,pending
DSP-10150,ORD-18660,item_not_received,2026-07-01,2,pending
DSP-10151,ORD-09206,not_as_described,2026-07-01,11,pending
DSP-10152,ORD-19636,not_as_described,2026-07-01,10,pending
DSP-10153,ORD-18372,duplicate_charge,2026-07-01,15,pending
DSP-10154,ORD-09682,item_not_received,2026-07-01,17,pending
DSP-10155,ORD-17382,item_not_received,2026-07-01,22,pending
DSP-10156,ORD-14874,duplicate_charge,2026-07-01,11,pending
DSP-10157,ORD-11403,unauthorized_transaction,2026-07-01,22,pending
DSP-10158,ORD-05588,item_not_received,2026-07-01,4,pending
DSP-10159,ORD-00643,not_as_described,2026-07-01,2,pending
DSP-10160,ORD-12437,unauthorized_transaction,2026-07-01,11,pending
DSP-10161,ORD-13409,unauthorized_transaction,2026-07-01,6,pending
DSP-10162,ORD-01481,item_not_received,2026-07-01,9,pending
DSP-10163,ORD-02266,unauthorized_transaction,2026-07-01,21,pending
DSP-10164,ORD-17360,duplicate_charge,2026-07-01,22,pending
DSP-10165,ORD-19625,unauthorized_transaction,2026-07-01,18,pending
DSP-10166,ORD-00109,unauthorized_transaction,2026-07-01,15,pending
DSP-10167,ORD-07055,item_not_received,2026-07-01,12,pending
DSP-10168,ORD-05687,duplicate_charge,2026-07-01,13,pending
DSP-10169,ORD-11687,duplicate_charge,2026-07-01,11,pending
DSP-10170,ORD-04752,not_as_described,2026-07-01,6,pending
DSP-10171,ORD-16140,item_not_received,2026-07-01,10,pending
DSP-10172,ORD-02139,not_as_described,2026-07-01,21,pending
DSP-10173,ORD-10370,unauthorized_transaction,2026-07-01,21,pending
DSP-10174,ORD-01727,item_not_received,2026-07-01,23,pending
DSP-10175,ORD-17855,unauthorized_transaction,2026-07-01,23,pending
DSP-10176,ORD-04924,not_as_described,2026-07-01,7,pending
DSP-10177,ORD-00820,item_not_received,2026-07-01,11,pending
DSP-10178,ORD-09979,unauthorized_transaction,2026-07-01,23,pending
DSP-10179,ORD-07486,not_as_described,2026-07-01,3,pending
DSP-10180,ORD-10517,not_as_described,2026-07-01,2,pending
DSP-10181,ORD-14871,item_not_received,2026-07-01,11,pending
DSP-10182,ORD-03924,not_as_described,2026-07-01,16,pending
DSP-10183,ORD-09426,not_as_described,2026-07-01,7,pending
DSP-10184,ORD-09805,unauthorized_transaction,2026-07-01,7,pending
DSP-10185,ORD-05914,duplicate_charge,2026-07-01,10,pending
DSP-10186,ORD-08290,item_not_received,2026-07-01,8,pending
DSP-10187,ORD-01471,not_as_described,2026-07-01,8,pending
DSP-10188,ORD-17386,item_not_received,2026-07-01,10,pending
DSP-10189,ORD-19757,not_as_described,2026-07-01,20,pending
DSP-10190,ORD-09257,unauthorized_transaction,2026-07-01,10,pending
DSP-10191,ORD-06480,unauthorized_transaction,2026-07-01,18,pending
DSP-10192,ORD-19969,duplicate_charge,2026-07-01,8,pending
DSP-10193,ORD-07647,item_not_received,2026-07-01,21,pending
DSP-10194,ORD-04104,not_as_described,2026-07-01,18,pending
DSP-10195,ORD-10432,not_as_described,2026-07-01,2,pending
DSP-10196,ORD-13566,item_not_received,2026-07-01,12,pending
DSP-10197,ORD-04734,unauthorized_transaction,2026-07-01,11,pending
DSP-10198,ORD-02913,item_not_received,2026-07-01,1,pending
DSP-10199,ORD-18406,unauthorized_transaction,2026-07-01,6,pending
DSP-10200,ORD-03231,duplicate_charge,2026-07-01,6,pending
DSP-10201,ORD-15114,unauthorized_transaction,2026-07-01,1,pending
DSP-10202,ORD-05893,duplicate_charge,2026-07-01,10,pending
DSP-10203,ORD-00530,not_as_described,2026-07-01,8,pending
DSP-10204,ORD-06256,unauthorized_transaction,2026-07-01,13,pending
DSP-10205,ORD-18449,not_as_described,2026-07-01,8,pending
DSP-10206,ORD-10127,duplicate_charge,2026-07-01,10,pending
DSP-10207,ORD-04641,item_not_received,2026-07-01,5,pending
DSP-10208,ORD-07715,not_as_described,2026-07-01,11,pending
DSP-10209,ORD-10446,item_not_received,2026-07-01,12,pending
DSP-10210,ORD-17917,not_as_described,2026-07-01,9,pending
DSP-10211,ORD-03538,unauthorized_transaction,2026-07-01,9,pending
DSP-10212,ORD-05073,not_as_described,2026-07-01,2,pending
DSP-10213,ORD-04055,item_not_received,2026-07-01,6,pending
DSP-10214,ORD-02564,unauthorized_transaction,2026-07-01,20,pending
DSP-10215,ORD-08713,unauthorized_transaction,2026-07-01,9,pending
DSP-10216,ORD-11060,unauthorized_transaction,2026-07-01,14,pending
DSP-10217,ORD-02960,item_not_received,2026-07-01,23,pending
DSP-10218,ORD-10417,not_as_described,2026-07-01,5,pending
DSP-10219,ORD-02669,item_not_received,2026-07-02,21,pending
DSP-10220,ORD-15097,not_as_described,2026-07-02,15,pending
DSP-10221,ORD-11317,item_not_received,2026-07-02,24,pending
DSP-10222,ORD-15866,duplicate_charge,2026-07-02,6,pending
DSP-10223,ORD-02215,item_not_received,2026-07-02,4,pending
DSP-10224,ORD-09062,not_as_described,2026-07-02,5,pending
DSP-10225,ORD-00565,item_not_received,2026-07-02,12,pending
DSP-10226,ORD-01828,not_as_described,2026-07-02,16,pending
DSP-10227,ORD-06429,unauthorized_transaction,2026-07-02,4,pending
DSP-10228,ORD-13179,not_as_described,2026-07-02,5,pending
DSP-10229,ORD-15948,not_as_described,2026-07-02,11,pending
DSP-10230,ORD-19937,duplicate_charge,2026-07-02,16,pending
DSP-10231,ORD-19620,not_as_described,2026-07-02,3,pending
DSP-10232,ORD-14046,item_not_received,2026-07-02,11,pending
DSP-10233,ORD-19959,unauthorized_transaction,2026-07-02,22,pending
DSP-10234,ORD-09032,item_not_received,2026-07-02,21,pending
DSP-10235,ORD-18876,duplicate_charge,2026-07-02,18,pending
DSP-10236,ORD-15888,unauthorized_transaction,2026-07-02,3,pending
DSP-10237,ORD-17528,item_not_received,2026-07-02,6,pending
DSP-10238,ORD-19362,unauthorized_transaction,2026-07-02,3,pending
DSP-10239,ORD-01340,unauthorized_transaction,2026-07-02,15,pending
DSP-10240,ORD-08253,not_as_described,2026-07-02,17,pending
DSP-10241,ORD-05628,unauthorized_transaction,2026-07-02,22,pending
DSP-10242,ORD-01164,unauthorized_transaction,2026-07-02,18,pending
DSP-10243,ORD-01090,unauthorized_transaction,2026-07-02,16,pending
DSP-10244,ORD-02174,unauthorized_transaction,2026-07-02,5,pending
DSP-10245,ORD-06147,duplicate_charge,2026-07-02,9,pending
DSP-10246,ORD-09002,duplicate_charge,2026-07-02,19,pending
DSP-10247,ORD-16890,not_as_described,2026-07-02,21,pending
DSP-10248,ORD-17113,item_not_received,2026-07-02,22,pending
DSP-10249,ORD-09738,not_as_described,2026-07-02,23,pending
DSP-10250,ORD-10213,not_as_described,2026-07-02,12,pending
DSP-10251,ORD-15533,not_as_described,2026-07-02,14,pending
DSP-10252,ORD-07670,not_as_described,2026-07-02,18,pending
DSP-10253,ORD-15679,item_not_received,2026-07-02,19,pending
DSP-10254,ORD-01547,item_not_received,2026-07-02,6,pending
DSP-10255,ORD-05343,not_as_described,2026-07-02,5,pending
DSP-10256,ORD-11260,item_not_received,2026-07-02,3,pending
DSP-10257,ORD-12758,item_not_received,2026-07-02,21,pending
DSP-10258,ORD-02885,unauthorized_transaction,2026-07-02,6,pending
DSP-10259,ORD-09950,unauthorized_transaction,2026-07-02,24,pending
DSP-10260,ORD-06103,item_not_received,2026-07-02,14,pending
DSP-10261,ORD-19802,not_as_described,2026-07-02,17,pending
DSP-10262,ORD-18849,not_as_described,2026-07-02,22,pending
DSP-10263,ORD-01766,duplicate_charge,2026-07-02,14,pending
DSP-10264,ORD-18257,item_not_received,2026-07-02,16,pending
DSP-10265,ORD-06649,item_not_received,2026-07-02,21,pending
DSP-10266,ORD-08132,item_not_received,2026-07-02,20,pending
DSP-10267,ORD-15863,not_as_described,2026-07-02,5,pending
DSP-10268,ORD-11461,unauthorized_transaction,2026-07-02,4,pending
DSP-10269,ORD-09769,not_as_described,2026-07-02,4,pending
DSP-10270,ORD-05916,item_not_received,2026-07-02,24,pending
DSP-10271,ORD-06792,item_not_received,2026-07-02,21,pending
DSP-10272,ORD-12486,item_not_received,2026-07-02,22,pending
DSP-10273,ORD-17295,item_not_received,2026-07-02,5,pending
DSP-10274,ORD-10903,item_not_received,2026-07-02,6,pending
DSP-10275,ORD-03515,item_not_received,2026-07-02,21,pending
DSP-10276,ORD-11671,item_not_received,2026-07-02,19,pending
DSP-10277,ORD-00726,item_not_received,2026-07-02,18,pending
DSP-10278,ORD-16202,item_not_received,2026-07-02,20,pending
DSP-10279,ORD-06622,unauthorized_transaction,2026-07-02,1,pending
DSP-10280,ORD-05143,item_not_received,2026-07-02,10,pending
DSP-10281,ORD-08467,duplicate_charge,2026-07-02,14,pending
DSP-10282,ORD-17275,not_as_described,2026-07-02,10,pending
DSP-10283,ORD-06908,not_as_described,2026-07-02,10,pending
DSP-10284,ORD-07304,not_as_described,2026-07-02,1,pending
DSP-10285,ORD-02861,item_not_received,2026-07-02,9,pending
DSP-10286,ORD-09422,not_as_described,2026-07-02,8,pending
DSP-10287,ORD-11465,not_as_described,2026-07-02,6,pending
DSP-10288,ORD-00234,not_as_described,2026-07-02,3,pending
DSP-10289,ORD-00746,item_not_received,2026-07-02,6,pending
DSP-10290,ORD-19853,item_not_received,2026-07-02,11,pending
DSP-10291,ORD-19078,unauthorized_transaction,2026-07-02,10,pending
DSP-10292,ORD-00077,item_not_received,2026-07-02,24,pending
DSP-10293,ORD-05060,duplicate_charge,2026-07-02,20,pending
DSP-10294,ORD-14620,item_not_received,2026-07-02,17,pending
DSP-10295,ORD-06621,not_as_described,2026-07-02,9,pending
DSP-10296,ORD-11367,not_as_described,2026-07-02,8,pending
DSP-10297,ORD-14622,not_as_described,2026-07-02,16,pending
DSP-10298,ORD-16306,item_not_received,2026-07-02,10,pending
DSP-10299,ORD-07066,item_not_received,2026-07-02,16,pending
DSP-10300,ORD-15876,item_not_received,2026-07-02,17,pending
DSP-10301,ORD-14558,not_as_described,2026-07-02,2,pending
DSP-10302,ORD-03604,unauthorized_transaction,2026-07-02,19,pending
DSP-10303,ORD-14256,not_as_described,2026-07-02,9,pending
DSP-10304,ORD-15957,not_as_described,2026-07-02,15,pending
DSP-10305,ORD-11104,unauthorized_transaction,2026-07-02,4,pending
DSP-10306,ORD-07598,not_as_described,2026-07-02,15,pending
DSP-10307,ORD-14060,unauthorized_transaction,2026-07-02,22,pending
DSP-10308,ORD-04120,item_not_received,2026-07-02,7,pending
DSP-10309,ORD-15819,duplicate_charge,2026-07-02,18,pending
DSP-10310,ORD-15426,item_not_received,2026-07-02,19,pending
DSP-10311,ORD-17812,duplicate_charge,2026-07-02,16,pending
DSP-10312,ORD-07129,item_not_received,2026-07-02,24,pending
DSP-10313,ORD-11886,duplicate_charge,2026-07-02,21,pending
DSP-10314,ORD-19083,item_not_received,2026-07-02,23,pending
DSP-10315,ORD-12807,not_as_described,2026-07-02,16,pending
DSP-10316,ORD-19877,unauthorized_transaction,2026-07-02,3,pending
DSP-10317,ORD-05791,unauthorized_transaction,2026-07-02,10,pending
DSP-10318,ORD-17087,duplicate_charge,2026-07-02,13,pending
DSP-10319,ORD-15907,unauthorized_transaction,2026-07-02,15,pending
DSP-10320,ORD-11601,not_as_described,2026-07-02,3,pending
DSP-10321,ORD-12805,item_not_received,2026-07-02,20,pending
DSP-10322,ORD-05886,not_as_described,2026-07-02,2,pending
DSP-10323,ORD-09209,not_as_described,2026-07-03,4,pending
DSP-10324,ORD-00406,unauthorized_transaction,2026-07-03,2,pending
DSP-10325,ORD-18457,unauthorized_transaction,2026-07-03,3,pending
DSP-10326,ORD-03772,item_not_received,2026-07-03,16,pending
DSP-10327,ORD-08903,unauthorized_transaction,2026-07-03,1,pending
DSP-10328,ORD-06749,item_not_received,2026-07-03,16,pending
DSP-10329,ORD-16318,unauthorized_transaction,2026-07-03,5,pending
DSP-10330,ORD-02405,item_not_received,2026-07-03,15,pending
DSP-10331,ORD-07191,item_not_received,2026-07-03,7,pending
DSP-10332,ORD-17165,unauthorized_transaction,2026-07-03,19,pending
DSP-10333,ORD-14037,duplicate_charge,2026-07-03,3,pending
DSP-10334,ORD-19345,duplicate_charge,2026-07-03,4,pending
DSP-10335,ORD-09796,item_not_received,2026-07-03,23,pending
DSP-10336,ORD-03421,item_not_received,2026-07-03,14,pending
DSP-10337,ORD-13315,duplicate_charge,2026-07-03,22,pending
DSP-10338,ORD-16151,item_not_received,2026-07-03,14,pending
DSP-10339,ORD-04139,item_not_received,2026-07-03,6,pending
DSP-10340,ORD-08243,not_as_described,2026-07-03,23,pending
DSP-10341,ORD-13451,item_not_received,2026-07-03,2,pending
DSP-10342,ORD-17850,duplicate_charge,2026-07-03,3,pending
DSP-10343,ORD-07181,item_not_received,2026-07-03,24,pending
DSP-10344,ORD-01664,not_as_described,2026-07-03,4,pending
DSP-10345,ORD-12941,item_not_received,2026-07-03,9,pending
DSP-10346,ORD-04961,unauthorized_transaction,2026-07-03,4,pending
DSP-10347,ORD-00612,duplicate_charge,2026-07-03,21,pending
DSP-10348,ORD-00442,not_as_described,2026-07-03,23,pending
DSP-10349,ORD-09129,not_as_described,2026-07-03,17,pending
DSP-10350,ORD-06806,item_not_received,2026-07-03,1,pending
DSP-10351,ORD-13965,not_as_described,2026-07-03,16,pending
DSP-10352,ORD-18204,not_as_described,2026-07-03,4,pending
DSP-10353,ORD-11447,item_not_received,2026-07-03,17,pending
DSP-10354,ORD-10986,duplicate_charge,2026-07-03,11,pending
DSP-10355,ORD-13986,item_not_received,2026-07-03,17,pending
DSP-10356,ORD-17015,not_as_described,2026-07-03,11,pending
DSP-10357,ORD-06171,duplicate_charge,2026-07-03,15,pending
DSP-10358,ORD-06435,not_as_described,2026-07-03,11,pending
DSP-10359,ORD-01497,item_not_received,2026-07-03,24,pending
DSP-10360,ORD-05603,not_as_described,2026-07-03,2,pending
DSP-10361,ORD-08379,unauthorized_transaction,2026-07-03,19,pending
DSP-10362,ORD-12431,item_not_received,2026-07-03,8,pending
DSP-10363,ORD-19151,not_as_described,2026-07-03,9,pending
DSP-10364,ORD-17175,item_not_received,2026-07-03,20,pending
DSP-10365,ORD-17329,item_not_received,2026-07-03,9,pending
DSP-10366,ORD-16194,unauthorized_transaction,2026-07-03,23,pending
DSP-10367,ORD-13164,item_not_received,2026-07-03,16,pending
DSP-10368,ORD-16142,unauthorized_transaction,2026-07-03,4,pending
DSP-10369,ORD-08388,item_not_received,2026-07-03,3,pending
DSP-10370,ORD-02428,item_not_received,2026-07-03,18,pending
DSP-10371,ORD-00702,unauthorized_transaction,2026-07-03,22,pending
DSP-10372,ORD-18738,not_as_described,2026-07-03,21,pending
DSP-10373,ORD-00059,item_not_received,2026-07-03,8,pending
DSP-10374,ORD-05853,not_as_described,2026-07-03,17,pending
DSP-10375,ORD-15288,unauthorized_transaction,2026-07-03,12,pending
DSP-10376,ORD-07527,not_as_described,2026-07-03,6,pending
DSP-10377,ORD-05970,unauthorized_transaction,2026-07-03,6,pending
DSP-10378,ORD-16402,not_as_described,2026-07-03,21,pending
DSP-10379,ORD-15273,duplicate_charge,2026-07-03,14,pending
DSP-10380,ORD-11199,unauthorized_transaction,2026-07-03,14,pending
DSP-10381,ORD-10610,not_as_described,2026-07-03,17,pending
DSP-10382,ORD-06501,unauthorized_transaction,2026-07-03,21,pending
DSP-10383,ORD-12231,item_not_received,2026-07-03,23,pending
DSP-10384,ORD-17628,not_as_described,2026-07-03,7,pending
DSP-10385,ORD-13306,item_not_received,2026-07-03,8,pending
DSP-10386,ORD-12250,item_not_received,2026-07-03,10,pending
DSP-10387,ORD-15848,duplicate_charge,2026-07-03,18,pending
DSP-10388,ORD-09170,duplicate_charge,2026-07-03,8,pending
DSP-10389,ORD-12379,unauthorized_transaction,2026-07-03,22,pending
DSP-10390,ORD-04754,item_not_received,2026-07-03,17,pending
DSP-10391,ORD-04332,item_not_received,2026-07-03,7,pending
DSP-10392,ORD-08905,not_as_described,2026-07-03,17,pending
DSP-10393,ORD-18211,unauthorized_transaction,2026-07-03,21,pending
DSP-10394,ORD-18610,item_not_received,2026-07-03,5,pending
DSP-10395,ORD-18522,item_not_received,2026-07-03,13,pending
DSP-10396,ORD-08698,not_as_described,2026-07-03,21,pending
DSP-10397,ORD-10075,unauthorized_transaction,2026-07-03,9,pending
DSP-10398,ORD-10821,item_not_received,2026-07-03,3,pending
DSP-10399,ORD-13140,item_not_received,2026-07-03,10,pending
DSP-10400,ORD-07382,item_not_received,2026-07-03,23,pending
DSP-10401,ORD-02308,unauthorized_transaction,2026-07-03,8,pending
DSP-10402,ORD-15854,item_not_received,2026-07-03,6,pending
DSP-10403,ORD-08134,not_as_described,2026-07-03,10,pending
DSP-10404,ORD-08944,item_not_received,2026-07-03,22,pending
DSP-10405,ORD-09686,not_as_described,2026-07-03,24,pending
DSP-10406,ORD-14776,item_not_received,2026-07-03,1,pending
DSP-10407,ORD-12349,unauthorized_transaction,2026-07-03,1,pending
DSP-10408,ORD-10900,item_not_received,2026-07-03,22,pending
DSP-10409,ORD-07765,not_as_described,2026-07-03,13,pending
DSP-10410,ORD-11710,item_not_received,2026-07-03,20,pending
DSP-10411,ORD-07583,item_not_received,2026-07-04,11,pending
DSP-10412,ORD-06685,unauthorized_transaction,2026-07-04,8,pending
DSP-10413,ORD-12818,item_not_received,2026-07-04,10,pending
DSP-10414,ORD-07713,duplicate_charge,2026-07-04,9,pending
DSP-10415,ORD-06757,not_as_described,2026-07-04,4,pending
DSP-10416,ORD-18063,not_as_described,2026-07-04,3,pending
DSP-10417,ORD-19240,unauthorized_transaction,2026-07-04,10,pending
DSP-10418,ORD-05607,unauthorized_transaction,2026-07-04,22,pending
DSP-10419,ORD-19035,item_not_received,2026-07-04,12,pending
DSP-10420,ORD-07736,not_as_described,2026-07-04,1,pending
DSP-10421,ORD-01190,unauthorized_transaction,2026-07-04,16,pending
DSP-10422,ORD-05096,not_as_described,2026-07-04,6,pending
DSP-10423,ORD-05735,duplicate_charge,2026-07-04,16,pending
DSP-10424,ORD-11030,duplicate_charge,2026-07-04,21,pending
DSP-10425,ORD-18761,not_as_described,2026-07-04,11,pending
DSP-10426,ORD-17629,not_as_described,2026-07-04,2,pending
DSP-10427,ORD-08716,item_not_received,2026-07-04,1,pending
DSP-10428,ORD-04338,unauthorized_transaction,2026-07-04,12,pending
DSP-10429,ORD-07556,duplicate_charge,2026-07-04,9,pending
DSP-10430,ORD-07582,item_not_received,2026-07-04,2,pending
DSP-10431,ORD-19397,not_as_described,2026-07-04,19,pending
DSP-10432,ORD-15308,item_not_received,2026-07-04,3,pending
DSP-10433,ORD-15785,unauthorized_transaction,2026-07-04,18,pending
DSP-10434,ORD-04457,item_not_received,2026-07-04,7,pending
DSP-10435,ORD-13795,duplicate_charge,2026-07-04,5,pending
DSP-10436,ORD-17709,duplicate_charge,2026-07-04,16,pending
DSP-10437,ORD-01679,not_as_described,2026-07-04,12,pending
DSP-10438,ORD-18593,item_not_received,2026-07-04,22,pending
DSP-10439,ORD-15433,not_as_described,2026-07-04,21,pending
DSP-10440,ORD-02371,unauthorized_transaction,2026-07-04,20,pending
DSP-10441,ORD-10964,unauthorized_transaction,2026-07-04,24,pending
DSP-10442,ORD-03422,unauthorized_transaction,2026-07-04,5,pending
DSP-10443,ORD-02268,not_as_described,2026-07-04,6,pending
DSP-10444,ORD-12982,not_as_described,2026-07-04,9,pending
DSP-10445,ORD-17068,item_not_received,2026-07-04,9,pending
DSP-10446,ORD-12525,item_not_received,2026-07-04,17,pending
DSP-10447,ORD-19527,item_not_received,2026-07-04,23,pending
DSP-10448,ORD-15509,unauthorized_transaction,2026-07-04,19,pending
DSP-10449,ORD-19422,duplicate_charge,2026-07-04,12,pending
DSP-10450,ORD-19766,unauthorized_transaction,2026-07-04,23,pending
DSP-10451,ORD-17990,not_as_described,2026-07-04,3,pending
DSP-10452,ORD-16313,unauthorized_transaction,2026-07-04,4,pending
DSP-10453,ORD-18152,item_not_received,2026-07-04,22,pending
DSP-10454,ORD-18873,not_as_described,2026-07-04,18,pending
DSP-10455,ORD-00233,not_as_described,2026-07-04,10,pending
DSP-10456,ORD-15780,item_not_received,2026-07-04,22,pending
DSP-10457,ORD-17585,item_not_received,2026-07-04,12,pending
DSP-10458,ORD-14279,duplicate_charge,2026-07-04,21,pending
DSP-10459,ORD-17469,item_not_received,2026-07-04,10,pending
DSP-10460,ORD-16112,item_not_received,2026-07-04,21,pending
DSP-10461,ORD-18128,duplicate_charge,2026-07-04,1,pending
DSP-10462,ORD-05432,unauthorized_transaction,2026-07-04,3,pending
DSP-10463,ORD-13942,not_as_described,2026-07-04,24,pending
DSP-10464,ORD-06241,not_as_described,2026-07-04,3,pending
DSP-10465,ORD-04649,item_not_received,2026-07-04,22,pending
DSP-10466,ORD-15588,item_not_received,2026-07-04,24,pending
DSP-10467,ORD-05879,unauthorized_transaction,2026-07-04,2,pending
DSP-10468,ORD-02498,unauthorized_transaction,2026-07-04,17,pending
DSP-10469,ORD-14545,item_not_received,2026-07-04,16,pending
DSP-10470,ORD-14953,item_not_received,2026-07-04,4,pending
DSP-10471,ORD-09085,not_as_described,2026-07-04,22,pending
DSP-10472,ORD-13024,not_as_described,2026-07-04,2,pending
DSP-10473,ORD-12868,unauthorized_transaction,2026-07-04,7,pending
DSP-10474,ORD-13398,item_not_received,2026-07-04,15,pending
DSP-10475,ORD-08219,not_as_described,2026-07-04,17,pending
DSP-10476,ORD-14470,not_as_described,2026-07-04,10,pending
DSP-10477,ORD-01772,item_not_received,2026-07-04,9,pending
DSP-10478,ORD-11822,item_not_received,2026-07-04,14,pending
DSP-10479,ORD-01087,item_not_received,2026-07-04,11,pending
DSP-10480,ORD-01136,not_as_described,2026-07-04,7,pending
DSP-10481,ORD-19358,duplicate_charge,2026-07-04,9,pending
DSP-10482,ORD-04580,not_as_described,2026-07-04,15,pending
DSP-10483,ORD-13604,duplicate_charge,2026-07-04,5,pending
DSP-10484,ORD-15278,not_as_described,2026-07-04,1,pending
DSP-10485,ORD-10077,not_as_described,2026-07-04,10,pending
DSP-10486,ORD-12157,item_not_received,2026-07-04,6,pending
DSP-10487,ORD-07146,duplicate_charge,2026-07-04,22,pending
DSP-10488,ORD-06981,item_not_received,2026-07-04,1,pending
DSP-10489,ORD-10963,not_as_described,2026-07-04,24,pending
DSP-10490,ORD-14712,item_not_received,2026-07-04,22,pending
DSP-10491,ORD-03232,unauthorized_transaction,2026-07-04,12,pending
DSP-10492,ORD-00441,not_as_described,2026-07-04,21,pending
DSP-10493,ORD-10908,item_not_received,2026-07-04,22,pending
DSP-10494,ORD-04642,item_not_received,2026-07-04,1,pending
DSP-10495,ORD-06030,duplicate_charge,2026-07-04,13,pending
DSP-10496,ORD-05535,not_as_described,2026-07-04,20,pending
DSP-10497,ORD-07472,not_as_described,2026-07-04,12,pending
DSP-10498,ORD-13323,duplicate_charge,2026-07-04,13,pending
DSP-10499,ORD-19895,item_not_received,2026-07-04,22,pending
DSP-10500,ORD-10738,not_as_described,2026-07-04,12,pending
DSP-10501,ORD-01528,duplicate_charge,2026-07-04,17,pending
DSP-10502,ORD-11982,item_not_received,2026-07-04,5,pending
DSP-10503,ORD-02627,unauthorized_transaction,2026-07-04,12,pending
DSP-10504,ORD-17084,duplicate_charge,2026-07-04,16,pending
DSP-10505,ORD-06637,item_not_received,2026-07-04,19,pending
DSP-10506,ORD-04594,duplicate_charge,2026-07-04,5,pending
DSP-10507,ORD-17403,duplicate_charge,2026-07-04,5,pending
DSP-10508,ORD-07668,unauthorized_transaction,2026-07-05,19,pending
DSP-10509,ORD-17843,unauthorized_transaction,2026-07-05,2,pending
DSP-10510,ORD-09357,duplicate_charge,2026-07-05,17,pending
DSP-10511,ORD-10293,item_not_received,2026-07-05,11,pending
DSP-10512,ORD-15246,unauthorized_transaction,2026-07-05,5,pending
DSP-10513,ORD-12937,unauthorized_transaction,2026-07-05,9,pending
DSP-10514,ORD-00396,unauthorized_transaction,2026-07-05,11,pending
DSP-10515,ORD-08196,not_as_described,2026-07-05,24,pending
DSP-10516,ORD-14228,unauthorized_transaction,2026-07-05,15,pending
DSP-10517,ORD-13890,unauthorized_transaction,2026-07-05,6,pending
DSP-10518,ORD-03103,not_as_described,2026-07-05,8,pending
DSP-10519,ORD-04866,duplicate_charge,2026-07-05,21,pending
DSP-10520,ORD-00030,item_not_received,2026-07-05,6,pending
DSP-10521,ORD-17538,not_as_described,2026-07-05,23,pending
DSP-10522,ORD-07248,item_not_received,2026-07-05,12,pending
DSP-10523,ORD-14358,not_as_described,2026-07-05,24,pending
DSP-10524,ORD-12673,unauthorized_transaction,2026-07-05,7,pending
DSP-10525,ORD-13513,not_as_described,2026-07-05,22,pending
DSP-10526,ORD-02994,unauthorized_transaction,2026-07-05,15,pending
DSP-10527,ORD-17391,not_as_described,2026-07-05,19,pending
DSP-10528,ORD-10575,item_not_received,2026-07-05,14,pending
DSP-10529,ORD-01815,duplicate_charge,2026-07-05,6,pending
DSP-10530,ORD-13909,item_not_received,2026-07-05,14,pending
DSP-10531,ORD-03668,unauthorized_transaction,2026-07-05,13,pending
DSP-10532,ORD-11067,not_as_described,2026-07-05,4,pending
DSP-10533,ORD-05680,not_as_described,2026-07-05,24,pending
DSP-10534,ORD-05652,item_not_received,2026-07-05,20,pending
DSP-10535,ORD-01765,not_as_described,2026-07-05,7,pending
DSP-10536,ORD-07853,not_as_described,2026-07-05,1,pending
DSP-10537,ORD-14334,unauthorized_transaction,2026-07-05,11,pending
DSP-10538,ORD-09452,item_not_received,2026-07-05,13,pending
DSP-10539,ORD-13621,item_not_received,2026-07-05,9,pending
DSP-10540,ORD-00162,not_as_described,2026-07-05,16,pending
DSP-10541,ORD-14283,not_as_described,2026-07-05,20,pending
DSP-10542,ORD-10050,item_not_received,2026-07-05,15,pending
DSP-10543,ORD-07835,not_as_described,2026-07-05,24,pending
DSP-10544,ORD-08770,unauthorized_transaction,2026-07-05,10,pending
DSP-10545,ORD-03091,not_as_described,2026-07-05,18,pending
DSP-10546,ORD-00902,unauthorized_transaction,2026-07-05,12,pending
DSP-10547,ORD-11228,not_as_described,2026-07-05,24,pending
DSP-10548,ORD-09701,unauthorized_transaction,2026-07-05,24,pending
DSP-10549,ORD-07962,unauthorized_transaction,2026-07-05,1,pending
DSP-10550,ORD-11977,unauthorized_transaction,2026-07-05,8,pending
DSP-10551,ORD-03908,item_not_received,2026-07-05,11,pending
DSP-10552,ORD-11070,duplicate_charge,2026-07-05,12,pending
DSP-10553,ORD-18033,unauthorized_transaction,2026-07-05,12,pending
DSP-10554,ORD-14709,not_as_described,2026-07-05,23,pending
DSP-10555,ORD-19398,duplicate_charge,2026-07-05,7,pending
DSP-10556,ORD-04955,not_as_described,2026-07-05,1,pending
DSP-10557,ORD-07877,unauthorized_transaction,2026-07-05,8,pending
DSP-10558,ORD-00154,unauthorized_transaction,2026-07-05,14,pending
DSP-10559,ORD-11133,not_as_described,2026-07-05,18,pending
DSP-10560,ORD-02208,unauthorized_transaction,2026-07-05,1,pending
DSP-10561,ORD-16119,item_not_received,2026-07-05,15,pending
DSP-10562,ORD-16828,unauthorized_transaction,2026-07-05,13,pending
DSP-10563,ORD-13524,item_not_received,2026-07-05,20,pending
DSP-10564,ORD-12963,not_as_described,2026-07-05,18,pending
DSP-10565,ORD-18114,item_not_received,2026-07-05,16,pending
DSP-10566,ORD-19865,item_not_received,2026-07-05,12,pending
DSP-10567,ORD-15093,item_not_received,2026-07-05,17,pending
DSP-10568,ORD-09233,item_not_received,2026-07-05,17,pending
DSP-10569,ORD-02550,item_not_received,2026-07-05,12,pending
DSP-10570,ORD-16124,unauthorized_transaction,2026-07-05,3,pending
DSP-10571,ORD-08418,unauthorized_transaction,2026-07-05,11,pending
DSP-10572,ORD-11624,not_as_described,2026-07-05,7,pending
DSP-10573,ORD-02613,not_as_described,2026-07-05,12,pending
DSP-10574,ORD-00425,duplicate_charge,2026-07-05,9,pending
DSP-10575,ORD-15473,item_not_received,2026-07-05,15,pending
DSP-10576,ORD-05844,duplicate_charge,2026-07-05,5,pending
DSP-10577,ORD-01732,item_not_received,2026-07-05,14,pending
DSP-10578,ORD-06119,item_not_received,2026-07-05,19,pending
DSP-10579,ORD-07340,not_as_described,2026-07-05,12,pending
DSP-10580,ORD-17361,unauthorized_transaction,2026-07-05,23,pending
DSP-10581,ORD-19096,not_as_described,2026-07-05,24,pending
DSP-10582,ORD-18206,unauthorized_transaction,2026-07-05,20,pending
DSP-10583,ORD-14128,not_as_described,2026-07-05,23,pending
DSP-10584,ORD-06238,not_as_described,2026-07-05,23,pending
DSP-10585,ORD-11698,not_as_described,2026-07-05,23,pending
DSP-10586,ORD-17754,unauthorized_transaction,2026-07-05,12,pending
DSP-10587,ORD-02899,unauthorized_transaction,2026-07-05,16,pending
DSP-10588,ORD-17565,duplicate_charge,2026-07-05,20,pending
DSP-10589,ORD-14118,unauthorized_transaction,2026-07-05,20,pending
DSP-10590,ORD-02494,unauthorized_transaction,2026-07-05,6,pending
DSP-10591,ORD-12180,item_not_received,2026-07-05,1,pending
DSP-10592,ORD-04262,not_as_described,2026-07-05,2,pending
DSP-10593,ORD-07740,item_not_received,2026-07-05,21,pending
DSP-10594,ORD-03358,item_not_received,2026-07-05,8,pending
DSP-10595,ORD-05693,not_as_described,2026-07-05,23,pending
DSP-10596,ORD-11214,item_not_received,2026-07-05,9,pending
DSP-10597,ORD-09895,not_as_described,2026-07-05,18,pending
DSP-10598,ORD-01913,unauthorized_transaction,2026-07-05,11,pending
DSP-10599,ORD-07268,not_as_described,2026-07-05,19,pending
DSP-10600,ORD-12863,unauthorized_transaction,2026-07-05,19,pending
DSP-10601,ORD-16438,duplicate_charge,2026-07-05,7,pending
DSP-10602,ORD-19565,not_as_described,2026-07-05,23,pending
DSP-10603,ORD-17050,item_not_received,2026-07-06,20,pending
DSP-10604,ORD-04217,not_as_described,2026-07-06,6,pending
DSP-10605,ORD-17339,item_not_received,2026-07-06,24,pending
DSP-10606,ORD-18366,item_not_received,2026-07-06,19,pending
DSP-10607,ORD-11867,not_as_described,2026-07-06,22,pending
DSP-10608,ORD-07085,item_not_received,2026-07-06,12,pending
DSP-10609,ORD-12521,not_as_described,2026-07-06,4,pending
DSP-10610,ORD-11003,duplicate_charge,2026-07-06,24,pending
DSP-10611,ORD-12115,duplicate_charge,2026-07-06,3,pending
DSP-10612,ORD-13049,unauthorized_transaction,2026-07-06,24,pending
DSP-10613,ORD-18042,not_as_described,2026-07-06,15,pending
DSP-10614,ORD-01685,duplicate_charge,2026-07-06,5,pending
DSP-10615,ORD-02862,duplicate_charge,2026-07-06,9,pending
DSP-10616,ORD-16738,unauthorized_transaction,2026-07-06,9,pending
DSP-10617,ORD-19555,unauthorized_transaction,2026-07-06,16,pending
DSP-10618,ORD-10770,duplicate_charge,2026-07-06,2,pending
DSP-10619,ORD-00210,item_not_received,2026-07-06,18,pending
DSP-10620,ORD-17935,duplicate_charge,2026-07-06,21,pending
DSP-10621,ORD-03305,item_not_received,2026-07-06,15,pending
DSP-10622,ORD-06781,item_not_received,2026-07-06,15,pending
DSP-10623,ORD-11457,item_not_received,2026-07-06,15,pending
DSP-10624,ORD-07989,item_not_received,2026-07-06,4,pending
DSP-10625,ORD-03823,unauthorized_transaction,2026-07-06,18,pending
DSP-10626,ORD-08217,item_not_received,2026-07-06,6,pending
DSP-10627,ORD-14792,item_not_received,2026-07-06,7,pending
DSP-10628,ORD-04543,unauthorized_transaction,2026-07-06,8,pending
DSP-10629,ORD-16898,unauthorized_transaction,2026-07-06,1,pending
DSP-10630,ORD-19791,unauthorized_transaction,2026-07-06,11,pending
DSP-10631,ORD-06589,not_as_described,2026-07-06,12,pending
DSP-10632,ORD-07994,item_not_received,2026-07-06,9,pending
DSP-10633,ORD-16296,not_as_described,2026-07-06,3,pending
DSP-10634,ORD-19833,not_as_described,2026-07-06,3,pending
DSP-10635,ORD-16189,unauthorized_transaction,2026-07-06,21,pending
DSP-10636,ORD-11427,not_as_described,2026-07-06,22,pending
DSP-10637,ORD-11948,item_not_received,2026-07-06,12,pending
DSP-10638,ORD-02433,item_not_received,2026-07-06,3,pending
DSP-10639,ORD-00166,unauthorized_transaction,2026-07-06,15,pending
DSP-10640,ORD-13089,item_not_received,2026-07-06,14,pending
DSP-10641,ORD-07700,item_not_received,2026-07-06,8,pending
DSP-10642,ORD-15869,not_as_described,2026-07-06,23,pending
DSP-10643,ORD-03458,item_not_received,2026-07-06,12,pending
DSP-10644,ORD-14134,duplicate_charge,2026-07-06,11,pending
DSP-10645,ORD-01906,duplicate_charge,2026-07-06,1,pending
DSP-10646,ORD-19337,not_as_described,2026-07-06,18,pending
DSP-10647,ORD-03863,not_as_described,2026-07-06,22,pending
DSP-10648,ORD-11912,duplicate_charge,2026-07-06,2,pending
DSP-10649,ORD-12576,not_as_described,2026-07-06,11,pending
DSP-10650,ORD-07230,not_as_described,2026-07-06,10,pending
DSP-10651,ORD-11972,not_as_described,2026-07-06,3,pending
DSP-10652,ORD-08672,item_not_received,2026-07-06,22,pending
DSP-10653,ORD-08912,item_not_received,2026-07-06,12,pending
DSP-10654,ORD-13287,item_not_received,2026-07-06,19,pending
DSP-10655,ORD-02224,unauthorized_transaction,2026-07-06,21,pending
DSP-10656,ORD-09440,unauthorized_transaction,2026-07-06,7,pending
DSP-10657,ORD-08075,item_not_received,2026-07-06,20,pending
DSP-10658,ORD-18964,not_as_described,2026-07-06,11,pending
DSP-10659,ORD-19508,item_not_received,2026-07-06,16,pending
DSP-10660,ORD-13790,not_as_described,2026-07-06,10,pending
DSP-10661,ORD-08472,not_as_described,2026-07-06,6,pending
DSP-10662,ORD-03361,not_as_described,2026-07-06,15,pending
DSP-10663,ORD-06252,item_not_received,2026-07-06,6,pending
DSP-10664,ORD-00928,duplicate_charge,2026-07-06,19,pending
DSP-10665,ORD-02238,item_not_received,2026-07-06,4,pending
DSP-10666,ORD-19684,unauthorized_transaction,2026-07-06,4,pending
DSP-10667,ORD-12968,not_as_described,2026-07-06,8,pending
DSP-10668,ORD-16653,not_as_described,2026-07-06,24,pending
DSP-10669,ORD-07300,not_as_described,2026-07-06,7,pending
DSP-10670,ORD-07863,item_not_received,2026-07-06,24,pending
DSP-10671,ORD-00827,item_not_received,2026-07-06,18,pending
DSP-10672,ORD-01455,unauthorized_transaction,2026-07-06,13,pending
DSP-10673,ORD-16718,not_as_described,2026-07-06,21,pending
DSP-10674,ORD-13226,item_not_received,2026-07-06,3,pending
DSP-10675,ORD-06587,not_as_described,2026-07-06,8,pending
DSP-10676,ORD-11716,unauthorized_transaction,2026-07-06,8,pending
DSP-10677,ORD-18762,item_not_received,2026-07-06,1,pending
DSP-10678,ORD-10094,unauthorized_transaction,2026-07-06,18,pending
DSP-10679,ORD-19089,item_not_received,2026-07-06,2,pending
DSP-10680,ORD-12026,not_as_described,2026-07-06,9,pending
DSP-10681,ORD-14506,item_not_received,2026-07-06,15,pending
DSP-10682,ORD-13863,not_as_described,2026-07-06,19,pending
DSP-10683,ORD-10653,not_as_described,2026-07-06,6,pending
DSP-10684,ORD-08013,item_not_received,2026-07-06,15,pending
DSP-10685,ORD-18809,duplicate_charge,2026-07-06,2,pending
DSP-10686,ORD-13803,unauthorized_transaction,2026-07-06,3,pending
DSP-10687,ORD-09014,not_as_described,2026-07-06,7,pending
DSP-10688,ORD-02225,unauthorized_transaction,2026-07-06,4,pending
DSP-10689,ORD-11609,unauthorized_transaction,2026-07-06,21,pending
DSP-10690,ORD-18948,item_not_received,2026-07-06,10,pending
DSP-10691,ORD-05275,unauthorized_transaction,2026-07-06,19,pending
DSP-10692,ORD-06988,unauthorized_transaction,2026-07-06,20,pending
DSP-10693,ORD-17212,not_as_described,2026-07-06,22,pending
DSP-10694,ORD-16485,duplicate_charge,2026-07-06,16,pending
DSP-10695,ORD-17185,item_not_received,2026-07-06,9,pending
DSP-10696,ORD-08137,not_as_described,2026-07-06,6,pending
DSP-10697,ORD-15003,duplicate_charge,2026-07-07,17,pending
DSP-10698,ORD-03503,item_not_received,2026-07-07,1,pending
DSP-10699,ORD-10646,item_not_received,2026-07-07,6,pending
DSP-10700,ORD-12900,item_not_received,2026-07-07,4,pending
DSP-10701,ORD-00387,unauthorized_transaction,2026-07-07,7,pending
DSP-10702,ORD-00713,not_as_described,2026-07-07,5,pending
DSP-10703,ORD-13713,unauthorized_transaction,2026-07-07,9,pending
DSP-10704,ORD-16588,unauthorized_transaction,2026-07-07,7,pending
DSP-10705,ORD-02993,unauthorized_transaction,2026-07-07,23,pending
DSP-10706,ORD-05606,not_as_described,2026-07-07,9,pending
DSP-10707,ORD-18668,not_as_described,2026-07-07,13,pending
DSP-10708,ORD-05430,unauthorized_transaction,2026-07-07,2,pending
DSP-10709,ORD-04282,item_not_received,2026-07-07,20,pending
DSP-10710,ORD-03211,not_as_described,2026-07-07,20,pending
DSP-10711,ORD-15870,not_as_described,2026-07-07,7,pending
DSP-10712,ORD-18942,duplicate_charge,2026-07-07,10,pending
DSP-10713,ORD-09716,duplicate_charge,2026-07-07,15,pending
DSP-10714,ORD-05701,item_not_received,2026-07-07,15,pending
DSP-10715,ORD-18004,item_not_received,2026-07-07,23,pending
DSP-10716,ORD-06886,item_not_received,2026-07-07,6,pending
DSP-10717,ORD-03757,duplicate_charge,2026-07-07,22,pending
DSP-10718,ORD-17851,unauthorized_transaction,2026-07-07,5,pending
DSP-10719,ORD-09627,duplicate_charge,2026-07-07,13,pending
DSP-10720,ORD-05360,unauthorized_transaction,2026-07-07,22,pending
DSP-10721,ORD-05373,not_as_described,2026-07-07,22,pending
DSP-10722,ORD-06456,duplicate_charge,2026-07-07,3,pending
DSP-10723,ORD-00272,item_not_received,2026-07-07,6,pending
DSP-10724,ORD-14240,not_as_described,2026-07-07,5,pending
DSP-10725,ORD-01998,unauthorized_transaction,2026-07-07,15,pending
DSP-10726,ORD-06756,unauthorized_transaction,2026-07-07,18,pending
DSP-10727,ORD-05001,unauthorized_transaction,2026-07-07,19,pending
DSP-10728,ORD-06747,unauthorized_transaction,2026-07-07,6,pending
DSP-10729,ORD-08893,duplicate_charge,2026-07-07,20,pending
DSP-10730,ORD-16516,item_not_received,2026-07-07,3,pending
DSP-10731,ORD-08685,duplicate_charge,2026-07-07,14,pending
DSP-10732,ORD-13836,item_not_received,2026-07-07,7,pending
DSP-10733,ORD-11168,not_as_described,2026-07-07,4,pending
DSP-10734,ORD-08973,unauthorized_transaction,2026-07-07,15,pending
DSP-10735,ORD-00535,unauthorized_transaction,2026-07-07,1,pending
DSP-10736,ORD-18657,item_not_received,2026-07-07,1,pending
DSP-10737,ORD-03489,not_as_described,2026-07-07,11,pending
DSP-10738,ORD-09503,not_as_described,2026-07-07,9,pending
DSP-10739,ORD-18482,item_not_received,2026-07-07,19,pending
DSP-10740,ORD-11505,item_not_received,2026-07-07,18,pending
DSP-10741,ORD-09923,not_as_described,2026-07-07,5,pending
DSP-10742,ORD-02480,item_not_received,2026-07-07,13,pending
DSP-10743,ORD-08993,not_as_described,2026-07-07,16,pending
DSP-10744,ORD-12330,item_not_received,2026-07-07,14,pending
DSP-10745,ORD-04263,item_not_received,2026-07-07,7,pending
DSP-10746,ORD-13727,item_not_received,2026-07-07,2,pending
DSP-10747,ORD-05197,item_not_received,2026-07-07,6,pending
DSP-10748,ORD-09180,unauthorized_transaction,2026-07-07,10,pending
DSP-10749,ORD-14016,duplicate_charge,2026-07-07,21,pending
DSP-10750,ORD-09830,item_not_received,2026-07-07,7,pending
DSP-10751,ORD-19287,item_not_received,2026-07-07,21,pending
DSP-10752,ORD-17364,not_as_described,2026-07-07,7,pending
DSP-10753,ORD-12689,duplicate_charge,2026-07-07,20,pending
DSP-10754,ORD-14683,not_as_described,2026-07-07,3,pending
DSP-10755,ORD-15555,item_not_received,2026-07-07,6,pending
DSP-10756,ORD-01508,item_not_received,2026-07-07,14,pending
DSP-10757,ORD-05888,unauthorized_transaction,2026-07-07,21,pending
DSP-10758,ORD-12562,duplicate_charge,2026-07-07,11,pending
DSP-10759,ORD-16165,item_not_received,2026-07-07,20,pending
DSP-10760,ORD-11082,not_as_described,2026-07-07,8,pending
DSP-10761,ORD-06415,unauthorized_transaction,2026-07-07,14,pending
DSP-10762,ORD-01276,item_not_received,2026-07-07,7,pending
DSP-10763,ORD-13934,unauthorized_transaction,2026-07-07,17,pending
DSP-10764,ORD-09454,item_not_received,2026-07-07,22,pending
DSP-10765,ORD-12040,duplicate_charge,2026-07-07,4,pending
DSP-10766,ORD-16910,duplicate_charge,2026-07-07,6,pending
DSP-10767,ORD-00088,not_as_described,2026-07-07,23,pending
DSP-10768,ORD-04485,item_not_received,2026-07-07,20,pending
DSP-10769,ORD-09481,duplicate_charge,2026-07-07,18,pending
DSP-10770,ORD-04795,duplicate_charge,2026-07-07,24,pending
DSP-10771,ORD-08639,duplicate_charge,2026-07-07,8,pending
DSP-10772,ORD-14432,not_as_described,2026-07-07,15,pending
DSP-10773,ORD-18396,item_not_received,2026-07-07,24,pending
DSP-10774,ORD-02496,unauthorized_transaction,2026-07-07,11,pending
DSP-10775,ORD-06994,duplicate_charge,2026-07-07,8,pending
DSP-10776,ORD-14657,item_not_received,2026-07-07,10,pending
DSP-10777,ORD-10518,unauthorized_transaction,2026-07-07,7,pending
DSP-10778,ORD-00120,not_as_described,2026-07-07,6,pending
DSP-10779,ORD-17449,unauthorized_transaction,2026-07-07,6,pending
DSP-10780,ORD-10694,duplicate_charge,2026-07-07,1,pending
DSP-10781,ORD-01330,unauthorized_transaction,2026-07-07,12,pending
DSP-10782,ORD-05484,item_not_received,2026-07-07,21,pending
DSP-10783,ORD-16034,item_not_received,2026-07-07,7,pending
DSP-10784,ORD-00407,unauthorized_transaction,2026-07-07,7,pending
DSP-10785,ORD-12460,unauthorized_transaction,2026-07-07,24,pending
DSP-10786,ORD-00715,item_not_received,2026-07-07,16,pending
DSP-10787,ORD-15628,unauthorized_transaction,2026-07-07,17,pending
DSP-10788,ORD-07200,item_not_received,2026-07-07,23,pending
DSP-10789,ORD-11149,item_not_received,2026-07-07,17,pending
DSP-10790,ORD-09961,item_not_received,2026-07-08,9,pending
DSP-10791,ORD-09567,item_not_received,2026-07-08,7,pending
DSP-10792,ORD-02016,unauthorized_transaction,2026-07-08,14,pending
DSP-10793,ORD-06387,not_as_described,2026-07-08,12,pending
DSP-10794,ORD-00545,duplicate_charge,2026-07-08,13,pending
DSP-10795,ORD-11778,not_as_described,2026-07-08,13,pending
DSP-10796,ORD-19867,unauthorized_transaction,2026-07-08,20,pending
DSP-10797,ORD-10243,not_as_described,2026-07-08,23,pending
DSP-10798,ORD-12314,not_as_described,2026-07-08,12,pending
DSP-10799,ORD-02179,duplicate_charge,2026-07-08,21,pending
DSP-10800,ORD-16685,unauthorized_transaction,2026-07-08,15,pending
DSP-10801,ORD-16252,item_not_received,2026-07-08,5,pending
DSP-10802,ORD-11959,item_not_received,2026-07-08,22,pending
DSP-10803,ORD-09529,item_not_received,2026-07-08,21,pending
DSP-10804,ORD-12995,not_as_described,2026-07-08,7,pending
DSP-10805,ORD-12209,unauthorized_transaction,2026-07-08,17,pending
DSP-10806,ORD-00271,item_not_received,2026-07-08,14,pending
DSP-10807,ORD-08628,unauthorized_transaction,2026-07-08,7,pending
DSP-10808,ORD-05845,not_as_described,2026-07-08,22,pending
DSP-10809,ORD-10088,item_not_received,2026-07-08,6,pending
DSP-10810,ORD-11841,unauthorized_transaction,2026-07-08,9,pending
DSP-10811,ORD-09938,duplicate_charge,2026-07-08,12,pending
DSP-10812,ORD-14424,not_as_described,2026-07-08,7,pending
DSP-10813,ORD-10769,unauthorized_transaction,2026-07-08,18,pending
DSP-10814,ORD-07430,item_not_received,2026-07-08,15,pending
DSP-10815,ORD-07904,item_not_received,2026-07-08,24,pending
DSP-10816,ORD-12287,duplicate_charge,2026-07-08,16,pending
DSP-10817,ORD-10287,unauthorized_transaction,2026-07-08,16,pending
DSP-10818,ORD-13374,unauthorized_transaction,2026-07-08,17,pending
DSP-10819,ORD-19728,unauthorized_transaction,2026-07-08,2,pending
DSP-10820,ORD-03700,unauthorized_transaction,2026-07-08,9,pending
DSP-10821,ORD-17634,unauthorized_transaction,2026-07-08,16,pending
DSP-10822,ORD-04929,unauthorized_transaction,2026-07-08,23,pending
DSP-10823,ORD-06452,unauthorized_transaction,2026-07-08,22,pending
DSP-10824,ORD-09854,item_not_received,2026-07-08,11,pending
DSP-10825,ORD-17905,item_not_received,2026-07-08,23,pending
DSP-10826,ORD-15924,item_not_received,2026-07-08,16,pending
DSP-10827,ORD-16228,unauthorized_transaction,2026-07-08,7,pending
DSP-10828,ORD-01524,unauthorized_transaction,2026-07-08,13,pending
DSP-10829,ORD-18822,unauthorized_transaction,2026-07-08,17,pending
DSP-10830,ORD-18183,duplicate_charge,2026-07-08,1,pending
DSP-10831,ORD-08815,not_as_described,2026-07-08,15,pending
DSP-10832,ORD-14499,item_not_received,2026-07-08,21,pending
DSP-10833,ORD-02131,item_not_received,2026-07-08,4,pending
DSP-10834,ORD-04184,not_as_described,2026-07-08,7,pending
DSP-10835,ORD-05107,unauthorized_transaction,2026-07-08,20,pending
DSP-10836,ORD-07258,item_not_received,2026-07-08,15,pending
DSP-10837,ORD-16428,item_not_received,2026-07-08,13,pending
DSP-10838,ORD-09006,not_as_described,2026-07-08,9,pending
DSP-10839,ORD-19672,unauthorized_transaction,2026-07-08,3,pending
DSP-10840,ORD-12076,item_not_received,2026-07-08,8,pending
DSP-10841,ORD-00455,duplicate_charge,2026-07-08,8,pending
DSP-10842,ORD-05520,unauthorized_transaction,2026-07-08,9,pending
DSP-10843,ORD-03448,duplicate_charge,2026-07-08,13,pending
DSP-10844,ORD-16986,unauthorized_transaction,2026-07-08,10,pending
DSP-10845,ORD-14803,not_as_described,2026-07-08,20,pending
DSP-10846,ORD-06416,item_not_received,2026-07-08,13,pending
DSP-10847,ORD-02298,unauthorized_transaction,2026-07-08,11,pending
DSP-10848,ORD-02462,unauthorized_transaction,2026-07-08,7,pending
DSP-10849,ORD-13281,unauthorized_transaction,2026-07-08,24,pending
DSP-10850,ORD-08700,not_as_described,2026-07-08,18,pending
DSP-10851,ORD-07161,unauthorized_transaction,2026-07-08,8,pending
DSP-10852,ORD-07543,unauthorized_transaction,2026-07-08,9,pending
DSP-10853,ORD-08462,item_not_received,2026-07-08,18,pending
DSP-10854,ORD-05530,unauthorized_transaction,2026-07-08,18,pending
DSP-10855,ORD-14133,duplicate_charge,2026-07-08,2,pending
DSP-10856,ORD-04522,item_not_received,2026-07-08,4,pending
DSP-10857,ORD-04877,unauthorized_transaction,2026-07-08,18,pending
DSP-10858,ORD-03102,unauthorized_transaction,2026-07-08,9,pending
DSP-10859,ORD-09146,duplicate_charge,2026-07-08,14,pending
DSP-10860,ORD-16566,not_as_described,2026-07-08,24,pending
DSP-10861,ORD-16193,unauthorized_transaction,2026-07-08,12,pending
DSP-10862,ORD-03990,unauthorized_transaction,2026-07-08,12,pending
DSP-10863,ORD-17733,item_not_received,2026-07-08,18,pending
DSP-10864,ORD-19674,not_as_described,2026-07-08,23,pending
DSP-10865,ORD-14537,unauthorized_transaction,2026-07-08,20,pending
DSP-10866,ORD-11980,unauthorized_transaction,2026-07-08,19,pending
DSP-10867,ORD-15174,item_not_received,2026-07-08,23,pending
DSP-10868,ORD-14241,duplicate_charge,2026-07-08,19,pending
DSP-10869,ORD-05650,duplicate_charge,2026-07-08,13,pending
DSP-10870,ORD-13240,item_not_received,2026-07-08,20,pending
DSP-10871,ORD-17433,item_not_received,2026-07-08,2,pending
DSP-10872,ORD-11846,not_as_described,2026-07-08,20,pending
DSP-10873,ORD-12082,item_not_received,2026-07-08,9,pending
DSP-10874,ORD-02775,item_not_received,2026-07-08,7,pending
DSP-10875,ORD-03343,not_as_described,2026-07-08,2,pending
DSP-10876,ORD-05014,not_as_described,2026-07-08,4,pending
DSP-10877,ORD-03948,unauthorized_transaction,2026-07-08,15,pending
DSP-10878,ORD-06375,not_as_described,2026-07-08,22,pending
DSP-10879,ORD-16899,item_not_received,2026-07-08,20,pending
DSP-10880,ORD-04741,not_as_described,2026-07-08,18,pending
DSP-10881,ORD-10713,not_as_described,2026-07-08,11,pending
DSP-10882,ORD-05780,not_as_described,2026-07-08,3,pending
DSP-10883,ORD-13930,item_not_received,2026-07-08,1,pending
DSP-10884,ORD-18993,not_as_described,2026-07-08,22,pending
DSP-10885,ORD-07775,unauthorized_transaction,2026-07-08,8,pending
DSP-10886,ORD-04036,item_not_received,2026-07-08,10,pending
DSP-10887,ORD-00613,item_not_received,2026-07-08,14,pending
DSP-10888,ORD-06061,unauthorized_transaction,2026-07-08,16,pending
DSP-10889,ORD-15968,item_not_received,2026-07-08,8,pending
DSP-10890,ORD-04986,duplicate_charge,2026-07-08,6,pending
DSP-10891,ORD-04761,not_as_described,2026-07-08,14,pending
DSP-10892,ORD-17671,not_as_described,2026-07-09,2,pending
DSP-10893,ORD-05057,duplicate_charge,2026-07-09,16,pending
DSP-10894,ORD-07102,not_as_described,2026-07-09,2,pending
DSP-10895,ORD-02858,not_as_described,2026-07-09,16,pending
DSP-10896,ORD-17781,unauthorized_transaction,2026-07-09,2,pending
DSP-10897,ORD-00055,item_not_received,2026-07-09,11,pending
DSP-10898,ORD-11431,unauthorized_transaction,2026-07-09,22,pending
DSP-10899,ORD-19951,item_not_received,2026-07-09,10,pending
DSP-10900,ORD-09457,unauthorized_transaction,2026-07-09,8,pending
DSP-10901,ORD-06517,item_not_received,2026-07-09,24,pending
DSP-10902,ORD-05801,item_not_received,2026-07-09,5,pending
DSP-10903,ORD-08428,not_as_described,2026-07-09,19,pending
DSP-10904,ORD-06126,duplicate_charge,2026-07-09,23,pending
DSP-10905,ORD-04258,duplicate_charge,2026-07-09,16,pending
DSP-10906,ORD-18514,duplicate_charge,2026-07-09,2,pending
DSP-10907,ORD-19820,not_as_described,2026-07-09,23,pending
DSP-10908,ORD-18633,item_not_received,2026-07-09,17,pending
DSP-10909,ORD-13377,item_not_received,2026-07-09,4,pending
DSP-10910,ORD-00642,unauthorized_transaction,2026-07-09,16,pending
DSP-10911,ORD-09466,duplicate_charge,2026-07-09,17,pending
DSP-10912,ORD-15364,unauthorized_transaction,2026-07-09,3,pending
DSP-10913,ORD-17854,unauthorized_transaction,2026-07-09,23,pending
DSP-10914,ORD-10010,not_as_described,2026-07-09,22,pending
DSP-10915,ORD-16060,item_not_received,2026-07-09,20,pending
DSP-10916,ORD-06388,not_as_described,2026-07-09,7,pending
DSP-10917,ORD-11213,duplicate_charge,2026-07-09,11,pending
DSP-10918,ORD-04471,duplicate_charge,2026-07-09,17,pending
DSP-10919,ORD-15660,item_not_received,2026-07-09,20,pending
DSP-10920,ORD-05545,not_as_described,2026-07-09,4,pending
DSP-10921,ORD-12212,item_not_received,2026-07-09,22,pending
DSP-10922,ORD-00352,duplicate_charge,2026-07-09,11,pending
DSP-10923,ORD-02088,item_not_received,2026-07-09,4,pending
DSP-10924,ORD-18598,not_as_described,2026-07-09,13,pending
DSP-10925,ORD-11095,item_not_received,2026-07-09,10,pending
DSP-10926,ORD-09519,unauthorized_transaction,2026-07-09,21,pending
DSP-10927,ORD-17156,not_as_described,2026-07-09,3,pending
DSP-10928,ORD-01594,item_not_received,2026-07-09,18,pending
DSP-10929,ORD-10867,item_not_received,2026-07-09,17,pending
DSP-10930,ORD-14857,not_as_described,2026-07-09,6,pending
DSP-10931,ORD-15607,unauthorized_transaction,2026-07-09,7,pending
DSP-10932,ORD-16380,item_not_received,2026-07-09,16,pending
DSP-10933,ORD-18190,not_as_described,2026-07-09,11,pending
DSP-10934,ORD-18659,duplicate_charge,2026-07-09,2,pending
DSP-10935,ORD-03501,unauthorized_transaction,2026-07-09,17,pending
DSP-10936,ORD-12854,unauthorized_transaction,2026-07-09,2,pending
DSP-10937,ORD-01127,unauthorized_transaction,2026-07-09,7,pending
DSP-10938,ORD-12243,not_as_described,2026-07-09,6,pending
DSP-10939,ORD-05882,unauthorized_transaction,2026-07-09,2,pending
DSP-10940,ORD-18590,item_not_received,2026-07-09,5,pending
DSP-10941,ORD-12581,item_not_received,2026-07-09,9,pending
DSP-10942,ORD-05262,not_as_described,2026-07-09,6,pending
DSP-10943,ORD-06157,duplicate_charge,2026-07-09,1,pending
DSP-10944,ORD-12677,unauthorized_transaction,2026-07-09,13,pending
DSP-10945,ORD-15299,duplicate_charge,2026-07-09,22,pending
DSP-10946,ORD-09476,item_not_received,2026-07-09,1,pending
DSP-10947,ORD-03368,unauthorized_transaction,2026-07-09,1,pending
DSP-10948,ORD-05174,duplicate_charge,2026-07-09,2,pending
DSP-10949,ORD-04237,not_as_described,2026-07-09,13,pending
DSP-10950,ORD-05156,unauthorized_transaction,2026-07-09,21,pending
DSP-10951,ORD-16728,item_not_received,2026-07-09,23,pending
DSP-10952,ORD-16815,not_as_described,2026-07-09,8,pending
DSP-10953,ORD-18096,duplicate_charge,2026-07-09,10,pending
DSP-10954,ORD-19896,item_not_received,2026-07-09,6,pending
DSP-10955,ORD-08889,unauthorized_transaction,2026-07-09,19,pending
DSP-10956,ORD-16342,item_not_received,2026-07-09,15,pending
DSP-10957,ORD-04138,duplicate_charge,2026-07-09,7,pending
DSP-10958,ORD-17209,item_not_received,2026-07-09,22,pending
DSP-10959,ORD-05298,duplicate_charge,2026-07-09,20,pending
DSP-10960,ORD-00483,duplicate_charge,2026-07-09,13,pending
DSP-10961,ORD-02647,item_not_received,2026-07-09,13,pending
DSP-10962,ORD-15823,item_not_received,2026-07-09,21,pending
DSP-10963,ORD-04620,unauthorized_transaction,2026-07-09,24,pending
DSP-10964,ORD-04742,not_as_described,2026-07-09,10,pending
DSP-10965,ORD-04110,unauthorized_transaction,2026-07-09,21,pending
DSP-10966,ORD-18175,item_not_received,2026-07-09,6,pending
DSP-10967,ORD-16424,duplicate_charge,2026-07-09,10,pending
DSP-10968,ORD-15334,unauthorized_transaction,2026-07-09,5,pending
DSP-10969,ORD-11249,unauthorized_transaction,2026-07-09,11,pending
DSP-10970,ORD-07232,unauthorized_transaction,2026-07-09,5,pending
DSP-10971,ORD-06115,not_as_described,2026-07-09,10,pending
DSP-10972,ORD-08035,item_not_received,2026-07-09,19,pending
DSP-10973,ORD-15383,not_as_described,2026-07-09,14,pending
DSP-10974,ORD-03655,unauthorized_transaction,2026-07-09,4,pending
DSP-10975,ORD-10382,duplicate_charge,2026-07-09,9,pending
DSP-10976,ORD-16303,item_not_received,2026-07-09,13,pending
DSP-10977,ORD-15651,not_as_described,2026-07-09,1,pending
DSP-10978,ORD-01928,item_not_received,2026-07-09,24,pending
DSP-10979,ORD-02896,duplicate_charge,2026-07-09,3,pending
DSP-10980,ORD-07025,unauthorized_transaction,2026-07-09,22,pending
DSP-10981,ORD-11293,not_as_described,2026-07-09,21,pending
DSP-10982,ORD-06825,unauthorized_transaction,2026-07-09,6,pending
DSP-10983,ORD-11603,unauthorized_transaction,2026-07-09,3,pending
DSP-10984,ORD-17456,duplicate_charge,2026-07-09,17,pending
DSP-10985,ORD-05913,duplicate_charge,2026-07-09,19,pending
DSP-10986,ORD-07675,unauthorized_transaction,2026-07-09,19,pending
DSP-10987,ORD-10890,item_not_received,2026-07-09,16,pending
DSP-10988,ORD-08365,item_not_received,2026-07-09,10,pending
DSP-10989,ORD-04144,duplicate_charge,2026-07-10,11,pending
DSP-10990,ORD-06530,duplicate_charge,2026-07-10,2,pending
DSP-10991,ORD-09713,duplicate_charge,2026-07-10,17,pending
DSP-10992,ORD-06473,not_as_described,2026-07-10,16,pending
DSP-10993,ORD-08222,not_as_described,2026-07-10,1,pending
DSP-10994,ORD-19173,item_not_received,2026-07-10,4,pending
DSP-10995,ORD-07541,unauthorized_transaction,2026-07-10,14,pending
DSP-10996,ORD-03586,duplicate_charge,2026-07-10,9,pending
DSP-10997,ORD-02600,unauthorized_transaction,2026-07-10,1,pending
DSP-10998,ORD-00678,unauthorized_transaction,2026-07-10,6,pending
DSP-10999,ORD-08488,item_not_received,2026-07-10,2,pending
DSP-11000,ORD-19578,unauthorized_transaction,2026-07-10,19,pending
DSP-11001,ORD-01187,unauthorized_transaction,2026-07-10,17,pending
DSP-11002,ORD-07978,duplicate_charge,2026-07-10,13,pending
DSP-11003,ORD-15523,not_as_described,2026-07-10,9,pending
DSP-11004,ORD-19600,unauthorized_transaction,2026-07-10,14,pending
DSP-11005,ORD-02698,not_as_described,2026-07-10,17,pending
DSP-11006,ORD-12659,item_not_received,2026-07-10,11,pending
DSP-11007,ORD-11474,unauthorized_transaction,2026-07-10,16,pending
DSP-11008,ORD-15604,not_as_described,2026-07-10,7,pending
DSP-11009,ORD-17994,not_as_described,2026-07-10,15,pending
DSP-11010,ORD-08714,item_not_received,2026-07-10,2,pending
DSP-11011,ORD-19779,unauthorized_transaction,2026-07-10,12,pending
DSP-11012,ORD-16698,unauthorized_transaction,2026-07-10,15,pending
DSP-11013,ORD-17293,unauthorized_transaction,2026-07-10,14,pending
DSP-11014,ORD-08492,unauthorized_transaction,2026-07-10,23,pending
DSP-11015,ORD-06261,not_as_described,2026-07-10,24,pending
DSP-11016,ORD-09096,not_as_described,2026-07-10,22,pending
DSP-11017,ORD-17739,item_not_received,2026-07-10,17,pending
DSP-11018,ORD-11184,item_not_received,2026-07-10,7,pending
DSP-11019,ORD-18121,unauthorized_transaction,2026-07-10,1,pending
DSP-11020,ORD-12229,not_as_described,2026-07-10,10,pending
DSP-11021,ORD-16845,item_not_received,2026-07-10,13,pending
DSP-11022,ORD-14575,duplicate_charge,2026-07-10,4,pending
DSP-11023,ORD-11346,not_as_described,2026-07-10,23,pending
DSP-11024,ORD-17463,item_not_received,2026-07-10,13,pending
DSP-11025,ORD-04599,item_not_received,2026-07-10,1,pending
DSP-11026,ORD-13807,duplicate_charge,2026-07-10,5,pending
DSP-11027,ORD-03666,unauthorized_transaction,2026-07-10,18,pending
DSP-11028,ORD-16541,not_as_described,2026-07-10,5,pending
DSP-11029,ORD-07144,unauthorized_transaction,2026-07-10,12,pending
DSP-11030,ORD-04914,duplicate_charge,2026-07-10,23,pending
DSP-11031,ORD-05708,not_as_described,2026-07-10,14,pending
DSP-11032,ORD-12889,not_as_described,2026-07-10,1,pending
DSP-11033,ORD-03137,item_not_received,2026-07-10,5,pending
DSP-11034,ORD-09710,item_not_received,2026-07-10,2,pending
DSP-11035,ORD-19086,item_not_received,2026-07-10,6,pending
DSP-11036,ORD-19945,duplicate_charge,2026-07-10,13,pending
DSP-11037,ORD-04973,unauthorized_transaction,2026-07-10,24,pending
DSP-11038,ORD-02146,duplicate_charge,2026-07-10,21,pending
DSP-11039,ORD-13039,duplicate_charge,2026-07-10,2,pending
DSP-11040,ORD-16724,not_as_described,2026-07-10,1,pending
DSP-11041,ORD-10813,not_as_described,2026-07-10,9,pending
DSP-11042,ORD-10306,not_as_described,2026-07-10,4,pending
DSP-11043,ORD-17817,duplicate_charge,2026-07-10,21,pending
DSP-11044,ORD-00868,not_as_described,2026-07-10,19,pending
DSP-11045,ORD-19525,not_as_described,2026-07-10,16,pending
DSP-11046,ORD-16537,item_not_received,2026-07-10,8,pending
DSP-11047,ORD-09358,unauthorized_transaction,2026-07-10,16,pending
DSP-11048,ORD-03739,item_not_received,2026-07-10,15,pending
DSP-11049,ORD-08937,unauthorized_transaction,2026-07-10,7,pending
DSP-11050,ORD-01677,item_not_received,2026-07-10,13,pending
DSP-11051,ORD-02339,item_not_received,2026-07-10,9,pending
DSP-11052,ORD-16064,item_not_received,2026-07-10,12,pending
DSP-11053,ORD-01912,item_not_received,2026-07-10,21,pending
DSP-11054,ORD-16829,duplicate_charge,2026-07-10,4,pending
DSP-11055,ORD-15346,unauthorized_transaction,2026-07-10,17,pending
DSP-11056,ORD-00650,duplicate_charge,2026-07-10,15,pending
DSP-11057,ORD-11853,not_as_described,2026-07-10,2,pending
DSP-11058,ORD-10031,item_not_received,2026-07-10,18,pending
DSP-11059,ORD-17038,not_as_described,2026-07-10,19,pending
DSP-11060,ORD-11526,unauthorized_transaction,2026-07-10,9,pending
DSP-11061,ORD-03245,unauthorized_transaction,2026-07-10,6,pending
DSP-11062,ORD-08777,unauthorized_transaction,2026-07-10,1,pending
DSP-11063,ORD-02766,item_not_received,2026-07-10,6,pending
DSP-11064,ORD-06062,item_not_received,2026-07-10,11,pending
DSP-11065,ORD-06912,item_not_received,2026-07-10,4,pending
DSP-11066,ORD-02355,unauthorized_transaction,2026-07-10,3,pending
DSP-11067,ORD-17981,item_not_received,2026-07-10,10,pending
DSP-11068,ORD-01573,not_as_described,2026-07-10,17,pending
DSP-11069,ORD-16942,unauthorized_transaction,2026-07-10,6,pending
DSP-11070,ORD-04497,not_as_described,2026-07-10,21,pending
DSP-11071,ORD-00872,unauthorized_transaction,2026-07-10,6,pending
DSP-11072,ORD-16768,item_not_received,2026-07-10,4,pending
DSP-11073,ORD-04895,unauthorized_transaction,2026-07-10,3,pending
DSP-11074,ORD-02732,unauthorized_transaction,2026-07-10,24,pending
DSP-11075,ORD-14675,unauthorized_transaction,2026-07-10,18,pending
DSP-11076,ORD-17489,item_not_received,2026-07-11,5,pending
DSP-11077,ORD-11237,not_as_described,2026-07-11,24,pending
DSP-11078,ORD-19496,unauthorized_transaction,2026-07-11,5,pending
DSP-11079,ORD-13185,duplicate_charge,2026-07-11,5,pending
DSP-11080,ORD-01736,duplicate_charge,2026-07-11,14,pending
DSP-11081,ORD-14312,not_as_described,2026-07-11,1,pending
DSP-11082,ORD-03081,unauthorized_transaction,2026-07-11,21,pending
DSP-11083,ORD-02124,not_as_described,2026-07-11,18,pending
DSP-11084,ORD-14422,not_as_described,2026-07-11,7,pending
DSP-11085,ORD-11098,duplicate_charge,2026-07-11,17,pending
DSP-11086,ORD-02079,item_not_received,2026-07-11,16,pending
DSP-11087,ORD-10366,unauthorized_transaction,2026-07-11,18,pending
DSP-11088,ORD-07448,item_not_received,2026-07-11,16,pending
DSP-11089,ORD-12262,not_as_described,2026-07-11,14,pending
DSP-11090,ORD-19591,unauthorized_transaction,2026-07-11,16,pending
DSP-11091,ORD-13514,not_as_described,2026-07-11,15,pending
DSP-11092,ORD-08230,not_as_described,2026-07-11,9,pending
DSP-11093,ORD-07205,not_as_described,2026-07-11,1,pending
DSP-11094,ORD-01051,not_as_described,2026-07-11,4,pending
DSP-11095,ORD-09138,not_as_described,2026-07-11,15,pending
DSP-11096,ORD-09507,duplicate_charge,2026-07-11,7,pending
DSP-11097,ORD-15993,item_not_received,2026-07-11,15,pending
DSP-11098,ORD-08305,unauthorized_transaction,2026-07-11,11,pending
DSP-11099,ORD-15797,item_not_received,2026-07-11,15,pending
DSP-11100,ORD-14242,not_as_described,2026-07-11,17,pending
DSP-11101,ORD-17787,not_as_described,2026-07-11,18,pending
DSP-11102,ORD-02879,item_not_received,2026-07-11,4,pending
DSP-11103,ORD-06485,item_not_received,2026-07-11,14,pending
DSP-11104,ORD-04075,item_not_received,2026-07-11,12,pending
DSP-11105,ORD-05244,unauthorized_transaction,2026-07-11,4,pending
DSP-11106,ORD-04780,item_not_received,2026-07-11,2,pending
DSP-11107,ORD-11799,duplicate_charge,2026-07-11,23,pending
DSP-11108,ORD-12890,not_as_described,2026-07-11,4,pending
DSP-11109,ORD-07748,unauthorized_transaction,2026-07-11,19,pending
DSP-11110,ORD-07298,unauthorized_transaction,2026-07-11,4,pending
DSP-11111,ORD-11115,item_not_received,2026-07-11,6,pending
DSP-11112,ORD-02620,item_not_received,2026-07-11,22,pending
DSP-11113,ORD-10562,duplicate_charge,2026-07-11,6,pending
DSP-11114,ORD-19455,unauthorized_transaction,2026-07-11,11,pending
DSP-11115,ORD-18893,duplicate_charge,2026-07-11,21,pending
DSP-11116,ORD-12631,item_not_received,2026-07-11,16,pending
DSP-11117,ORD-01763,unauthorized_transaction,2026-07-11,13,pending
DSP-11118,ORD-18733,duplicate_charge,2026-07-11,10,pending
DSP-11119,ORD-07009,item_not_received,2026-07-11,3,pending
DSP-11120,ORD-04758,unauthorized_transaction,2026-07-11,9,pending
DSP-11121,ORD-16640,unauthorized_transaction,2026-07-11,20,pending
DSP-11122,ORD-03974,unauthorized_transaction,2026-07-11,18,pending
DSP-11123,ORD-07418,not_as_described,2026-07-11,23,pending
DSP-11124,ORD-16324,duplicate_charge,2026-07-11,24,pending
DSP-11125,ORD-12289,item_not_received,2026-07-11,19,pending
DSP-11126,ORD-16264,item_not_received,2026-07-11,20,pending
DSP-11127,ORD-05840,unauthorized_transaction,2026-07-11,19,pending
DSP-11128,ORD-06006,item_not_received,2026-07-11,3,pending
DSP-11129,ORD-10730,not_as_described,2026-07-11,21,pending
DSP-11130,ORD-17190,item_not_received,2026-07-11,12,pending
DSP-11131,ORD-06513,unauthorized_transaction,2026-07-11,9,pending
DSP-11132,ORD-09921,unauthorized_transaction,2026-07-11,13,pending
DSP-11133,ORD-05105,item_not_received,2026-07-11,10,pending
DSP-11134,ORD-13539,unauthorized_transaction,2026-07-11,23,pending
DSP-11135,ORD-01281,not_as_described,2026-07-11,16,pending
DSP-11136,ORD-16932,item_not_received,2026-07-11,18,pending
DSP-11137,ORD-01290,not_as_described,2026-07-11,19,pending
DSP-11138,ORD-19890,item_not_received,2026-07-11,4,pending
DSP-11139,ORD-17643,duplicate_charge,2026-07-11,7,pending
DSP-11140,ORD-02870,unauthorized_transaction,2026-07-11,21,pending
DSP-11141,ORD-01282,duplicate_charge,2026-07-11,7,pending
DSP-11142,ORD-17047,not_as_described,2026-07-11,12,pending
DSP-11143,ORD-05528,duplicate_charge,2026-07-11,9,pending
DSP-11144,ORD-19919,not_as_described,2026-07-11,15,pending
DSP-11145,ORD-14627,not_as_described,2026-07-11,13,pending
DSP-11146,ORD-10773,duplicate_charge,2026-07-11,22,pending
DSP-11147,ORD-06895,not_as_described,2026-07-11,17,pending
DSP-11148,ORD-09772,item_not_received,2026-07-11,8,pending
DSP-11149,ORD-00508,not_as_described,2026-07-11,21,pending
DSP-11150,ORD-08865,not_as_described,2026-07-11,6,pending
DSP-11151,ORD-17929,duplicate_charge,2026-07-11,3,pending
DSP-11152,ORD-15585,not_as_described,2026-07-11,4,pending
DSP-11153,ORD-18229,duplicate_charge,2026-07-11,19,pending
DSP-11154,ORD-03824,unauthorized_transaction,2026-07-11,14,pending
DSP-11155,ORD-10991,item_not_received,2026-07-11,16,pending
DSP-11156,ORD-06357,not_as_described,2026-07-11,10,pending
DSP-11157,ORD-08896,not_as_described,2026-07-11,13,pending
DSP-11158,ORD-12492,not_as_described,2026-07-11,11,pending
DSP-11159,ORD-04659,duplicate_charge,2026-07-11,9,pending
DSP-11160,ORD-02764,duplicate_charge,2026-07-11,13,pending
DSP-11161,ORD-07900,not_as_described,2026-07-11,5,pending
DSP-11162,ORD-17537,unauthorized_transaction,2026-07-11,14,pending
DSP-11163,ORD-18591,not_as_described,2026-07-11,9,pending
DSP-11164,ORD-15791,not_as_described,2026-07-11,3,pending
DSP-11165,ORD-04712,item_not_received,2026-07-11,5,pending
DSP-11166,ORD-04977,not_as_described,2026-07-11,10,pending
DSP-11167,ORD-10792,item_not_received,2026-07-11,23,pending
DSP-11168,ORD-17444,unauthorized_transaction,2026-07-11,12,pending
DSP-11169,ORD-07217,not_as_described,2026-07-11,4,pending
DSP-11170,ORD-17317,item_not_received,2026-07-11,24,pending
DSP-11171,ORD-17340,item_not_received,2026-07-11,22,pending
DSP-11172,ORD-04882,duplicate_charge,2026-07-11,1,pending
DSP-11173,ORD-16669,unauthorized_transaction,2026-07-11,5,pending
DSP-11174,ORD-10687,item_not_received,2026-07-11,13,pending
DSP-11175,ORD-10126,not_as_described,2026-07-11,18,pending
DSP-11176,ORD-04127,item_not_received,2026-07-11,8,pending
DSP-11177,ORD-03353,not_as_described,2026-07-11,21,pending
DSP-11178,ORD-00258,item_not_received,2026-07-11,17,pending
DSP-11179,ORD-17027,unauthorized_transaction,2026-07-11,21,pending
DSP-11180,ORD-12908,item_not_received,2026-07-11,5,pending
DSP-11181,ORD-15703,item_not_received,2026-07-11,20,pending
DSP-11182,ORD-19524,unauthorized_transaction,2026-07-11,14,pending
DSP-11183,ORD-07642,duplicate_charge,2026-07-11,13,pending
DSP-11184,ORD-07593,item_not_received,2026-07-11,2,pending
DSP-11185,ORD-07197,unauthorized_transaction,2026-07-11,17,pending
DSP-11186,ORD-00842,not_as_described,2026-07-11,7,pending
DSP-11187,ORD-10181,not_as_described,2026-07-11,3,pending
DSP-11188,ORD-14540,duplicate_charge,2026-07-11,20,pending
DSP-11189,ORD-13143,not_as_described,2026-07-11,5,pending
DSP-11190,ORD-11156,item_not_received,2026-07-11,22,pending
DSP-11191,ORD-03009,item_not_received,2026-07-11,8,pending
DSP-11192,ORD-17778,item_not_received,2026-07-11,11,pending
DSP-11193,ORD-10061,item_not_received,2026-07-11,17,pending
DSP-11194,ORD-08512,item_not_received,2026-07-11,12,pending
DSP-11195,ORD-18059,unauthorized_transaction,2026-07-11,3,pending
DSP-11196,ORD-18480,not_as_described,2026-07-11,17,pending
DSP-11197,ORD-11353,item_not_received,2026-07-11,10,pending
DSP-11198,ORD-11949,not_as_described,2026-07-11,7,pending
DSP-11199,ORD-19033,unauthorized_transaction,2026-07-12,23,pending
DSP-11200,ORD-17136,item_not_received,2026-07-12,13,pending
DSP-11201,ORD-17043,not_as_described,2026-07-12,5,pending
DSP-11202,ORD-14644,not_as_described,2026-07-12,6,pending
DSP-11203,ORD-14473,duplicate_charge,2026-07-12,22,pending
DSP-11204,ORD-15455,not_as_described,2026-07-12,23,pending
DSP-11205,ORD-17026,duplicate_charge,2026-07-12,6,pending
DSP-11206,ORD-16075,duplicate_charge,2026-07-12,8,pending
DSP-11207,ORD-09359,item_not_received,2026-07-12,9,pending
DSP-11208,ORD-12328,not_as_described,2026-07-12,8,pending
DSP-11209,ORD-14532,unauthorized_transaction,2026-07-12,7,pending
DSP-11210,ORD-02905,not_as_described,2026-07-12,1,pending
DSP-11211,ORD-19899,unauthorized_transaction,2026-07-12,18,pending
DSP-11212,ORD-07584,duplicate_charge,2026-07-12,22,pending
DSP-11213,ORD-16909,item_not_received,2026-07-12,9,pending
DSP-11214,ORD-01943,unauthorized_transaction,2026-07-12,24,pending
DSP-11215,ORD-15553,not_as_described,2026-07-12,23,pending
DSP-11216,ORD-14014,item_not_received,2026-07-12,14,pending
DSP-11217,ORD-16475,item_not_received,2026-07-12,8,pending
DSP-11218,ORD-05552,not_as_described,2026-07-12,13,pending
DSP-11219,ORD-05781,unauthorized_transaction,2026-07-12,23,pending
DSP-11220,ORD-05223,not_as_described,2026-07-12,2,pending
DSP-11221,ORD-14880,unauthorized_transaction,2026-07-12,20,pending
DSP-11222,ORD-05742,item_not_received,2026-07-12,20,pending
DSP-11223,ORD-03069,not_as_described,2026-07-12,12,pending
DSP-11224,ORD-15205,not_as_described,2026-07-12,8,pending
DSP-11225,ORD-19403,not_as_described,2026-07-12,18,pending
DSP-11226,ORD-03774,item_not_received,2026-07-12,18,pending
DSP-11227,ORD-11266,unauthorized_transaction,2026-07-12,3,pending
DSP-11228,ORD-03907,not_as_described,2026-07-12,12,pending
DSP-11229,ORD-17505,unauthorized_transaction,2026-07-12,4,pending
DSP-11230,ORD-14870,not_as_described,2026-07-12,10,pending
DSP-11231,ORD-05119,item_not_received,2026-07-12,12,pending
DSP-11232,ORD-19141,not_as_described,2026-07-12,6,pending
DSP-11233,ORD-10328,unauthorized_transaction,2026-07-12,16,pending
DSP-11234,ORD-10315,duplicate_charge,2026-07-12,10,pending
DSP-11235,ORD-04720,unauthorized_transaction,2026-07-12,2,pending
DSP-11236,ORD-11860,not_as_described,2026-07-12,15,pending
DSP-11237,ORD-19468,not_as_described,2026-07-12,24,pending
DSP-11238,ORD-17413,item_not_received,2026-07-12,10,pending
DSP-11239,ORD-08969,unauthorized_transaction,2026-07-12,5,pending
DSP-11240,ORD-00192,not_as_described,2026-07-12,23,pending
DSP-11241,ORD-03284,not_as_described,2026-07-12,16,pending
DSP-11242,ORD-00053,unauthorized_transaction,2026-07-12,5,pending
DSP-11243,ORD-12587,duplicate_charge,2026-07-12,1,pending
DSP-11244,ORD-12179,duplicate_charge,2026-07-12,14,pending
DSP-11245,ORD-08751,item_not_received,2026-07-12,1,pending
DSP-11246,ORD-02023,item_not_received,2026-07-12,14,pending
DSP-11247,ORD-06329,not_as_described,2026-07-12,20,pending
DSP-11248,ORD-17506,not_as_described,2026-07-12,2,pending
DSP-11249,ORD-10830,unauthorized_transaction,2026-07-12,5,pending
DSP-11250,ORD-02272,not_as_described,2026-07-12,17,pending
DSP-11251,ORD-08308,not_as_described,2026-07-12,20,pending
DSP-11252,ORD-00237,not_as_described,2026-07-12,23,pending
DSP-11253,ORD-18631,not_as_described,2026-07-12,16,pending
DSP-11254,ORD-01776,duplicate_charge,2026-07-12,4,pending
DSP-11255,ORD-07040,unauthorized_transaction,2026-07-12,24,pending
DSP-11256,ORD-12904,unauthorized_transaction,2026-07-12,1,pending
DSP-11257,ORD-08165,item_not_received,2026-07-12,21,pending
DSP-11258,ORD-03959,unauthorized_transaction,2026-07-12,19,pending
DSP-11259,ORD-07559,unauthorized_transaction,2026-07-12,18,pending
DSP-11260,ORD-06996,not_as_described,2026-07-12,1,pending
DSP-11261,ORD-16164,item_not_received,2026-07-12,17,pending
DSP-11262,ORD-13313,item_not_received,2026-07-12,24,pending
DSP-11263,ORD-06351,not_as_described,2026-07-12,15,pending
DSP-11264,ORD-11727,item_not_received,2026-07-12,1,pending
DSP-11265,ORD-16415,unauthorized_transaction,2026-07-12,12,pending
DSP-11266,ORD-17466,item_not_received,2026-07-12,11,pending
DSP-11267,ORD-02877,unauthorized_transaction,2026-07-12,14,pending
DSP-11268,ORD-14400,unauthorized_transaction,2026-07-12,5,pending
DSP-11269,ORD-16550,unauthorized_transaction,2026-07-12,16,pending
DSP-11270,ORD-06838,item_not_received,2026-07-12,16,pending
DSP-11271,ORD-16147,not_as_described,2026-07-12,12,pending
DSP-11272,ORD-03856,unauthorized_transaction,2026-07-12,17,pending
DSP-11273,ORD-04523,duplicate_charge,2026-07-12,19,pending
DSP-11274,ORD-05859,item_not_received,2026-07-12,23,pending
DSP-11275,ORD-03730,not_as_described,2026-07-12,21,pending
DSP-11276,ORD-09112,unauthorized_transaction,2026-07-12,8,pending
DSP-11277,ORD-16422,item_not_received,2026-07-12,19,pending
DSP-11278,ORD-02512,duplicate_charge,2026-07-12,15,pending
DSP-11279,ORD-03835,item_not_received,2026-07-12,22,pending
DSP-11280,ORD-03506,item_not_received,2026-07-12,20,pending
DSP-11281,ORD-08229,unauthorized_transaction,2026-07-12,3,pending
DSP-11282,ORD-15738,unauthorized_transaction,2026-07-12,7,pending
DSP-11283,ORD-02107,item_not_received,2026-07-12,24,pending
DSP-11284,ORD-18743,duplicate_charge,2026-07-12,17,pending
DSP-11285,ORD-19645,unauthorized_transaction,2026-07-12,20,pending
DSP-11286,ORD-07739,duplicate_charge,2026-07-12,14,pending
DSP-11287,ORD-13572,unauthorized_transaction,2026-07-12,4,pending
DSP-11288,ORD-10466,item_not_received,2026-07-12,19,pending
DSP-11289,ORD-05183,item_not_received,2026-07-12,19,pending
DSP-11290,ORD-18538,not_as_described,2026-07-12,6,pending
DSP-11291,ORD-15036,not_as_described,2026-07-12,3,pending
DSP-11292,ORD-19971,item_not_received,2026-07-12,11,pending
DSP-11293,ORD-11517,item_not_received,2026-07-12,23,pending
DSP-11294,ORD-04540,not_as_described,2026-07-12,15,pending
DSP-11295,ORD-18592,item_not_received,2026-07-12,19,pending
DSP-11296,ORD-16275,duplicate_charge,2026-07-12,18,pending
DSP-11297,ORD-03164,duplicate_charge,2026-07-12,15,pending
DSP-11298,ORD-00938,item_not_received,2026-07-12,13,pending
DSP-11299,ORD-01747,duplicate_charge,2026-07-12,19,pending
DSP-11300,ORD-06088,unauthorized_transaction,2026-07-12,5,pending
DSP-11301,ORD-16172,item_not_received,2026-07-12,22,pending
DSP-11302,ORD-04947,unauthorized_transaction,2026-07-12,2,pending
DSP-11303,ORD-10158,unauthorized_transaction,2026-07-12,10,pending
DSP-11304,ORD-05273,duplicate_charge,2026-07-12,17,pending
DSP-11305,ORD-14364,duplicate_charge,2026-07-12,23,pending
DSP-11306,ORD-03260,unauthorized_transaction,2026-07-13,3,pending
DSP-11307,ORD-00408,not_as_described,2026-07-13,5,pending
DSP-11308,ORD-03761,duplicate_charge,2026-07-13,13,pending
DSP-11309,ORD-01966,duplicate_charge,2026-07-13,21,pending
DSP-11310,ORD-10636,unauthorized_transaction,2026-07-13,7,pending
DSP-11311,ORD-13860,item_not_received,2026-07-13,13,pending
DSP-11312,ORD-08068,item_not_received,2026-07-13,16,pending
DSP-11313,ORD-04934,item_not_received,2026-07-13,3,pending
DSP-11314,ORD-10887,item_not_received,2026-07-13,11,pending
DSP-11315,ORD-08567,unauthorized_transaction,2026-07-13,16,pending
DSP-11316,ORD-10552,item_not_received,2026-07-13,3,pending
DSP-11317,ORD-10487,duplicate_charge,2026-07-13,19,pending
DSP-11318,ORD-08059,not_as_described,2026-07-13,16,pending
DSP-11319,ORD-11909,not_as_described,2026-07-13,20,pending
DSP-11320,ORD-05579,unauthorized_transaction,2026-07-13,15,pending
DSP-11321,ORD-04218,unauthorized_transaction,2026-07-13,20,pending
DSP-11322,ORD-10389,not_as_described,2026-07-13,1,pending
DSP-11323,ORD-01284,unauthorized_transaction,2026-07-13,24,pending
DSP-11324,ORD-03354,item_not_received,2026-07-13,1,pending
DSP-11325,ORD-06142,item_not_received,2026-07-13,9,pending
DSP-11326,ORD-18934,not_as_described,2026-07-13,12,pending
DSP-11327,ORD-05295,unauthorized_transaction,2026-07-13,14,pending
DSP-11328,ORD-02759,unauthorized_transaction,2026-07-13,11,pending
DSP-11329,ORD-12532,not_as_described,2026-07-13,21,pending
DSP-11330,ORD-02942,not_as_described,2026-07-13,9,pending
DSP-11331,ORD-13446,not_as_described,2026-07-13,20,pending
DSP-11332,ORD-11540,item_not_received,2026-07-13,5,pending
DSP-11333,ORD-12721,item_not_received,2026-07-13,21,pending
DSP-11334,ORD-12247,item_not_received,2026-07-13,24,pending
DSP-11335,ORD-06443,duplicate_charge,2026-07-13,20,pending
DSP-11336,ORD-11100,item_not_received,2026-07-13,16,pending
DSP-11337,ORD-09648,not_as_described,2026-07-13,14,pending
DSP-11338,ORD-03274,not_as_described,2026-07-13,13,pending
DSP-11339,ORD-10966,item_not_received,2026-07-13,15,pending
DSP-11340,ORD-04890,unauthorized_transaction,2026-07-13,16,pending
DSP-11341,ORD-14165,duplicate_charge,2026-07-13,22,pending
DSP-11342,ORD-19194,unauthorized_transaction,2026-07-13,17,pending
DSP-11343,ORD-04633,not_as_described,2026-07-13,12,pending
DSP-11344,ORD-00474,unauthorized_transaction,2026-07-13,3,pending
DSP-11345,ORD-13612,item_not_received,2026-07-13,22,pending
DSP-11346,ORD-02127,item_not_received,2026-07-13,15,pending
DSP-11347,ORD-17536,unauthorized_transaction,2026-07-13,23,pending
DSP-11348,ORD-13527,duplicate_charge,2026-07-13,8,pending
DSP-11349,ORD-18684,item_not_received,2026-07-13,24,pending
DSP-11350,ORD-08220,item_not_received,2026-07-13,18,pending
DSP-11351,ORD-17183,item_not_received,2026-07-13,10,pending
DSP-11352,ORD-05953,unauthorized_transaction,2026-07-13,9,pending
DSP-11353,ORD-16238,item_not_received,2026-07-13,22,pending
DSP-11354,ORD-07529,unauthorized_transaction,2026-07-13,8,pending
DSP-11355,ORD-16885,unauthorized_transaction,2026-07-13,1,pending
DSP-11356,ORD-16391,duplicate_charge,2026-07-13,1,pending
DSP-11357,ORD-07516,unauthorized_transaction,2026-07-13,1,pending
DSP-11358,ORD-09377,not_as_described,2026-07-13,6,pending
DSP-11359,ORD-01270,unauthorized_transaction,2026-07-13,23,pending
DSP-11360,ORD-07083,unauthorized_transaction,2026-07-13,2,pending
DSP-11361,ORD-18775,unauthorized_transaction,2026-07-13,1,pending
DSP-11362,ORD-07338,duplicate_charge,2026-07-13,15,pending
DSP-11363,ORD-17680,item_not_received,2026-07-13,10,pending
DSP-11364,ORD-18507,item_not_received,2026-07-13,11,pending
DSP-11365,ORD-11941,duplicate_charge,2026-07-13,7,pending
DSP-11366,ORD-02489,item_not_received,2026-07-13,20,pending
DSP-11367,ORD-11569,duplicate_charge,2026-07-13,8,pending
DSP-11368,ORD-01974,unauthorized_transaction,2026-07-13,3,pending
DSP-11369,ORD-02274,duplicate_charge,2026-07-13,10,pending
DSP-11370,ORD-04664,item_not_received,2026-07-13,17,pending
DSP-11371,ORD-07269,unauthorized_transaction,2026-07-13,10,pending
DSP-11372,ORD-03107,not_as_described,2026-07-13,18,pending
DSP-11373,ORD-00514,item_not_received,2026-07-13,5,pending
DSP-11374,ORD-12896,not_as_described,2026-07-13,12,pending
DSP-11375,ORD-08972,duplicate_charge,2026-07-13,20,pending
DSP-11376,ORD-03324,not_as_described,2026-07-13,3,pending
DSP-11377,ORD-08748,unauthorized_transaction,2026-07-13,10,pending
DSP-11378,ORD-12747,unauthorized_transaction,2026-07-13,2,pending
DSP-11379,ORD-02176,duplicate_charge,2026-07-13,12,pending
DSP-11380,ORD-01598,item_not_received,2026-07-13,19,pending
DSP-11381,ORD-15286,duplicate_charge,2026-07-13,21,pending
DSP-11382,ORD-15693,duplicate_charge,2026-07-13,17,pending
DSP-11383,ORD-13551,item_not_received,2026-07-13,6,pending
DSP-11384,ORD-15511,duplicate_charge,2026-07-13,19,pending
DSP-11385,ORD-06169,not_as_described,2026-07-13,17,pending
DSP-11386,ORD-16759,unauthorized_transaction,2026-07-13,5,pending
DSP-11387,ORD-10635,unauthorized_transaction,2026-07-13,15,pending
DSP-11388,ORD-12905,duplicate_charge,2026-07-13,15,pending
DSP-11389,ORD-11803,duplicate_charge,2026-07-13,15,pending
DSP-11390,ORD-18066,not_as_described,2026-07-13,16,pending
DSP-11391,ORD-04456,unauthorized_transaction,2026-07-13,2,pending
DSP-11392,ORD-02618,duplicate_charge,2026-07-13,17,pending
DSP-11393,ORD-18154,not_as_described,2026-07-13,24,pending
DSP-11394,ORD-12185,unauthorized_transaction,2026-07-13,23,pending
DSP-11395,ORD-13244,unauthorized_transaction,2026-07-13,8,pending
DSP-11396,ORD-01960,not_as_described,2026-07-13,24,pending
DSP-11397,ORD-00422,unauthorized_transaction,2026-07-13,17,pending
DSP-11398,ORD-17881,duplicate_charge,2026-07-13,9,pending
DSP-11399,ORD-13338,item_not_received,2026-07-13,13,pending
DSP-11400,ORD-14431,duplicate_charge,2026-07-13,8,pending
DSP-11401,ORD-06336,duplicate_charge,2026-07-13,10,pending
DSP-11402,ORD-04786,unauthorized_transaction,2026-07-13,4,pending
DSP-11403,ORD-05648,unauthorized_transaction,2026-07-13,20,pending
DSP-11404,ORD-19256,not_as_described,2026-07-13,24,pending
DSP-11405,ORD-02043,unauthorized_transaction,2026-07-13,3,pending
DSP-11406,ORD-12763,not_as_described,2026-07-13,22,pending
DSP-11407,ORD-16025,duplicate_charge,2026-07-14,20,pending
DSP-11408,ORD-03498,unauthorized_transaction,2026-07-14,3,pending
DSP-11409,ORD-17873,item_not_received,2026-07-14,6,pending
DSP-11410,ORD-02057,unauthorized_transaction,2026-07-14,16,pending
DSP-11411,ORD-08852,unauthorized_transaction,2026-07-14,9,pending
DSP-11412,ORD-12837,unauthorized_transaction,2026-07-14,4,pending
DSP-11413,ORD-07031,not_as_described,2026-07-14,8,pending
DSP-11414,ORD-16642,not_as_described,2026-07-14,6,pending
DSP-11415,ORD-04500,unauthorized_transaction,2026-07-14,22,pending
DSP-11416,ORD-02609,not_as_described,2026-07-14,21,pending
DSP-11417,ORD-15828,unauthorized_transaction,2026-07-14,2,pending
DSP-11418,ORD-11560,item_not_received,2026-07-14,1,pending
DSP-11419,ORD-03195,not_as_described,2026-07-14,5,pending
DSP-11420,ORD-19871,not_as_described,2026-07-14,18,pending
DSP-11421,ORD-04121,not_as_described,2026-07-14,10,pending
DSP-11422,ORD-02435,duplicate_charge,2026-07-14,22,pending
DSP-11423,ORD-11897,duplicate_charge,2026-07-14,15,pending
DSP-11424,ORD-02535,item_not_received,2026-07-14,5,pending
DSP-11425,ORD-07206,not_as_described,2026-07-14,5,pending
DSP-11426,ORD-13670,item_not_received,2026-07-14,10,pending
DSP-11427,ORD-06112,not_as_described,2026-07-14,11,pending
DSP-11428,ORD-11134,item_not_received,2026-07-14,6,pending
DSP-11429,ORD-07130,unauthorized_transaction,2026-07-14,5,pending
DSP-11430,ORD-08769,unauthorized_transaction,2026-07-14,15,pending
DSP-11431,ORD-04052,unauthorized_transaction,2026-07-14,7,pending
DSP-11432,ORD-08641,duplicate_charge,2026-07-14,12,pending
DSP-11433,ORD-19655,not_as_described,2026-07-14,24,pending
DSP-11434,ORD-13028,not_as_described,2026-07-14,11,pending
DSP-11435,ORD-18019,not_as_described,2026-07-14,23,pending
DSP-11436,ORD-06363,not_as_described,2026-07-14,19,pending
DSP-11437,ORD-01829,not_as_described,2026-07-14,21,pending
DSP-11438,ORD-06359,item_not_received,2026-07-14,6,pending
DSP-11439,ORD-15914,unauthorized_transaction,2026-07-14,20,pending
DSP-11440,ORD-00660,unauthorized_transaction,2026-07-14,15,pending
DSP-11441,ORD-15159,item_not_received,2026-07-14,4,pending
DSP-11442,ORD-12951,item_not_received,2026-07-14,24,pending
DSP-11443,ORD-10488,not_as_described,2026-07-14,17,pending
DSP-11444,ORD-11571,not_as_described,2026-07-14,24,pending
DSP-11445,ORD-00476,unauthorized_transaction,2026-07-14,20,pending
DSP-11446,ORD-06116,item_not_received,2026-07-14,19,pending
DSP-11447,ORD-00956,duplicate_charge,2026-07-14,21,pending
DSP-11448,ORD-16578,unauthorized_transaction,2026-07-14,14,pending
DSP-11449,ORD-02532,item_not_received,2026-07-14,10,pending
DSP-11450,ORD-14633,unauthorized_transaction,2026-07-14,22,pending
DSP-11451,ORD-14436,not_as_described,2026-07-14,9,pending
DSP-11452,ORD-03941,item_not_received,2026-07-14,8,pending
DSP-11453,ORD-13052,item_not_received,2026-07-14,1,pending
DSP-11454,ORD-19859,unauthorized_transaction,2026-07-14,4,pending
DSP-11455,ORD-17332,item_not_received,2026-07-14,2,pending
DSP-11456,ORD-14543,duplicate_charge,2026-07-14,19,pending
DSP-11457,ORD-16507,not_as_described,2026-07-14,21,pending
DSP-11458,ORD-00041,item_not_received,2026-07-14,6,pending
DSP-11459,ORD-05175,unauthorized_transaction,2026-07-14,21,pending
DSP-11460,ORD-10670,unauthorized_transaction,2026-07-14,13,pending
DSP-11461,ORD-05639,item_not_received,2026-07-14,17,pending
DSP-11462,ORD-05007,item_not_received,2026-07-14,1,pending
DSP-11463,ORD-19898,unauthorized_transaction,2026-07-14,3,pending
DSP-11464,ORD-03074,item_not_received,2026-07-14,17,pending
DSP-11465,ORD-17357,unauthorized_transaction,2026-07-14,19,pending
DSP-11466,ORD-09885,not_as_described,2026-07-14,8,pending
DSP-11467,ORD-06746,not_as_described,2026-07-14,9,pending
DSP-11468,ORD-12873,item_not_received,2026-07-14,24,pending
DSP-11469,ORD-10995,not_as_described,2026-07-14,1,pending
DSP-11470,ORD-12471,item_not_received,2026-07-14,23,pending
DSP-11471,ORD-04473,not_as_described,2026-07-14,16,pending
DSP-11472,ORD-05207,unauthorized_transaction,2026-07-14,13,pending
DSP-11473,ORD-06200,item_not_received,2026-07-14,9,pending
DSP-11474,ORD-03869,duplicate_charge,2026-07-14,18,pending
DSP-11475,ORD-14831,not_as_described,2026-07-14,20,pending
DSP-11476,ORD-12019,item_not_received,2026-07-14,2,pending
DSP-11477,ORD-16515,item_not_received,2026-07-14,14,pending
DSP-11478,ORD-05028,duplicate_charge,2026-07-14,4,pending
DSP-11479,ORD-16680,duplicate_charge,2026-07-14,3,pending
DSP-11480,ORD-12650,item_not_received,2026-07-14,10,pending
DSP-11481,ORD-06944,not_as_described,2026-07-14,3,pending
DSP-11482,ORD-08323,item_not_received,2026-07-14,18,pending
DSP-11483,ORD-18708,not_as_described,2026-07-14,24,pending
DSP-11484,ORD-05856,not_as_described,2026-07-14,12,pending
DSP-11485,ORD-13958,unauthorized_transaction,2026-07-14,21,pending
DSP-11486,ORD-14068,unauthorized_transaction,2026-07-14,14,pending
DSP-11487,ORD-17229,item_not_received,2026-07-14,6,pending
DSP-11488,ORD-06590,not_as_described,2026-07-14,16,pending
DSP-11489,ORD-04975,item_not_received,2026-07-14,16,pending
DSP-11490,ORD-05419,unauthorized_transaction,2026-07-14,17,pending
DSP-11491,ORD-14092,item_not_received,2026-07-14,16,pending
DSP-11492,ORD-16590,not_as_described,2026-07-14,11,pending
DSP-11493,ORD-18516,item_not_received,2026-07-14,5,pending
DSP-11494,ORD-02747,item_not_received,2026-07-14,10,pending
DSP-11495,ORD-02886,item_not_received,2026-07-14,18,pending
DSP-11496,ORD-12472,unauthorized_transaction,2026-07-14,13,pending
DSP-11497,ORD-19136,unauthorized_transaction,2026-07-14,17,pending
DSP-11498,ORD-03882,unauthorized_transaction,2026-07-14,12,pending
DSP-11499,ORD-00482,not_as_described,2026-07-14,20,pending
DSP-11500,ORD-12479,duplicate_charge,2026-07-14,21,pending
DSP-11501,ORD-07811,item_not_received,2026-07-14,4,pending
DSP-11502,ORD-10003,not_as_described,2026-07-14,6,pending
DSP-11503,ORD-01103,not_as_described,2026-07-14,19,pending
DSP-11504,ORD-15339,not_as_described,2026-07-14,9,pending
DSP-11505,ORD-15707,not_as_described,2026-07-14,11,pending
DSP-11506,ORD-07133,item_not_received,2026-07-14,17,pending
DSP-11507,ORD-03139,item_not_received,2026-07-14,4,pending
DSP-11508,ORD-10663,unauthorized_transaction,2026-07-14,4,pending
DSP-11509,ORD-08730,duplicate_charge,2026-07-14,3,pending
DSP-11510,ORD-16426,unauthorized_transaction,2026-07-15,7,pending
DSP-11511,ORD-02675,not_as_described,2026-07-15,18,pending
DSP-11512,ORD-01924,not_as_described,2026-07-15,22,pending
DSP-11513,ORD-17674,item_not_received,2026-07-15,16,pending
DSP-11514,ORD-09222,not_as_described,2026-07-15,14,pending
DSP-11515,ORD-01517,item_not_received,2026-07-15,18,pending
DSP-11516,ORD-10288,not_as_described,2026-07-15,9,pending
DSP-11517,ORD-01808,item_not_received,2026-07-15,13,pending
DSP-11518,ORD-05737,item_not_received,2026-07-15,19,pending
DSP-11519,ORD-08921,unauthorized_transaction,2026-07-15,9,pending
DSP-11520,ORD-18834,unauthorized_transaction,2026-07-15,10,pending
DSP-11521,ORD-18870,unauthorized_transaction,2026-07-15,4,pending
DSP-11522,ORD-09667,not_as_described,2026-07-15,1,pending
DSP-11523,ORD-12376,unauthorized_transaction,2026-07-15,21,pending
DSP-11524,ORD-16700,item_not_received,2026-07-15,10,pending
DSP-11525,ORD-05404,duplicate_charge,2026-07-15,18,pending
DSP-11526,ORD-07519,not_as_described,2026-07-15,12,pending
DSP-11527,ORD-08460,not_as_described,2026-07-15,5,pending
DSP-11528,ORD-17997,duplicate_charge,2026-07-15,18,pending
DSP-11529,ORD-11224,not_as_described,2026-07-15,2,pending
DSP-11530,ORD-08109,item_not_received,2026-07-15,24,pending
DSP-11531,ORD-12703,not_as_described,2026-07-15,7,pending
DSP-11532,ORD-01937,not_as_described,2026-07-15,24,pending
DSP-11533,ORD-06093,duplicate_charge,2026-07-15,3,pending
DSP-11534,ORD-08803,item_not_received,2026-07-15,16,pending
DSP-11535,ORD-08041,item_not_received,2026-07-15,17,pending
DSP-11536,ORD-19546,not_as_described,2026-07-15,23,pending
DSP-11537,ORD-08721,duplicate_charge,2026-07-15,10,pending
DSP-11538,ORD-05569,not_as_described,2026-07-15,13,pending
DSP-11539,ORD-11771,duplicate_charge,2026-07-15,15,pending
DSP-11540,ORD-07499,duplicate_charge,2026-07-15,13,pending
DSP-11541,ORD-09443,not_as_described,2026-07-15,20,pending
DSP-11542,ORD-19421,duplicate_charge,2026-07-15,19,pending
DSP-11543,ORD-10412,duplicate_charge,2026-07-15,9,pending
DSP-11544,ORD-16003,duplicate_charge,2026-07-15,13,pending
DSP-11545,ORD-01922,item_not_received,2026-07-15,12,pending
DSP-11546,ORD-00743,item_not_received,2026-07-15,3,pending
DSP-11547,ORD-02923,unauthorized_transaction,2026-07-15,19,pending
DSP-11548,ORD-02108,unauthorized_transaction,2026-07-15,19,pending
DSP-11549,ORD-12165,not_as_described,2026-07-15,1,pending
DSP-11550,ORD-07068,item_not_received,2026-07-15,16,pending
DSP-11551,ORD-19910,item_not_received,2026-07-15,24,pending
DSP-11552,ORD-10333,item_not_received,2026-07-15,12,pending
DSP-11553,ORD-19219,duplicate_charge,2026-07-15,4,pending
DSP-11554,ORD-14999,unauthorized_transaction,2026-07-15,7,pending
DSP-11555,ORD-09055,not_as_described,2026-07-15,14,pending
DSP-11556,ORD-10693,item_not_received,2026-07-15,17,pending
DSP-11557,ORD-09852,unauthorized_transaction,2026-07-15,19,pending
DSP-11558,ORD-19646,item_not_received,2026-07-15,22,pending
DSP-11559,ORD-10534,item_not_received,2026-07-15,23,pending
DSP-11560,ORD-07487,unauthorized_transaction,2026-07-15,14,pending
DSP-11561,ORD-15491,duplicate_charge,2026-07-15,11,pending
DSP-11562,ORD-05081,item_not_received,2026-07-15,13,pending
DSP-11563,ORD-09835,item_not_received,2026-07-15,6,pending
DSP-11564,ORD-13319,item_not_received,2026-07-15,8,pending
DSP-11565,ORD-15541,not_as_described,2026-07-15,3,pending
DSP-11566,ORD-00344,duplicate_charge,2026-07-15,11,pending
DSP-11567,ORD-04343,unauthorized_transaction,2026-07-15,21,pending
DSP-11568,ORD-08478,unauthorized_transaction,2026-07-15,12,pending
DSP-11569,ORD-02145,item_not_received,2026-07-15,6,pending
DSP-11570,ORD-15105,unauthorized_transaction,2026-07-15,24,pending
DSP-11571,ORD-02793,unauthorized_transaction,2026-07-15,21,pending
DSP-11572,ORD-07874,item_not_received,2026-07-15,20,pending
DSP-11573,ORD-14653,unauthorized_transaction,2026-07-15,10,pending
DSP-11574,ORD-19675,unauthorized_transaction,2026-07-15,24,pending
DSP-11575,ORD-08461,item_not_received,2026-07-15,15,pending
DSP-11576,ORD-07916,not_as_described,2026-07-15,10,pending
DSP-11577,ORD-13218,item_not_received,2026-07-15,20,pending
DSP-11578,ORD-03116,item_not_received,2026-07-15,10,pending
DSP-11579,ORD-13148,not_as_described,2026-07-15,14,pending
DSP-11580,ORD-11472,duplicate_charge,2026-07-15,18,pending
DSP-11581,ORD-01901,unauthorized_transaction,2026-07-15,2,pending
DSP-11582,ORD-00703,not_as_described,2026-07-15,11,pending
DSP-11583,ORD-18255,item_not_received,2026-07-15,19,pending
DSP-11584,ORD-11651,not_as_described,2026-07-15,21,pending
DSP-11585,ORD-08962,not_as_described,2026-07-15,20,pending
DSP-11586,ORD-08924,item_not_received,2026-07-15,7,pending
DSP-11587,ORD-06330,unauthorized_transaction,2026-07-15,12,pending
DSP-11588,ORD-02984,not_as_described,2026-07-15,12,pending
DSP-11589,ORD-08970,duplicate_charge,2026-07-15,24,pending
DSP-11590,ORD-18784,item_not_received,2026-07-16,6,pending
DSP-11591,ORD-09010,not_as_described,2026-07-16,7,pending
DSP-11592,ORD-11047,duplicate_charge,2026-07-16,5,pending
DSP-11593,ORD-00371,item_not_received,2026-07-16,7,pending
DSP-11594,ORD-16205,unauthorized_transaction,2026-07-16,18,pending
DSP-11595,ORD-04815,unauthorized_transaction,2026-07-16,1,pending
DSP-11596,ORD-04484,duplicate_charge,2026-07-16,5,pending
DSP-11597,ORD-14705,item_not_received,2026-07-16,12,pending
DSP-11598,ORD-13721,unauthorized_transaction,2026-07-16,21,pending
DSP-11599,ORD-00755,unauthorized_transaction,2026-07-16,3,pending
DSP-11600,ORD-07892,item_not_received,2026-07-16,20,pending
DSP-11601,ORD-19289,unauthorized_transaction,2026-07-16,22,pending
DSP-11602,ORD-08755,not_as_described,2026-07-16,14,pending
DSP-11603,ORD-02724,unauthorized_transaction,2026-07-16,3,pending
DSP-11604,ORD-10419,not_as_described,2026-07-16,4,pending
DSP-11605,ORD-10467,unauthorized_transaction,2026-07-16,24,pending
DSP-11606,ORD-19452,unauthorized_transaction,2026-07-16,20,pending
DSP-11607,ORD-16928,unauthorized_transaction,2026-07-16,20,pending
DSP-11608,ORD-13168,unauthorized_transaction,2026-07-16,9,pending
DSP-11609,ORD-01603,item_not_received,2026-07-16,22,pending
DSP-11610,ORD-13370,not_as_described,2026-07-16,11,pending
DSP-11611,ORD-07925,not_as_described,2026-07-16,7,pending
DSP-11612,ORD-07219,duplicate_charge,2026-07-16,21,pending
DSP-11613,ORD-09633,unauthorized_transaction,2026-07-16,15,pending
DSP-11614,ORD-02985,not_as_described,2026-07-16,15,pending
DSP-11615,ORD-02283,duplicate_charge,2026-07-16,16,pending
DSP-11616,ORD-09047,item_not_received,2026-07-16,21,pending
DSP-11617,ORD-13822,not_as_described,2026-07-16,11,pending
DSP-11618,ORD-08491,unauthorized_transaction,2026-07-16,11,pending
DSP-11619,ORD-06489,not_as_described,2026-07-16,21,pending
DSP-11620,ORD-15657,unauthorized_transaction,2026-07-16,6,pending
DSP-11621,ORD-14367,duplicate_charge,2026-07-16,22,pending
DSP-11622,ORD-19437,unauthorized_transaction,2026-07-16,14,pending
DSP-11623,ORD-16636,not_as_described,2026-07-16,17,pending
DSP-11624,ORD-01791,unauthorized_transaction,2026-07-16,2,pending
DSP-11625,ORD-13256,unauthorized_transaction,2026-07-16,21,pending
DSP-11626,ORD-06347,not_as_described,2026-07-16,10,pending
DSP-11627,ORD-05274,duplicate_charge,2026-07-16,17,pending
DSP-11628,ORD-01119,unauthorized_transaction,2026-07-16,6,pending
DSP-11629,ORD-06987,duplicate_charge,2026-07-16,9,pending
DSP-11630,ORD-07673,item_not_received,2026-07-16,24,pending
DSP-11631,ORD-05092,item_not_received,2026-07-16,8,pending
DSP-11632,ORD-10481,item_not_received,2026-07-16,10,pending
DSP-11633,ORD-18000,duplicate_charge,2026-07-16,14,pending
DSP-11634,ORD-13645,not_as_described,2026-07-16,14,pending
DSP-11635,ORD-00444,item_not_received,2026-07-16,1,pending
DSP-11636,ORD-16396,item_not_received,2026-07-16,24,pending
DSP-11637,ORD-14796,item_not_received,2026-07-16,5,pending
DSP-11638,ORD-19412,item_not_received,2026-07-16,4,pending
DSP-11639,ORD-02813,item_not_received,2026-07-16,22,pending
DSP-11640,ORD-10464,unauthorized_transaction,2026-07-16,20,pending
DSP-11641,ORD-12760,not_as_described,2026-07-16,11,pending
DSP-11642,ORD-13005,not_as_described,2026-07-16,3,pending
DSP-11643,ORD-19031,item_not_received,2026-07-16,10,pending
DSP-11644,ORD-14607,not_as_described,2026-07-16,12,pending
DSP-11645,ORD-11659,item_not_received,2026-07-16,22,pending
DSP-11646,ORD-08930,unauthorized_transaction,2026-07-16,14,pending
DSP-11647,ORD-17336,item_not_received,2026-07-16,17,pending
DSP-11648,ORD-05144,item_not_received,2026-07-16,16,pending
DSP-11649,ORD-03497,item_not_received,2026-07-16,1,pending
DSP-11650,ORD-10063,not_as_described,2026-07-16,9,pending
DSP-11651,ORD-18423,not_as_described,2026-07-16,18,pending
DSP-11652,ORD-08717,not_as_described,2026-07-16,15,pending
DSP-11653,ORD-01124,not_as_described,2026-07-16,24,pending
DSP-11654,ORD-01857,duplicate_charge,2026-07-16,5,pending
DSP-11655,ORD-15659,not_as_described,2026-07-16,14,pending
DSP-11656,ORD-15045,unauthorized_transaction,2026-07-16,15,pending
DSP-11657,ORD-05995,not_as_described,2026-07-16,3,pending
DSP-11658,ORD-16539,not_as_described,2026-07-16,14,pending
DSP-11659,ORD-13595,unauthorized_transaction,2026-07-16,5,pending
DSP-11660,ORD-11769,not_as_described,2026-07-16,16,pending
DSP-11661,ORD-15636,item_not_received,2026-07-16,6,pending
DSP-11662,ORD-18853,unauthorized_transaction,2026-07-16,24,pending
DSP-11663,ORD-02429,item_not_received,2026-07-16,11,pending
DSP-11664,ORD-13467,item_not_received,2026-07-16,13,pending
DSP-11665,ORD-06725,item_not_received,2026-07-16,12,pending
DSP-11666,ORD-12124,duplicate_charge,2026-07-16,13,pending
DSP-11667,ORD-08475,item_not_received,2026-07-16,13,pending
DSP-11668,ORD-14069,not_as_described,2026-07-16,17,pending
DSP-11669,ORD-08140,unauthorized_transaction,2026-07-16,22,pending
DSP-11670,ORD-07150,not_as_described,2026-07-16,3,pending
DSP-11671,ORD-14978,not_as_described,2026-07-16,24,pending
DSP-11672,ORD-05249,item_not_received,2026-07-16,12,pending
DSP-11673,ORD-11828,unauthorized_transaction,2026-07-16,12,pending
DSP-11674,ORD-08822,not_as_described,2026-07-16,22,pending
DSP-11675,ORD-19635,item_not_received,2026-07-16,10,pending
DSP-11676,ORD-04061,item_not_received,2026-07-16,22,pending
DSP-11677,ORD-19476,not_as_described,2026-07-16,14,pending
DSP-11678,ORD-14972,duplicate_charge,2026-07-16,3,pending
DSP-11679,ORD-17723,unauthorized_transaction,2026-07-16,2,pending
DSP-11680,ORD-07545,duplicate_charge,2026-07-16,10,pending
DSP-11681,ORD-09655,item_not_received,2026-07-16,11,pending
DSP-11682,ORD-05722,not_as_described,2026-07-16,8,pending
DSP-11683,ORD-15104,not_as_described,2026-07-16,18,pending
DSP-11684,ORD-11018,duplicate_charge,2026-07-17,12,pending
DSP-11685,ORD-09331,not_as_described,2026-07-17,18,pending
DSP-11686,ORD-04935,unauthorized_transaction,2026-07-17,7,pending
DSP-11687,ORD-05733,unauthorized_transaction,2026-07-17,1,pending
DSP-11688,ORD-13737,unauthorized_transaction,2026-07-17,20,pending
DSP-11689,ORD-12595,item_not_received,2026-07-17,8,pending
DSP-11690,ORD-15666,item_not_received,2026-07-17,12,pending
DSP-11691,ORD-16570,item_not_received,2026-07-17,17,pending
DSP-11692,ORD-18247,item_not_received,2026-07-17,22,pending
DSP-11693,ORD-02668,not_as_described,2026-07-17,4,pending
DSP-11694,ORD-19887,item_not_received,2026-07-17,17,pending
DSP-11695,ORD-09255,not_as_described,2026-07-17,19,pending
DSP-11696,ORD-07846,not_as_described,2026-07-17,3,pending
DSP-11697,ORD-07396,not_as_described,2026-07-17,22,pending
DSP-11698,ORD-19914,unauthorized_transaction,2026-07-17,3,pending
DSP-11699,ORD-16660,unauthorized_transaction,2026-07-17,3,pending
DSP-11700,ORD-05747,unauthorized_transaction,2026-07-17,5,pending
DSP-11701,ORD-12994,duplicate_charge,2026-07-17,8,pending
DSP-11702,ORD-01327,item_not_received,2026-07-17,17,pending
DSP-11703,ORD-05715,not_as_described,2026-07-17,17,pending
DSP-11704,ORD-16917,item_not_received,2026-07-17,15,pending
DSP-11705,ORD-14741,duplicate_charge,2026-07-17,7,pending
DSP-11706,ORD-02207,duplicate_charge,2026-07-17,4,pending
DSP-11707,ORD-17063,not_as_described,2026-07-17,8,pending
DSP-11708,ORD-06075,item_not_received,2026-07-17,21,pending
DSP-11709,ORD-02678,item_not_received,2026-07-17,3,pending
DSP-11710,ORD-01024,duplicate_charge,2026-07-17,13,pending
DSP-11711,ORD-06047,duplicate_charge,2026-07-17,12,pending
DSP-11712,ORD-19107,unauthorized_transaction,2026-07-17,1,pending
DSP-11713,ORD-11767,unauthorized_transaction,2026-07-17,9,pending
DSP-11714,ORD-04219,unauthorized_transaction,2026-07-17,4,pending
DSP-11715,ORD-10869,not_as_described,2026-07-17,14,pending
DSP-11716,ORD-05233,unauthorized_transaction,2026-07-17,19,pending
DSP-11717,ORD-03410,not_as_described,2026-07-17,16,pending
DSP-11718,ORD-12906,unauthorized_transaction,2026-07-17,10,pending
DSP-11719,ORD-11543,unauthorized_transaction,2026-07-17,2,pending
DSP-11720,ORD-18036,unauthorized_transaction,2026-07-17,9,pending
DSP-11721,ORD-08949,unauthorized_transaction,2026-07-17,4,pending
DSP-11722,ORD-19686,not_as_described,2026-07-17,12,pending
DSP-11723,ORD-11673,not_as_described,2026-07-17,10,pending
DSP-11724,ORD-00897,item_not_received,2026-07-17,7,pending
DSP-11725,ORD-19386,item_not_received,2026-07-17,2,pending
DSP-11726,ORD-05452,duplicate_charge,2026-07-17,3,pending
DSP-11727,ORD-09009,duplicate_charge,2026-07-17,12,pending
DSP-11728,ORD-19928,not_as_described,2026-07-17,15,pending
DSP-11729,ORD-13944,item_not_received,2026-07-17,19,pending
DSP-11730,ORD-16962,unauthorized_transaction,2026-07-17,15,pending
DSP-11731,ORD-09582,unauthorized_transaction,2026-07-17,4,pending
DSP-11732,ORD-06582,item_not_received,2026-07-17,8,pending
DSP-11733,ORD-16197,item_not_received,2026-07-17,19,pending
DSP-11734,ORD-08072,item_not_received,2026-07-17,17,pending
DSP-11735,ORD-05500,unauthorized_transaction,2026-07-17,1,pending
DSP-11736,ORD-17269,item_not_received,2026-07-17,11,pending
DSP-11737,ORD-05792,unauthorized_transaction,2026-07-17,12,pending
DSP-11738,ORD-12353,item_not_received,2026-07-17,13,pending
DSP-11739,ORD-01589,duplicate_charge,2026-07-17,7,pending
DSP-11740,ORD-08913,item_not_received,2026-07-17,19,pending
DSP-11741,ORD-02541,unauthorized_transaction,2026-07-17,12,pending
DSP-11742,ORD-15632,unauthorized_transaction,2026-07-17,5,pending
DSP-11743,ORD-15179,not_as_described,2026-07-17,4,pending
DSP-11744,ORD-12946,item_not_received,2026-07-17,14,pending
DSP-11745,ORD-04671,item_not_received,2026-07-17,8,pending
DSP-11746,ORD-19941,unauthorized_transaction,2026-07-17,24,pending
DSP-11747,ORD-12467,unauthorized_transaction,2026-07-17,18,pending
DSP-11748,ORD-03658,unauthorized_transaction,2026-07-17,15,pending
DSP-11749,ORD-17845,unauthorized_transaction,2026-07-17,8,pending
DSP-11750,ORD-13479,duplicate_charge,2026-07-17,14,pending
DSP-11751,ORD-00738,not_as_described,2026-07-17,5,pending
DSP-11752,ORD-02761,not_as_described,2026-07-17,10,pending
DSP-11753,ORD-10085,not_as_described,2026-07-17,3,pending
DSP-11754,ORD-12219,not_as_described,2026-07-17,18,pending
DSP-11755,ORD-18081,duplicate_charge,2026-07-17,11,pending
DSP-11756,ORD-10625,unauthorized_transaction,2026-07-17,20,pending
DSP-11757,ORD-05042,unauthorized_transaction,2026-07-17,1,pending
DSP-11758,ORD-11455,unauthorized_transaction,2026-07-17,5,pending
DSP-11759,ORD-19948,unauthorized_transaction,2026-07-17,19,pending
DSP-11760,ORD-19119,not_as_described,2026-07-17,11,pending
DSP-11761,ORD-15621,item_not_received,2026-07-17,13,pending
DSP-11762,ORD-04892,unauthorized_transaction,2026-07-17,24,pending
DSP-11763,ORD-18634,not_as_described,2026-07-17,22,pending
DSP-11764,ORD-12152,item_not_received,2026-07-17,8,pending
DSP-11765,ORD-08381,item_not_received,2026-07-17,17,pending
DSP-11766,ORD-11625,item_not_received,2026-07-17,4,pending
DSP-11767,ORD-12201,unauthorized_transaction,2026-07-17,20,pending
DSP-11768,ORD-01995,unauthorized_transaction,2026-07-17,6,pending
DSP-11769,ORD-03233,not_as_described,2026-07-17,4,pending
DSP-11770,ORD-05838,item_not_received,2026-07-17,1,pending
DSP-11771,ORD-03721,duplicate_charge,2026-07-17,8,pending
DSP-11772,ORD-12398,item_not_received,2026-07-17,17,pending
DSP-11773,ORD-15727,unauthorized_transaction,2026-07-17,2,pending
DSP-11774,ORD-08984,item_not_received,2026-07-17,7,pending
DSP-11775,ORD-00894,duplicate_charge,2026-07-17,16,pending
DSP-11776,ORD-06920,unauthorized_transaction,2026-07-17,5,pending
DSP-11777,ORD-00161,unauthorized_transaction,2026-07-17,2,pending
DSP-11778,ORD-06604,unauthorized_transaction,2026-07-17,8,pending
DSP-11779,ORD-08701,not_as_described,2026-07-17,10,pending
DSP-11780,ORD-10067,item_not_received,2026-07-17,23,pending
DSP-11781,ORD-08395,item_not_received,2026-07-17,17,pending
DSP-11782,ORD-00458,not_as_described,2026-07-17,9,pending
DSP-11783,ORD-19808,unauthorized_transaction,2026-07-17,12,pending
DSP-11784,ORD-16339,not_as_described,2026-07-17,23,pending
DSP-11785,ORD-13108,item_not_received,2026-07-17,5,pending
DSP-11786,ORD-07131,item_not_received,2026-07-17,23,pending
DSP-11787,ORD-01683,not_as_described,2026-07-17,8,pending
DSP-11788,ORD-13937,not_as_described,2026-07-17,1,pending
DSP-11789,ORD-01335,not_as_described,2026-07-17,8,pending
DSP-11790,ORD-11964,item_not_received,2026-07-17,17,pending
DSP-11791,ORD-15990,not_as_described,2026-07-17,24,pending
DSP-11792,ORD-16120,not_as_described,2026-07-17,17,pending
DSP-11793,ORD-03708,unauthorized_transaction,2026-07-17,7,pending
DSP-11794,ORD-04588,item_not_received,2026-07-17,1,pending
DSP-11795,ORD-01468,item_not_received,2026-07-17,11,pending
DSP-11796,ORD-14645,item_not_received,2026-07-17,3,pending
DSP-11797,ORD-18061,not_as_described,2026-07-17,7,pending
DSP-11798,ORD-13169,item_not_received,2026-07-18,11,pending
DSP-11799,ORD-02198,duplicate_charge,2026-07-18,19,pending
DSP-11800,ORD-17354,item_not_received,2026-07-18,24,pending
DSP-11801,ORD-08036,item_not_received,2026-07-18,16,pending
DSP-11802,ORD-09817,not_as_described,2026-07-18,18,pending
DSP-11803,ORD-01278,unauthorized_transaction,2026-07-18,11,pending
DSP-11804,ORD-03806,not_as_described,2026-07-18,9,pending
DSP-11805,ORD-09753,unauthorized_transaction,2026-07-18,14,pending
DSP-11806,ORD-05638,item_not_received,2026-07-18,9,pending
DSP-11807,ORD-16512,unauthorized_transaction,2026-07-18,16,pending
DSP-11808,ORD-10116,unauthorized_transaction,2026-07-18,20,pending
DSP-11809,ORD-11796,not_as_described,2026-07-18,4,pending
DSP-11810,ORD-11066,duplicate_charge,2026-07-18,7,pending
DSP-11811,ORD-03540,unauthorized_transaction,2026-07-18,6,pending
DSP-11812,ORD-02154,unauthorized_transaction,2026-07-18,22,pending
DSP-11813,ORD-18814,unauthorized_transaction,2026-07-18,10,pending
DSP-11814,ORD-18521,item_not_received,2026-07-18,23,pending
DSP-11815,ORD-16392,unauthorized_transaction,2026-07-18,17,pending
DSP-11816,ORD-13724,unauthorized_transaction,2026-07-18,3,pending
DSP-11817,ORD-14376,not_as_described,2026-07-18,3,pending
DSP-11818,ORD-10904,not_as_described,2026-07-18,6,pending
DSP-11819,ORD-02808,not_as_described,2026-07-18,5,pending
DSP-11820,ORD-00486,not_as_described,2026-07-18,24,pending
DSP-11821,ORD-00659,not_as_described,2026-07-18,22,pending
DSP-11822,ORD-10926,duplicate_charge,2026-07-18,16,pending
DSP-11823,ORD-18105,item_not_received,2026-07-18,1,pending
DSP-11824,ORD-07245,item_not_received,2026-07-18,10,pending
DSP-11825,ORD-17793,not_as_described,2026-07-18,3,pending
DSP-11826,ORD-15867,not_as_described,2026-07-18,1,pending
DSP-11827,ORD-10270,not_as_described,2026-07-18,18,pending
DSP-11828,ORD-09708,item_not_received,2026-07-18,8,pending
DSP-11829,ORD-15078,item_not_received,2026-07-18,18,pending
DSP-11830,ORD-14986,not_as_described,2026-07-18,1,pending
DSP-11831,ORD-08872,not_as_described,2026-07-18,10,pending
DSP-11832,ORD-01929,item_not_received,2026-07-18,2,pending
DSP-11833,ORD-13001,not_as_described,2026-07-18,7,pending
DSP-11834,ORD-15806,not_as_described,2026-07-18,11,pending
DSP-11835,ORD-16901,unauthorized_transaction,2026-07-18,15,pending
DSP-11836,ORD-00197,item_not_received,2026-07-18,20,pending
DSP-11837,ORD-10837,duplicate_charge,2026-07-18,6,pending
DSP-11838,ORD-15197,not_as_described,2026-07-18,17,pending
DSP-11839,ORD-03650,item_not_received,2026-07-18,4,pending
DSP-11840,ORD-10231,unauthorized_transaction,2026-07-18,15,pending
DSP-11841,ORD-05757,item_not_received,2026-07-18,7,pending
DSP-11842,ORD-05900,item_not_received,2026-07-18,19,pending
DSP-11843,ORD-09728,duplicate_charge,2026-07-18,7,pending
DSP-11844,ORD-08012,unauthorized_transaction,2026-07-18,11,pending
DSP-11845,ORD-09400,duplicate_charge,2026-07-18,14,pending
DSP-11846,ORD-03000,not_as_described,2026-07-18,15,pending
DSP-11847,ORD-19029,not_as_described,2026-07-18,16,pending
DSP-11848,ORD-07154,item_not_received,2026-07-18,9,pending
DSP-11849,ORD-19263,not_as_described,2026-07-18,7,pending
DSP-11850,ORD-01654,item_not_received,2026-07-18,21,pending
DSP-11851,ORD-10169,not_as_described,2026-07-18,2,pending
DSP-11852,ORD-04554,duplicate_charge,2026-07-18,17,pending
DSP-11853,ORD-09346,unauthorized_transaction,2026-07-18,1,pending
DSP-11854,ORD-07963,item_not_received,2026-07-18,12,pending
DSP-11855,ORD-18074,item_not_received,2026-07-18,5,pending
DSP-11856,ORD-10274,item_not_received,2026-07-18,14,pending
DSP-11857,ORD-02777,not_as_described,2026-07-18,12,pending
DSP-11858,ORD-16543,unauthorized_transaction,2026-07-18,5,pending
DSP-11859,ORD-06490,item_not_received,2026-07-18,19,pending
DSP-11860,ORD-08221,unauthorized_transaction,2026-07-18,12,pending
DSP-11861,ORD-05324,duplicate_charge,2026-07-18,8,pending
DSP-11862,ORD-17934,item_not_received,2026-07-18,9,pending
DSP-11863,ORD-12783,item_not_received,2026-07-18,16,pending
DSP-11864,ORD-08940,unauthorized_transaction,2026-07-18,15,pending
DSP-11865,ORD-04817,item_not_received,2026-07-18,18,pending
DSP-11866,ORD-07509,unauthorized_transaction,2026-07-18,19,pending
DSP-11867,ORD-17154,item_not_received,2026-07-18,3,pending
DSP-11868,ORD-15086,item_not_received,2026-07-18,1,pending
DSP-11869,ORD-01899,duplicate_charge,2026-07-18,13,pending
DSP-11870,ORD-15943,item_not_received,2026-07-18,7,pending
DSP-11871,ORD-10895,duplicate_charge,2026-07-18,20,pending
DSP-11872,ORD-17096,unauthorized_transaction,2026-07-18,15,pending
DSP-11873,ORD-04414,item_not_received,2026-07-18,11,pending
DSP-11874,ORD-18067,not_as_described,2026-07-18,24,pending
DSP-11875,ORD-11097,item_not_received,2026-07-18,18,pending
DSP-11876,ORD-10434,unauthorized_transaction,2026-07-18,17,pending
DSP-11877,ORD-17513,item_not_received,2026-07-18,23,pending
DSP-11878,ORD-18827,item_not_received,2026-07-18,23,pending
DSP-11879,ORD-13536,not_as_described,2026-07-18,16,pending
DSP-11880,ORD-10863,duplicate_charge,2026-07-18,12,pending
DSP-11881,ORD-19228,item_not_received,2026-07-18,21,pending
DSP-11882,ORD-16456,item_not_received,2026-07-18,3,pending
DSP-11883,ORD-11582,item_not_received,2026-07-18,16,pending
DSP-11884,ORD-01558,not_as_described,2026-07-18,12,pending
DSP-11885,ORD-00932,unauthorized_transaction,2026-07-18,21,pending
DSP-11886,ORD-16332,unauthorized_transaction,2026-07-18,11,pending
DSP-11887,ORD-07196,not_as_described,2026-07-18,20,pending
DSP-11888,ORD-03652,duplicate_charge,2026-07-18,10,pending
DSP-11889,ORD-00114,unauthorized_transaction,2026-07-18,12,pending
DSP-11890,ORD-08741,unauthorized_transaction,2026-07-18,13,pending
DSP-11891,ORD-15652,not_as_described,2026-07-18,6,pending
DSP-11892,ORD-03704,item_not_received,2026-07-18,1,pending
DSP-11893,ORD-18475,unauthorized_transaction,2026-07-18,1,pending
DSP-11894,ORD-07302,item_not_received,2026-07-18,19,pending
DSP-11895,ORD-17071,duplicate_charge,2026-07-19,10,pending
DSP-11896,ORD-04428,item_not_received,2026-07-19,12,pending
DSP-11897,ORD-17967,item_not_received,2026-07-19,7,pending
DSP-11898,ORD-10154,duplicate_charge,2026-07-19,21,pending
DSP-11899,ORD-05998,item_not_received,2026-07-19,5,pending
DSP-11900,ORD-10232,item_not_received,2026-07-19,6,pending
DSP-11901,ORD-12733,unauthorized_transaction,2026-07-19,22,pending
DSP-11902,ORD-19641,unauthorized_transaction,2026-07-19,4,pending
DSP-11903,ORD-00300,duplicate_charge,2026-07-19,11,pending
DSP-11904,ORD-14778,item_not_received,2026-07-19,16,pending
DSP-11905,ORD-10362,not_as_described,2026-07-19,16,pending
DSP-11906,ORD-06454,not_as_described,2026-07-19,13,pending
DSP-11907,ORD-07815,not_as_described,2026-07-19,14,pending
DSP-11908,ORD-05449,item_not_received,2026-07-19,15,pending
DSP-11909,ORD-03433,item_not_received,2026-07-19,7,pending
DSP-11910,ORD-18625,unauthorized_transaction,2026-07-19,19,pending
DSP-11911,ORD-15058,unauthorized_transaction,2026-07-19,20,pending
DSP-11912,ORD-11172,item_not_received,2026-07-19,18,pending
DSP-11913,ORD-17170,unauthorized_transaction,2026-07-19,17,pending
DSP-11914,ORD-08992,not_as_described,2026-07-19,17,pending
DSP-11915,ORD-09804,not_as_described,2026-07-19,1,pending
DSP-11916,ORD-14501,not_as_described,2026-07-19,15,pending
DSP-11917,ORD-18747,item_not_received,2026-07-19,3,pending
DSP-11918,ORD-11063,duplicate_charge,2026-07-19,8,pending
DSP-11919,ORD-06544,not_as_described,2026-07-19,4,pending
DSP-11920,ORD-03227,not_as_described,2026-07-19,13,pending
DSP-11921,ORD-05527,duplicate_charge,2026-07-19,18,pending
DSP-11922,ORD-05734,item_not_received,2026-07-19,3,pending
DSP-11923,ORD-18271,not_as_described,2026-07-19,8,pending
DSP-11924,ORD-02061,duplicate_charge,2026-07-19,18,pending
DSP-11925,ORD-07351,duplicate_charge,2026-07-19,24,pending
DSP-11926,ORD-08183,unauthorized_transaction,2026-07-19,4,pending
DSP-11927,ORD-10142,item_not_received,2026-07-19,3,pending
DSP-11928,ORD-19235,not_as_described,2026-07-19,3,pending
DSP-11929,ORD-01129,item_not_received,2026-07-19,3,pending
DSP-11930,ORD-06121,item_not_received,2026-07-19,14,pending
DSP-11931,ORD-11702,item_not_received,2026-07-19,10,pending
DSP-11932,ORD-16690,not_as_described,2026-07-19,7,pending
DSP-11933,ORD-06528,not_as_described,2026-07-19,17,pending
DSP-11934,ORD-09152,not_as_described,2026-07-19,24,pending
DSP-11935,ORD-12392,not_as_described,2026-07-19,7,pending
DSP-11936,ORD-08015,unauthorized_transaction,2026-07-19,5,pending
DSP-11937,ORD-15074,item_not_received,2026-07-19,9,pending
DSP-11938,ORD-04619,duplicate_charge,2026-07-19,1,pending
DSP-11939,ORD-14658,item_not_received,2026-07-19,14,pending
DSP-11940,ORD-09802,not_as_described,2026-07-19,7,pending
DSP-11941,ORD-09647,unauthorized_transaction,2026-07-19,18,pending
DSP-11942,ORD-16354,unauthorized_transaction,2026-07-19,11,pending
DSP-11943,ORD-15094,duplicate_charge,2026-07-19,21,pending
DSP-11944,ORD-06957,item_not_received,2026-07-19,5,pending
DSP-11945,ORD-03517,duplicate_charge,2026-07-19,10,pending
DSP-11946,ORD-09680,not_as_described,2026-07-19,5,pending
DSP-11947,ORD-04276,item_not_received,2026-07-19,23,pending
DSP-11948,ORD-13995,duplicate_charge,2026-07-19,5,pending
DSP-11949,ORD-08235,unauthorized_transaction,2026-07-19,17,pending
DSP-11950,ORD-07216,not_as_described,2026-07-19,20,pending
DSP-11951,ORD-06315,not_as_described,2026-07-19,23,pending
DSP-11952,ORD-04204,duplicate_charge,2026-07-19,15,pending
DSP-11953,ORD-14749,item_not_received,2026-07-19,16,pending
DSP-11954,ORD-02519,duplicate_charge,2026-07-19,15,pending
DSP-11955,ORD-07036,unauthorized_transaction,2026-07-19,12,pending
DSP-11956,ORD-11586,unauthorized_transaction,2026-07-19,21,pending
DSP-11957,ORD-10058,item_not_received,2026-07-19,22,pending
DSP-11958,ORD-07280,duplicate_charge,2026-07-19,1,pending
DSP-11959,ORD-07096,not_as_described,2026-07-19,6,pending
DSP-11960,ORD-01839,not_as_described,2026-07-19,24,pending
DSP-11961,ORD-19956,unauthorized_transaction,2026-07-19,17,pending
DSP-11962,ORD-06408,unauthorized_transaction,2026-07-19,19,pending
DSP-11963,ORD-04235,unauthorized_transaction,2026-07-19,5,pending
DSP-11964,ORD-19946,item_not_received,2026-07-19,16,pending
DSP-11965,ORD-08931,item_not_received,2026-07-19,1,pending
DSP-11966,ORD-05173,duplicate_charge,2026-07-19,15,pending
DSP-11967,ORD-10396,item_not_received,2026-07-19,10,pending
DSP-11968,ORD-15700,duplicate_charge,2026-07-19,8,pending
DSP-11969,ORD-03266,unauthorized_transaction,2026-07-19,17,pending
DSP-11970,ORD-08733,duplicate_charge,2026-07-19,3,pending
DSP-11971,ORD-04906,item_not_received,2026-07-19,17,pending
DSP-11972,ORD-09176,not_as_described,2026-07-19,7,pending
DSP-11973,ORD-11460,not_as_described,2026-07-19,16,pending
DSP-11974,ORD-16618,duplicate_charge,2026-07-19,16,pending
DSP-11975,ORD-11753,duplicate_charge,2026-07-19,8,pending
DSP-11976,ORD-04426,unauthorized_transaction,2026-07-19,24,pending
DSP-11977,ORD-03225,item_not_received,2026-07-19,8,pending
DSP-11978,ORD-04387,duplicate_charge,2026-07-19,5,pending
DSP-11979,ORD-03056,not_as_described,2026-07-19,22,pending
DSP-11980,ORD-19310,not_as_described,2026-07-19,20,pending
DSP-11981,ORD-00705,item_not_received,2026-07-19,6,pending
DSP-11982,ORD-12441,duplicate_charge,2026-07-19,2,pending
DSP-11983,ORD-02461,not_as_described,2026-07-19,19,pending
DSP-11984,ORD-02906,item_not_received,2026-07-19,11,pending
DSP-11985,ORD-09487,unauthorized_transaction,2026-07-19,15,pending
DSP-11986,ORD-14086,duplicate_charge,2026-07-19,21,pending
DSP-11987,ORD-12384,unauthorized_transaction,2026-07-19,11,pending
DSP-11988,ORD-11834,unauthorized_transaction,2026-07-19,23,pending
DSP-11989,ORD-09596,unauthorized_transaction,2026-07-19,15,pending
DSP-11990,ORD-09904,unauthorized_transaction,2026-07-19,6,pending
DSP-11991,ORD-07097,not_as_described,2026-07-19,9,pending
DSP-11992,ORD-12135,duplicate_charge,2026-07-19,14,pending
DSP-11993,ORD-15875,duplicate_charge,2026-07-19,22,pending
DSP-11994,ORD-02809,duplicate_charge,2026-07-19,16,pending
DSP-11995,ORD-11836,unauthorized_transaction,2026-07-19,8,pending
DSP-11996,ORD-03030,duplicate_charge,2026-07-19,7,pending
DSP-11997,ORD-01681,item_not_received,2026-07-19,11,pending
DSP-11998,ORD-19395,item_not_received,2026-07-19,19,pending
DSP-11999,ORD-07347,not_as_described,2026-07-19,17,pending
DSP-12000,ORD-04908,duplicate_charge,2026-07-19,9,pending
DSP-12001,ORD-10093,item_not_received,2026-07-19,4,pending
DSP-12002,ORD-14801,not_as_described,2026-07-19,14,pending
DSP-12003,ORD-10095,item_not_received,2026-07-19,20,pending
DSP-12004,ORD-09568,not_as_described,2026-07-19,15,pending
DSP-12005,ORD-19209,duplicate_charge,2026-07-19,19,pending
DSP-12006,ORD-18125,item_not_received,2026-07-19,2,pending
DSP-12007,ORD-01537,item_not_received,2026-07-19,1,pending
DSP-12008,ORD-01964,unauthorized_transaction,2026-07-19,13,pending
DSP-12009,ORD-06968,unauthorized_transaction,2026-07-20,17,pending
DSP-12010,ORD-17304,not_as_described,2026-07-20,20,pending
DSP-12011,ORD-07601,item_not_received,2026-07-20,3,pending
DSP-12012,ORD-09616,duplicate_charge,2026-07-20,8,pending
DSP-12013,ORD-12999,duplicate_charge,2026-07-20,5,pending
DSP-12014,ORD-19858,not_as_described,2026-07-20,9,pending
DSP-12015,ORD-09043,item_not_received,2026-07-20,11,pending
DSP-12016,ORD-17502,unauthorized_transaction,2026-07-20,17,pending
DSP-12017,ORD-07825,not_as_described,2026-07-20,19,pending
DSP-12018,ORD-14993,not_as_described,2026-07-20,22,pending
DSP-12019,ORD-14699,not_as_described,2026-07-20,11,pending
DSP-12020,ORD-04964,not_as_described,2026-07-20,8,pending
DSP-12021,ORD-16476,duplicate_charge,2026-07-20,4,pending
DSP-12022,ORD-07783,not_as_described,2026-07-20,15,pending
DSP-12023,ORD-12389,not_as_described,2026-07-20,20,pending
DSP-12024,ORD-05692,item_not_received,2026-07-20,2,pending
DSP-12025,ORD-16639,not_as_described,2026-07-20,11,pending
DSP-12026,ORD-14563,unauthorized_transaction,2026-07-20,23,pending
DSP-12027,ORD-10433,not_as_described,2026-07-20,22,pending
DSP-12028,ORD-00028,unauthorized_transaction,2026-07-20,15,pending
DSP-12029,ORD-04793,item_not_received,2026-07-20,1,pending
DSP-12030,ORD-00598,unauthorized_transaction,2026-07-20,24,pending
DSP-12031,ORD-09969,unauthorized_transaction,2026-07-20,20,pending
DSP-12032,ORD-19047,duplicate_charge,2026-07-20,9,pending
DSP-12033,ORD-06404,item_not_received,2026-07-20,9,pending
DSP-12034,ORD-02365,not_as_described,2026-07-20,12,pending
DSP-12035,ORD-17028,item_not_received,2026-07-20,24,pending
DSP-12036,ORD-18017,item_not_received,2026-07-20,20,pending
DSP-12037,ORD-18064,not_as_described,2026-07-20,4,pending
DSP-12038,ORD-19696,unauthorized_transaction,2026-07-20,23,pending
DSP-12039,ORD-09127,item_not_received,2026-07-20,23,pending
DSP-12040,ORD-07651,unauthorized_transaction,2026-07-20,5,pending
DSP-12041,ORD-14873,item_not_received,2026-07-20,21,pending
DSP-12042,ORD-17579,not_as_described,2026-07-20,16,pending
DSP-12043,ORD-19758,not_as_described,2026-07-20,7,pending
DSP-12044,ORD-15739,unauthorized_transaction,2026-07-20,7,pending
DSP-12045,ORD-10014,item_not_received,2026-07-20,2,pending
DSP-12046,ORD-03715,unauthorized_transaction,2026-07-20,21,pending
DSP-12047,ORD-01207,not_as_described,2026-07-20,11,pending
DSP-12048,ORD-14704,item_not_received,2026-07-20,19,pending
DSP-12049,ORD-14975,not_as_described,2026-07-20,10,pending
DSP-12050,ORD-05810,unauthorized_transaction,2026-07-20,17,pending
DSP-12051,ORD-09282,item_not_received,2026-07-20,12,pending
DSP-12052,ORD-00049,unauthorized_transaction,2026-07-20,4,pending
DSP-12053,ORD-15629,duplicate_charge,2026-07-20,24,pending
DSP-12054,ORD-00348,item_not_received,2026-07-20,9,pending
DSP-12055,ORD-08683,not_as_described,2026-07-20,7,pending
DSP-12056,ORD-00979,duplicate_charge,2026-07-20,19,pending
DSP-12057,ORD-18402,duplicate_charge,2026-07-20,23,pending
DSP-12058,ORD-08538,item_not_received,2026-07-20,15,pending
DSP-12059,ORD-11388,item_not_received,2026-07-20,2,pending
DSP-12060,ORD-02081,item_not_received,2026-07-20,20,pending
DSP-12061,ORD-15733,item_not_received,2026-07-20,20,pending
DSP-12062,ORD-12580,duplicate_charge,2026-07-20,3,pending
DSP-12063,ORD-16746,not_as_described,2026-07-20,19,pending
DSP-12064,ORD-09992,duplicate_charge,2026-07-20,17,pending
DSP-12065,ORD-03893,not_as_described,2026-07-20,24,pending
DSP-12066,ORD-07656,duplicate_charge,2026-07-20,7,pending
DSP-12067,ORD-15530,item_not_received,2026-07-20,21,pending
DSP-12068,ORD-00768,item_not_received,2026-07-20,18,pending
DSP-12069,ORD-03514,unauthorized_transaction,2026-07-20,14,pending
DSP-12070,ORD-03347,item_not_received,2026-07-20,18,pending
DSP-12071,ORD-12164,unauthorized_transaction,2026-07-20,10,pending
DSP-12072,ORD-05744,unauthorized_transaction,2026-07-20,17,pending
DSP-12073,ORD-13252,item_not_received,2026-07-20,15,pending
DSP-12074,ORD-10775,unauthorized_transaction,2026-07-20,17,pending
DSP-12075,ORD-17903,not_as_described,2026-07-20,8,pending
DSP-12076,ORD-10937,unauthorized_transaction,2026-07-20,17,pending
DSP-12077,ORD-12738,duplicate_charge,2026-07-20,6,pending
DSP-12078,ORD-16817,not_as_described,2026-07-20,15,pending
DSP-12079,ORD-03894,not_as_described,2026-07-20,21,pending
DSP-12080,ORD-01851,duplicate_charge,2026-07-20,24,pending
DSP-12081,ORD-16369,not_as_described,2026-07-20,13,pending
DSP-12082,ORD-02160,duplicate_charge,2026-07-20,17,pending
DSP-12083,ORD-09300,unauthorized_transaction,2026-07-20,13,pending
DSP-12084,ORD-09445,unauthorized_transaction,2026-07-20,9,pending
DSP-12085,ORD-13762,item_not_received,2026-07-20,13,pending
DSP-12086,ORD-06703,item_not_received,2026-07-20,24,pending
DSP-12087,ORD-08783,duplicate_charge,2026-07-20,8,pending
DSP-12088,ORD-03011,not_as_described,2026-07-20,2,pending
DSP-12089,ORD-14245,not_as_described,2026-07-20,24,pending
DSP-12090,ORD-01612,unauthorized_transaction,2026-07-20,7,pending
DSP-12091,ORD-12030,item_not_received,2026-07-20,4,pending
DSP-12092,ORD-06262,duplicate_charge,2026-07-20,7,pending
DSP-12093,ORD-08283,item_not_received,2026-07-20,4,pending
DSP-12094,ORD-04193,not_as_described,2026-07-20,16,pending
DSP-12095,ORD-15095,item_not_received,2026-07-20,2,pending
DSP-12096,ORD-10927,item_not_received,2026-07-20,16,pending
DSP-12097,ORD-09076,unauthorized_transaction,2026-07-20,9,pending
DSP-12098,ORD-08313,item_not_received,2026-07-20,8,pending
DSP-12099,ORD-13613,unauthorized_transaction,2026-07-20,6,pending
DSP-12100,ORD-15692,unauthorized_transaction,2026-07-20,17,pending
DSP-12101,ORD-02311,item_not_received,2026-07-20,4,pending
DSP-12102,ORD-05981,not_as_described,2026-07-20,15,pending
DSP-12103,ORD-12976,item_not_received,2026-07-20,21,pending
DSP-12104,ORD-18193,not_as_described,2026-07-20,7,pending
DSP-12105,ORD-09288,item_not_received,2026-07-20,1,pending
DSP-12106,ORD-05830,not_as_described,2026-07-20,18,pending
DSP-12107,ORD-07061,duplicate_charge,2026-07-21,18,pending
DSP-12108,ORD-04066,duplicate_charge,2026-07-21,7,pending
DSP-12109,ORD-10241,duplicate_charge,2026-07-21,13,pending
DSP-12110,ORD-00066,item_not_received,2026-07-21,20,pending
DSP-12111,ORD-10052,not_as_described,2026-07-21,3,pending
DSP-12112,ORD-05619,unauthorized_transaction,2026-07-21,12,pending
DSP-12113,ORD-09383,item_not_received,2026-07-21,4,pending
DSP-12114,ORD-08242,unauthorized_transaction,2026-07-21,9,pending
DSP-12115,ORD-05294,duplicate_charge,2026-07-21,1,pending
DSP-12116,ORD-07223,item_not_received,2026-07-21,20,pending
DSP-12117,ORD-01511,unauthorized_transaction,2026-07-21,15,pending
DSP-12118,ORD-16036,not_as_described,2026-07-21,16,pending
DSP-12119,ORD-13812,item_not_received,2026-07-21,4,pending
DSP-12120,ORD-08570,not_as_described,2026-07-21,1,pending
DSP-12121,ORD-04989,duplicate_charge,2026-07-21,9,pending
DSP-12122,ORD-17211,not_as_described,2026-07-21,7,pending
DSP-12123,ORD-01635,item_not_received,2026-07-21,8,pending
DSP-12124,ORD-08392,duplicate_charge,2026-07-21,12,pending
DSP-12125,ORD-11639,unauthorized_transaction,2026-07-21,18,pending
DSP-12126,ORD-09702,unauthorized_transaction,2026-07-21,22,pending
DSP-12127,ORD-13016,not_as_described,2026-07-21,4,pending
DSP-12128,ORD-13181,not_as_described,2026-07-21,23,pending
DSP-12129,ORD-01011,duplicate_charge,2026-07-21,10,pending
DSP-12130,ORD-07671,item_not_received,2026-07-21,17,pending
DSP-12131,ORD-13331,unauthorized_transaction,2026-07-21,12,pending
DSP-12132,ORD-07139,not_as_described,2026-07-21,1,pending
DSP-12133,ORD-06370,item_not_received,2026-07-21,5,pending
DSP-12134,ORD-06759,item_not_received,2026-07-21,6,pending
DSP-12135,ORD-18510,not_as_described,2026-07-21,17,pending
DSP-12136,ORD-11216,not_as_described,2026-07-21,19,pending
DSP-12137,ORD-13630,not_as_described,2026-07-21,16,pending
DSP-12138,ORD-17376,not_as_described,2026-07-21,24,pending
DSP-12139,ORD-07435,item_not_received,2026-07-21,14,pending
DSP-12140,ORD-02375,item_not_received,2026-07-21,3,pending
DSP-12141,ORD-03010,not_as_described,2026-07-21,3,pending
DSP-12142,ORD-14515,unauthorized_transaction,2026-07-21,5,pending
DSP-12143,ORD-00600,not_as_described,2026-07-21,3,pending
DSP-12144,ORD-06932,item_not_received,2026-07-21,16,pending
DSP-12145,ORD-16183,item_not_received,2026-07-21,5,pending
DSP-12146,ORD-02062,not_as_described,2026-07-21,22,pending
DSP-12147,ORD-03779,item_not_received,2026-07-21,4,pending
DSP-12148,ORD-16705,not_as_described,2026-07-21,1,pending
DSP-12149,ORD-18648,item_not_received,2026-07-21,13,pending
DSP-12150,ORD-06715,item_not_received,2026-07-21,23,pending
DSP-12151,ORD-08325,duplicate_charge,2026-07-21,22,pending
DSP-12152,ORD-02947,duplicate_charge,2026-07-21,15,pending
DSP-12153,ORD-02181,item_not_received,2026-07-21,17,pending
DSP-12154,ORD-04007,not_as_described,2026-07-21,22,pending
DSP-12155,ORD-12743,not_as_described,2026-07-21,8,pending
DSP-12156,ORD-11921,not_as_described,2026-07-21,2,pending
DSP-12157,ORD-06692,not_as_described,2026-07-21,6,pending
DSP-12158,ORD-16439,item_not_received,2026-07-21,16,pending
DSP-12159,ORD-06118,item_not_received,2026-07-21,12,pending
DSP-12160,ORD-03383,item_not_received,2026-07-21,10,pending
DSP-12161,ORD-15590,duplicate_charge,2026-07-21,13,pending
DSP-12162,ORD-10808,not_as_described,2026-07-21,19,pending
DSP-12163,ORD-08786,unauthorized_transaction,2026-07-21,23,pending
DSP-12164,ORD-13431,unauthorized_transaction,2026-07-21,7,pending
DSP-12165,ORD-04646,unauthorized_transaction,2026-07-21,6,pending
DSP-12166,ORD-19551,not_as_described,2026-07-21,21,pending
DSP-12167,ORD-03644,item_not_received,2026-07-21,8,pending
DSP-12168,ORD-14960,item_not_received,2026-07-21,24,pending
DSP-12169,ORD-19475,unauthorized_transaction,2026-07-21,5,pending
DSP-12170,ORD-18159,not_as_described,2026-07-21,16,pending
DSP-12171,ORD-07172,not_as_described,2026-07-21,14,pending
DSP-12172,ORD-10917,item_not_received,2026-07-21,14,pending
DSP-12173,ORD-10271,unauthorized_transaction,2026-07-21,21,pending
DSP-12174,ORD-01757,unauthorized_transaction,2026-07-21,18,pending
DSP-12175,ORD-07273,duplicate_charge,2026-07-21,12,pending
DSP-12176,ORD-06760,item_not_received,2026-07-21,6,pending
DSP-12177,ORD-07993,duplicate_charge,2026-07-21,11,pending
DSP-12178,ORD-02473,not_as_described,2026-07-21,9,pending
DSP-12179,ORD-12277,item_not_received,2026-07-21,12,pending
DSP-12180,ORD-16009,not_as_described,2026-07-21,19,pending
DSP-12181,ORD-00780,item_not_received,2026-07-21,14,pending
DSP-12182,ORD-00047,duplicate_charge,2026-07-21,14,pending
DSP-12183,ORD-14328,duplicate_charge,2026-07-21,12,pending
DSP-12184,ORD-19070,not_as_described,2026-07-21,24,pending
DSP-12185,ORD-11566,item_not_received,2026-07-21,14,pending
DSP-12186,ORD-18806,item_not_received,2026-07-21,7,pending
DSP-12187,ORD-19246,not_as_described,2026-07-21,13,pending
DSP-12188,ORD-02682,duplicate_charge,2026-07-21,19,pending
DSP-12189,ORD-06521,duplicate_charge,2026-07-21,19,pending
DSP-12190,ORD-16471,item_not_received,2026-07-21,2,pending
DSP-12191,ORD-00394,unauthorized_transaction,2026-07-21,15,pending
DSP-12192,ORD-02431,item_not_received,2026-07-21,18,pending
DSP-12193,ORD-11629,not_as_described,2026-07-21,4,pending
DSP-12194,ORD-09756,not_as_described,2026-07-21,20,pending
DSP-12195,ORD-09934,unauthorized_transaction,2026-07-21,4,pending
DSP-12196,ORD-12248,item_not_received,2026-07-21,23,pending
DSP-12197,ORD-09908,not_as_described,2026-07-22,11,pending
DSP-12198,ORD-02101,item_not_received,2026-07-22,8,pending
DSP-12199,ORD-18171,item_not_received,2026-07-22,22,pending
DSP-12200,ORD-14293,not_as_described,2026-07-22,7,pending
DSP-12201,ORD-05186,item_not_received,2026-07-22,20,pending
DSP-12202,ORD-15842,unauthorized_transaction,2026-07-22,3,pending
DSP-12203,ORD-15031,item_not_received,2026-07-22,16,pending
DSP-12204,ORD-03003,duplicate_charge,2026-07-22,22,pending
DSP-12205,ORD-12768,duplicate_charge,2026-07-22,10,pending
DSP-12206,ORD-12860,unauthorized_transaction,2026-07-22,24,pending
DSP-12207,ORD-07190,duplicate_charge,2026-07-22,11,pending
DSP-12208,ORD-05487,unauthorized_transaction,2026-07-22,12,pending
DSP-12209,ORD-01031,item_not_received,2026-07-22,19,pending
DSP-12210,ORD-06046,item_not_received,2026-07-22,17,pending
DSP-12211,ORD-01841,unauthorized_transaction,2026-07-22,4,pending
DSP-12212,ORD-08554,item_not_received,2026-07-22,12,pending
DSP-12213,ORD-08963,duplicate_charge,2026-07-22,18,pending
DSP-12214,ORD-02536,not_as_described,2026-07-22,14,pending
DSP-12215,ORD-04652,not_as_described,2026-07-22,12,pending
DSP-12216,ORD-04186,not_as_described,2026-07-22,15,pending
DSP-12217,ORD-06956,duplicate_charge,2026-07-22,13,pending
DSP-12218,ORD-16117,item_not_received,2026-07-22,21,pending
DSP-12219,ORD-15728,item_not_received,2026-07-22,21,pending
DSP-12220,ORD-16020,unauthorized_transaction,2026-07-22,15,pending
DSP-12221,ORD-03845,item_not_received,2026-07-22,9,pending
DSP-12222,ORD-13293,not_as_described,2026-07-22,20,pending
DSP-12223,ORD-17508,not_as_described,2026-07-22,15,pending
DSP-12224,ORD-09674,not_as_described,2026-07-22,1,pending
DSP-12225,ORD-05736,not_as_described,2026-07-22,10,pending
DSP-12226,ORD-09153,not_as_described,2026-07-22,5,pending
DSP-12227,ORD-08736,item_not_received,2026-07-22,9,pending
DSP-12228,ORD-06271,duplicate_charge,2026-07-22,7,pending
DSP-12229,ORD-04094,unauthorized_transaction,2026-07-22,18,pending
DSP-12230,ORD-06234,not_as_described,2026-07-22,6,pending
DSP-12231,ORD-14413,not_as_described,2026-07-22,2,pending
DSP-12232,ORD-19440,not_as_described,2026-07-22,8,pending
DSP-12233,ORD-06653,unauthorized_transaction,2026-07-22,3,pending
DSP-12234,ORD-12069,unauthorized_transaction,2026-07-22,20,pending
DSP-12235,ORD-13726,duplicate_charge,2026-07-22,23,pending
DSP-12236,ORD-15390,not_as_described,2026-07-22,20,pending
DSP-12237,ORD-11939,not_as_described,2026-07-22,23,pending
DSP-12238,ORD-18188,item_not_received,2026-07-22,7,pending
DSP-12239,ORD-07769,item_not_received,2026-07-22,5,pending
DSP-12240,ORD-01662,not_as_described,2026-07-22,24,pending
DSP-12241,ORD-00305,not_as_described,2026-07-22,2,pending
DSP-12242,ORD-01018,not_as_described,2026-07-22,6,pending
DSP-12243,ORD-15000,item_not_received,2026-07-22,5,pending
DSP-12244,ORD-04064,unauthorized_transaction,2026-07-22,24,pending
DSP-12245,ORD-10048,not_as_described,2026-07-22,5,pending
DSP-12246,ORD-19693,unauthorized_transaction,2026-07-22,2,pending
DSP-12247,ORD-10204,item_not_received,2026-07-22,15,pending
DSP-12248,ORD-14594,not_as_described,2026-07-22,11,pending
DSP-12249,ORD-17343,duplicate_charge,2026-07-22,3,pending
DSP-12250,ORD-01548,item_not_received,2026-07-22,11,pending
DSP-12251,ORD-07625,not_as_described,2026-07-22,2,pending
DSP-12252,ORD-19193,item_not_received,2026-07-22,24,pending
DSP-12253,ORD-06837,unauthorized_transaction,2026-07-22,23,pending
DSP-12254,ORD-01983,item_not_received,2026-07-22,2,pending
DSP-12255,ORD-08006,duplicate_charge,2026-07-22,22,pending
DSP-12256,ORD-08148,not_as_described,2026-07-22,21,pending
DSP-12257,ORD-00520,duplicate_charge,2026-07-22,5,pending
DSP-12258,ORD-08651,not_as_described,2026-07-22,9,pending
DSP-12259,ORD-04140,item_not_received,2026-07-22,16,pending
DSP-12260,ORD-19912,unauthorized_transaction,2026-07-22,7,pending
DSP-12261,ORD-03438,unauthorized_transaction,2026-07-22,5,pending
DSP-12262,ORD-06711,unauthorized_transaction,2026-07-22,6,pending
DSP-12263,ORD-18997,item_not_received,2026-07-22,7,pending
DSP-12264,ORD-17713,not_as_described,2026-07-22,10,pending
DSP-12265,ORD-13456,item_not_received,2026-07-22,4,pending
DSP-12266,ORD-19705,unauthorized_transaction,2026-07-22,21,pending
DSP-12267,ORD-15404,duplicate_charge,2026-07-22,15,pending
DSP-12268,ORD-13561,item_not_received,2026-07-22,22,pending
DSP-12269,ORD-16553,duplicate_charge,2026-07-22,14,pending
DSP-12270,ORD-12897,item_not_received,2026-07-22,3,pending
DSP-12271,ORD-03117,item_not_received,2026-07-22,13,pending
DSP-12272,ORD-08398,duplicate_charge,2026-07-22,17,pending
DSP-12273,ORD-14067,duplicate_charge,2026-07-22,8,pending
DSP-12274,ORD-13125,item_not_received,2026-07-22,16,pending
DSP-12275,ORD-12717,unauthorized_transaction,2026-07-22,17,pending
DSP-12276,ORD-05392,duplicate_charge,2026-07-22,4,pending
DSP-12277,ORD-16436,item_not_received,2026-07-22,20,pending
DSP-12278,ORD-14438,duplicate_charge,2026-07-22,1,pending
DSP-12279,ORD-06636,item_not_received,2026-07-22,21,pending
DSP-12280,ORD-05478,not_as_described,2026-07-22,10,pending
DSP-12281,ORD-00641,not_as_described,2026-07-22,14,pending
DSP-12282,ORD-08974,not_as_described,2026-07-22,19,pending
DSP-12283,ORD-09380,item_not_received,2026-07-22,17,pending
DSP-12284,ORD-09136,item_not_received,2026-07-22,18,pending
DSP-12285,ORD-08424,item_not_received,2026-07-22,17,pending
DSP-12286,ORD-05585,not_as_described,2026-07-22,11,pending
DSP-12287,ORD-06314,duplicate_charge,2026-07-22,9,pending
DSP-12288,ORD-04539,not_as_described,2026-07-22,21,pending
DSP-12289,ORD-18022,item_not_received,2026-07-22,5,pending
DSP-12290,ORD-09098,item_not_received,2026-07-22,10,pending
DSP-12291,ORD-02384,item_not_received,2026-07-22,9,pending
DSP-12292,ORD-13073,duplicate_charge,2026-07-22,11,pending
DSP-12293,ORD-06105,item_not_received,2026-07-22,13,pending
DSP-12294,ORD-18277,not_as_described,2026-07-22,15,pending
DSP-12295,ORD-00680,unauthorized_transaction,2026-07-22,12,pending
DSP-12296,ORD-12880,item_not_received,2026-07-22,5,pending
DSP-12297,ORD-04005,not_as_described,2026-07-22,17,pending
DSP-12298,ORD-01138,item_not_received,2026-07-22,19,pending
DSP-12299,ORD-01391,unauthorized_transaction,2026-07-22,8,pending
DSP-12300,ORD-14926,not_as_described,2026-07-22,4,pending
DSP-12301,ORD-15057,duplicate_charge,2026-07-22,4,pending
DSP-12302,ORD-18749,item_not_received,2026-07-22,13,pending
DSP-12303,ORD-08719,unauthorized_transaction,2026-07-22,14,pending
DSP-12304,ORD-13789,duplicate_charge,2026-07-23,18,pending
DSP-12305,ORD-18585,item_not_received,2026-07-23,18,pending
DSP-12306,ORD-19214,not_as_described,2026-07-23,6,pending
DSP-12307,ORD-14304,unauthorized_transaction,2026-07-23,17,pending
DSP-12308,ORD-16018,not_as_described,2026-07-23,22,pending
DSP-12309,ORD-11589,item_not_received,2026-07-23,24,pending
DSP-12310,ORD-12399,unauthorized_transaction,2026-07-23,8,pending
DSP-12311,ORD-01563,duplicate_charge,2026-07-23,12,pending
DSP-12312,ORD-11547,item_not_received,2026-07-23,4,pending
DSP-12313,ORD-05741,not_as_described,2026-07-23,21,pending
DSP-12314,ORD-00290,not_as_described,2026-07-23,20,pending
DSP-12315,ORD-11073,item_not_received,2026-07-23,22,pending
DSP-12316,ORD-00913,item_not_received,2026-07-23,20,pending
DSP-12317,ORD-02393,not_as_described,2026-07-23,1,pending
DSP-12318,ORD-04170,item_not_received,2026-07-23,23,pending
DSP-12319,ORD-11160,item_not_received,2026-07-23,13,pending
DSP-12320,ORD-05421,item_not_received,2026-07-23,8,pending
DSP-12321,ORD-17531,item_not_received,2026-07-23,6,pending
DSP-12322,ORD-10344,duplicate_charge,2026-07-23,19,pending
DSP-12323,ORD-17882,item_not_received,2026-07-23,16,pending
DSP-12324,ORD-12823,not_as_described,2026-07-23,14,pending
DSP-12325,ORD-13690,unauthorized_transaction,2026-07-23,16,pending
DSP-12326,ORD-17745,unauthorized_transaction,2026-07-23,18,pending
DSP-12327,ORD-18409,unauthorized_transaction,2026-07-23,20,pending
DSP-12328,ORD-17725,item_not_received,2026-07-23,6,pending
DSP-12329,ORD-06918,item_not_received,2026-07-23,18,pending
DSP-12330,ORD-00398,unauthorized_transaction,2026-07-23,23,pending
DSP-12331,ORD-04465,unauthorized_transaction,2026-07-23,11,pending
DSP-12332,ORD-02258,item_not_received,2026-07-23,12,pending
DSP-12333,ORD-10380,not_as_described,2026-07-23,19,pending
DSP-12334,ORD-01641,unauthorized_transaction,2026-07-23,13,pending
DSP-12335,ORD-06639,item_not_received,2026-07-23,21,pending
DSP-12336,ORD-14325,unauthorized_transaction,2026-07-23,12,pending
DSP-12337,ORD-04706,unauthorized_transaction,2026-07-23,19,pending
DSP-12338,ORD-04067,not_as_described,2026-07-23,3,pending
DSP-12339,ORD-11444,not_as_described,2026-07-23,12,pending
DSP-12340,ORD-13506,unauthorized_transaction,2026-07-23,14,pending
DSP-12341,ORD-08001,duplicate_charge,2026-07-23,21,pending
DSP-12342,ORD-04571,item_not_received,2026-07-23,24,pending
DSP-12343,ORD-11879,item_not_received,2026-07-23,18,pending
DSP-12344,ORD-17400,unauthorized_transaction,2026-07-23,18,pending
DSP-12345,ORD-17497,not_as_described,2026-07-23,12,pending
DSP-12346,ORD-12367,unauthorized_transaction,2026-07-23,12,pending
DSP-12347,ORD-10721,not_as_described,2026-07-23,19,pending
DSP-12348,ORD-18545,unauthorized_transaction,2026-07-23,16,pending
DSP-12349,ORD-03332,not_as_described,2026-07-23,13,pending
DSP-12350,ORD-12568,item_not_received,2026-07-23,12,pending
DSP-12351,ORD-02291,item_not_received,2026-07-23,22,pending
DSP-12352,ORD-16336,item_not_received,2026-07-23,4,pending
DSP-12353,ORD-02364,not_as_described,2026-07-23,23,pending
DSP-12354,ORD-13714,duplicate_charge,2026-07-23,5,pending
DSP-12355,ORD-10005,not_as_described,2026-07-23,1,pending
DSP-12356,ORD-15772,item_not_received,2026-07-23,17,pending
DSP-12357,ORD-01430,not_as_described,2026-07-23,23,pending
DSP-12358,ORD-01329,unauthorized_transaction,2026-07-23,7,pending
DSP-12359,ORD-14012,unauthorized_transaction,2026-07-23,24,pending
DSP-12360,ORD-16656,item_not_received,2026-07-23,10,pending
DSP-12361,ORD-17039,item_not_received,2026-07-23,18,pending
DSP-12362,ORD-09894,unauthorized_transaction,2026-07-23,10,pending
DSP-12363,ORD-07614,item_not_received,2026-07-23,14,pending
DSP-12364,ORD-17198,not_as_described,2026-07-23,10,pending
DSP-12365,ORD-09199,item_not_received,2026-07-23,16,pending
DSP-12366,ORD-00981,item_not_received,2026-07-23,15,pending
DSP-12367,ORD-08370,item_not_received,2026-07-23,7,pending
DSP-12368,ORD-17633,not_as_described,2026-07-23,1,pending
DSP-12369,ORD-18326,item_not_received,2026-07-23,3,pending
DSP-12370,ORD-06258,item_not_received,2026-07-23,19,pending
DSP-12371,ORD-08520,item_not_received,2026-07-23,16,pending
DSP-12372,ORD-08621,not_as_described,2026-07-23,10,pending
DSP-12373,ORD-05426,unauthorized_transaction,2026-07-23,5,pending
DSP-12374,ORD-11956,duplicate_charge,2026-07-23,6,pending
DSP-12375,ORD-19149,not_as_described,2026-07-23,10,pending
DSP-12376,ORD-10717,not_as_described,2026-07-23,9,pending
DSP-12377,ORD-09606,unauthorized_transaction,2026-07-23,11,pending
DSP-12378,ORD-10322,not_as_described,2026-07-23,11,pending
DSP-12379,ORD-15490,duplicate_charge,2026-07-23,15,pending
DSP-12380,ORD-09368,unauthorized_transaction,2026-07-23,17,pending
DSP-12381,ORD-03915,item_not_received,2026-07-23,13,pending
DSP-12382,ORD-03866,unauthorized_transaction,2026-07-23,20,pending
DSP-12383,ORD-07679,not_as_described,2026-07-23,21,pending
DSP-12384,ORD-11877,not_as_described,2026-07-23,7,pending
DSP-12385,ORD-09650,item_not_received,2026-07-23,19,pending
DSP-12386,ORD-13207,not_as_described,2026-07-23,1,pending
DSP-12387,ORD-02130,not_as_described,2026-07-23,3,pending
DSP-12388,ORD-09072,duplicate_charge,2026-07-23,17,pending
DSP-12389,ORD-05771,item_not_received,2026-07-23,23,pending
DSP-12390,ORD-02469,item_not_received,2026-07-23,22,pending
DSP-12391,ORD-14686,unauthorized_transaction,2026-07-23,15,pending
DSP-12392,ORD-01519,unauthorized_transaction,2026-07-23,21,pending
DSP-12393,ORD-14330,not_as_described,2026-07-23,10,pending
DSP-12394,ORD-13946,unauthorized_transaction,2026-07-23,22,pending
DSP-12395,ORD-13841,unauthorized_transaction,2026-07-23,21,pending
DSP-12396,ORD-08496,duplicate_charge,2026-07-23,9,pending
DSP-12397,ORD-12145,not_as_described,2026-07-23,15,pending
DSP-12398,ORD-14888,item_not_received,2026-07-23,16,pending
DSP-12399,ORD-08090,item_not_received,2026-07-23,13,pending
DSP-12400,ORD-04480,item_not_received,2026-07-23,18,pending
DSP-12401,ORD-08487,not_as_described,2026-07-23,13,pending
DSP-12402,ORD-08706,item_not_received,2026-07-23,17,pending
DSP-12403,ORD-01410,duplicate_charge,2026-07-23,17,pending
DSP-12404,ORD-16273,not_as_described,2026-07-23,4,pending
DSP-12405,ORD-08622,item_not_received,2026-07-23,3,pending
DSP-12406,ORD-01592,not_as_described,2026-07-23,13,pending
DSP-12407,ORD-00874,not_as_described,2026-07-23,5,pending
DSP-12408,ORD-14299,not_as_described,2026-07-23,6,pending
DSP-12409,ORD-12421,unauthorized_transaction,2026-07-23,13,pending
DSP-12410,ORD-18359,not_as_described,2026-07-23,4,pending
DSP-12411,ORD-18844,not_as_described,2026-07-23,9,pending
DSP-12412,ORD-13197,not_as_described,2026-07-23,4,pending
DSP-12413,ORD-04775,duplicate_charge,2026-07-24,17,pending
DSP-12414,ORD-18080,item_not_received,2026-07-24,2,pending
DSP-12415,ORD-03376,item_not_received,2026-07-24,1,pending
DSP-12416,ORD-17409,item_not_received,2026-07-24,20,pending
DSP-12417,ORD-14319,unauthorized_transaction,2026-07-24,14,pending
DSP-12418,ORD-13829,unauthorized_transaction,2026-07-24,22,pending
DSP-12419,ORD-02244,not_as_described,2026-07-24,19,pending
DSP-12420,ORD-12853,duplicate_charge,2026-07-24,3,pending
DSP-12421,ORD-02828,not_as_described,2026-07-24,22,pending
DSP-12422,ORD-13814,not_as_described,2026-07-24,22,pending
DSP-12423,ORD-11876,unauthorized_transaction,2026-07-24,17,pending
DSP-12424,ORD-09689,item_not_received,2026-07-24,3,pending
DSP-12425,ORD-05062,unauthorized_transaction,2026-07-24,14,pending
DSP-12426,ORD-05355,unauthorized_transaction,2026-07-24,18,pending
DSP-12427,ORD-10120,not_as_described,2026-07-24,19,pending
DSP-12428,ORD-11801,item_not_received,2026-07-24,20,pending
DSP-12429,ORD-06211,duplicate_charge,2026-07-24,5,pending
DSP-12430,ORD-12501,duplicate_charge,2026-07-24,6,pending
DSP-12431,ORD-01364,not_as_described,2026-07-24,8,pending
DSP-12432,ORD-11664,not_as_described,2026-07-24,5,pending
DSP-12433,ORD-14383,duplicate_charge,2026-07-24,10,pending
DSP-12434,ORD-12948,not_as_described,2026-07-24,10,pending
DSP-12435,ORD-18797,not_as_described,2026-07-24,18,pending
DSP-12436,ORD-04907,item_not_received,2026-07-24,17,pending
DSP-12437,ORD-07935,duplicate_charge,2026-07-24,22,pending
DSP-12438,ORD-10666,not_as_described,2026-07-24,3,pending
DSP-12439,ORD-04195,not_as_described,2026-07-24,4,pending
DSP-12440,ORD-07774,item_not_received,2026-07-24,1,pending
DSP-12441,ORD-19103,unauthorized_transaction,2026-07-24,2,pending
DSP-12442,ORD-09690,not_as_described,2026-07-24,16,pending
DSP-12443,ORD-08566,duplicate_charge,2026-07-24,11,pending
DSP-12444,ORD-03494,item_not_received,2026-07-24,21,pending
DSP-12445,ORD-01618,item_not_received,2026-07-24,5,pending
DSP-12446,ORD-16733,not_as_described,2026-07-24,7,pending
DSP-12447,ORD-03913,duplicate_charge,2026-07-24,8,pending
DSP-12448,ORD-06177,item_not_received,2026-07-24,7,pending
DSP-12449,ORD-04174,not_as_described,2026-07-24,4,pending
DSP-12450,ORD-12181,duplicate_charge,2026-07-24,9,pending
DSP-12451,ORD-03526,unauthorized_transaction,2026-07-24,17,pending
DSP-12452,ORD-12546,not_as_described,2026-07-24,14,pending
DSP-12453,ORD-06909,not_as_described,2026-07-24,7,pending
DSP-12454,ORD-04311,unauthorized_transaction,2026-07-24,8,pending
DSP-12455,ORD-03556,item_not_received,2026-07-24,13,pending
DSP-12456,ORD-01985,item_not_received,2026-07-24,16,pending
DSP-12457,ORD-09090,unauthorized_transaction,2026-07-24,6,pending
DSP-12458,ORD-05278,not_as_described,2026-07-24,22,pending
DSP-12459,ORD-09823,item_not_received,2026-07-24,9,pending
DSP-12460,ORD-03155,unauthorized_transaction,2026-07-24,22,pending
DSP-12461,ORD-13741,duplicate_charge,2026-07-24,9,pending
DSP-12462,ORD-00065,duplicate_charge,2026-07-24,4,pending
DSP-12463,ORD-07624,item_not_received,2026-07-24,2,pending
DSP-12464,ORD-08469,not_as_described,2026-07-24,23,pending
DSP-12465,ORD-18745,not_as_described,2026-07-24,20,pending
DSP-12466,ORD-11349,duplicate_charge,2026-07-24,11,pending
DSP-12467,ORD-08935,not_as_described,2026-07-24,20,pending
DSP-12468,ORD-13221,not_as_described,2026-07-24,2,pending
DSP-12469,ORD-06180,duplicate_charge,2026-07-24,24,pending
DSP-12470,ORD-16285,not_as_described,2026-07-24,10,pending
DSP-12471,ORD-12618,unauthorized_transaction,2026-07-24,22,pending
DSP-12472,ORD-01632,unauthorized_transaction,2026-07-24,9,pending
DSP-12473,ORD-12088,duplicate_charge,2026-07-24,21,pending
DSP-12474,ORD-09806,item_not_received,2026-07-24,24,pending
DSP-12475,ORD-05755,item_not_received,2026-07-24,15,pending
DSP-12476,ORD-09668,not_as_described,2026-07-24,10,pending
DSP-12477,ORD-13274,unauthorized_transaction,2026-07-24,7,pending
DSP-12478,ORD-10485,not_as_described,2026-07-24,16,pending
DSP-12479,ORD-04413,duplicate_charge,2026-07-24,6,pending
DSP-12480,ORD-01370,unauthorized_transaction,2026-07-24,6,pending
DSP-12481,ORD-09267,not_as_described,2026-07-24,21,pending
DSP-12482,ORD-16897,not_as_described,2026-07-24,20,pending
DSP-12483,ORD-13505,unauthorized_transaction,2026-07-24,4,pending
DSP-12484,ORD-19671,item_not_received,2026-07-24,6,pending
DSP-12485,ORD-09911,not_as_described,2026-07-24,21,pending
DSP-12486,ORD-11723,unauthorized_transaction,2026-07-24,19,pending
DSP-12487,ORD-06701,item_not_received,2026-07-24,24,pending
DSP-12488,ORD-01325,item_not_received,2026-07-24,24,pending
DSP-12489,ORD-18243,item_not_received,2026-07-24,7,pending
DSP-12490,ORD-14894,unauthorized_transaction,2026-07-24,1,pending
DSP-12491,ORD-00180,unauthorized_transaction,2026-07-24,17,pending
DSP-12492,ORD-18320,not_as_described,2026-07-24,24,pending
DSP-12493,ORD-16249,unauthorized_transaction,2026-07-24,24,pending
DSP-12494,ORD-03026,unauthorized_transaction,2026-07-24,20,pending
DSP-12495,ORD-17228,duplicate_charge,2026-07-24,12,pending
DSP-12496,ORD-19408,item_not_received,2026-07-24,5,pending
DSP-12497,ORD-12556,not_as_described,2026-07-24,15,pending
DSP-12498,ORD-09931,not_as_described,2026-07-24,21,pending
DSP-12499,ORD-09088,item_not_received,2026-07-24,11,pending
DSP-12500,ORD-05413,item_not_received,2026-07-24,3,pending
DSP-12501,ORD-11695,duplicate_charge,2026-07-24,24,pending
DSP-12502,ORD-00546,item_not_received,2026-07-24,19,pending
DSP-12503,ORD-01746,unauthorized_transaction,2026-07-24,20,pending
DSP-12504,ORD-00209,not_as_described,2026-07-25,16,pending
DSP-12505,ORD-07399,not_as_described,2026-07-25,16,pending
DSP-12506,ORD-11430,item_not_received,2026-07-25,8,pending
DSP-12507,ORD-11061,not_as_described,2026-07-25,23,pending
DSP-12508,ORD-18244,not_as_described,2026-07-25,17,pending
DSP-12509,ORD-03142,item_not_received,2026-07-25,12,pending
DSP-12510,ORD-04394,duplicate_charge,2026-07-25,8,pending
DSP-12511,ORD-14585,not_as_described,2026-07-25,15,pending
DSP-12512,ORD-05604,not_as_described,2026-07-25,23,pending
DSP-12513,ORD-12133,unauthorized_transaction,2026-07-25,16,pending
DSP-12514,ORD-03953,unauthorized_transaction,2026-07-25,22,pending
DSP-12515,ORD-18005,duplicate_charge,2026-07-25,5,pending
DSP-12516,ORD-13079,unauthorized_transaction,2026-07-25,5,pending
DSP-12517,ORD-18474,unauthorized_transaction,2026-07-25,1,pending
DSP-12518,ORD-19640,not_as_described,2026-07-25,7,pending
DSP-12519,ORD-03629,not_as_described,2026-07-25,10,pending
DSP-12520,ORD-10199,duplicate_charge,2026-07-25,6,pending
DSP-12521,ORD-09123,not_as_described,2026-07-25,19,pending
DSP-12522,ORD-11525,unauthorized_transaction,2026-07-25,9,pending
DSP-12523,ORD-16833,item_not_received,2026-07-25,1,pending
DSP-12524,ORD-15064,not_as_described,2026-07-25,7,pending
DSP-12525,ORD-19315,unauthorized_transaction,2026-07-25,5,pending
DSP-12526,ORD-18886,not_as_described,2026-07-25,19,pending
DSP-12527,ORD-09287,not_as_described,2026-07-25,22,pending
DSP-12528,ORD-09432,not_as_described,2026-07-25,4,pending
DSP-12529,ORD-07426,unauthorized_transaction,2026-07-25,10,pending
DSP-12530,ORD-11114,item_not_received,2026-07-25,8,pending
DSP-12531,ORD-17942,unauthorized_transaction,2026-07-25,8,pending
DSP-12532,ORD-07822,unauthorized_transaction,2026-07-25,21,pending
DSP-12533,ORD-06623,unauthorized_transaction,2026-07-25,24,pending
DSP-12534,ORD-12988,unauthorized_transaction,2026-07-25,5,pending
DSP-12535,ORD-19006,unauthorized_transaction,2026-07-25,3,pending
DSP-12536,ORD-19323,unauthorized_transaction,2026-07-25,22,pending
DSP-12537,ORD-03418,unauthorized_transaction,2026-07-25,23,pending
DSP-12538,ORD-12463,item_not_received,2026-07-25,21,pending
DSP-12539,ORD-06889,item_not_received,2026-07-25,10,pending
DSP-12540,ORD-11045,unauthorized_transaction,2026-07-25,24,pending
DSP-12541,ORD-09401,not_as_described,2026-07-25,24,pending
DSP-12542,ORD-19036,unauthorized_transaction,2026-07-25,2,pending
DSP-12543,ORD-07830,item_not_received,2026-07-25,10,pending
DSP-12544,ORD-06643,not_as_described,2026-07-25,1,pending
DSP-12545,ORD-16581,unauthorized_transaction,2026-07-25,10,pending
DSP-12546,ORD-13010,not_as_described,2026-07-25,21,pending
DSP-12547,ORD-09097,item_not_received,2026-07-25,16,pending
DSP-12548,ORD-03213,unauthorized_transaction,2026-07-25,1,pending
DSP-12549,ORD-15425,duplicate_charge,2026-07-25,23,pending
DSP-12550,ORD-07476,not_as_described,2026-07-25,3,pending
DSP-12551,ORD-16035,duplicate_charge,2026-07-25,19,pending
DSP-12552,ORD-06197,not_as_described,2026-07-25,11,pending
DSP-12553,ORD-02306,not_as_described,2026-07-25,8,pending
DSP-12554,ORD-11930,item_not_received,2026-07-25,21,pending
DSP-12555,ORD-06011,not_as_described,2026-07-25,18,pending
DSP-12556,ORD-19932,item_not_received,2026-07-25,13,pending
DSP-12557,ORD-09177,not_as_described,2026-07-25,15,pending
DSP-12558,ORD-12381,duplicate_charge,2026-07-25,22,pending
DSP-12559,ORD-04544,not_as_described,2026-07-25,9,pending
DSP-12560,ORD-11243,unauthorized_transaction,2026-07-25,4,pending
DSP-12561,ORD-00293,not_as_described,2026-07-25,15,pending
DSP-12562,ORD-13815,unauthorized_transaction,2026-07-25,5,pending
DSP-12563,ORD-19283,item_not_received,2026-07-25,18,pending
DSP-12564,ORD-15160,not_as_described,2026-07-25,18,pending
DSP-12565,ORD-14200,not_as_described,2026-07-25,24,pending
DSP-12566,ORD-15631,duplicate_charge,2026-07-25,2,pending
DSP-12567,ORD-09427,unauthorized_transaction,2026-07-25,2,pending
DSP-12568,ORD-03201,unauthorized_transaction,2026-07-25,21,pending
DSP-12569,ORD-17406,item_not_received,2026-07-25,3,pending
DSP-12570,ORD-04679,unauthorized_transaction,2026-07-25,21,pending
DSP-12571,ORD-15394,not_as_described,2026-07-25,18,pending
DSP-12572,ORD-13953,item_not_received,2026-07-25,6,pending
DSP-12573,ORD-15506,not_as_described,2026-07-25,5,pending
DSP-12574,ORD-18799,unauthorized_transaction,2026-07-25,13,pending
DSP-12575,ORD-07491,duplicate_charge,2026-07-25,18,pending
DSP-12576,ORD-05874,item_not_received,2026-07-25,22,pending
DSP-12577,ORD-06018,item_not_received,2026-07-25,13,pending
DSP-12578,ORD-15874,duplicate_charge,2026-07-25,15,pending
DSP-12579,ORD-10212,unauthorized_transaction,2026-07-25,9,pending
DSP-12580,ORD-05637,unauthorized_transaction,2026-07-25,17,pending
DSP-12581,ORD-01110,duplicate_charge,2026-07-25,16,pending
DSP-12582,ORD-16345,not_as_described,2026-07-25,5,pending
DSP-12583,ORD-08710,not_as_described,2026-07-25,4,pending
DSP-12584,ORD-03242,not_as_described,2026-07-25,2,pending
DSP-12585,ORD-09595,unauthorized_transaction,2026-07-25,16,pending
DSP-12586,ORD-17933,duplicate_charge,2026-07-25,21,pending
DSP-12587,ORD-08356,not_as_described,2026-07-25,13,pending
DSP-12588,ORD-03449,item_not_received,2026-07-25,19,pending
DSP-12589,ORD-15470,unauthorized_transaction,2026-07-25,17,pending
DSP-12590,ORD-10379,unauthorized_transaction,2026-07-25,7,pending
DSP-12591,ORD-13292,item_not_received,2026-07-25,23,pending
DSP-12592,ORD-18354,not_as_described,2026-07-25,16,pending
DSP-12593,ORD-14982,duplicate_charge,2026-07-25,4,pending
DSP-12594,ORD-06067,duplicate_charge,2026-07-25,24,pending
DSP-12595,ORD-17811,duplicate_charge,2026-07-25,15,pending
DSP-12596,ORD-02537,not_as_described,2026-07-26,15,pending
DSP-12597,ORD-12695,item_not_received,2026-07-26,5,pending
DSP-12598,ORD-07275,unauthorized_transaction,2026-07-26,14,pending
DSP-12599,ORD-11456,not_as_described,2026-07-26,22,pending
DSP-12600,ORD-09028,item_not_received,2026-07-26,21,pending
DSP-12601,ORD-10677,item_not_received,2026-07-26,3,pending
DSP-12602,ORD-02760,item_not_received,2026-07-26,10,pending
DSP-12603,ORD-02570,item_not_received,2026-07-26,2,pending
DSP-12604,ORD-08458,item_not_received,2026-07-26,22,pending
DSP-12605,ORD-03025,unauthorized_transaction,2026-07-26,2,pending
DSP-12606,ORD-10177,unauthorized_transaction,2026-07-26,23,pending
DSP-12607,ORD-01735,item_not_received,2026-07-26,3,pending
DSP-12608,ORD-15375,item_not_received,2026-07-26,7,pending
DSP-12609,ORD-07827,not_as_described,2026-07-26,23,pending
DSP-12610,ORD-09318,not_as_described,2026-07-26,22,pending
DSP-12611,ORD-11179,unauthorized_transaction,2026-07-26,13,pending
DSP-12612,ORD-08689,duplicate_charge,2026-07-26,13,pending
DSP-12613,ORD-09736,item_not_received,2026-07-26,17,pending
DSP-12614,ORD-18481,duplicate_charge,2026-07-26,15,pending
DSP-12615,ORD-16266,item_not_received,2026-07-26,2,pending
DSP-12616,ORD-02850,unauthorized_transaction,2026-07-26,7,pending
DSP-12617,ORD-01723,unauthorized_transaction,2026-07-26,19,pending
DSP-12618,ORD-18072,duplicate_charge,2026-07-26,9,pending
DSP-12619,ORD-18902,item_not_received,2026-07-26,23,pending
DSP-12620,ORD-10978,not_as_described,2026-07-26,12,pending
DSP-12621,ORD-15894,not_as_described,2026-07-26,15,pending
DSP-12622,ORD-00443,not_as_described,2026-07-26,12,pending
DSP-12623,ORD-02634,not_as_described,2026-07-26,22,pending
DSP-12624,ORD-19739,unauthorized_transaction,2026-07-26,15,pending
DSP-12625,ORD-14030,unauthorized_transaction,2026-07-26,13,pending
DSP-12626,ORD-00004,not_as_described,2026-07-26,15,pending
DSP-12627,ORD-04881,not_as_described,2026-07-26,22,pending
DSP-12628,ORD-13204,duplicate_charge,2026-07-26,2,pending
DSP-12629,ORD-00256,unauthorized_transaction,2026-07-26,4,pending
DSP-12630,ORD-00870,item_not_received,2026-07-26,6,pending
DSP-12631,ORD-02004,item_not_received,2026-07-26,16,pending
DSP-12632,ORD-06698,not_as_described,2026-07-26,10,pending
DSP-12633,ORD-00279,not_as_described,2026-07-26,2,pending
DSP-12634,ORD-18037,unauthorized_transaction,2026-07-26,16,pending
DSP-12635,ORD-09074,duplicate_charge,2026-07-26,9,pending
DSP-12636,ORD-02718,not_as_described,2026-07-26,23,pending
DSP-12637,ORD-15741,item_not_received,2026-07-26,6,pending
DSP-12638,ORD-13144,duplicate_charge,2026-07-26,15,pending
DSP-12639,ORD-10403,unauthorized_transaction,2026-07-26,24,pending
DSP-12640,ORD-17439,not_as_described,2026-07-26,18,pending
DSP-12641,ORD-02768,item_not_received,2026-07-26,12,pending
DSP-12642,ORD-10565,duplicate_charge,2026-07-26,21,pending
DSP-12643,ORD-08535,not_as_described,2026-07-26,16,pending
DSP-12644,ORD-07380,not_as_described,2026-07-26,12,pending
DSP-12645,ORD-13772,unauthorized_transaction,2026-07-26,11,pending
DSP-12646,ORD-10309,not_as_described,2026-07-26,14,pending
DSP-12647,ORD-16821,not_as_described,2026-07-26,3,pending
DSP-12648,ORD-16667,not_as_described,2026-07-26,8,pending
DSP-12649,ORD-07057,not_as_described,2026-07-26,7,pending
DSP-12650,ORD-19131,not_as_described,2026-07-26,13,pending
DSP-12651,ORD-09297,unauthorized_transaction,2026-07-26,9,pending
DSP-12652,ORD-10082,item_not_received,2026-07-26,14,pending
DSP-12653,ORD-13350,unauthorized_transaction,2026-07-26,9,pending
DSP-12654,ORD-03172,duplicate_charge,2026-07-26,3,pending
DSP-12655,ORD-19351,unauthorized_transaction,2026-07-26,4,pending
DSP-12656,ORD-10951,item_not_received,2026-07-26,15,pending
DSP-12657,ORD-03920,item_not_received,2026-07-26,3,pending
DSP-12658,ORD-07784,item_not_received,2026-07-26,1,pending
DSP-12659,ORD-15017,item_not_received,2026-07-26,4,pending
DSP-12660,ORD-08539,duplicate_charge,2026-07-26,3,pending
DSP-12661,ORD-13601,item_not_received,2026-07-26,10,pending
DSP-12662,ORD-14281,item_not_received,2026-07-26,19,pending
DSP-12663,ORD-11429,not_as_described,2026-07-26,13,pending
DSP-12664,ORD-07377,unauthorized_transaction,2026-07-26,4,pending
DSP-12665,ORD-05379,unauthorized_transaction,2026-07-26,15,pending
DSP-12666,ORD-16684,not_as_described,2026-07-26,9,pending
DSP-12667,ORD-17432,duplicate_charge,2026-07-26,10,pending
DSP-12668,ORD-05875,unauthorized_transaction,2026-07-26,14,pending
DSP-12669,ORD-08630,not_as_described,2026-07-26,7,pending
DSP-12670,ORD-12053,not_as_described,2026-07-26,14,pending
DSP-12671,ORD-13326,not_as_described,2026-07-26,5,pending
DSP-12672,ORD-16250,item_not_received,2026-07-26,22,pending
DSP-12673,ORD-15344,item_not_received,2026-07-26,1,pending
DSP-12674,ORD-01686,item_not_received,2026-07-26,4,pending
DSP-12675,ORD-10831,not_as_described,2026-07-26,23,pending
DSP-12676,ORD-06717,not_as_described,2026-07-26,10,pending
DSP-12677,ORD-13802,not_as_described,2026-07-26,1,pending
DSP-12678,ORD-04252,unauthorized_transaction,2026-07-26,21,pending
DSP-12679,ORD-05287,item_not_received,2026-07-26,13,pending
DSP-12680,ORD-19722,not_as_described,2026-07-26,21,pending
DSP-12681,ORD-10626,duplicate_charge,2026-07-26,13,pending
DSP-12682,ORD-16879,item_not_received,2026-07-26,16,pending
DSP-12683,ORD-00418,unauthorized_transaction,2026-07-26,24,pending
DSP-12684,ORD-00524,not_as_described,2026-07-26,8,pending
DSP-12685,ORD-09551,not_as_described,2026-07-26,6,pending
DSP-12686,ORD-10086,unauthorized_transaction,2026-07-26,21,pending
DSP-12687,ORD-16150,item_not_received,2026-07-26,24,pending
DSP-12688,ORD-04991,unauthorized_transaction,2026-07-26,18,pending
DSP-12689,ORD-06700,duplicate_charge,2026-07-26,4,pending
DSP-12690,ORD-16160,unauthorized_transaction,2026-07-26,4,pending
DSP-12691,ORD-07995,not_as_described,2026-07-26,12,pending
DSP-12692,ORD-09887,not_as_described,2026-07-26,23,pending
DSP-12693,ORD-13843,item_not_received,2026-07-26,12,pending
DSP-12694,ORD-17708,not_as_described,2026-07-26,13,pending
DSP-12695,ORD-14487,not_as_described,2026-07-26,11,pending
DSP-12696,ORD-15195,not_as_described,2026-07-26,2,pending
DSP-12697,ORD-10327,item_not_received,2026-07-26,16,pending
DSP-12698,ORD-11704,item_not_received,2026-07-26,15,pending
DSP-12699,ORD-16643,item_not_received,2026-07-26,24,pending
DSP-12700,ORD-14095,not_as_described,2026-07-27,2,pending
DSP-12701,ORD-11077,item_not_received,2026-07-27,20,pending
DSP-12702,ORD-06117,item_not_received,2026-07-27,1,pending
DSP-12703,ORD-09781,unauthorized_transaction,2026-07-27,4,pending
DSP-12704,ORD-03935,unauthorized_transaction,2026-07-27,9,pending
DSP-12705,ORD-11324,item_not_received,2026-07-27,22,pending
DSP-12706,ORD-13203,not_as_described,2026-07-27,23,pending
DSP-12707,ORD-07872,not_as_described,2026-07-27,11,pending
DSP-12708,ORD-18744,not_as_described,2026-07-27,23,pending
DSP-12709,ORD-11754,unauthorized_transaction,2026-07-27,8,pending
DSP-12710,ORD-15850,duplicate_charge,2026-07-27,19,pending
DSP-12711,ORD-07106,not_as_described,2026-07-27,13,pending
DSP-12712,ORD-17575,unauthorized_transaction,2026-07-27,7,pending
DSP-12713,ORD-02999,not_as_described,2026-07-27,10,pending
DSP-12714,ORD-01863,other_unclassified,2026-07-27,8,pending
DSP-12715,ORD-19623,item_not_received,2026-07-27,7,pending
DSP-12716,ORD-16086,item_not_received,2026-07-27,19,pending
DSP-12717,ORD-15985,duplicate_charge,2026-07-27,13,pending
DSP-12718,ORD-05132,not_as_described,2026-07-27,16,pending
DSP-12719,ORD-10164,not_as_described,2026-07-27,10,pending
DSP-12720,ORD-14216,unauthorized_transaction,2026-07-27,12,pending
DSP-12721,ORD-09780,item_not_received,2026-07-27,16,pending
DSP-12722,ORD-11512,not_as_described,2026-07-27,17,pending
DSP-12723,ORD-16558,duplicate_charge,2026-07-27,4,pending
DSP-12724,ORD-14271,item_not_received,2026-07-27,15,pending
DSP-12725,ORD-17902,unauthorized_transaction,2026-07-27,23,pending
DSP-12726,ORD-05477,duplicate_charge,2026-07-27,13,pending
DSP-12727,ORD-16216,item_not_received,2026-07-27,3,pending
DSP-12728,ORD-00655,unauthorized_transaction,2026-07-27,18,pending
DSP-12729,ORD-08774,not_as_described,2026-07-27,7,pending
DSP-12730,ORD-14072,unauthorized_transaction,2026-07-27,16,pending
DSP-12731,ORD-10992,item_not_received,2026-07-27,8,pending
DSP-12732,ORD-16360,duplicate_charge,2026-07-27,9,pending
DSP-12733,ORD-05770,unauthorized_transaction,2026-07-27,15,pending
DSP-12734,ORD-12340,unauthorized_transaction,2026-07-27,3,pending
DSP-12735,ORD-19522,unauthorized_transaction,2026-07-27,11,pending
DSP-12736,ORD-18635,item_not_received,2026-07-27,7,pending
DSP-12737,ORD-04849,item_not_received,2026-07-27,10,pending
DSP-12738,ORD-02878,duplicate_charge,2026-07-27,22,pending
DSP-12739,ORD-05127,not_as_described,2026-07-27,22,pending
DSP-12740,ORD-15307,not_as_described,2026-07-27,20,pending
DSP-12741,ORD-13540,not_as_described,2026-07-27,11,pending
DSP-12742,ORD-12765,item_not_received,2026-07-27,20,pending
DSP-12743,ORD-02670,not_as_described,2026-07-27,5,pending
DSP-12744,ORD-04114,duplicate_charge,2026-07-27,24,pending
DSP-12745,ORD-12227,not_as_described,2026-07-27,24,pending
DSP-12746,ORD-00523,item_not_received,2026-07-27,24,pending
DSP-12747,ORD-16844,not_as_described,2026-07-27,15,pending
DSP-12748,ORD-04789,duplicate_charge,2026-07-27,4,pending
DSP-12749,ORD-07686,not_as_described,2026-07-27,14,pending
DSP-12750,ORD-16752,unauthorized_transaction,2026-07-27,6,pending
DSP-12751,ORD-12992,item_not_received,2026-07-27,17,pending
DSP-12752,ORD-19704,item_not_received,2026-07-27,14,pending
DSP-12753,ORD-07420,not_as_described,2026-07-27,5,pending
DSP-12754,ORD-09705,item_not_received,2026-07-27,10,pending
DSP-12755,ORD-15542,unauthorized_transaction,2026-07-27,15,pending
DSP-12756,ORD-08690,item_not_received,2026-07-27,20,pending
DSP-12757,ORD-07832,duplicate_charge,2026-07-27,22,pending
DSP-12758,ORD-10938,duplicate_charge,2026-07-27,5,pending
DSP-12759,ORD-03770,item_not_received,2026-07-27,1,pending
DSP-12760,ORD-04103,duplicate_charge,2026-07-27,4,pending
DSP-12761,ORD-05524,not_as_described,2026-07-27,19,pending
DSP-12762,ORD-14236,item_not_received,2026-07-27,17,pending
DSP-12763,ORD-16085,unauthorized_transaction,2026-07-27,1,pending
DSP-12764,ORD-10071,unauthorized_transaction,2026-07-27,8,pending
DSP-12765,ORD-07834,not_as_described,2026-07-27,8,pending
DSP-12766,ORD-11634,item_not_received,2026-07-27,17,pending
DSP-12767,ORD-12029,not_as_described,2026-07-27,17,pending
DSP-12768,ORD-11875,unauthorized_transaction,2026-07-27,3,pending
DSP-12769,ORD-03264,duplicate_charge,2026-07-27,4,pending
DSP-12770,ORD-19575,item_not_received,2026-07-27,14,pending
DSP-12771,ORD-19730,not_as_described,2026-07-27,6,pending
DSP-12772,ORD-03557,not_as_described,2026-07-27,20,pending
DSP-12773,ORD-03966,not_as_described,2026-07-27,21,pending
DSP-12774,ORD-07663,not_as_described,2026-07-27,3,pending
DSP-12775,ORD-00360,duplicate_charge,2026-07-27,23,pending
DSP-12776,ORD-04884,item_not_received,2026-07-27,1,pending
DSP-12777,ORD-16214,item_not_received,2026-07-27,13,pending
DSP-12778,ORD-01181,not_as_described,2026-07-27,3,pending
DSP-12779,ORD-10600,item_not_received,2026-07-27,10,pending
DSP-12780,ORD-05817,item_not_received,2026-07-27,4,pending
DSP-12781,ORD-05184,duplicate_charge,2026-07-27,5,pending
DSP-12782,ORD-04927,item_not_received,2026-07-27,15,pending
DSP-12783,ORD-12961,item_not_received,2026-07-27,2,pending
DSP-12784,ORD-12445,item_not_received,2026-07-27,21,pending
DSP-12785,ORD-04695,item_not_received,2026-07-27,1,pending
DSP-12786,ORD-07764,duplicate_charge,2026-07-27,11,pending
DSP-12787,ORD-11010,item_not_received,2026-07-27,16,pending
DSP-12788,ORD-19978,item_not_received,2026-07-27,12,pending
DSP-12789,ORD-00081,not_as_described,2026-07-27,3,pending
DSP-12790,ORD-13607,unauthorized_transaction,2026-07-27,24,pending
DSP-12791,ORD-19376,duplicate_charge,2026-07-27,7,pending
DSP-12792,ORD-13676,duplicate_charge,2026-07-27,14,pending
DSP-12793,ORD-19045,not_as_described,2026-07-27,5,pending
DSP-12794,ORD-16694,not_as_described,2026-07-27,21,pending
DSP-12795,ORD-01257,item_not_received,2026-07-27,20,pending
DSP-12796,ORD-03785,item_not_received,2026-07-27,13,pending
DSP-12797,ORD-19326,not_as_described,2026-07-27,16,pending
DSP-12798,ORD-18250,not_as_described,2026-07-27,14,pending
DSP-12799,ORD-13285,item_not_received,2026-07-27,5,pending
DSP-12800,ORD-14051,not_as_described,2026-07-28,6,pending
DSP-12801,ORD-12598,duplicate_charge,2026-07-28,13,pending
DSP-12802,ORD-11462,item_not_received,2026-07-28,13,pending
DSP-12803,ORD-19297,item_not_received,2026-07-28,2,pending
DSP-12804,ORD-09948,unauthorized_transaction,2026-07-28,15,pending
DSP-12805,ORD-00080,item_not_received,2026-07-28,3,pending
DSP-12806,ORD-13114,item_not_received,2026-07-28,9,pending
DSP-12807,ORD-04107,item_not_received,2026-07-28,11,pending
DSP-12808,ORD-14781,item_not_received,2026-07-28,11,pending
DSP-12809,ORD-00191,unauthorized_transaction,2026-07-28,14,pending
DSP-12810,ORD-10203,not_as_described,2026-07-28,4,pending
DSP-12811,ORD-04082,duplicate_charge,2026-07-28,5,pending
DSP-12812,ORD-00516,duplicate_charge,2026-07-28,22,pending
DSP-12813,ORD-14456,duplicate_charge,2026-07-28,5,pending
DSP-12814,ORD-13082,unauthorized_transaction,2026-07-28,17,pending
DSP-12815,ORD-06242,item_not_received,2026-07-28,12,pending
DSP-12816,ORD-12612,not_as_described,2026-07-28,1,pending
DSP-12817,ORD-08019,duplicate_charge,2026-07-28,19,pending
DSP-12818,ORD-16610,duplicate_charge,2026-07-28,24,pending
DSP-12819,ORD-16417,item_not_received,2026-07-28,3,pending
DSP-12820,ORD-09192,item_not_received,2026-07-28,17,pending
DSP-12821,ORD-12914,item_not_received,2026-07-28,19,pending
DSP-12822,ORD-13763,duplicate_charge,2026-07-28,24,pending
DSP-12823,ORD-19028,duplicate_charge,2026-07-28,19,pending
DSP-12824,ORD-01496,item_not_received,2026-07-28,21,pending
DSP-12825,ORD-18106,not_as_described,2026-07-28,20,pending
DSP-12826,ORD-16757,duplicate_charge,2026-07-28,10,pending
DSP-12827,ORD-02457,unauthorized_transaction,2026-07-28,19,pending
DSP-12828,ORD-15608,item_not_received,2026-07-28,16,pending
DSP-12829,ORD-00044,duplicate_charge,2026-07-28,12,pending
DSP-12830,ORD-16555,duplicate_charge,2026-07-28,22,pending
DSP-12831,ORD-08805,unauthorized_transaction,2026-07-28,1,pending
DSP-12832,ORD-13792,unauthorized_transaction,2026-07-28,16,pending
DSP-12833,ORD-09081,not_as_described,2026-07-28,17,pending
DSP-12834,ORD-18771,not_as_described,2026-07-28,21,pending
DSP-12835,ORD-10647,not_as_described,2026-07-28,9,pending
DSP-12836,ORD-17965,duplicate_charge,2026-07-28,4,pending
DSP-12837,ORD-06573,item_not_received,2026-07-28,22,pending
DSP-12838,ORD-06800,not_as_described,2026-07-28,12,pending
DSP-12839,ORD-10987,unauthorized_transaction,2026-07-28,10,pending
DSP-12840,ORD-04062,duplicate_charge,2026-07-28,23,pending
DSP-12841,ORD-15347,item_not_received,2026-07-28,16,pending
DSP-12842,ORD-10574,duplicate_charge,2026-07-28,12,pending
DSP-12843,ORD-14810,item_not_received,2026-07-28,4,pending
DSP-12844,ORD-06476,unauthorized_transaction,2026-07-28,11,pending
DSP-12845,ORD-14378,not_as_described,2026-07-28,15,pending
DSP-12846,ORD-16691,unauthorized_transaction,2026-07-28,22,pending
DSP-12847,ORD-09268,item_not_received,2026-07-28,13,pending
DSP-12848,ORD-06948,duplicate_charge,2026-07-28,17,pending
DSP-12849,ORD-15662,not_as_described,2026-07-28,20,pending
DSP-12850,ORD-16869,not_as_described,2026-07-28,23,pending
DSP-12851,ORD-08750,item_not_received,2026-07-28,16,pending
DSP-12852,ORD-19150,item_not_received,2026-07-28,15,pending
DSP-12853,ORD-02097,not_as_described,2026-07-28,23,pending
DSP-12854,ORD-16173,duplicate_charge,2026-07-28,3,pending
DSP-12855,ORD-02579,unauthorized_transaction,2026-07-28,6,pending
DSP-12856,ORD-02300,item_not_received,2026-07-28,5,pending
DSP-12857,ORD-11439,item_not_received,2026-07-28,23,pending
DSP-12858,ORD-19638,not_as_described,2026-07-28,13,pending
DSP-12859,ORD-09372,item_not_received,2026-07-28,1,pending
DSP-12860,ORD-05726,duplicate_charge,2026-07-28,23,pending
DSP-12861,ORD-00401,unauthorized_transaction,2026-07-28,16,pending
DSP-12862,ORD-17884,duplicate_charge,2026-07-28,14,pending
DSP-12863,ORD-16953,not_as_described,2026-07-28,23,pending
DSP-12864,ORD-11028,item_not_received,2026-07-28,19,pending
DSP-12865,ORD-09434,item_not_received,2026-07-28,9,pending
DSP-12866,ORD-13571,unauthorized_transaction,2026-07-28,11,pending
DSP-12867,ORD-18649,not_as_described,2026-07-28,8,pending
DSP-12868,ORD-03481,unauthorized_transaction,2026-07-28,3,pending
DSP-12869,ORD-14905,not_as_described,2026-07-28,5,pending
DSP-12870,ORD-02703,unauthorized_transaction,2026-07-28,23,pending
DSP-12871,ORD-00104,not_as_described,2026-07-28,3,pending
DSP-12872,ORD-19005,item_not_received,2026-07-28,9,pending
DSP-12873,ORD-09726,not_as_described,2026-07-28,21,pending
DSP-12874,ORD-05534,unauthorized_transaction,2026-07-28,17,pending
DSP-12875,ORD-04842,not_as_described,2026-07-28,18,pending
DSP-12876,ORD-15112,item_not_received,2026-07-28,4,pending
DSP-12877,ORD-10457,not_as_described,2026-07-28,15,pending
DSP-12878,ORD-17480,item_not_received,2026-07-28,3,pending
DSP-12879,ORD-17775,duplicate_charge,2026-07-28,23,pending
DSP-12880,ORD-15570,unauthorized_transaction,2026-07-28,6,pending
DSP-12881,ORD-00934,duplicate_charge,2026-07-28,6,pending
DSP-12882,ORD-09369,unauthorized_transaction,2026-07-28,17,pending
DSP-12883,ORD-18045,duplicate_charge,2026-07-28,19,pending
DSP-12884,ORD-06140,item_not_received,2026-07-28,2,pending
DSP-12885,ORD-03685,not_as_described,2026-07-28,1,pending
DSP-12886,ORD-09284,not_as_described,2026-07-28,9,pending
DSP-12887,ORD-15784,item_not_received,2026-07-28,16,pending
DSP-12888,ORD-15008,item_not_received,2026-07-28,4,pending
DSP-12889,ORD-08438,item_not_received,2026-07-28,9,pending
DSP-12890,ORD-01536,unauthorized_transaction,2026-07-28,11,pending
DSP-12891,ORD-17526,not_as_described,2026-07-29,3,pending
DSP-12892,ORD-16272,unauthorized_transaction,2026-07-29,3,pending
DSP-12893,ORD-09840,not_as_described,2026-07-29,8,pending
DSP-12894,ORD-14979,item_not_received,2026-07-29,7,pending
DSP-12895,ORD-02655,item_not_received,2026-07-29,23,pending
DSP-12896,ORD-13907,unauthorized_transaction,2026-07-29,7,pending
DSP-12897,ORD-13952,unauthorized_transaction,2026-07-29,24,pending
DSP-12898,ORD-02796,item_not_received,2026-07-29,21,pending
DSP-12899,ORD-05248,item_not_received,2026-07-29,2,pending
DSP-12900,ORD-19934,not_as_described,2026-07-29,5,pending
DSP-12901,ORD-03252,not_as_described,2026-07-29,12,pending
DSP-12902,ORD-09087,item_not_received,2026-07-29,13,pending
DSP-12903,ORD-15061,not_as_described,2026-07-29,17,pending
DSP-12904,ORD-14553,item_not_received,2026-07-29,6,pending
DSP-12905,ORD-08085,not_as_described,2026-07-29,20,pending
DSP-12906,ORD-09964,item_not_received,2026-07-29,19,pending
DSP-12907,ORD-18021,duplicate_charge,2026-07-29,8,pending
DSP-12908,ORD-16102,item_not_received,2026-07-29,1,pending
DSP-12909,ORD-09630,not_as_described,2026-07-29,15,pending
DSP-12910,ORD-15543,not_as_described,2026-07-29,5,pending
DSP-12911,ORD-09459,not_as_described,2026-07-29,11,pending
DSP-12912,ORD-04920,duplicate_charge,2026-07-29,11,pending
DSP-12913,ORD-02072,unauthorized_transaction,2026-07-29,4,pending
DSP-12914,ORD-04283,not_as_described,2026-07-29,5,pending
DSP-12915,ORD-16281,unauthorized_transaction,2026-07-29,21,pending
DSP-12916,ORD-09130,item_not_received,2026-07-29,1,pending
DSP-12917,ORD-19168,item_not_received,2026-07-29,7,pending
DSP-12918,ORD-16294,unauthorized_transaction,2026-07-29,21,pending
DSP-12919,ORD-11323,item_not_received,2026-07-29,11,pending
DSP-12920,ORD-09891,item_not_received,2026-07-29,8,pending
DSP-12921,ORD-14052,not_as_described,2026-07-29,6,pending
DSP-12922,ORD-16661,item_not_received,2026-07-29,17,pending
DSP-12923,ORD-11523,duplicate_charge,2026-07-29,18,pending
DSP-12924,ORD-05997,duplicate_charge,2026-07-29,22,pending
DSP-12925,ORD-19824,duplicate_charge,2026-07-29,6,pending
DSP-12926,ORD-16239,unauthorized_transaction,2026-07-29,7,pending
DSP-12927,ORD-01213,not_as_described,2026-07-29,18,pending
DSP-12928,ORD-11378,not_as_described,2026-07-29,12,pending
DSP-12929,ORD-02402,duplicate_charge,2026-07-29,16,pending
DSP-12930,ORD-00686,unauthorized_transaction,2026-07-29,3,pending
DSP-12931,ORD-14745,item_not_received,2026-07-29,23,pending
DSP-12932,ORD-03163,not_as_described,2026-07-29,4,pending
DSP-12933,ORD-19855,unauthorized_transaction,2026-07-29,22,pending
DSP-12934,ORD-06218,not_as_described,2026-07-29,20,pending
DSP-12935,ORD-03701,item_not_received,2026-07-29,22,pending
DSP-12936,ORD-09491,duplicate_charge,2026-07-29,4,pending
DSP-12937,ORD-19868,unauthorized_transaction,2026-07-29,19,pending
DSP-12938,ORD-18907,item_not_received,2026-07-29,21,pending
DSP-12939,ORD-01784,item_not_received,2026-07-29,15,pending
DSP-12940,ORD-03223,item_not_received,2026-07-29,12,pending
DSP-12941,ORD-05891,unauthorized_transaction,2026-07-29,8,pending
DSP-12942,ORD-00026,duplicate_charge,2026-07-29,15,pending
DSP-12943,ORD-02625,item_not_received,2026-07-29,14,pending
DSP-12944,ORD-19780,unauthorized_transaction,2026-07-29,4,pending
DSP-12945,ORD-13608,item_not_received,2026-07-29,10,pending
DSP-12946,ORD-00092,item_not_received,2026-07-29,13,pending
DSP-12947,ORD-01296,item_not_received,2026-07-29,8,pending
DSP-12948,ORD-05549,item_not_received,2026-07-29,20,pending
DSP-12949,ORD-14968,unauthorized_transaction,2026-07-29,10,pending
DSP-12950,ORD-12034,item_not_received,2026-07-29,2,pending
DSP-12951,ORD-18078,duplicate_charge,2026-07-29,10,pending
DSP-12952,ORD-11019,item_not_received,2026-07-29,20,pending
DSP-12953,ORD-13996,unauthorized_transaction,2026-07-29,3,pending
DSP-12954,ORD-18971,unauthorized_transaction,2026-07-29,19,pending
DSP-12955,ORD-15983,not_as_described,2026-07-29,18,pending
DSP-12956,ORD-02470,not_as_described,2026-07-29,3,pending
DSP-12957,ORD-19785,not_as_described,2026-07-29,8,pending
DSP-12958,ORD-17766,item_not_received,2026-07-29,7,pending
DSP-12959,ORD-13215,unauthorized_transaction,2026-07-29,15,pending
DSP-12960,ORD-01392,not_as_described,2026-07-29,20,pending
DSP-12961,ORD-08789,not_as_described,2026-07-29,3,pending
DSP-12962,ORD-15639,unauthorized_transaction,2026-07-29,15,pending
DSP-12963,ORD-09308,item_not_received,2026-07-29,17,pending
DSP-12964,ORD-19350,item_not_received,2026-07-29,1,pending
DSP-12965,ORD-03457,not_as_described,2026-07-29,6,pending
DSP-12966,ORD-14867,unauthorized_transaction,2026-07-29,14,pending
DSP-12967,ORD-19968,unauthorized_transaction,2026-07-29,10,pending
DSP-12968,ORD-11215,item_not_received,2026-07-29,24,pending
DSP-12969,ORD-14533,duplicate_charge,2026-07-29,7,pending
DSP-12970,ORD-13411,item_not_received,2026-07-29,16,pending
DSP-12971,ORD-10359,not_as_described,2026-07-29,12,pending
DSP-12972,ORD-18776,unauthorized_transaction,2026-07-29,3,pending
DSP-12973,ORD-09955,not_as_described,2026-07-29,23,pending
DSP-12974,ORD-14980,unauthorized_transaction,2026-07-29,22,pending
DSP-12975,ORD-14418,not_as_described,2026-07-29,20,pending
DSP-12976,ORD-09516,unauthorized_transaction,2026-07-29,4,pending
DSP-12977,ORD-17438,not_as_described,2026-07-29,15,pending
DSP-12978,ORD-01915,not_as_described,2026-07-29,22,pending
DSP-12979,ORD-15345,duplicate_charge,2026-07-29,19,pending
DSP-12980,ORD-11288,item_not_received,2026-07-29,4,pending
DSP-12981,ORD-15034,unauthorized_transaction,2026-07-29,18,pending
DSP-12982,ORD-11573,unauthorized_transaction,2026-07-29,11,pending
DSP-12983,ORD-07367,item_not_received,2026-07-29,6,pending
DSP-12984,ORD-09927,not_as_described,2026-07-29,4,pending
DSP-12985,ORD-12291,unauthorized_transaction,2026-07-29,17,pending
DSP-12986,ORD-00888,unauthorized_transaction,2026-07-29,20,pending
DSP-12987,ORD-13661,unauthorized_transaction,2026-07-29,20,pending
DSP-12988,ORD-14641,not_as_described,2026-07-29,10,pending
DSP-12989,ORD-03221,item_not_received,2026-07-29,12,pending
DSP-12990,ORD-17665,not_as_described,2026-07-29,14,pending
DSP-12991,ORD-04606,not_as_described,2026-07-29,19,pending
DSP-12992,ORD-06286,item_not_received,2026-07-29,3,pending
DSP-12993,ORD-02149,not_as_described,2026-07-29,21,pending
DSP-12994,ORD-17016,not_as_described,2026-07-29,2,pending
DSP-12995,ORD-02304,not_as_described,2026-07-29,6,pending
DSP-12996,ORD-03246,unauthorized_transaction,2026-07-29,4,pending
DSP-12997,ORD-10310,item_not_received,2026-07-29,11,pending
DSP-12998,ORD-14208,item_not_received,2026-07-29,9,pending
DSP-12999,ORD-15276,unauthorized_transaction,2026-07-30,11,pending
DSP-13000,ORD-00130,not_as_described,2026-07-30,2,pending
DSP-13001,ORD-11354,item_not_received,2026-07-30,18,pending
DSP-13002,ORD-02767,item_not_received,2026-07-30,13,pending
DSP-13003,ORD-09937,unauthorized_transaction,2026-07-30,3,pending
DSP-13004,ORD-04872,duplicate_charge,2026-07-30,17,pending
DSP-13005,ORD-17693,unauthorized_transaction,2026-07-30,19,pending
DSP-13006,ORD-07992,not_as_described,2026-07-30,15,pending
DSP-13007,ORD-17930,unauthorized_transaction,2026-07-30,11,pending
DSP-13008,ORD-01787,unauthorized_transaction,2026-07-30,8,pending
DSP-13009,ORD-11942,unauthorized_transaction,2026-07-30,22,pending
DSP-13010,ORD-13399,duplicate_charge,2026-07-30,11,pending
DSP-13011,ORD-07597,item_not_received,2026-07-30,19,pending
DSP-13012,ORD-19634,duplicate_charge,2026-07-30,7,pending
DSP-13013,ORD-03173,not_as_described,2026-07-30,24,pending
DSP-13014,ORD-08625,not_as_described,2026-07-30,6,pending
DSP-13015,ORD-08642,item_not_received,2026-07-30,14,pending
DSP-13016,ORD-11445,duplicate_charge,2026-07-30,15,pending
DSP-13017,ORD-00918,item_not_received,2026-07-30,12,pending
DSP-13018,ORD-09417,item_not_received,2026-07-30,12,pending
DSP-13019,ORD-12228,item_not_received,2026-07-30,24,pending
DSP-13020,ORD-04433,duplicate_charge,2026-07-30,1,pending
DSP-13021,ORD-03474,unauthorized_transaction,2026-07-30,6,pending
DSP-13022,ORD-11763,item_not_received,2026-07-30,17,pending
DSP-13023,ORD-19908,item_not_received,2026-07-30,3,pending
DSP-13024,ORD-13866,item_not_received,2026-07-30,22,pending
DSP-13025,ORD-14317,unauthorized_transaction,2026-07-30,10,pending
DSP-13026,ORD-04714,duplicate_charge,2026-07-30,24,pending
DSP-13027,ORD-11712,not_as_described,2026-07-30,18,pending
DSP-13028,ORD-07076,not_as_described,2026-07-30,12,pending
DSP-13029,ORD-02525,not_as_described,2026-07-30,10,pending
DSP-13030,ORD-09669,not_as_described,2026-07-30,16,pending
DSP-13031,ORD-05828,item_not_received,2026-07-30,18,pending
DSP-13032,ORD-18249,unauthorized_transaction,2026-07-30,23,pending
DSP-13033,ORD-09186,not_as_described,2026-07-30,9,pending
DSP-13034,ORD-11766,item_not_received,2026-07-30,6,pending
DSP-13035,ORD-06173,duplicate_charge,2026-07-30,16,pending
DSP-13036,ORD-14634,not_as_described,2026-07-30,10,pending
DSP-13037,ORD-14125,not_as_described,2026-07-30,8,pending
DSP-13038,ORD-11117,not_as_described,2026-07-30,10,pending
DSP-13039,ORD-11280,item_not_received,2026-07-30,13,pending
DSP-13040,ORD-15771,not_as_described,2026-07-30,17,pending
DSP-13041,ORD-13589,unauthorized_transaction,2026-07-30,6,pending
DSP-13042,ORD-04225,unauthorized_transaction,2026-07-30,7,pending
DSP-13043,ORD-07252,not_as_described,2026-07-30,19,pending
DSP-13044,ORD-19765,item_not_received,2026-07-30,16,pending
DSP-13045,ORD-08631,item_not_received,2026-07-30,1,pending
DSP-13046,ORD-14202,item_not_received,2026-07-30,13,pending
DSP-13047,ORD-09038,duplicate_charge,2026-07-30,5,pending
DSP-13048,ORD-17245,not_as_described,2026-07-30,23,pending
DSP-13049,ORD-17979,unauthorized_transaction,2026-07-30,13,pending
DSP-13050,ORD-06570,unauthorized_transaction,2026-07-30,7,pending
DSP-13051,ORD-17465,not_as_described,2026-07-30,19,pending
DSP-13052,ORD-19347,item_not_received,2026-07-30,21,pending
DSP-13053,ORD-00445,unauthorized_transaction,2026-07-30,3,pending
DSP-13054,ORD-05536,not_as_described,2026-07-30,20,pending
DSP-13055,ORD-08623,duplicate_charge,2026-07-30,5,pending
DSP-13056,ORD-19483,unauthorized_transaction,2026-07-30,17,pending
DSP-13057,ORD-09020,duplicate_charge,2026-07-30,7,pending
DSP-13058,ORD-05748,unauthorized_transaction,2026-07-30,23,pending
DSP-13059,ORD-13631,item_not_received,2026-07-30,1,pending
DSP-13060,ORD-12060,item_not_received,2026-07-30,24,pending
DSP-13061,ORD-04368,item_not_received,2026-07-30,20,pending
DSP-13062,ORD-04285,duplicate_charge,2026-07-30,20,pending
DSP-13063,ORD-15851,unauthorized_transaction,2026-07-30,23,pending
DSP-13064,ORD-13968,not_as_described,2026-07-30,5,pending
DSP-13065,ORD-00690,not_as_described,2026-07-30,9,pending
DSP-13066,ORD-19610,unauthorized_transaction,2026-07-30,21,pending
DSP-13067,ORD-15695,not_as_described,2026-07-30,23,pending
DSP-13068,ORD-12351,not_as_described,2026-07-30,17,pending
DSP-13069,ORD-09579,unauthorized_transaction,2026-07-30,4,pending
DSP-13070,ORD-11021,item_not_received,2026-07-30,6,pending
DSP-13071,ORD-17777,item_not_received,2026-07-30,10,pending
DSP-13072,ORD-15827,item_not_received,2026-07-30,9,pending
DSP-13073,ORD-04340,unauthorized_transaction,2026-07-30,10,pending
DSP-13074,ORD-16968,not_as_described,2026-07-30,8,pending
DSP-13075,ORD-18248,duplicate_charge,2026-07-30,7,pending
DSP-13076,ORD-17253,item_not_received,2026-07-30,7,pending
DSP-13077,ORD-14684,not_as_described,2026-07-30,6,pending
DSP-13078,ORD-14743,unauthorized_transaction,2026-07-30,7,pending
DSP-13079,ORD-00788,item_not_received,2026-07-30,9,pending
DSP-13080,ORD-10800,item_not_received,2026-07-30,13,pending
DSP-13081,ORD-05872,item_not_received,2026-07-30,12,pending
DSP-13082,ORD-05584,item_not_received,2026-07-30,23,pending
DSP-13083,ORD-14919,unauthorized_transaction,2026-07-30,24,pending
DSP-13084,ORD-06266,item_not_received,2026-07-30,2,pending
DSP-13085,ORD-14510,unauthorized_transaction,2026-07-30,16,pending
DSP-13086,ORD-09252,not_as_described,2026-07-30,8,pending
DSP-13087,ORD-08775,not_as_described,2026-07-30,22,pending
DSP-13088,ORD-17984,item_not_received,2026-07-30,24,pending
DSP-13089,ORD-00137,item_not_received,2026-07-30,12,pending
DSP-13090,ORD-05581,item_not_received,2026-07-30,22,pending
DSP-13091,ORD-12032,item_not_received,2026-07-30,2,pending
DSP-13092,ORD-10793,not_as_described,2026-07-30,11,pending
DSP-13093,ORD-17202,not_as_described,2026-07-30,24,pending
DSP-13094,ORD-07203,unauthorized_transaction,2026-07-30,4,pending
DSP-13095,ORD-00877,item_not_received,2026-07-30,20,pending
DSP-13096,ORD-01366,unauthorized_transaction,2026-07-30,9,pending
DSP-13097,ORD-04998,unauthorized_transaction,2026-07-30,1,pending
DSP-13098,ORD-19091,item_not_received,2026-07-30,11,pending
DSP-13099,ORD-14895,item_not_received,2026-07-31,5,pending
DSP-13100,ORD-19746,not_as_described,2026-07-31,12,pending
DSP-13101,ORD-18899,not_as_described,2026-07-31,8,pending
DSP-13102,ORD-12614,duplicate_charge,2026-07-31,7,pending
DSP-13103,ORD-03836,item_not_received,2026-07-31,18,pending
DSP-13104,ORD-19271,duplicate_charge,2026-07-31,16,pending
DSP-13105,ORD-11824,duplicate_charge,2026-07-31,8,pending
DSP-13106,ORD-11015,duplicate_charge,2026-07-31,6,pending
DSP-13107,ORD-15770,not_as_described,2026-07-31,7,pending
DSP-13108,ORD-09820,item_not_received,2026-07-31,11,pending
DSP-13109,ORD-16302,unauthorized_transaction,2026-07-31,13,pending
DSP-13110,ORD-02866,item_not_received,2026-07-31,4,pending
DSP-13111,ORD-18203,not_as_described,2026-07-31,6,pending
DSP-13112,ORD-04101,unauthorized_transaction,2026-07-31,8,pending
DSP-13113,ORD-09527,not_as_described,2026-07-31,20,pending
DSP-13114,ORD-17652,unauthorized_transaction,2026-07-31,6,pending
DSP-13115,ORD-10696,item_not_received,2026-07-31,6,pending
DSP-13116,ORD-19878,not_as_described,2026-07-31,2,pending
DSP-13117,ORD-11336,unauthorized_transaction,2026-07-31,9,pending
DSP-13118,ORD-11269,unauthorized_transaction,2026-07-31,2,pending
DSP-13119,ORD-04885,duplicate_charge,2026-07-31,8,pending
DSP-13120,ORD-10268,not_as_described,2026-07-31,10,pending
DSP-13121,ORD-02474,item_not_received,2026-07-31,12,pending
DSP-13122,ORD-12869,item_not_received,2026-07-31,6,pending
DSP-13123,ORD-04557,unauthorized_transaction,2026-07-31,2,pending
DSP-13124,ORD-06496,not_as_described,2026-07-31,14,pending
DSP-13125,ORD-15285,duplicate_charge,2026-07-31,20,pending
DSP-13126,ORD-19619,unauthorized_transaction,2026-07-31,6,pending
DSP-13127,ORD-11416,unauthorized_transaction,2026-07-31,2,pending
DSP-13128,ORD-02581,not_as_described,2026-07-31,16,pending
DSP-13129,ORD-14492,unauthorized_transaction,2026-07-31,18,pending
DSP-13130,ORD-09988,item_not_received,2026-07-31,20,pending
DSP-13131,ORD-06819,item_not_received,2026-07-31,4,pending
DSP-13132,ORD-06149,duplicate_charge,2026-07-31,5,pending
DSP-13133,ORD-02415,unauthorized_transaction,2026-07-31,13,pending
DSP-13134,ORD-03663,duplicate_charge,2026-07-31,11,pending
DSP-13135,ORD-03999,not_as_described,2026-07-31,20,pending
DSP-13136,ORD-14730,duplicate_charge,2026-07-31,15,pending
DSP-13137,ORD-19707,not_as_described,2026-07-31,7,pending
DSP-13138,ORD-17727,not_as_described,2026-07-31,13,pending
DSP-13139,ORD-07308,not_as_described,2026-07-31,6,pending
DSP-13140,ORD-02787,not_as_described,2026-07-31,18,pending
DSP-13141,ORD-02797,item_not_received,2026-07-31,8,pending
DSP-13142,ORD-07039,not_as_described,2026-07-31,2,pending
DSP-13143,ORD-05740,unauthorized_transaction,2026-07-31,18,pending
DSP-13144,ORD-16284,item_not_received,2026-07-31,2,pending
DSP-13145,ORD-09914,unauthorized_transaction,2026-07-31,6,pending
DSP-13146,ORD-18694,duplicate_charge,2026-07-31,10,pending
DSP-13147,ORD-06931,not_as_described,2026-07-31,12,pending
DSP-13148,ORD-01951,duplicate_charge,2026-07-31,6,pending
DSP-13149,ORD-04944,item_not_received,2026-07-31,2,pending
DSP-13150,ORD-00737,unauthorized_transaction,2026-07-31,6,pending
DSP-13151,ORD-01061,unauthorized_transaction,2026-07-31,17,pending
DSP-13152,ORD-00363,unauthorized_transaction,2026-07-31,8,pending
DSP-13153,ORD-09588,not_as_described,2026-07-31,16,pending
DSP-13154,ORD-14767,item_not_received,2026-07-31,17,pending
DSP-13155,ORD-00000,not_as_described,2026-07-31,24,pending
DSP-13156,ORD-05711,unauthorized_transaction,2026-07-31,1,pending
DSP-13157,ORD-08237,not_as_described,2026-07-31,11,pending
DSP-13158,ORD-08464,not_as_described,2026-07-31,15,pending
DSP-13159,ORD-07422,duplicate_charge,2026-07-31,15,pending
DSP-13160,ORD-12361,duplicate_charge,2026-07-31,2,pending
DSP-13161,ORD-19647,duplicate_charge,2026-07-31,8,pending
DSP-13162,ORD-00586,item_not_received,2026-07-31,17,pending
DSP-13163,ORD-09893,item_not_received,2026-07-31,24,pending
DSP-13164,ORD-10001,duplicate_charge,2026-07-31,18,pending
DSP-13165,ORD-13810,unauthorized_transaction,2026-07-31,24,pending
DSP-13166,ORD-13348,not_as_described,2026-07-31,14,pending
DSP-13167,ORD-19499,item_not_received,2026-07-31,5,pending
DSP-13168,ORD-16987,duplicate_charge,2026-07-31,14,pending
DSP-13169,ORD-10845,not_as_described,2026-07-31,5,pending
DSP-13170,ORD-18618,duplicate_charge,2026-07-31,22,pending
DSP-13171,ORD-01764,item_not_received,2026-07-31,8,pending
DSP-13172,ORD-08727,duplicate_charge,2026-07-31,16,pending
DSP-13173,ORD-02547,item_not_received,2026-07-31,20,pending
DSP-13174,ORD-06672,unauthorized_transaction,2026-07-31,9,pending
DSP-13175,ORD-01436,not_as_described,2026-07-31,14,pending
DSP-13176,ORD-19827,not_as_described,2026-07-31,12,pending
DSP-13177,ORD-14112,not_as_described,2026-07-31,22,pending
DSP-13178,ORD-16511,duplicate_charge,2026-07-31,8,pending
DSP-13179,ORD-15567,not_as_described,2026-07-31,6,pending
DSP-13180,ORD-04969,not_as_described,2026-07-31,4,pending
DSP-13181,ORD-07813,item_not_received,2026-07-31,10,pending
DSP-13182,ORD-15528,unauthorized_transaction,2026-07-31,17,pending
DSP-13183,ORD-03479,unauthorized_transaction,2026-07-31,18,pending
DSP-13184,ORD-02476,unauthorized_transaction,2026-07-31,6,pending
DSP-13185,ORD-10228,unauthorized_transaction,2026-07-31,19,pending
DSP-13186,ORD-05994,not_as_described,2026-07-31,21,pending
DSP-13187,ORD-17290,item_not_received,2026-07-31,3,pending
DSP-13188,ORD-08569,not_as_described,2026-07-31,4,pending
DSP-13189,ORD-02509,item_not_received,2026-07-31,9,pending
DSP-13190,ORD-16783,not_as_described,2026-07-31,10,pending
DSP-13191,ORD-10988,unauthorized_transaction,2026-07-31,15,pending
DSP-13192,ORD-16203,item_not_received,2026-07-31,20,pending
DSP-13193,ORD-14996,item_not_received,2026-07-31,17,pending
DSP-13194,ORD-16912,not_as_described,2026-07-31,17,pending
DSP-13195,ORD-17424,item_not_received,2026-07-31,23,pending
DSP-13196,ORD-13509,unauthorized_transaction,2026-07-31,18,pending
DSP-13197,ORD-04337,item_not_received,2026-07-31,4,pending
DSP-13198,ORD-05772,item_not_received,2026-07-31,16,pending
DSP-13199,ORD-06304,not_as_described,2026-07-31,4,pending
DSP-13200,ORD-15228,duplicate_charge,2026-07-31,4,pending
DSP-13201,ORD-09068,unauthorized_transaction,2026-07-31,5,pending
DSP-13202,ORD-10018,duplicate_charge,2026-07-31,6,pending
DSP-13203,ORD-11386,item_not_received,2026-07-31,12,pending
DSP-13204,ORD-15393,not_as_described,2026-07-31,21,pending
DSP-13205,ORD-19614,unauthorized_transaction,2026-08-01,11,pending
DSP-13206,ORD-16243,item_not_received,2026-08-01,16,pending
DSP-13207,ORD-16825,not_as_described,2026-08-01,17,pending
DSP-13208,ORD-13633,not_as_described,2026-08-01,11,pending
DSP-13209,ORD-13397,unauthorized_transaction,2026-08-01,18,pending
DSP-13210,ORD-19128,unauthorized_transaction,2026-08-01,13,pending
DSP-13211,ORD-01856,duplicate_charge,2026-08-01,2,pending
DSP-13212,ORD-17473,item_not_received,2026-08-01,17,pending
DSP-13213,ORD-11581,item_not_received,2026-08-01,8,pending
DSP-13214,ORD-13099,not_as_described,2026-08-01,10,pending
DSP-13215,ORD-12939,not_as_described,2026-08-01,19,pending
DSP-13216,ORD-19391,unauthorized_transaction,2026-08-01,5,pending
DSP-13217,ORD-09888,item_not_received,2026-08-01,13,pending
DSP-13218,ORD-00784,duplicate_charge,2026-08-01,21,pending
DSP-13219,ORD-18102,item_not_received,2026-08-01,9,pending
DSP-13220,ORD-13680,item_not_received,2026-08-01,11,pending
DSP-13221,ORD-00414,unauthorized_transaction,2026-08-01,18,pending
DSP-13222,ORD-14207,not_as_described,2026-08-01,20,pending
DSP-13223,ORD-06428,unauthorized_transaction,2026-08-01,23,pending
DSP-13224,ORD-13585,item_not_received,2026-08-01,17,pending
DSP-13225,ORD-04953,not_as_described,2026-08-01,6,pending
DSP-13226,ORD-04797,not_as_described,2026-08-01,19,pending
DSP-13227,ORD-13469,unauthorized_transaction,2026-08-01,13,pending
DSP-13228,ORD-03825,not_as_described,2026-08-01,5,pending
DSP-13229,ORD-18386,duplicate_charge,2026-08-01,10,pending
DSP-13230,ORD-02909,unauthorized_transaction,2026-08-01,16,pending
DSP-13231,ORD-14374,item_not_received,2026-08-01,17,pending
DSP-13232,ORD-16487,item_not_received,2026-08-01,10,pending
DSP-13233,ORD-05164,duplicate_charge,2026-08-01,2,pending
DSP-13234,ORD-07652,not_as_described,2026-08-01,23,pending
DSP-13235,ORD-14815,duplicate_charge,2026-08-01,2,pending
DSP-13236,ORD-06574,item_not_received,2026-08-01,19,pending
DSP-13237,ORD-05558,item_not_received,2026-08-01,23,pending
DSP-13238,ORD-00793,duplicate_charge,2026-08-01,2,pending
DSP-13239,ORD-09435,duplicate_charge,2026-08-01,7,pending
DSP-13240,ORD-13708,item_not_received,2026-08-01,5,pending
DSP-13241,ORD-14171,not_as_described,2026-08-01,13,pending
DSP-13242,ORD-10024,not_as_described,2026-08-01,15,pending
DSP-13243,ORD-13820,unauthorized_transaction,2026-08-01,9,pending
DSP-13244,ORD-18333,duplicate_charge,2026-08-01,10,pending
DSP-13245,ORD-19768,duplicate_charge,2026-08-01,19,pending
DSP-13246,ORD-16174,item_not_received,2026-08-01,24,pending
DSP-13247,ORD-04393,unauthorized_transaction,2026-08-01,3,pending
DSP-13248,ORD-00029,unauthorized_transaction,2026-08-01,3,pending
DSP-13249,ORD-04206,duplicate_charge,2026-08-01,11,pending
DSP-13250,ORD-07062,unauthorized_transaction,2026-08-01,6,pending
DSP-13251,ORD-16231,unauthorized_transaction,2026-08-01,1,pending
DSP-13252,ORD-13432,unauthorized_transaction,2026-08-01,20,pending
DSP-13253,ORD-18167,unauthorized_transaction,2026-08-01,14,pending
DSP-13254,ORD-07343,not_as_described,2026-08-01,21,pending
DSP-13255,ORD-15190,unauthorized_transaction,2026-08-01,1,pending
DSP-13256,ORD-12674,unauthorized_transaction,2026-08-01,12,pending
DSP-13257,ORD-00330,not_as_described,2026-08-01,19,pending
DSP-13258,ORD-01046,item_not_received,2026-08-01,12,pending
DSP-13259,ORD-08660,not_as_described,2026-08-01,14,pending
DSP-13260,ORD-08252,item_not_received,2026-08-01,24,pending
DSP-13261,ORD-04111,item_not_received,2026-08-01,9,pending
DSP-13262,ORD-08007,duplicate_charge,2026-08-01,10,pending
DSP-13263,ORD-15781,item_not_received,2026-08-01,10,pending
DSP-13264,ORD-13439,item_not_received,2026-08-01,22,pending
DSP-13265,ORD-13243,unauthorized_transaction,2026-08-01,20,pending
DSP-13266,ORD-14934,item_not_received,2026-08-01,8,pending
DSP-13267,ORD-05433,not_as_described,2026-08-01,9,pending
DSP-13268,ORD-12336,item_not_received,2026-08-01,6,pending
DSP-13269,ORD-14350,unauthorized_transaction,2026-08-01,9,pending
DSP-13270,ORD-03404,duplicate_charge,2026-08-01,13,pending
DSP-13271,ORD-08227,item_not_received,2026-08-01,4,pending
DSP-13272,ORD-15917,item_not_received,2026-08-01,13,pending
DSP-13273,ORD-01332,duplicate_charge,2026-08-01,21,pending
DSP-13274,ORD-18912,not_as_described,2026-08-01,24,pending
DSP-13275,ORD-12117,not_as_described,2026-08-01,2,pending
DSP-13276,ORD-09497,unauthorized_transaction,2026-08-01,23,pending
DSP-13277,ORD-17109,duplicate_charge,2026-08-01,12,pending
DSP-13278,ORD-04309,not_as_described,2026-08-01,11,pending
DSP-13279,ORD-10426,not_as_described,2026-08-01,10,pending
DSP-13280,ORD-01361,not_as_described,2026-08-01,19,pending
DSP-13281,ORD-16449,duplicate_charge,2026-08-01,6,pending
DSP-13282,ORD-18195,unauthorized_transaction,2026-08-01,9,pending
DSP-13283,ORD-01323,duplicate_charge,2026-08-01,5,pending
DSP-13284,ORD-13804,duplicate_charge,2026-08-01,8,pending
DSP-13285,ORD-12260,item_not_received,2026-08-01,3,pending
DSP-13286,ORD-07446,item_not_received,2026-08-01,13,pending
DSP-13287,ORD-02895,not_as_described,2026-08-01,21,pending
DSP-13288,ORD-01255,duplicate_charge,2026-08-01,1,pending
DSP-13289,ORD-05117,not_as_described,2026-08-01,4,pending
DSP-13290,ORD-06924,item_not_received,2026-08-01,23,pending
DSP-13291,ORD-08124,not_as_described,2026-08-01,6,pending
DSP-13292,ORD-14445,duplicate_charge,2026-08-01,9,pending
DSP-13293,ORD-13339,not_as_described,2026-08-01,4,pending
DSP-13294,ORD-10493,not_as_described,2026-08-01,17,pending
DSP-13295,ORD-01078,item_not_received,2026-08-01,13,pending
DSP-13296,ORD-03230,item_not_received,2026-08-01,16,pending
DSP-13297,ORD-07088,item_not_received,2026-08-01,15,pending
DSP-13298,ORD-13076,unauthorized_transaction,2026-08-01,21,pending
DSP-13299,ORD-08540,item_not_received,2026-08-01,13,pending
DSP-13300,ORD-17328,item_not_received,2026-08-01,24,pending
DSP-13301,ORD-03995,unauthorized_transaction,2026-08-01,11,pending
DSP-13302,ORD-04221,unauthorized_transaction,2026-08-02,10,pending
DSP-13303,ORD-00594,unauthorized_transaction,2026-08-02,20,pending
DSP-13304,ORD-10399,unauthorized_transaction,2026-08-02,12,pending
DSP-13305,ORD-05265,duplicate_charge,2026-08-02,18,pending
DSP-13306,ORD-05517,item_not_received,2026-08-02,8,pending
DSP-13307,ORD-11394,item_not_received,2026-08-02,21,pending
DSP-13308,ORD-01715,unauthorized_transaction,2026-08-02,11,pending
DSP-13309,ORD-00522,unauthorized_transaction,2026-08-02,4,pending
DSP-13310,ORD-18129,item_not_received,2026-08-02,11,pending
DSP-13311,ORD-19234,duplicate_charge,2026-08-02,11,pending
DSP-13312,ORD-09455,unauthorized_transaction,2026-08-02,23,pending
DSP-13313,ORD-02036,unauthorized_transaction,2026-08-02,2,pending
DSP-13314,ORD-02903,item_not_received,2026-08-02,4,pending
DSP-13315,ORD-14491,not_as_described,2026-08-02,19,pending
DSP-13316,ORD-05640,item_not_received,2026-08-02,13,pending
DSP-13317,ORD-16638,item_not_received,2026-08-02,1,pending
DSP-13318,ORD-02091,item_not_received,2026-08-02,14,pending
DSP-13319,ORD-02602,item_not_received,2026-08-02,7,pending
DSP-13320,ORD-06975,not_as_described,2026-08-02,3,pending
DSP-13321,ORD-09183,item_not_received,2026-08-02,17,pending
DSP-13322,ORD-06097,item_not_received,2026-08-02,2,pending
DSP-13323,ORD-10198,duplicate_charge,2026-08-02,13,pending
DSP-13324,ORD-03018,item_not_received,2026-08-02,14,pending
DSP-13325,ORD-10163,item_not_received,2026-08-02,15,pending
DSP-13326,ORD-08926,not_as_described,2026-08-02,10,pending
DSP-13327,ORD-01534,item_not_received,2026-08-02,12,pending
DSP-13328,ORD-09126,not_as_described,2026-08-02,5,pending
DSP-13329,ORD-14958,item_not_received,2026-08-02,4,pending
DSP-13330,ORD-10794,not_as_described,2026-08-02,9,pending
DSP-13331,ORD-00069,not_as_described,2026-08-02,20,pending
DSP-13332,ORD-03325,item_not_received,2026-08-02,6,pending
DSP-13333,ORD-11572,duplicate_charge,2026-08-02,11,pending
DSP-13334,ORD-12023,duplicate_charge,2026-08-02,20,pending
DSP-13335,ORD-13567,item_not_received,2026-08-02,13,pending
DSP-13336,ORD-18750,not_as_described,2026-08-02,16,pending
DSP-13337,ORD-00322,not_as_described,2026-08-02,13,pending
DSP-13338,ORD-03075,unauthorized_transaction,2026-08-02,17,pending
DSP-13339,ORD-01117,unauthorized_transaction,2026-08-02,2,pending
DSP-13340,ORD-04834,duplicate_charge,2026-08-02,19,pending
DSP-13341,ORD-04423,item_not_received,2026-08-02,14,pending
DSP-13342,ORD-13828,not_as_described,2026-08-02,3,pending
DSP-13343,ORD-15259,not_as_described,2026-08-02,11,pending
DSP-13344,ORD-10862,unauthorized_transaction,2026-08-02,9,pending
DSP-13345,ORD-18410,unauthorized_transaction,2026-08-02,22,pending
DSP-13346,ORD-14816,not_as_described,2026-08-02,12,pending
DSP-13347,ORD-05385,unauthorized_transaction,2026-08-02,17,pending
DSP-13348,ORD-16742,not_as_described,2026-08-02,3,pending
DSP-13349,ORD-09093,not_as_described,2026-08-02,5,pending
DSP-13350,ORD-13236,not_as_described,2026-08-02,18,pending
DSP-13351,ORD-06020,duplicate_charge,2026-08-02,15,pending
DSP-13352,ORD-17737,unauthorized_transaction,2026-08-02,8,pending
DSP-13353,ORD-03344,unauthorized_transaction,2026-08-02,3,pending
DSP-13354,ORD-11449,duplicate_charge,2026-08-02,13,pending
DSP-13355,ORD-07655,unauthorized_transaction,2026-08-02,15,pending
DSP-13356,ORD-16474,item_not_received,2026-08-02,8,pending
DSP-13357,ORD-14740,item_not_received,2026-08-02,10,pending
DSP-13358,ORD-17896,not_as_described,2026-08-02,14,pending
DSP-13359,ORD-15019,not_as_described,2026-08-02,15,pending
DSP-13360,ORD-05108,not_as_described,2026-08-02,18,pending
DSP-13361,ORD-18868,duplicate_charge,2026-08-02,5,pending
DSP-13362,ORD-05167,unauthorized_transaction,2026-08-02,11,pending
DSP-13363,ORD-03917,item_not_received,2026-08-02,2,pending
DSP-13364,ORD-06765,not_as_described,2026-08-02,23,pending
DSP-13365,ORD-17822,not_as_described,2026-08-02,7,pending
DSP-13366,ORD-13065,item_not_received,2026-08-02,7,pending
DSP-13367,ORD-14273,item_not_received,2026-08-02,18,pending
DSP-13368,ORD-19152,not_as_described,2026-08-02,18,pending
DSP-13369,ORD-05895,item_not_received,2026-08-02,4,pending
DSP-13370,ORD-08169,unauthorized_transaction,2026-08-02,6,pending
DSP-13371,ORD-02293,item_not_received,2026-08-02,12,pending
DSP-13372,ORD-15449,unauthorized_transaction,2026-08-02,17,pending
DSP-13373,ORD-09258,not_as_described,2026-08-02,6,pending
DSP-13374,ORD-06893,unauthorized_transaction,2026-08-02,15,pending
DSP-13375,ORD-17458,item_not_received,2026-08-02,4,pending
DSP-13376,ORD-06343,unauthorized_transaction,2026-08-02,21,pending
DSP-13377,ORD-13681,not_as_described,2026-08-02,7,pending
DSP-13378,ORD-19265,item_not_received,2026-08-02,1,pending
DSP-13379,ORD-05264,item_not_received,2026-08-02,24,pending
DSP-13380,ORD-10262,duplicate_charge,2026-08-02,23,pending
DSP-13381,ORD-16970,unauthorized_transaction,2026-08-02,2,pending
DSP-13382,ORD-18008,unauthorized_transaction,2026-08-02,17,pending
DSP-13383,ORD-07094,not_as_described,2026-08-02,13,pending
DSP-13384,ORD-16464,unauthorized_transaction,2026-08-02,15,pending
DSP-13385,ORD-09520,unauthorized_transaction,2026-08-02,18,pending
DSP-13386,ORD-18464,item_not_received,2026-08-02,6,pending
DSP-13387,ORD-01484,not_as_described,2026-08-02,24,pending
DSP-13388,ORD-02010,unauthorized_transaction,2026-08-02,7,pending
DSP-13389,ORD-16750,unauthorized_transaction,2026-08-02,18,pending
DSP-13390,ORD-01714,item_not_received,2026-08-02,19,pending
DSP-13391,ORD-18308,item_not_received,2026-08-02,21,pending
DSP-13392,ORD-16834,not_as_described,2026-08-02,17,pending
DSP-13393,ORD-16492,duplicate_charge,2026-08-02,2,pending
DSP-13394,ORD-02700,not_as_described,2026-08-02,23,pending
DSP-13395,ORD-05556,duplicate_charge,2026-08-02,10,pending
DSP-13396,ORD-08802,item_not_received,2026-08-02,22,pending
DSP-13397,ORD-18186,not_as_described,2026-08-02,21,pending
DSP-13398,ORD-14098,item_not_received,2026-08-02,16,pending
DSP-13399,ORD-08278,not_as_described,2026-08-02,4,pending
DSP-13400,ORD-15779,unauthorized_transaction,2026-08-02,8,pending
DSP-13401,ORD-01807,item_not_received,2026-08-02,9,pending
DSP-13402,ORD-12078,duplicate_charge,2026-08-02,22,pending
DSP-13403,ORD-05339,duplicate_charge,2026-08-03,17,pending
DSP-13404,ORD-19084,not_as_described,2026-08-03,14,pending
DSP-13405,ORD-11652,unauthorized_transaction,2026-08-03,21,pending
DSP-13406,ORD-07960,item_not_received,2026-08-03,20,pending
DSP-13407,ORD-08778,duplicate_charge,2026-08-03,23,pending
DSP-13408,ORD-11839,not_as_described,2026-08-03,14,pending
DSP-13409,ORD-00830,not_as_described,2026-08-03,5,pending
DSP-13410,ORD-12664,not_as_described,2026-08-03,23,pending
DSP-13411,ORD-09565,unauthorized_transaction,2026-08-03,3,pending
DSP-13412,ORD-13593,duplicate_charge,2026-08-03,23,pending
DSP-13413,ORD-05574,item_not_received,2026-08-03,22,pending
DSP-13414,ORD-19920,unauthorized_transaction,2026-08-03,20,pending
DSP-13415,ORD-11125,item_not_received,2026-08-03,18,pending
DSP-13416,ORD-02621,not_as_described,2026-08-03,11,pending
DSP-13417,ORD-06699,item_not_received,2026-08-03,20,pending
DSP-13418,ORD-10062,item_not_received,2026-08-03,8,pending
DSP-13419,ORD-15484,not_as_described,2026-08-03,3,pending
DSP-13420,ORD-15200,duplicate_charge,2026-08-03,8,pending
DSP-13421,ORD-18378,unauthorized_transaction,2026-08-03,16,pending
DSP-13422,ORD-00435,unauthorized_transaction,2026-08-03,13,pending
DSP-13423,ORD-14969,not_as_described,2026-08-03,20,pending
DSP-13424,ORD-01789,item_not_received,2026-08-03,13,pending
DSP-13425,ORD-05461,not_as_described,2026-08-03,13,pending
DSP-13426,ORD-17672,unauthorized_transaction,2026-08-03,3,pending
DSP-13427,ORD-14640,duplicate_charge,2026-08-03,2,pending
DSP-13428,ORD-00100,item_not_received,2026-08-03,22,pending
DSP-13429,ORD-11606,unauthorized_transaction,2026-08-03,11,pending
DSP-13430,ORD-03570,not_as_described,2026-08-03,7,pending
DSP-13431,ORD-06023,item_not_received,2026-08-03,1,pending
DSP-13432,ORD-07496,unauthorized_transaction,2026-08-03,10,pending
DSP-13433,ORD-10918,not_as_described,2026-08-03,3,pending
DSP-13434,ORD-07033,duplicate_charge,2026-08-03,13,pending
DSP-13435,ORD-01667,unauthorized_transaction,2026-08-03,21,pending
DSP-13436,ORD-13603,item_not_received,2026-08-03,6,pending
DSP-13437,ORD-06223,duplicate_charge,2026-08-03,9,pending
DSP-13438,ORD-05573,not_as_described,2026-08-03,24,pending
DSP-13439,ORD-10660,unauthorized_transaction,2026-08-03,2,pending
DSP-13440,ORD-04718,item_not_received,2026-08-03,5,pending
DSP-13441,ORD-08854,not_as_described,2026-08-03,22,pending
DSP-13442,ORD-11357,not_as_described,2026-08-03,5,pending
DSP-13443,ORD-05319,duplicate_charge,2026-08-03,12,pending
DSP-13444,ORD-16327,unauthorized_transaction,2026-08-03,23,pending
DSP-13445,ORD-12497,item_not_received,2026-08-03,14,pending
DSP-13446,ORD-00593,not_as_described,2026-08-03,3,pending
DSP-13447,ORD-17786,unauthorized_transaction,2026-08-03,15,pending
DSP-13448,ORD-04424,not_as_described,2026-08-03,8,pending
DSP-13449,ORD-18194,item_not_received,2026-08-03,3,pending
DSP-13450,ORD-03760,unauthorized_transaction,2026-08-03,24,pending
DSP-13451,ORD-09752,duplicate_charge,2026-08-03,12,pending
DSP-13452,ORD-06790,not_as_described,2026-08-03,18,pending
DSP-13453,ORD-12524,unauthorized_transaction,2026-08-03,7,pending
DSP-13454,ORD-04330,item_not_received,2026-08-03,16,pending
DSP-13455,ORD-05168,unauthorized_transaction,2026-08-03,4,pending
DSP-13456,ORD-10840,unauthorized_transaction,2026-08-03,14,pending
DSP-13457,ORD-14045,duplicate_charge,2026-08-03,17,pending
DSP-13458,ORD-09625,duplicate_charge,2026-08-03,17,pending
DSP-13459,ORD-06927,unauthorized_transaction,2026-08-03,7,pending
DSP-13460,ORD-14154,duplicate_charge,2026-08-03,9,pending
DSP-13461,ORD-14416,duplicate_charge,2026-08-03,1,pending
DSP-13462,ORD-06507,item_not_received,2026-08-03,8,pending
DSP-13463,ORD-16047,item_not_received,2026-08-03,13,pending
DSP-13464,ORD-18535,not_as_described,2026-08-03,15,pending
DSP-13465,ORD-03904,item_not_received,2026-08-03,16,pending
DSP-13466,ORD-04412,not_as_described,2026-08-03,21,pending
DSP-13467,ORD-03483,item_not_received,2026-08-03,18,pending
DSP-13468,ORD-04511,not_as_described,2026-08-03,18,pending
DSP-13469,ORD-00808,not_as_described,2026-08-03,12,pending
DSP-13470,ORD-19554,item_not_received,2026-08-03,1,pending
DSP-13471,ORD-19851,unauthorized_transaction,2026-08-03,11,pending
DSP-13472,ORD-10156,unauthorized_transaction,2026-08-03,4,pending
DSP-13473,ORD-02241,not_as_described,2026-08-03,10,pending
DSP-13474,ORD-02458,item_not_received,2026-08-03,9,pending
DSP-13475,ORD-17647,unauthorized_transaction,2026-08-03,7,pending
DSP-13476,ORD-00955,item_not_received,2026-08-03,18,pending
DSP-13477,ORD-07770,item_not_received,2026-08-03,15,pending
DSP-13478,ORD-19916,item_not_received,2026-08-03,3,pending
DSP-13479,ORD-19061,item_not_received,2026-08-03,9,pending
DSP-13480,ORD-14695,unauthorized_transaction,2026-08-03,15,pending
DSP-13481,ORD-12983,duplicate_charge,2026-08-03,14,pending
DSP-13482,ORD-00760,not_as_described,2026-08-03,6,pending
DSP-13483,ORD-04026,not_as_described,2026-08-03,8,pending
DSP-13484,ORD-07964,item_not_received,2026-08-03,16,pending
DSP-13485,ORD-10119,duplicate_charge,2026-08-04,13,pending
DSP-13486,ORD-04627,unauthorized_transaction,2026-08-04,24,pending
DSP-13487,ORD-09535,not_as_described,2026-08-04,13,pending
DSP-13488,ORD-10476,unauthorized_transaction,2026-08-04,21,pending
DSP-13489,ORD-10208,item_not_received,2026-08-04,19,pending
DSP-13490,ORD-00596,unauthorized_transaction,2026-08-04,24,pending
DSP-13491,ORD-16121,duplicate_charge,2026-08-04,11,pending
DSP-13492,ORD-04868,unauthorized_transaction,2026-08-04,16,pending
DSP-13493,ORD-16652,not_as_described,2026-08-04,12,pending
DSP-13494,ORD-02356,unauthorized_transaction,2026-08-04,15,pending
DSP-13495,ORD-01275,unauthorized_transaction,2026-08-04,23,pending
DSP-13496,ORD-08574,unauthorized_transaction,2026-08-04,15,pending
DSP-13497,ORD-03732,not_as_described,2026-08-04,12,pending
DSP-13498,ORD-04983,item_not_received,2026-08-04,12,pending
DSP-13499,ORD-18307,duplicate_charge,2026-08-04,3,pending
DSP-13500,ORD-19601,not_as_described,2026-08-04,6,pending
DSP-13501,ORD-04335,not_as_described,2026-08-04,23,pending
DSP-13502,ORD-07599,not_as_described,2026-08-04,7,pending
DSP-13503,ORD-14065,not_as_described,2026-08-04,4,pending
DSP-13504,ORD-09917,duplicate_charge,2026-08-04,9,pending
DSP-13505,ORD-19115,not_as_described,2026-08-04,7,pending
DSP-13506,ORD-13592,duplicate_charge,2026-08-04,12,pending
DSP-13507,ORD-14777,item_not_received,2026-08-04,19,pending
DSP-13508,ORD-12811,not_as_described,2026-08-04,16,pending
DSP-13509,ORD-18473,not_as_described,2026-08-04,22,pending
DSP-13510,ORD-02833,not_as_described,2026-08-04,12,pending
DSP-13511,ORD-14811,item_not_received,2026-08-04,8,pending
DSP-13512,ORD-16390,not_as_described,2026-08-04,8,pending
DSP-13513,ORD-19025,not_as_described,2026-08-04,7,pending
DSP-13514,ORD-17877,duplicate_charge,2026-08-04,5,pending
DSP-13515,ORD-00513,item_not_received,2026-08-04,3,pending
DSP-13516,ORD-10684,item_not_received,2026-08-04,16,pending
DSP-13517,ORD-11656,unauthorized_transaction,2026-08-04,1,pending
DSP-13518,ORD-00619,unauthorized_transaction,2026-08-04,12,pending
DSP-13519,ORD-17005,item_not_received,2026-08-04,24,pending
DSP-13520,ORD-03351,item_not_received,2026-08-04,5,pending
DSP-13521,ORD-14891,not_as_described,2026-08-04,10,pending
DSP-13522,ORD-17923,duplicate_charge,2026-08-04,23,pending
DSP-13523,ORD-03777,unauthorized_transaction,2026-08-04,20,pending
DSP-13524,ORD-06434,unauthorized_transaction,2026-08-04,10,pending
DSP-13525,ORD-17802,unauthorized_transaction,2026-08-04,17,pending
DSP-13526,ORD-05289,item_not_received,2026-08-04,11,pending
DSP-13527,ORD-19926,not_as_described,2026-08-04,1,pending
DSP-13528,ORD-08857,not_as_described,2026-08-04,11,pending
DSP-13529,ORD-08511,duplicate_charge,2026-08-04,7,pending
DSP-13530,ORD-14754,item_not_received,2026-08-04,22,pending
DSP-13531,ORD-10871,not_as_described,2026-08-04,7,pending
DSP-13532,ORD-11485,unauthorized_transaction,2026-08-04,5,pending
DSP-13533,ORD-01538,not_as_described,2026-08-04,18,pending
DSP-13534,ORD-09498,item_not_received,2026-08-04,17,pending
DSP-13535,ORD-10698,unauthorized_transaction,2026-08-04,21,pending
DSP-13536,ORD-18607,unauthorized_transaction,2026-08-04,5,pending
DSP-13537,ORD-17824,not_as_described,2026-08-04,9,pending
DSP-13538,ORD-04374,unauthorized_transaction,2026-08-04,11,pending
DSP-13539,ORD-03649,unauthorized_transaction,2026-08-04,4,pending
DSP-13540,ORD-16453,unauthorized_transaction,2026-08-04,11,pending
DSP-13541,ORD-02414,item_not_received,2026-08-04,24,pending
DSP-13542,ORD-13166,duplicate_charge,2026-08-04,13,pending
DSP-13543,ORD-12926,unauthorized_transaction,2026-08-04,24,pending
DSP-13544,ORD-14946,not_as_described,2026-08-04,7,pending
DSP-13545,ORD-02604,unauthorized_transaction,2026-08-04,8,pending
DSP-13546,ORD-10594,unauthorized_transaction,2026-08-04,20,pending
DSP-13547,ORD-16826,duplicate_charge,2026-08-04,23,pending
DSP-13548,ORD-05269,not_as_described,2026-08-04,22,pending
DSP-13549,ORD-08296,item_not_received,2026-08-04,13,pending
DSP-13550,ORD-18835,not_as_described,2026-08-04,6,pending
DSP-13551,ORD-00177,not_as_described,2026-08-04,23,pending
DSP-13552,ORD-09420,item_not_received,2026-08-04,19,pending
DSP-13553,ORD-01346,item_not_received,2026-08-04,16,pending
DSP-13554,ORD-07221,unauthorized_transaction,2026-08-04,17,pending
DSP-13555,ORD-13277,not_as_described,2026-08-04,24,pending
DSP-13556,ORD-19847,item_not_received,2026-08-04,13,pending
DSP-13557,ORD-09607,unauthorized_transaction,2026-08-04,20,pending
DSP-13558,ORD-08976,not_as_described,2026-08-04,22,pending
DSP-13559,ORD-00108,item_not_received,2026-08-04,23,pending
DSP-13560,ORD-13283,item_not_received,2026-08-04,1,pending
DSP-13561,ORD-00190,item_not_received,2026-08-04,17,pending
DSP-13562,ORD-11932,item_not_received,2026-08-04,16,pending
DSP-13563,ORD-18994,item_not_received,2026-08-04,11,pending
DSP-13564,ORD-00867,item_not_received,2026-08-04,19,pending
DSP-13565,ORD-12555,item_not_received,2026-08-04,14,pending
DSP-13566,ORD-11521,duplicate_charge,2026-08-04,3,pending
DSP-13567,ORD-08840,item_not_received,2026-08-04,18,pending
DSP-13568,ORD-06650,not_as_described,2026-08-04,6,pending
DSP-13569,ORD-00676,item_not_received,2026-08-04,3,pending
DSP-13570,ORD-06905,not_as_described,2026-08-04,7,pending
DSP-13571,ORD-19631,duplicate_charge,2026-08-04,5,pending
DSP-13572,ORD-08740,item_not_received,2026-08-04,13,pending
DSP-13573,ORD-04425,duplicate_charge,2026-08-04,1,pending
DSP-13574,ORD-16329,item_not_received,2026-08-04,23,pending
DSP-13575,ORD-03755,not_as_described,2026-08-04,24,pending
DSP-13576,ORD-08288,not_as_described,2026-08-04,15,pending
DSP-13577,ORD-03147,duplicate_charge,2026-08-04,23,pending
DSP-13578,ORD-03020,not_as_described,2026-08-04,24,pending
DSP-13579,ORD-07762,duplicate_charge,2026-08-04,16,pending
DSP-13580,ORD-10759,item_not_received,2026-08-04,2,pending
DSP-13581,ORD-00505,unauthorized_transaction,2026-08-04,4,pending
DSP-13582,ORD-00634,unauthorized_transaction,2026-08-04,21,pending
DSP-13583,ORD-04912,not_as_described,2026-08-04,18,pending
DSP-13584,ORD-17384,not_as_described,2026-08-04,22,pending
DSP-13585,ORD-09066,item_not_received,2026-08-04,12,pending
DSP-13586,ORD-03971,item_not_received,2026-08-04,14,pending
DSP-13587,ORD-19147,unauthorized_transaction,2026-08-04,6,pending
DSP-13588,ORD-01988,item_not_received,2026-08-05,21,pending
DSP-13589,ORD-03085,unauthorized_transaction,2026-08-05,13,pending
DSP-13590,ORD-05705,not_as_described,2026-08-05,22,pending
DSP-13591,ORD-11782,item_not_received,2026-08-05,22,pending
DSP-13592,ORD-19498,item_not_received,2026-08-05,1,pending
DSP-13593,ORD-19660,unauthorized_transaction,2026-08-05,15,pending
DSP-13594,ORD-17646,unauthorized_transaction,2026-08-05,7,pending
DSP-13595,ORD-18622,not_as_described,2026-08-05,21,pending
DSP-13596,ORD-05353,unauthorized_transaction,2026-08-05,23,pending
DSP-13597,ORD-19530,unauthorized_transaction,2026-08-05,14,pending
DSP-13598,ORD-05179,item_not_received,2026-08-05,22,pending
DSP-13599,ORD-08292,unauthorized_transaction,2026-08-05,9,pending
DSP-13600,ORD-15476,not_as_described,2026-08-05,17,pending
DSP-13601,ORD-01867,not_as_described,2026-08-05,23,pending
DSP-13602,ORD-08038,unauthorized_transaction,2026-08-05,8,pending
DSP-13603,ORD-12726,duplicate_charge,2026-08-05,13,pending
DSP-13604,ORD-17390,unauthorized_transaction,2026-08-05,10,pending
DSP-13605,ORD-07580,not_as_described,2026-08-05,5,pending
DSP-13606,ORD-10037,unauthorized_transaction,2026-08-05,15,pending
DSP-13607,ORD-16603,unauthorized_transaction,2026-08-05,7,pending
DSP-13608,ORD-01935,unauthorized_transaction,2026-08-05,6,pending
DSP-13609,ORD-00275,not_as_described,2026-08-05,15,pending
DSP-13610,ORD-17179,unauthorized_transaction,2026-08-05,2,pending
DSP-13611,ORD-00270,item_not_received,2026-08-05,12,pending
DSP-13612,ORD-04530,unauthorized_transaction,2026-08-05,9,pending
DSP-13613,ORD-17140,item_not_received,2026-08-05,18,pending
DSP-13614,ORD-05816,unauthorized_transaction,2026-08-05,22,pending
DSP-13615,ORD-09431,item_not_received,2026-08-05,10,pending
DSP-13616,ORD-03017,not_as_described,2026-08-05,19,pending
DSP-13617,ORD-16480,not_as_described,2026-08-05,2,pending
DSP-13618,ORD-16225,not_as_described,2026-08-05,6,pending
DSP-13619,ORD-13798,item_not_received,2026-08-05,4,pending
DSP-13620,ORD-07309,not_as_described,2026-08-05,21,pending
DSP-13621,ORD-07839,not_as_described,2026-08-05,24,pending
DSP-13622,ORD-04419,unauthorized_transaction,2026-08-05,5,pending
DSP-13623,ORD-13006,unauthorized_transaction,2026-08-05,17,pending
DSP-13624,ORD-13402,item_not_received,2026-08-05,19,pending
DSP-13625,ORD-19143,item_not_received,2026-08-05,21,pending
DSP-13626,ORD-05066,not_as_described,2026-08-05,20,pending
DSP-13627,ORD-08626,item_not_received,2026-08-05,24,pending
DSP-13628,ORD-10780,not_as_described,2026-08-05,18,pending
DSP-13629,ORD-18882,duplicate_charge,2026-08-05,3,pending
DSP-13630,ORD-05661,duplicate_charge,2026-08-05,9,pending
DSP-13631,ORD-06744,unauthorized_transaction,2026-08-05,8,pending
DSP-13632,ORD-05039,item_not_received,2026-08-05,24,pending
DSP-13633,ORD-04905,item_not_received,2026-08-05,6,pending
DSP-13634,ORD-10398,not_as_described,2026-08-05,11,pending
DSP-13635,ORD-03939,item_not_received,2026-08-05,5,pending
DSP-13636,ORD-04838,not_as_described,2026-08-05,21,pending
DSP-13637,ORD-15893,not_as_described,2026-08-05,24,pending
DSP-13638,ORD-17135,item_not_received,2026-08-05,17,pending
DSP-13639,ORD-05242,duplicate_charge,2026-08-05,9,pending
DSP-13640,ORD-08114,duplicate_charge,2026-08-05,7,pending
DSP-13641,ORD-19290,item_not_received,2026-08-05,5,pending
DSP-13642,ORD-05041,unauthorized_transaction,2026-08-05,22,pending
DSP-13643,ORD-04933,item_not_received,2026-08-05,18,pending
DSP-13644,ORD-13573,unauthorized_transaction,2026-08-05,14,pending
DSP-13645,ORD-17342,item_not_received,2026-08-05,4,pending
DSP-13646,ORD-14356,unauthorized_transaction,2026-08-05,20,pending
DSP-13647,ORD-06709,item_not_received,2026-08-05,7,pending
DSP-13648,ORD-15904,duplicate_charge,2026-08-05,8,pending
DSP-13649,ORD-12004,not_as_described,2026-08-05,20,pending
DSP-13650,ORD-05011,item_not_received,2026-08-05,3,pending
DSP-13651,ORD-09390,item_not_received,2026-08-05,2,pending
DSP-13652,ORD-10510,unauthorized_transaction,2026-08-05,12,pending
DSP-13653,ORD-00143,not_as_described,2026-08-05,20,pending
DSP-13654,ORD-07967,unauthorized_transaction,2026-08-05,12,pending
DSP-13655,ORD-08360,item_not_received,2026-08-05,22,pending
DSP-13656,ORD-11966,duplicate_charge,2026-08-05,19,pending
DSP-13657,ORD-14511,item_not_received,2026-08-05,16,pending
DSP-13658,ORD-06946,duplicate_charge,2026-08-05,21,pending
DSP-13659,ORD-12916,unauthorized_transaction,2026-08-05,18,pending
DSP-13660,ORD-14409,duplicate_charge,2026-08-05,1,pending
DSP-13661,ORD-15913,not_as_described,2026-08-05,21,pending
DSP-13662,ORD-01466,duplicate_charge,2026-08-05,14,pending
DSP-13663,ORD-08675,item_not_received,2026-08-05,24,pending
DSP-13664,ORD-06972,item_not_received,2026-08-05,18,pending
DSP-13665,ORD-06523,unauthorized_transaction,2026-08-05,18,pending
DSP-13666,ORD-15600,unauthorized_transaction,2026-08-05,14,pending
DSP-13667,ORD-03320,item_not_received,2026-08-05,2,pending
DSP-13668,ORD-01718,item_not_received,2026-08-05,21,pending
DSP-13669,ORD-07042,item_not_received,2026-08-05,13,pending
DSP-13670,ORD-18584,not_as_described,2026-08-05,8,pending
DSP-13671,ORD-03601,duplicate_charge,2026-08-05,9,pending
DSP-13672,ORD-17278,unauthorized_transaction,2026-08-05,10,pending
DSP-13673,ORD-16655,not_as_described,2026-08-05,20,pending
DSP-13674,ORD-11107,not_as_described,2026-08-05,1,pending
DSP-13675,ORD-04190,item_not_received,2026-08-05,3,pending
DSP-13676,ORD-06059,duplicate_charge,2026-08-05,23,pending
DSP-13677,ORD-16947,not_as_described,2026-08-05,10,pending
DSP-13678,ORD-09877,item_not_received,2026-08-05,13,pending
DSP-13679,ORD-02785,unauthorized_transaction,2026-08-05,24,pending
DSP-13680,ORD-08414,item_not_received,2026-08-05,22,pending
DSP-13681,ORD-04592,not_as_described,2026-08-05,16,pending
DSP-13682,ORD-09605,item_not_received,2026-08-05,7,pending
DSP-13683,ORD-12972,unauthorized_transaction,2026-08-05,24,pending
DSP-13684,ORD-09145,item_not_received,2026-08-05,9,pending
DSP-13685,ORD-08321,unauthorized_transaction,2026-08-05,4,pending
DSP-13686,ORD-17887,item_not_received,2026-08-05,7,pending
DSP-13687,ORD-02050,unauthorized_transaction,2026-08-05,7,pending
DSP-13688,ORD-12202,not_as_described,2026-08-05,17,pending
DSP-13689,ORD-17178,duplicate_charge,2026-08-05,24,pending
DSP-13690,ORD-17265,unauthorized_transaction,2026-08-05,1,pending
DSP-13691,ORD-01997,unauthorized_transaction,2026-08-05,12,pending
DSP-13692,ORD-11373,not_as_described,2026-08-05,7,pending
DSP-13693,ORD-11422,unauthorized_transaction,2026-08-05,9,pending
DSP-13694,ORD-16300,not_as_described,2026-08-05,18,pending
DSP-13695,ORD-10896,item_not_received,2026-08-06,11,pending
DSP-13696,ORD-15080,item_not_received,2026-08-06,14,pending
DSP-13697,ORD-04757,not_as_described,2026-08-06,8,pending
DSP-13698,ORD-17408,duplicate_charge,2026-08-06,20,pending
DSP-13699,ORD-03321,item_not_received,2026-08-06,9,pending
DSP-13700,ORD-10411,unauthorized_transaction,2026-08-06,4,pending
DSP-13701,ORD-18855,unauthorized_transaction,2026-08-06,4,pending
DSP-13702,ORD-06379,unauthorized_transaction,2026-08-06,15,pending
DSP-13703,ORD-03647,unauthorized_transaction,2026-08-06,9,pending
DSP-13704,ORD-17524,unauthorized_transaction,2026-08-06,23,pending
DSP-13705,ORD-03628,item_not_received,2026-08-06,21,pending
DSP-13706,ORD-09410,not_as_described,2026-08-06,3,pending
DSP-13707,ORD-03657,item_not_received,2026-08-06,14,pending
DSP-13708,ORD-10704,duplicate_charge,2026-08-06,24,pending
DSP-13709,ORD-07802,unauthorized_transaction,2026-08-06,12,pending
DSP-13710,ORD-16675,unauthorized_transaction,2026-08-06,7,pending
DSP-13711,ORD-06854,not_as_described,2026-08-06,2,pending
DSP-13712,ORD-11774,not_as_described,2026-08-06,3,pending
DSP-13713,ORD-05361,unauthorized_transaction,2026-08-06,11,pending
DSP-13714,ORD-01079,unauthorized_transaction,2026-08-06,21,pending
DSP-13715,ORD-02730,not_as_described,2026-08-06,5,pending
DSP-13716,ORD-12263,not_as_described,2026-08-06,11,pending
DSP-13717,ORD-09508,item_not_received,2026-08-06,11,pending
DSP-13718,ORD-12435,unauthorized_transaction,2026-08-06,3,pending
DSP-13719,ORD-01041,not_as_described,2026-08-06,7,pending
DSP-13720,ORD-18985,item_not_received,2026-08-06,7,pending
DSP-13721,ORD-00843,not_as_described,2026-08-06,12,pending
DSP-13722,ORD-00740,item_not_received,2026-08-06,18,pending
DSP-13723,ORD-04913,unauthorized_transaction,2026-08-06,23,pending
DSP-13724,ORD-09212,not_as_described,2026-08-06,5,pending
DSP-13725,ORD-12407,duplicate_charge,2026-08-06,24,pending
DSP-13726,ORD-02286,item_not_received,2026-08-06,18,pending
DSP-13727,ORD-14195,item_not_received,2026-08-06,14,pending
DSP-13728,ORD-07886,item_not_received,2026-08-06,10,pending
DSP-13729,ORD-19024,not_as_described,2026-08-06,11,pending
DSP-13730,ORD-16129,duplicate_charge,2026-08-06,21,pending
DSP-13731,ORD-01095,unauthorized_transaction,2026-08-06,23,pending
DSP-13732,ORD-04618,duplicate_charge,2026-08-06,20,pending
DSP-13733,ORD-13433,item_not_received,2026-08-06,24,pending
DSP-13734,ORD-07494,duplicate_charge,2026-08-06,12,pending
DSP-13735,ORD-15281,not_as_described,2026-08-06,3,pending
DSP-13736,ORD-04079,duplicate_charge,2026-08-06,24,pending
DSP-13737,ORD-13597,unauthorized_transaction,2026-08-06,8,pending
DSP-13738,ORD-18678,item_not_received,2026-08-06,17,pending
DSP-13739,ORD-13257,not_as_described,2026-08-06,8,pending
DSP-13740,ORD-06228,item_not_received,2026-08-06,15,pending
DSP-13741,ORD-02406,not_as_described,2026-08-06,2,pending
DSP-13742,ORD-14530,item_not_received,2026-08-06,22,pending
DSP-13743,ORD-19860,unauthorized_transaction,2026-08-06,10,pending
DSP-13744,ORD-18178,unauthorized_transaction,2026-08-06,16,pending
DSP-13745,ORD-19922,duplicate_charge,2026-08-06,17,pending
DSP-13746,ORD-02203,unauthorized_transaction,2026-08-06,8,pending
DSP-13747,ORD-18053,item_not_received,2026-08-06,13,pending
DSP-13748,ORD-19205,item_not_received,2026-08-06,15,pending
DSP-13749,ORD-13687,item_not_received,2026-08-06,9,pending
DSP-13750,ORD-00324,not_as_described,2026-08-06,4,pending
DSP-13751,ORD-15751,duplicate_charge,2026-08-06,2,pending
DSP-13752,ORD-16351,not_as_described,2026-08-06,4,pending
DSP-13753,ORD-11756,item_not_received,2026-08-06,24,pending
DSP-13754,ORD-10043,item_not_received,2026-08-06,4,pending
DSP-13755,ORD-01196,not_as_described,2026-08-06,15,pending
DSP-13756,ORD-08262,item_not_received,2026-08-06,13,pending
DSP-13757,ORD-19162,not_as_described,2026-08-06,4,pending
DSP-13758,ORD-14606,duplicate_charge,2026-08-06,23,pending
DSP-13759,ORD-06410,item_not_received,2026-08-06,12,pending
DSP-13760,ORD-17091,not_as_described,2026-08-06,3,pending
DSP-13761,ORD-09757,duplicate_charge,2026-08-06,17,pending
DSP-13762,ORD-15757,item_not_received,2026-08-06,11,pending
DSP-13763,ORD-01591,not_as_described,2026-08-06,1,pending
DSP-13764,ORD-05521,not_as_described,2026-08-06,1,pending
DSP-13765,ORD-02660,item_not_received,2026-08-06,23,pending
DSP-13766,ORD-09225,item_not_received,2026-08-06,22,pending
DSP-13767,ORD-07201,item_not_received,2026-08-06,13,pending
DSP-13768,ORD-07654,unauthorized_transaction,2026-08-06,11,pending
DSP-13769,ORD-03611,unauthorized_transaction,2026-08-06,13,pending
DSP-13770,ORD-05656,duplicate_charge,2026-08-06,10,pending
DSP-13771,ORD-04154,duplicate_charge,2026-08-06,2,pending
DSP-13772,ORD-12173,unauthorized_transaction,2026-08-06,11,pending
DSP-13773,ORD-07104,duplicate_charge,2026-08-06,2,pending
DSP-13774,ORD-19331,not_as_described,2026-08-06,24,pending
DSP-13775,ORD-09694,item_not_received,2026-08-06,8,pending
DSP-13776,ORD-17445,unauthorized_transaction,2026-08-06,1,pending
DSP-13777,ORD-09336,item_not_received,2026-08-06,23,pending
DSP-13778,ORD-19857,duplicate_charge,2026-08-06,10,pending
DSP-13779,ORD-19726,unauthorized_transaction,2026-08-06,16,pending
DSP-13780,ORD-16918,not_as_described,2026-08-06,19,pending
DSP-13781,ORD-04666,not_as_described,2026-08-06,19,pending
DSP-13782,ORD-04030,unauthorized_transaction,2026-08-06,14,pending
DSP-13783,ORD-06740,unauthorized_transaction,2026-08-07,17,pending
DSP-13784,ORD-10248,item_not_received,2026-08-07,3,pending
DSP-13785,ORD-07490,not_as_described,2026-08-07,5,pending
DSP-13786,ORD-01437,item_not_received,2026-08-07,11,pending
DSP-13787,ORD-04765,item_not_received,2026-08-07,19,pending
DSP-13788,ORD-02137,not_as_described,2026-08-07,2,pending
DSP-13789,ORD-00541,duplicate_charge,2026-08-07,6,pending
DSP-13790,ORD-11823,duplicate_charge,2026-08-07,9,pending
DSP-13791,ORD-13842,other_unclassified,2026-08-07,12,pending
DSP-13792,ORD-00510,item_not_received,2026-08-07,6,pending
DSP-13793,ORD-17810,not_as_described,2026-08-07,18,pending
DSP-13794,ORD-09371,unauthorized_transaction,2026-08-07,19,pending
DSP-13795,ORD-19792,unauthorized_transaction,2026-08-07,20,pending
DSP-13796,ORD-14220,item_not_received,2026-08-07,21,pending
DSP-13797,ORD-19329,item_not_received,2026-08-07,15,pending
DSP-13798,ORD-13264,unauthorized_transaction,2026-08-07,7,pending
DSP-13799,ORD-17455,duplicate_charge,2026-08-07,15,pending
DSP-13800,ORD-03671,duplicate_charge,2026-08-07,12,pending
DSP-13801,ORD-15654,unauthorized_transaction,2026-08-07,5,pending
DSP-13802,ORD-16788,unauthorized_transaction,2026-08-07,4,pending
DSP-13803,ORD-19335,not_as_described,2026-08-07,15,pending
DSP-13804,ORD-19875,item_not_received,2026-08-07,18,pending
DSP-13805,ORD-02202,item_not_received,2026-08-07,13,pending
DSP-13806,ORD-16622,not_as_described,2026-08-07,11,pending
DSP-13807,ORD-02696,item_not_received,2026-08-07,12,pending
DSP-13808,ORD-18478,unauthorized_transaction,2026-08-07,5,pending
DSP-13809,ORD-09962,not_as_described,2026-08-07,3,pending
DSP-13810,ORD-16634,item_not_received,2026-08-07,7,pending
DSP-13811,ORD-09523,duplicate_charge,2026-08-07,18,pending
DSP-13812,ORD-06745,unauthorized_transaction,2026-08-07,16,pending
DSP-13813,ORD-05894,not_as_described,2026-08-07,13,pending
DSP-13814,ORD-19169,duplicate_charge,2026-08-07,4,pending
DSP-13815,ORD-00866,item_not_received,2026-08-07,18,pending
DSP-13816,ORD-12223,not_as_described,2026-08-07,10,pending
DSP-13817,ORD-04809,item_not_received,2026-08-07,16,pending
DSP-13818,ORD-02915,not_as_described,2026-08-07,1,pending
DSP-13819,ORD-10933,not_as_described,2026-08-07,10,pending
DSP-13820,ORD-18915,duplicate_charge,2026-08-07,17,pending
DSP-13821,ORD-08374,item_not_received,2026-08-07,19,pending
DSP-13822,ORD-08742,not_as_described,2026-08-07,13,pending
DSP-13823,ORD-15471,item_not_received,2026-08-07,6,pending
DSP-13824,ORD-05456,not_as_described,2026-08-07,10,pending
DSP-13825,ORD-17182,duplicate_charge,2026-08-07,23,pending
DSP-13826,ORD-04628,item_not_received,2026-08-07,8,pending
DSP-13827,ORD-05195,duplicate_charge,2026-08-07,17,pending
DSP-13828,ORD-13066,item_not_received,2026-08-07,18,pending
DSP-13829,ORD-11814,unauthorized_transaction,2026-08-07,1,pending
DSP-13830,ORD-01426,duplicate_charge,2026-08-07,17,pending
DSP-13831,ORD-09649,unauthorized_transaction,2026-08-07,11,pending
DSP-13832,ORD-16906,duplicate_charge,2026-08-07,16,pending
DSP-13833,ORD-03729,item_not_received,2026-08-07,10,pending
DSP-13834,ORD-15872,unauthorized_transaction,2026-08-07,17,pending
DSP-13835,ORD-11035,item_not_received,2026-08-07,21,pending
DSP-13836,ORD-01480,item_not_received,2026-08-07,18,pending
DSP-13837,ORD-17799,item_not_received,2026-08-07,18,pending
DSP-13838,ORD-15432,item_not_received,2026-08-07,9,pending
DSP-13839,ORD-10089,duplicate_charge,2026-08-07,7,pending
DSP-13840,ORD-05723,duplicate_charge,2026-08-07,12,pending
DSP-13841,ORD-02945,unauthorized_transaction,2026-08-07,23,pending
DSP-13842,ORD-17011,item_not_received,2026-08-07,11,pending
DSP-13843,ORD-13510,unauthorized_transaction,2026-08-07,2,pending
DSP-13844,ORD-08351,unauthorized_transaction,2026-08-07,17,pending
DSP-13845,ORD-09617,item_not_received,2026-08-07,12,pending
DSP-13846,ORD-07073,not_as_described,2026-08-07,8,pending
DSP-13847,ORD-02951,item_not_received,2026-08-07,16,pending
DSP-13848,ORD-01870,item_not_received,2026-08-07,7,pending
DSP-13849,ORD-19075,not_as_described,2026-08-07,13,pending
DSP-13850,ORD-12140,item_not_received,2026-08-07,6,pending
DSP-13851,ORD-01992,not_as_described,2026-08-07,15,pending
DSP-13852,ORD-06424,item_not_received,2026-08-07,23,pending
DSP-13853,ORD-15196,not_as_described,2026-08-07,13,pending
DSP-13854,ORD-03819,unauthorized_transaction,2026-08-07,22,pending
DSP-13855,ORD-14851,unauthorized_transaction,2026-08-07,3,pending
DSP-13856,ORD-00226,item_not_received,2026-08-07,18,pending
DSP-13857,ORD-10235,unauthorized_transaction,2026-08-07,15,pending
DSP-13858,ORD-05686,item_not_received,2026-08-07,12,pending
DSP-13859,ORD-07643,not_as_described,2026-08-07,10,pending
DSP-13860,ORD-07029,not_as_described,2026-08-07,23,pending
DSP-13861,ORD-03366,duplicate_charge,2026-08-07,22,pending
DSP-13862,ORD-04253,unauthorized_transaction,2026-08-07,2,pending
DSP-13863,ORD-05246,unauthorized_transaction,2026-08-07,15,pending
DSP-13864,ORD-00492,not_as_described,2026-08-07,10,pending
DSP-13865,ORD-15748,item_not_received,2026-08-07,7,pending
DSP-13866,ORD-07922,item_not_received,2026-08-07,13,pending
DSP-13867,ORD-02745,item_not_received,2026-08-07,7,pending
DSP-13868,ORD-07213,item_not_received,2026-08-07,5,pending
DSP-13869,ORD-13301,not_as_described,2026-08-07,4,pending
DSP-13870,ORD-15107,item_not_received,2026-08-07,18,pending
DSP-13871,ORD-06374,item_not_received,2026-08-07,10,pending
DSP-13872,ORD-09984,not_as_described,2026-08-07,10,pending
DSP-13873,ORD-07322,item_not_received,2026-08-07,14,pending
DSP-13874,ORD-13410,duplicate_charge,2026-08-07,23,pending
DSP-13875,ORD-00625,item_not_received,2026-08-08,3,pending
DSP-13876,ORD-07027,item_not_received,2026-08-08,13,pending
DSP-13877,ORD-18256,item_not_received,2026-08-08,19,pending
DSP-13878,ORD-04826,item_not_received,2026-08-08,6,pending
DSP-13879,ORD-07160,unauthorized_transaction,2026-08-08,22,pending
DSP-13880,ORD-04891,unauthorized_transaction,2026-08-08,17,pending
DSP-13881,ORD-13662,item_not_received,2026-08-08,11,pending
DSP-13882,ORD-12333,not_as_described,2026-08-08,18,pending
DSP-13883,ORD-03697,item_not_received,2026-08-08,9,pending
DSP-13884,ORD-10028,not_as_described,2026-08-08,16,pending
DSP-13885,ORD-18495,not_as_described,2026-08-08,22,pending
DSP-13886,ORD-02409,not_as_described,2026-08-08,12,pending
DSP-13887,ORD-12452,not_as_described,2026-08-08,4,pending
DSP-13888,ORD-15841,not_as_described,2026-08-08,12,pending
DSP-13889,ORD-05629,item_not_received,2026-08-08,14,pending
DSP-13890,ORD-07761,duplicate_charge,2026-08-08,16,pending
DSP-13891,ORD-19216,not_as_described,2026-08-08,3,pending
DSP-13892,ORD-13765,unauthorized_transaction,2026-08-08,24,pending
DSP-13893,ORD-13976,not_as_described,2026-08-08,14,pending
DSP-13894,ORD-11577,unauthorized_transaction,2026-08-08,23,pending
DSP-13895,ORD-12780,unauthorized_transaction,2026-08-08,23,pending
DSP-13896,ORD-15616,unauthorized_transaction,2026-08-08,11,pending
DSP-13897,ORD-03217,item_not_received,2026-08-08,16,pending
DSP-13898,ORD-05181,item_not_received,2026-08-08,2,pending
DSP-13899,ORD-13018,duplicate_charge,2026-08-08,16,pending
DSP-13900,ORD-18040,unauthorized_transaction,2026-08-08,17,pending
DSP-13901,ORD-16046,item_not_received,2026-08-08,3,pending
DSP-13902,ORD-11531,unauthorized_transaction,2026-08-08,10,pending
DSP-13903,ORD-09378,item_not_received,2026-08-08,12,pending
DSP-13904,ORD-13761,item_not_received,2026-08-08,3,pending
DSP-13905,ORD-08681,not_as_described,2026-08-08,8,pending
DSP-13906,ORD-15438,not_as_described,2026-08-08,4,pending
DSP-13907,ORD-18434,unauthorized_transaction,2026-08-08,3,pending
DSP-13908,ORD-13122,unauthorized_transaction,2026-08-08,2,pending
DSP-13909,ORD-17728,unauthorized_transaction,2026-08-08,2,pending
DSP-13910,ORD-04224,duplicate_charge,2026-08-08,5,pending
DSP-13911,ORD-05441,item_not_received,2026-08-08,8,pending
DSP-13912,ORD-16882,not_as_described,2026-08-08,7,pending
DSP-13913,ORD-01568,duplicate_charge,2026-08-08,12,pending
DSP-13914,ORD-02234,duplicate_charge,2026-08-08,22,pending
DSP-13915,ORD-19924,duplicate_charge,2026-08-08,4,pending
DSP-13916,ORD-05739,duplicate_charge,2026-08-08,16,pending
DSP-13917,ORD-01630,not_as_described,2026-08-08,2,pending
DSP-13918,ORD-08029,duplicate_charge,2026-08-08,2,pending
DSP-13919,ORD-15586,not_as_described,2026-08-08,7,pending
DSP-13920,ORD-13577,not_as_described,2026-08-08,15,pending
DSP-13921,ORD-07618,unauthorized_transaction,2026-08-08,15,pending
DSP-13922,ORD-19049,not_as_described,2026-08-08,17,pending
DSP-13923,ORD-13838,unauthorized_transaction,2026-08-08,4,pending
DSP-13924,ORD-16127,duplicate_charge,2026-08-08,17,pending
DSP-13925,ORD-18043,duplicate_charge,2026-08-08,6,pending
DSP-13926,ORD-14812,item_not_received,2026-08-08,5,pending
DSP-13927,ORD-19542,not_as_described,2026-08-08,9,pending
DSP-13928,ORD-06161,not_as_described,2026-08-08,15,pending
DSP-13929,ORD-05451,unauthorized_transaction,2026-08-08,11,pending
DSP-13930,ORD-15538,not_as_described,2026-08-08,11,pending
DSP-13931,ORD-19319,not_as_described,2026-08-08,17,pending
DSP-13932,ORD-17757,not_as_described,2026-08-08,11,pending
DSP-13933,ORD-15440,item_not_received,2026-08-08,5,pending
DSP-13934,ORD-14700,not_as_described,2026-08-08,3,pending
DSP-13935,ORD-02315,item_not_received,2026-08-08,11,pending
DSP-13936,ORD-02265,unauthorized_transaction,2026-08-08,17,pending
DSP-13937,ORD-12607,item_not_received,2026-08-08,20,pending
DSP-13938,ORD-03747,not_as_described,2026-08-08,24,pending
DSP-13939,ORD-04562,unauthorized_transaction,2026-08-08,11,pending
DSP-13940,ORD-02422,duplicate_charge,2026-08-08,5,pending
DSP-13941,ORD-11506,not_as_described,2026-08-08,17,pending
DSP-13942,ORD-14205,item_not_received,2026-08-08,10,pending
DSP-13943,ORD-08103,not_as_described,2026-08-08,22,pending
DSP-13944,ORD-04133,unauthorized_transaction,2026-08-08,9,pending
DSP-13945,ORD-06859,unauthorized_transaction,2026-08-08,11,pending
DSP-13946,ORD-11065,item_not_received,2026-08-08,6,pending
DSP-13947,ORD-12993,not_as_described,2026-08-08,2,pending
DSP-13948,ORD-16379,item_not_received,2026-08-08,23,pending
DSP-13949,ORD-03846,not_as_described,2026-08-08,13,pending
DSP-13950,ORD-08470,duplicate_charge,2026-08-08,24,pending
DSP-13951,ORD-16775,item_not_received,2026-08-08,6,pending
DSP-13952,ORD-08827,unauthorized_transaction,2026-08-08,13,pending
DSP-13953,ORD-02881,not_as_described,2026-08-08,20,pending
DSP-13954,ORD-19021,unauthorized_transaction,2026-08-08,14,pending
DSP-13955,ORD-11745,item_not_received,2026-08-08,18,pending
DSP-13956,ORD-08281,not_as_described,2026-08-08,24,pending
DSP-13957,ORD-02206,not_as_described,2026-08-08,7,pending
DSP-13958,ORD-04542,duplicate_charge,2026-08-08,11,pending
DSP-13959,ORD-17864,duplicate_charge,2026-08-08,7,pending
DSP-13960,ORD-05965,item_not_received,2026-08-08,16,pending
DSP-13961,ORD-10751,unauthorized_transaction,2026-08-08,3,pending
DSP-13962,ORD-15076,unauthorized_transaction,2026-08-08,2,pending
DSP-13963,ORD-08850,duplicate_charge,2026-08-08,4,pending
DSP-13964,ORD-15682,unauthorized_transaction,2026-08-08,15,pending
DSP-13965,ORD-08427,not_as_described,2026-08-08,20,pending
DSP-13966,ORD-00923,item_not_received,2026-08-08,15,pending
DSP-13967,ORD-03222,not_as_described,2026-08-09,14,pending
DSP-13968,ORD-11730,duplicate_charge,2026-08-09,5,pending
DSP-13969,ORD-02946,item_not_received,2026-08-09,3,pending
DSP-13970,ORD-05460,unauthorized_transaction,2026-08-09,9,pending
DSP-13971,ORD-00773,item_not_received,2026-08-09,19,pending
DSP-13972,ORD-18197,item_not_received,2026-08-09,24,pending
DSP-13973,ORD-11135,not_as_described,2026-08-09,8,pending
DSP-13974,ORD-18304,duplicate_charge,2026-08-09,18,pending
DSP-13975,ORD-13706,item_not_received,2026-08-09,20,pending
DSP-13976,ORD-08753,item_not_received,2026-08-09,5,pending
DSP-13977,ORD-07188,not_as_described,2026-08-09,19,pending
DSP-13978,ORD-10413,item_not_received,2026-08-09,16,pending
DSP-13979,ORD-13495,duplicate_charge,2026-08-09,16,pending
DSP-13980,ORD-05123,item_not_received,2026-08-09,8,pending
DSP-13981,ORD-02636,item_not_received,2026-08-09,23,pending
DSP-13982,ORD-09418,unauthorized_transaction,2026-08-09,6,pending
DSP-13983,ORD-02140,not_as_described,2026-08-09,21,pending
DSP-13984,ORD-16149,unauthorized_transaction,2026-08-09,24,pending
DSP-13985,ORD-13983,not_as_described,2026-08-09,9,pending
DSP-13986,ORD-11267,unauthorized_transaction,2026-08-09,23,pending
DSP-13987,ORD-10579,duplicate_charge,2026-08-09,23,pending
DSP-13988,ORD-15186,not_as_described,2026-08-09,21,pending
DSP-13989,ORD-15831,item_not_received,2026-08-09,23,pending
DSP-13990,ORD-19352,unauthorized_transaction,2026-08-09,19,pending
DSP-13991,ORD-13517,unauthorized_transaction,2026-08-09,23,pending
DSP-13992,ORD-06076,not_as_described,2026-08-09,13,pending
DSP-13993,ORD-15949,not_as_described,2026-08-09,8,pending
DSP-13994,ORD-11496,item_not_received,2026-08-09,19,pending
DSP-13995,ORD-17346,duplicate_charge,2026-08-09,5,pending
DSP-13996,ORD-08629,item_not_received,2026-08-09,20,pending
DSP-13997,ORD-09274,duplicate_charge,2026-08-09,3,pending
DSP-13998,ORD-15709,item_not_received,2026-08-09,14,pending
DSP-13999,ORD-12770,duplicate_charge,2026-08-09,24,pending
DSP-14000,ORD-05307,not_as_described,2026-08-09,13,pending
DSP-14001,ORD-02197,item_not_received,2026-08-09,20,pending
DSP-14002,ORD-07244,unauthorized_transaction,2026-08-09,15,pending
DSP-14003,ORD-10173,unauthorized_transaction,2026-08-09,13,pending
DSP-14004,ORD-14474,item_not_received,2026-08-09,24,pending
DSP-14005,ORD-03175,unauthorized_transaction,2026-08-09,9,pending
DSP-14006,ORD-11119,unauthorized_transaction,2026-08-09,23,pending
DSP-14007,ORD-17069,item_not_received,2026-08-09,14,pending
DSP-14008,ORD-07937,duplicate_charge,2026-08-09,21,pending
DSP-14009,ORD-04925,unauthorized_transaction,2026-08-09,9,pending
DSP-14010,ORD-08676,unauthorized_transaction,2026-08-09,24,pending
DSP-14011,ORD-06127,not_as_described,2026-08-09,16,pending
DSP-14012,ORD-01619,unauthorized_transaction,2026-08-09,19,pending
DSP-14013,ORD-02305,item_not_received,2026-08-09,16,pending
DSP-14014,ORD-16764,unauthorized_transaction,2026-08-09,19,pending
DSP-14015,ORD-01294,item_not_received,2026-08-09,9,pending
DSP-14016,ORD-18199,unauthorized_transaction,2026-08-09,13,pending
DSP-14017,ORD-10145,not_as_described,2026-08-09,23,pending
DSP-14018,ORD-07508,not_as_described,2026-08-09,11,pending
DSP-14019,ORD-03084,unauthorized_transaction,2026-08-09,12,pending
DSP-14020,ORD-11381,unauthorized_transaction,2026-08-09,16,pending
DSP-14021,ORD-05154,not_as_described,2026-08-09,15,pending
DSP-14022,ORD-04392,unauthorized_transaction,2026-08-09,23,pending
DSP-14023,ORD-19296,not_as_described,2026-08-09,12,pending
DSP-14024,ORD-12687,duplicate_charge,2026-08-09,11,pending
DSP-14025,ORD-06515,duplicate_charge,2026-08-09,12,pending
DSP-14026,ORD-05009,unauthorized_transaction,2026-08-09,9,pending
DSP-14027,ORD-02651,item_not_received,2026-08-09,23,pending
DSP-14028,ORD-19817,duplicate_charge,2026-08-09,7,pending
DSP-14029,ORD-01999,not_as_described,2026-08-09,7,pending
DSP-14030,ORD-00809,unauthorized_transaction,2026-08-09,18,pending
DSP-14031,ORD-17081,not_as_described,2026-08-09,12,pending
DSP-14032,ORD-03964,duplicate_charge,2026-08-09,7,pending
DSP-14033,ORD-03679,unauthorized_transaction,2026-08-09,10,pending
DSP-14034,ORD-16974,not_as_described,2026-08-09,10,pending
DSP-14035,ORD-19599,not_as_described,2026-08-09,16,pending
DSP-14036,ORD-17083,unauthorized_transaction,2026-08-09,10,pending
DSP-14037,ORD-10264,item_not_received,2026-08-09,4,pending
DSP-14038,ORD-04142,item_not_received,2026-08-09,22,pending
DSP-14039,ORD-18531,unauthorized_transaction,2026-08-09,21,pending
DSP-14040,ORD-03398,unauthorized_transaction,2026-08-09,20,pending
DSP-14041,ORD-01842,unauthorized_transaction,2026-08-09,5,pending
DSP-14042,ORD-04339,unauthorized_transaction,2026-08-09,19,pending
DSP-14043,ORD-18599,unauthorized_transaction,2026-08-09,11,pending
DSP-14044,ORD-18380,not_as_described,2026-08-09,3,pending
DSP-14045,ORD-11760,duplicate_charge,2026-08-09,12,pending
DSP-14046,ORD-00071,duplicate_charge,2026-08-09,13,pending
DSP-14047,ORD-09839,duplicate_charge,2026-08-09,16,pending
DSP-14048,ORD-04624,not_as_described,2026-08-09,15,pending
DSP-14049,ORD-16008,unauthorized_transaction,2026-08-09,24,pending
DSP-14050,ORD-03787,not_as_described,2026-08-09,16,pending
DSP-14051,ORD-03803,item_not_received,2026-08-09,19,pending
DSP-14052,ORD-04503,not_as_described,2026-08-09,22,pending
DSP-14053,ORD-12990,item_not_received,2026-08-10,7,pending
DSP-14054,ORD-00624,not_as_described,2026-08-10,20,pending
DSP-14055,ORD-05971,not_as_described,2026-08-10,14,pending
DSP-14056,ORD-12814,unauthorized_transaction,2026-08-10,12,pending
DSP-14057,ORD-00851,not_as_described,2026-08-10,14,pending
DSP-14058,ORD-01973,not_as_described,2026-08-10,22,pending
DSP-14059,ORD-13036,duplicate_charge,2026-08-10,6,pending
DSP-14060,ORD-13230,unauthorized_transaction,2026-08-10,8,pending
DSP-14061,ORD-02121,unauthorized_transaction,2026-08-10,7,pending
DSP-14062,ORD-06519,unauthorized_transaction,2026-08-10,22,pending
DSP-14063,ORD-03413,item_not_received,2026-08-10,21,pending
DSP-14064,ORD-16196,item_not_received,2026-08-10,6,pending
DSP-14065,ORD-09303,item_not_received,2026-08-10,5,pending
DSP-14066,ORD-15315,item_not_received,2026-08-10,11,pending
DSP-14067,ORD-12274,not_as_described,2026-08-10,14,pending
DSP-14068,ORD-06479,not_as_described,2026-08-10,12,pending
DSP-14069,ORD-11391,not_as_described,2026-08-10,22,pending
DSP-14070,ORD-10272,item_not_received,2026-08-10,11,pending
DSP-14071,ORD-15389,item_not_received,2026-08-10,13,pending
DSP-14072,ORD-08060,not_as_described,2026-08-10,17,pending
DSP-14073,ORD-00637,item_not_received,2026-08-10,9,pending
DSP-14074,ORD-17093,item_not_received,2026-08-10,8,pending
DSP-14075,ORD-16729,not_as_described,2026-08-10,6,pending
DSP-14076,ORD-07030,not_as_described,2026-08-10,6,pending
DSP-14077,ORD-00250,item_not_received,2026-08-10,23,pending
DSP-14078,ORD-00214,unauthorized_transaction,2026-08-10,20,pending
DSP-14079,ORD-03403,duplicate_charge,2026-08-10,13,pending
DSP-14080,ORD-16981,item_not_received,2026-08-10,21,pending
DSP-14081,ORD-10898,unauthorized_transaction,2026-08-10,22,pending
DSP-14082,ORD-19568,item_not_received,2026-08-10,11,pending
DSP-14083,ORD-00766,item_not_received,2026-08-10,6,pending
DSP-14084,ORD-05059,item_not_received,2026-08-10,17,pending
DSP-14085,ORD-13992,duplicate_charge,2026-08-10,8,pending
DSP-14086,ORD-13155,unauthorized_transaction,2026-08-10,22,pending
DSP-14087,ORD-10639,unauthorized_transaction,2026-08-10,17,pending
DSP-14088,ORD-19324,unauthorized_transaction,2026-08-10,15,pending
DSP-14089,ORD-05907,not_as_described,2026-08-10,17,pending
DSP-14090,ORD-00645,item_not_received,2026-08-10,16,pending
DSP-14091,ORD-14995,item_not_received,2026-08-10,4,pending
DSP-14092,ORD-18801,duplicate_charge,2026-08-10,13,pending
DSP-14093,ORD-18989,item_not_received,2026-08-10,18,pending
DSP-14094,ORD-12987,item_not_received,2026-08-10,23,pending
DSP-14095,ORD-08548,duplicate_charge,2026-08-10,12,pending
DSP-14096,ORD-00776,item_not_received,2026-08-10,14,pending
DSP-14097,ORD-01157,unauthorized_transaction,2026-08-10,17,pending
DSP-14098,ORD-03872,item_not_received,2026-08-10,5,pending
DSP-14099,ORD-16554,duplicate_charge,2026-08-10,19,pending
DSP-14100,ORD-12405,duplicate_charge,2026-08-10,18,pending
DSP-14101,ORD-19427,not_as_described,2026-08-10,9,pending
DSP-14102,ORD-18722,unauthorized_transaction,2026-08-10,8,pending
DSP-14103,ORD-10826,unauthorized_transaction,2026-08-10,20,pending
DSP-14104,ORD-03880,item_not_received,2026-08-10,7,pending
DSP-14105,ORD-18459,duplicate_charge,2026-08-10,6,pending
DSP-14106,ORD-10192,item_not_received,2026-08-10,17,pending
DSP-14107,ORD-18720,not_as_described,2026-08-10,24,pending
DSP-14108,ORD-16763,duplicate_charge,2026-08-10,23,pending
DSP-14109,ORD-09458,unauthorized_transaction,2026-08-10,9,pending
DSP-14110,ORD-01154,item_not_received,2026-08-10,22,pending
DSP-14111,ORD-11247,not_as_described,2026-08-10,20,pending
DSP-14112,ORD-14773,unauthorized_transaction,2026-08-10,12,pending
DSP-14113,ORD-08951,not_as_described,2026-08-10,5,pending
DSP-14114,ORD-12693,not_as_described,2026-08-10,13,pending
DSP-14115,ORD-02452,item_not_received,2026-08-10,15,pending
DSP-14116,ORD-08116,duplicate_charge,2026-08-10,24,pending
DSP-14117,ORD-05334,duplicate_charge,2026-08-10,17,pending
DSP-14118,ORD-05256,duplicate_charge,2026-08-10,6,pending
DSP-14119,ORD-07204,not_as_described,2026-08-10,10,pending
DSP-14120,ORD-01428,not_as_described,2026-08-10,23,pending
DSP-14121,ORD-07691,not_as_described,2026-08-10,21,pending
DSP-14122,ORD-13477,not_as_described,2026-08-10,10,pending
DSP-14123,ORD-05239,unauthorized_transaction,2026-08-10,19,pending
DSP-14124,ORD-04531,unauthorized_transaction,2026-08-10,9,pending
DSP-14125,ORD-14352,not_as_described,2026-08-10,4,pending
DSP-14126,ORD-13756,duplicate_charge,2026-08-10,6,pending
DSP-14127,ORD-07707,duplicate_charge,2026-08-10,23,pending
DSP-14128,ORD-00282,not_as_described,2026-08-10,11,pending
DSP-14129,ORD-06595,item_not_received,2026-08-10,18,pending
DSP-14130,ORD-14981,not_as_described,2026-08-10,22,pending
DSP-14131,ORD-01552,duplicate_charge,2026-08-10,21,pending
DSP-14132,ORD-07434,item_not_received,2026-08-10,23,pending
DSP-14133,ORD-14512,not_as_described,2026-08-10,23,pending
DSP-14134,ORD-03543,item_not_received,2026-08-10,16,pending
DSP-14135,ORD-15027,not_as_described,2026-08-10,12,pending
DSP-14136,ORD-10732,item_not_received,2026-08-10,15,pending
DSP-14137,ORD-03402,item_not_received,2026-08-10,12,pending
DSP-14138,ORD-12205,duplicate_charge,2026-08-10,20,pending
DSP-14139,ORD-15810,unauthorized_transaction,2026-08-10,6,pending
DSP-14140,ORD-01413,not_as_described,2026-08-10,11,pending
DSP-14141,ORD-02273,not_as_described,2026-08-10,20,pending
DSP-14142,ORD-15230,item_not_received,2026-08-10,17,pending
DSP-14143,ORD-00556,item_not_received,2026-08-10,22,pending
DSP-14144,ORD-09925,unauthorized_transaction,2026-08-10,23,pending
DSP-14145,ORD-15132,item_not_received,2026-08-11,8,pending
DSP-14146,ORD-18176,duplicate_charge,2026-08-11,23,pending
DSP-14147,ORD-01385,not_as_described,2026-08-11,9,pending
DSP-14148,ORD-16037,unauthorized_transaction,2026-08-11,17,pending
DSP-14149,ORD-13882,duplicate_charge,2026-08-11,15,pending
DSP-14150,ORD-15283,unauthorized_transaction,2026-08-11,13,pending
DSP-14151,ORD-01938,not_as_described,2026-08-11,5,pending
DSP-14152,ORD-10074,duplicate_charge,2026-08-11,23,pending
DSP-14153,ORD-08861,item_not_received,2026-08-11,12,pending
DSP-14154,ORD-02087,not_as_described,2026-08-11,24,pending
DSP-14155,ORD-10921,item_not_received,2026-08-11,19,pending
DSP-14156,ORD-00417,unauthorized_transaction,2026-08-11,15,pending
DSP-14157,ORD-04810,unauthorized_transaction,2026-08-11,6,pending
DSP-14158,ORD-12105,not_as_described,2026-08-11,17,pending
DSP-14159,ORD-10572,item_not_received,2026-08-11,9,pending
DSP-14160,ORD-10727,duplicate_charge,2026-08-11,8,pending
DSP-14161,ORD-13214,item_not_received,2026-08-11,24,pending
DSP-14162,ORD-18432,not_as_described,2026-08-11,24,pending
DSP-14163,ORD-19955,item_not_received,2026-08-11,9,pending
DSP-14164,ORD-19795,item_not_received,2026-08-11,8,pending
DSP-14165,ORD-02214,not_as_described,2026-08-11,14,pending
DSP-14166,ORD-00986,item_not_received,2026-08-11,16,pending
DSP-14167,ORD-01574,not_as_described,2026-08-11,7,pending
DSP-14168,ORD-19023,item_not_received,2026-08-11,21,pending
DSP-14169,ORD-14344,item_not_received,2026-08-11,13,pending
DSP-14170,ORD-00951,item_not_received,2026-08-11,14,pending
DSP-14171,ORD-13123,duplicate_charge,2026-08-11,16,pending
DSP-14172,ORD-11342,item_not_received,2026-08-11,9,pending
DSP-14173,ORD-16645,item_not_received,2026-08-11,15,pending
DSP-14174,ORD-08731,item_not_received,2026-08-11,14,pending
DSP-14175,ORD-12092,not_as_described,2026-08-11,23,pending
DSP-14176,ORD-19405,duplicate_charge,2026-08-11,12,pending
DSP-14177,ORD-15697,unauthorized_transaction,2026-08-11,7,pending
DSP-14178,ORD-19549,unauthorized_transaction,2026-08-11,20,pending
DSP-14179,ORD-04790,item_not_received,2026-08-11,12,pending
DSP-14180,ORD-05055,not_as_described,2026-08-11,11,pending
DSP-14181,ORD-16321,unauthorized_transaction,2026-08-11,10,pending
DSP-14182,ORD-05889,unauthorized_transaction,2026-08-11,5,pending
DSP-14183,ORD-07419,duplicate_charge,2026-08-11,10,pending
DSP-14184,ORD-00965,not_as_described,2026-08-11,19,pending
DSP-14185,ORD-08452,not_as_described,2026-08-11,20,pending
DSP-14186,ORD-13356,duplicate_charge,2026-08-11,7,pending
DSP-14187,ORD-13783,not_as_described,2026-08-11,11,pending
DSP-14188,ORD-02465,unauthorized_transaction,2026-08-11,9,pending
DSP-14189,ORD-15071,not_as_described,2026-08-11,14,pending
DSP-14190,ORD-13447,not_as_described,2026-08-11,7,pending
DSP-14191,ORD-04874,unauthorized_transaction,2026-08-11,21,pending
DSP-14192,ORD-02816,unauthorized_transaction,2026-08-11,13,pending
DSP-14193,ORD-19763,item_not_received,2026-08-11,18,pending
DSP-14194,ORD-07281,not_as_described,2026-08-11,22,pending
DSP-14195,ORD-04405,item_not_received,2026-08-11,21,pending
DSP-14196,ORD-17248,duplicate_charge,2026-08-11,16,pending
DSP-14197,ORD-17819,duplicate_charge,2026-08-11,14,pending
DSP-14198,ORD-17946,unauthorized_transaction,2026-08-11,20,pending
DSP-14199,ORD-19163,item_not_received,2026-08-11,18,pending
DSP-14200,ORD-09788,unauthorized_transaction,2026-08-11,17,pending
DSP-14201,ORD-09245,item_not_received,2026-08-11,17,pending
DSP-14202,ORD-16463,not_as_described,2026-08-11,5,pending
DSP-14203,ORD-07350,item_not_received,2026-08-11,5,pending
DSP-14204,ORD-03690,unauthorized_transaction,2026-08-11,20,pending
DSP-14205,ORD-00464,item_not_received,2026-08-11,9,pending
DSP-14206,ORD-08003,not_as_described,2026-08-11,16,pending
DSP-14207,ORD-06605,item_not_received,2026-08-11,9,pending
DSP-14208,ORD-10543,duplicate_charge,2026-08-11,16,pending
DSP-14209,ORD-11720,not_as_described,2026-08-11,17,pending
DSP-14210,ORD-12123,item_not_received,2026-08-11,5,pending
DSP-14211,ORD-14865,item_not_received,2026-08-11,17,pending
DSP-14212,ORD-15225,duplicate_charge,2026-08-11,12,pending
DSP-14213,ORD-13271,unauthorized_transaction,2026-08-11,8,pending
DSP-14214,ORD-13362,duplicate_charge,2026-08-11,16,pending
DSP-14215,ORD-03035,not_as_described,2026-08-11,22,pending
DSP-14216,ORD-09135,item_not_received,2026-08-11,22,pending
DSP-14217,ORD-07363,duplicate_charge,2026-08-11,15,pending
DSP-14218,ORD-07662,item_not_received,2026-08-11,13,pending
DSP-14219,ORD-09661,not_as_described,2026-08-11,5,pending
DSP-14220,ORD-05681,not_as_described,2026-08-11,14,pending
DSP-14221,ORD-14354,unauthorized_transaction,2026-08-11,12,pending
DSP-14222,ORD-11888,unauthorized_transaction,2026-08-11,19,pending
DSP-14223,ORD-01920,unauthorized_transaction,2026-08-11,22,pending
DSP-14224,ORD-07983,duplicate_charge,2026-08-11,12,pending
DSP-14225,ORD-10157,item_not_received,2026-08-11,21,pending
DSP-14226,ORD-17350,duplicate_charge,2026-08-11,11,pending
DSP-14227,ORD-16736,unauthorized_transaction,2026-08-11,18,pending
DSP-14228,ORD-18969,unauthorized_transaction,2026-08-11,14,pending
DSP-14229,ORD-00213,item_not_received,2026-08-11,20,pending
DSP-14230,ORD-01010,duplicate_charge,2026-08-11,5,pending
DSP-14231,ORD-18202,item_not_received,2026-08-11,22,pending
DSP-14232,ORD-01432,not_as_described,2026-08-11,5,pending
DSP-14233,ORD-00241,unauthorized_transaction,2026-08-12,10,pending
DSP-14234,ORD-11123,item_not_received,2026-08-12,22,pending
DSP-14235,ORD-17197,not_as_described,2026-08-12,21,pending
DSP-14236,ORD-15422,not_as_described,2026-08-12,18,pending
DSP-14237,ORD-11793,item_not_received,2026-08-12,12,pending
DSP-14238,ORD-13884,not_as_described,2026-08-12,7,pending
DSP-14239,ORD-07716,unauthorized_transaction,2026-08-12,12,pending
DSP-14240,ORD-06602,not_as_described,2026-08-12,22,pending
DSP-14241,ORD-19598,item_not_received,2026-08-12,24,pending
DSP-14242,ORD-02531,unauthorized_transaction,2026-08-12,8,pending
DSP-14243,ORD-06720,item_not_received,2026-08-12,7,pending
DSP-14244,ORD-18777,not_as_described,2026-08-12,11,pending
DSP-14245,ORD-08549,item_not_received,2026-08-12,10,pending
DSP-14246,ORD-15581,not_as_described,2026-08-12,8,pending
DSP-14247,ORD-13383,item_not_received,2026-08-12,15,pending
DSP-14248,ORD-19944,unauthorized_transaction,2026-08-12,9,pending
DSP-14249,ORD-10532,item_not_received,2026-08-12,19,pending
DSP-14250,ORD-18310,item_not_received,2026-08-12,16,pending
DSP-14251,ORD-15596,unauthorized_transaction,2026-08-12,21,pending
DSP-14252,ORD-14064,not_as_described,2026-08-12,14,pending
DSP-14253,ORD-09986,duplicate_charge,2026-08-12,8,pending
DSP-14254,ORD-11975,item_not_received,2026-08-12,9,pending
DSP-14255,ORD-09640,item_not_received,2026-08-12,9,pending
DSP-14256,ORD-10091,item_not_received,2026-08-12,18,pending
DSP-14257,ORD-04358,unauthorized_transaction,2026-08-12,17,pending
DSP-14258,ORD-01360,item_not_received,2026-08-12,16,pending
DSP-14259,ORD-01319,item_not_received,2026-08-12,8,pending
DSP-14260,ORD-04292,item_not_received,2026-08-12,23,pending
DSP-14261,ORD-08214,unauthorized_transaction,2026-08-12,20,pending
DSP-14262,ORD-02186,duplicate_charge,2026-08-12,8,pending
DSP-14263,ORD-00807,not_as_described,2026-08-12,15,pending
DSP-14264,ORD-07626,unauthorized_transaction,2026-08-12,20,pending
DSP-14265,ORD-16320,item_not_received,2026-08-12,18,pending
DSP-14266,ORD-12468,item_not_received,2026-08-12,22,pending
DSP-14267,ORD-12190,unauthorized_transaction,2026-08-12,16,pending
DSP-14268,ORD-08160,not_as_described,2026-08-12,16,pending
DSP-14269,ORD-10363,item_not_received,2026-08-12,16,pending
DSP-14270,ORD-11246,not_as_described,2026-08-12,14,pending
DSP-14271,ORD-12504,not_as_described,2026-08-12,20,pending
DSP-14272,ORD-00149,not_as_described,2026-08-12,11,pending
DSP-14273,ORD-11397,unauthorized_transaction,2026-08-12,9,pending
DSP-14274,ORD-17319,item_not_received,2026-08-12,24,pending
DSP-14275,ORD-13389,unauthorized_transaction,2026-08-12,12,pending
DSP-14276,ORD-09715,item_not_received,2026-08-12,21,pending
DSP-14277,ORD-08619,not_as_described,2026-08-12,13,pending
DSP-14278,ORD-16533,duplicate_charge,2026-08-12,18,pending
DSP-14279,ORD-05966,item_not_received,2026-08-12,17,pending
DSP-14280,ORD-00771,not_as_described,2026-08-12,8,pending
DSP-14281,ORD-16682,unauthorized_transaction,2026-08-12,21,pending
DSP-14282,ORD-00532,item_not_received,2026-08-12,21,pending
DSP-14283,ORD-15988,not_as_described,2026-08-12,20,pending
DSP-14284,ORD-11085,unauthorized_transaction,2026-08-12,15,pending
DSP-14285,ORD-09367,unauthorized_transaction,2026-08-12,9,pending
DSP-14286,ORD-06495,unauthorized_transaction,2026-08-12,6,pending
DSP-14287,ORD-11764,not_as_described,2026-08-12,14,pending
DSP-14288,ORD-17090,item_not_received,2026-08-12,13,pending
DSP-14289,ORD-01443,not_as_described,2026-08-12,15,pending
DSP-14290,ORD-11382,unauthorized_transaction,2026-08-12,6,pending
DSP-14291,ORD-09750,not_as_described,2026-08-12,22,pending
DSP-14292,ORD-06850,not_as_described,2026-08-12,6,pending
DSP-14293,ORD-14775,duplicate_charge,2026-08-12,16,pending
DSP-14294,ORD-13211,not_as_described,2026-08-12,20,pending
DSP-14295,ORD-08606,duplicate_charge,2026-08-12,14,pending
DSP-14296,ORD-11685,item_not_received,2026-08-12,23,pending
DSP-14297,ORD-00196,item_not_received,2026-08-12,6,pending
DSP-14298,ORD-01939,not_as_described,2026-08-12,14,pending
DSP-14299,ORD-07316,not_as_described,2026-08-12,20,pending
DSP-14300,ORD-03876,not_as_described,2026-08-12,23,pending
DSP-14301,ORD-05411,not_as_described,2026-08-12,14,pending
DSP-14302,ORD-16872,item_not_received,2026-08-12,24,pending
DSP-14303,ORD-14987,item_not_received,2026-08-12,6,pending
DSP-14304,ORD-17102,unauthorized_transaction,2026-08-12,22,pending
DSP-14305,ORD-09571,unauthorized_transaction,2026-08-12,10,pending
DSP-14306,ORD-02185,unauthorized_transaction,2026-08-13,20,pending
DSP-14307,ORD-14992,not_as_described,2026-08-13,8,pending
DSP-14308,ORD-07279,duplicate_charge,2026-08-13,9,pending
DSP-14309,ORD-01359,unauthorized_transaction,2026-08-13,7,pending
DSP-14310,ORD-16721,not_as_described,2026-08-13,23,pending
DSP-14311,ORD-06794,not_as_described,2026-08-13,8,pending
DSP-14312,ORD-00117,item_not_received,2026-08-13,11,pending
DSP-14313,ORD-13415,item_not_received,2026-08-13,13,pending
DSP-14314,ORD-09470,item_not_received,2026-08-13,13,pending
DSP-14315,ORD-12070,unauthorized_transaction,2026-08-13,21,pending
DSP-14316,ORD-14213,duplicate_charge,2026-08-13,20,pending
DSP-14317,ORD-01444,item_not_received,2026-08-13,12,pending
DSP-14318,ORD-08635,item_not_received,2026-08-13,24,pending
DSP-14319,ORD-06251,unauthorized_transaction,2026-08-13,17,pending
DSP-14320,ORD-16236,unauthorized_transaction,2026-08-13,8,pending
DSP-14321,ORD-08074,not_as_described,2026-08-13,7,pending
DSP-14322,ORD-03488,item_not_received,2026-08-13,7,pending
DSP-14323,ORD-10940,item_not_received,2026-08-13,11,pending
DSP-14324,ORD-07697,not_as_described,2026-08-13,18,pending
DSP-14325,ORD-14566,unauthorized_transaction,2026-08-13,8,pending
DSP-14326,ORD-01778,duplicate_charge,2026-08-13,24,pending
DSP-14327,ORD-08849,item_not_received,2026-08-13,23,pending
DSP-14328,ORD-12368,item_not_received,2026-08-13,13,pending
DSP-14329,ORD-03076,not_as_described,2026-08-13,11,pending
DSP-14330,ORD-03584,not_as_described,2026-08-13,12,pending
DSP-14331,ORD-12742,unauthorized_transaction,2026-08-13,19,pending
DSP-14332,ORD-07848,item_not_received,2026-08-13,15,pending
DSP-14333,ORD-14922,duplicate_charge,2026-08-13,24,pending
DSP-14334,ORD-04719,unauthorized_transaction,2026-08-13,15,pending
DSP-14335,ORD-08399,item_not_received,2026-08-13,19,pending
DSP-14336,ORD-08814,not_as_described,2026-08-13,17,pending
DSP-14337,ORD-01004,duplicate_charge,2026-08-13,11,pending
DSP-14338,ORD-19548,item_not_received,2026-08-13,7,pending
DSP-14339,ORD-15446,not_as_described,2026-08-13,7,pending
DSP-14340,ORD-06818,duplicate_charge,2026-08-13,19,pending
DSP-14341,ORD-19388,duplicate_charge,2026-08-13,18,pending
DSP-14342,ORD-03352,item_not_received,2026-08-13,16,pending
DSP-14343,ORD-16631,unauthorized_transaction,2026-08-13,19,pending
DSP-14344,ORD-02247,not_as_described,2026-08-13,9,pending
DSP-14345,ORD-06188,item_not_received,2026-08-13,18,pending
DSP-14346,ORD-15313,unauthorized_transaction,2026-08-13,21,pending
DSP-14347,ORD-15050,item_not_received,2026-08-13,9,pending
DSP-14348,ORD-09883,not_as_described,2026-08-13,7,pending
DSP-14349,ORD-05378,item_not_received,2026-08-13,22,pending
DSP-14350,ORD-10664,item_not_received,2026-08-13,8,pending
DSP-14351,ORD-14421,item_not_received,2026-08-13,8,pending
DSP-14352,ORD-00302,not_as_described,2026-08-13,10,pending
DSP-14353,ORD-14554,item_not_received,2026-08-13,13,pending
DSP-14354,ORD-07058,item_not_received,2026-08-13,22,pending
DSP-14355,ORD-11413,unauthorized_transaction,2026-08-13,20,pending
DSP-14356,ORD-17431,unauthorized_transaction,2026-08-13,21,pending
DSP-14357,ORD-18223,unauthorized_transaction,2026-08-13,21,pending
DSP-14358,ORD-03632,item_not_received,2026-08-13,16,pending
DSP-14359,ORD-01083,not_as_described,2026-08-13,23,pending
DSP-14360,ORD-06253,not_as_described,2026-08-13,15,pending
DSP-14361,ORD-03350,item_not_received,2026-08-13,12,pending
DSP-14362,ORD-12084,unauthorized_transaction,2026-08-13,18,pending
DSP-14363,ORD-06081,not_as_described,2026-08-13,12,pending
DSP-14364,ORD-06598,not_as_described,2026-08-13,22,pending
DSP-14365,ORD-18602,unauthorized_transaction,2026-08-13,21,pending
DSP-14366,ORD-05854,not_as_described,2026-08-13,15,pending
DSP-14367,ORD-11112,unauthorized_transaction,2026-08-13,11,pending
DSP-14368,ORD-01251,not_as_described,2026-08-13,9,pending
DSP-14369,ORD-14079,unauthorized_transaction,2026-08-13,8,pending
DSP-14370,ORD-17259,not_as_described,2026-08-13,19,pending
DSP-14371,ORD-19697,not_as_described,2026-08-13,14,pending
DSP-14372,ORD-01795,duplicate_charge,2026-08-13,11,pending
DSP-14373,ORD-16016,not_as_described,2026-08-13,11,pending
DSP-14374,ORD-07586,item_not_received,2026-08-13,15,pending
DSP-14375,ORD-10353,not_as_described,2026-08-13,22,pending
DSP-14376,ORD-02503,unauthorized_transaction,2026-08-13,8,pending
DSP-14377,ORD-09361,not_as_described,2026-08-13,10,pending
DSP-14378,ORD-13202,unauthorized_transaction,2026-08-13,24,pending
DSP-14379,ORD-13560,unauthorized_transaction,2026-08-13,15,pending
DSP-14380,ORD-09635,item_not_received,2026-08-13,8,pending
DSP-14381,ORD-07325,unauthorized_transaction,2026-08-13,12,pending
DSP-14382,ORD-09858,not_as_described,2026-08-13,14,pending
DSP-14383,ORD-19341,item_not_received,2026-08-14,16,pending
DSP-14384,ORD-17734,item_not_received,2026-08-14,11,pending
DSP-14385,ORD-12434,item_not_received,2026-08-14,11,pending
DSP-14386,ORD-06472,duplicate_charge,2026-08-14,17,pending
DSP-14387,ORD-01780,unauthorized_transaction,2026-08-14,17,pending
DSP-14388,ORD-17058,item_not_received,2026-08-14,22,pending
DSP-14389,ORD-00033,unauthorized_transaction,2026-08-14,15,pending
DSP-14390,ORD-07887,not_as_described,2026-08-14,19,pending
DSP-14391,ORD-07461,not_as_described,2026-08-14,22,pending
DSP-14392,ORD-19251,item_not_received,2026-08-14,11,pending
DSP-14393,ORD-11694,unauthorized_transaction,2026-08-14,18,pending
DSP-14394,ORD-02534,not_as_described,2026-08-14,9,pending
DSP-14395,ORD-15663,duplicate_charge,2026-08-14,17,pending
DSP-14396,ORD-07414,duplicate_charge,2026-08-14,16,pending
DSP-14397,ORD-01059,item_not_received,2026-08-14,19,pending
DSP-14398,ORD-02204,not_as_described,2026-08-14,22,pending
DSP-14399,ORD-01312,unauthorized_transaction,2026-08-14,10,pending
DSP-14400,ORD-13641,item_not_received,2026-08-14,17,pending
DSP-14401,ORD-16982,unauthorized_transaction,2026-08-14,23,pending
DSP-14402,ORD-15630,item_not_received,2026-08-14,9,pending
DSP-14403,ORD-19901,not_as_described,2026-08-14,23,pending
DSP-14404,ORD-18437,not_as_described,2026-08-14,15,pending
DSP-14405,ORD-17280,duplicate_charge,2026-08-14,18,pending
DSP-14406,ORD-02769,unauthorized_transaction,2026-08-14,17,pending
DSP-14407,ORD-15435,not_as_described,2026-08-14,9,pending
DSP-14408,ORD-00562,not_as_described,2026-08-14,11,pending
DSP-14409,ORD-17932,unauthorized_transaction,2026-08-14,20,pending
DSP-14410,ORD-03864,unauthorized_transaction,2026-08-14,18,pending
DSP-14411,ORD-13943,item_not_received,2026-08-14,8,pending
DSP-14412,ORD-11852,unauthorized_transaction,2026-08-14,16,pending
DSP-14413,ORD-13927,item_not_received,2026-08-14,21,pending
DSP-14414,ORD-18910,item_not_received,2026-08-14,14,pending
DSP-14415,ORD-13111,not_as_described,2026-08-14,24,pending
DSP-14416,ORD-05104,item_not_received,2026-08-14,14,pending
DSP-14417,ORD-03926,not_as_described,2026-08-14,9,pending
DSP-14418,ORD-17146,item_not_received,2026-08-14,8,pending
DSP-14419,ORD-18588,item_not_received,2026-08-14,12,pending
DSP-14420,ORD-19109,unauthorized_transaction,2026-08-14,16,pending
DSP-14421,ORD-07856,item_not_received,2026-08-14,20,pending
DSP-14422,ORD-16805,unauthorized_transaction,2026-08-14,12,pending
DSP-14423,ORD-10876,not_as_described,2026-08-14,11,pending
DSP-14424,ORD-05764,not_as_described,2026-08-14,14,pending
DSP-14425,ORD-04038,not_as_described,2026-08-14,18,pending
DSP-14426,ORD-12665,not_as_described,2026-08-14,24,pending
DSP-14427,ORD-04047,unauthorized_transaction,2026-08-14,10,pending
DSP-14428,ORD-07608,item_not_received,2026-08-14,18,pending
DSP-14429,ORD-17743,not_as_described,2026-08-14,12,pending
DSP-14430,ORD-12836,item_not_received,2026-08-14,9,pending
DSP-14431,ORD-06629,item_not_received,2026-08-14,22,pending
DSP-14432,ORD-06842,duplicate_charge,2026-08-14,18,pending
DSP-14433,ORD-18687,not_as_described,2026-08-14,16,pending
DSP-14434,ORD-16849,duplicate_charge,2026-08-14,14,pending
DSP-14435,ORD-10700,unauthorized_transaction,2026-08-14,22,pending
DSP-14436,ORD-09150,not_as_described,2026-08-14,22,pending
DSP-14437,ORD-04534,duplicate_charge,2026-08-14,20,pending
DSP-14438,ORD-02847,not_as_described,2026-08-14,15,pending
DSP-14439,ORD-02980,not_as_described,2026-08-14,14,pending
DSP-14440,ORD-12610,unauthorized_transaction,2026-08-14,8,pending
DSP-14441,ORD-06057,not_as_described,2026-08-14,20,pending
DSP-14442,ORD-00712,duplicate_charge,2026-08-14,18,pending
DSP-14443,ORD-03691,item_not_received,2026-08-14,8,pending
DSP-14444,ORD-13678,item_not_received,2026-08-14,15,pending
DSP-14445,ORD-04922,unauthorized_transaction,2026-08-14,8,pending
DSP-14446,ORD-18941,item_not_received,2026-08-14,10,pending
DSP-14447,ORD-02689,item_not_received,2026-08-14,11,pending
DSP-14448,ORD-04541,unauthorized_transaction,2026-08-14,11,pending
DSP-14449,ORD-14517,not_as_described,2026-08-14,20,pending
DSP-14450,ORD-08329,not_as_described,2026-08-14,22,pending
DSP-14451,ORD-07838,unauthorized_transaction,2026-08-14,24,pending
DSP-14452,ORD-13985,not_as_described,2026-08-14,20,pending
DSP-14453,ORD-00170,duplicate_charge,2026-08-14,15,pending
DSP-14454,ORD-09242,duplicate_charge,2026-08-15,18,pending
DSP-14455,ORD-06551,item_not_received,2026-08-15,15,pending
DSP-14456,ORD-02183,unauthorized_transaction,2026-08-15,11,pending
DSP-14457,ORD-10221,item_not_received,2026-08-15,22,pending
DSP-14458,ORD-18949,not_as_described,2026-08-15,19,pending
DSP-14459,ORD-15295,not_as_described,2026-08-15,12,pending
DSP-14460,ORD-05804,not_as_described,2026-08-15,11,pending
DSP-14461,ORD-03756,not_as_described,2026-08-15,19,pending
DSP-14462,ORD-17686,not_as_described,2026-08-15,12,pending
DSP-14463,ORD-08187,unauthorized_transaction,2026-08-15,18,pending
DSP-14464,ORD-17654,not_as_described,2026-08-15,20,pending
DSP-14465,ORD-01551,item_not_received,2026-08-15,24,pending
DSP-14466,ORD-01758,not_as_described,2026-08-15,23,pending
DSP-14467,ORD-14044,unauthorized_transaction,2026-08-15,18,pending
DSP-14468,ORD-03590,not_as_described,2026-08-15,21,pending
DSP-14469,ORD-12031,not_as_described,2026-08-15,18,pending
DSP-14470,ORD-05231,not_as_described,2026-08-15,19,pending
DSP-14471,ORD-03699,not_as_described,2026-08-15,10,pending
DSP-14472,ORD-06056,unauthorized_transaction,2026-08-15,15,pending
DSP-14473,ORD-10743,unauthorized_transaction,2026-08-15,22,pending
DSP-14474,ORD-05647,unauthorized_transaction,2026-08-15,22,pending
DSP-14475,ORD-00118,not_as_described,2026-08-15,14,pending
DSP-14476,ORD-04748,duplicate_charge,2026-08-15,23,pending
DSP-14477,ORD-07888,item_not_received,2026-08-15,13,pending
DSP-14478,ORD-18946,item_not_received,2026-08-15,11,pending
DSP-14479,ORD-14924,item_not_received,2026-08-15,15,pending
DSP-14480,ORD-07810,unauthorized_transaction,2026-08-15,15,pending
DSP-14481,ORD-05586,item_not_received,2026-08-15,14,pending
DSP-14482,ORD-13957,not_as_described,2026-08-15,18,pending
DSP-14483,ORD-02937,item_not_received,2026-08-15,9,pending
DSP-14484,ORD-08125,unauthorized_transaction,2026-08-15,16,pending
DSP-14485,ORD-08223,not_as_described,2026-08-15,11,pending
DSP-14486,ORD-02322,item_not_received,2026-08-15,13,pending
DSP-14487,ORD-01300,item_not_received,2026-08-15,11,pending
DSP-14488,ORD-16378,item_not_received,2026-08-15,16,pending
DSP-14489,ORD-17590,not_as_described,2026-08-15,9,pending
DSP-14490,ORD-16983,not_as_described,2026-08-15,17,pending
DSP-14491,ORD-10948,not_as_described,2026-08-15,10,pending
DSP-14492,ORD-02430,duplicate_charge,2026-08-15,17,pending
DSP-14493,ORD-08315,item_not_received,2026-08-15,22,pending
DSP-14494,ORD-01490,not_as_described,2026-08-15,16,pending
DSP-14495,ORD-18595,item_not_received,2026-08-15,10,pending
DSP-14496,ORD-08617,not_as_described,2026-08-15,19,pending
DSP-14497,ORD-06848,item_not_received,2026-08-15,18,pending
DSP-14498,ORD-01395,not_as_described,2026-08-15,11,pending
DSP-14499,ORD-11902,not_as_described,2026-08-15,14,pending
DSP-14500,ORD-18427,unauthorized_transaction,2026-08-15,13,pending
DSP-14501,ORD-17869,not_as_described,2026-08-15,9,pending
DSP-14502,ORD-18819,unauthorized_transaction,2026-08-15,20,pending
DSP-14503,ORD-00276,unauthorized_transaction,2026-08-15,9,pending
DSP-14504,ORD-19034,unauthorized_transaction,2026-08-15,22,pending
DSP-14505,ORD-10112,item_not_received,2026-08-15,20,pending
DSP-14506,ORD-10480,duplicate_charge,2026-08-15,16,pending
DSP-14507,ORD-07293,item_not_received,2026-08-15,12,pending
DSP-14508,ORD-10763,not_as_described,2026-08-15,11,pending
DSP-14509,ORD-11458,duplicate_charge,2026-08-15,15,pending
DSP-14510,ORD-14182,not_as_described,2026-08-15,17,pending
DSP-14511,ORD-11093,duplicate_charge,2026-08-15,19,pending
DSP-14512,ORD-01834,not_as_described,2026-08-15,20,pending
DSP-14513,ORD-19801,item_not_received,2026-08-15,24,pending
DSP-14514,ORD-15143,item_not_received,2026-08-15,15,pending
DSP-14515,ORD-18137,unauthorized_transaction,2026-08-15,14,pending
DSP-14516,ORD-19775,item_not_received,2026-08-15,16,pending
DSP-14517,ORD-09022,duplicate_charge,2026-08-15,19,pending
DSP-14518,ORD-05362,not_as_described,2026-08-15,19,pending
DSP-14519,ORD-09196,item_not_received,2026-08-15,10,pending
DSP-14520,ORD-04552,item_not_received,2026-08-15,9,pending
DSP-14521,ORD-09228,not_as_described,2026-08-15,23,pending
DSP-14522,ORD-04919,duplicate_charge,2026-08-15,24,pending
DSP-14523,ORD-17258,item_not_received,2026-08-15,14,pending
DSP-14524,ORD-05147,item_not_received,2026-08-15,15,pending
DSP-14525,ORD-01317,not_as_described,2026-08-15,21,pending
DSP-14526,ORD-14490,not_as_described,2026-08-16,15,pending
DSP-14527,ORD-11147,duplicate_charge,2026-08-16,16,pending
DSP-14528,ORD-06325,item_not_received,2026-08-16,17,pending
DSP-14529,ORD-00534,item_not_received,2026-08-16,22,pending
DSP-14530,ORD-12579,not_as_described,2026-08-16,10,pending
DSP-14531,ORD-06356,not_as_described,2026-08-16,13,pending
DSP-14532,ORD-06959,not_as_described,2026-08-16,16,pending
DSP-14533,ORD-15237,unauthorized_transaction,2026-08-16,11,pending
DSP-14534,ORD-16941,duplicate_charge,2026-08-16,20,pending
DSP-14535,ORD-10558,unauthorized_transaction,2026-08-16,19,pending
DSP-14536,ORD-18612,item_not_received,2026-08-16,17,pending
DSP-14537,ORD-00795,item_not_received,2026-08-16,21,pending
DSP-14538,ORD-16062,not_as_described,2026-08-16,14,pending
DSP-14539,ORD-16782,not_as_described,2026-08-16,16,pending
DSP-14540,ORD-13518,not_as_described,2026-08-16,20,pending
DSP-14541,ORD-12875,duplicate_charge,2026-08-16,23,pending
DSP-14542,ORD-04615,not_as_described,2026-08-16,11,pending
DSP-14543,ORD-01826,item_not_received,2026-08-16,24,pending
DSP-14544,ORD-11185,unauthorized_transaction,2026-08-16,18,pending
DSP-14545,ORD-15445,item_not_received,2026-08-16,11,pending
DSP-14546,ORD-01168,not_as_described,2026-08-16,22,pending
DSP-14547,ORD-01696,item_not_received,2026-08-16,16,pending
DSP-14548,ORD-17838,item_not_received,2026-08-16,19,pending
DSP-14549,ORD-11326,unauthorized_transaction,2026-08-16,14,pending
DSP-14550,ORD-10656,unauthorized_transaction,2026-08-16,17,pending
DSP-14551,ORD-12122,unauthorized_transaction,2026-08-16,24,pending
DSP-14552,ORD-19731,item_not_received,2026-08-16,16,pending
DSP-14553,ORD-13769,unauthorized_transaction,2026-08-16,24,pending
DSP-14554,ORD-07522,unauthorized_transaction,2026-08-16,14,pending
DSP-14555,ORD-12718,item_not_received,2026-08-16,17,pending
DSP-14556,ORD-03334,duplicate_charge,2026-08-16,19,pending
DSP-14557,ORD-06962,not_as_described,2026-08-16,21,pending
DSP-14558,ORD-04669,item_not_received,2026-08-16,16,pending
DSP-14559,ORD-06536,item_not_received,2026-08-16,16,pending
DSP-14560,ORD-08182,item_not_received,2026-08-16,13,pending
DSP-14561,ORD-08909,unauthorized_transaction,2026-08-16,18,pending
DSP-14562,ORD-13408,not_as_described,2026-08-16,18,pending
DSP-14563,ORD-06109,item_not_received,2026-08-16,16,pending
DSP-14564,ORD-10216,unauthorized_transaction,2026-08-16,13,pending
DSP-14565,ORD-09379,unauthorized_transaction,2026-08-16,11,pending
DSP-14566,ORD-17556,item_not_received,2026-08-16,11,pending
DSP-14567,ORD-01368,duplicate_charge,2026-08-16,14,pending
DSP-14568,ORD-07023,not_as_described,2026-08-16,13,pending
DSP-14569,ORD-02046,item_not_received,2026-08-16,11,pending
DSP-14570,ORD-06727,unauthorized_transaction,2026-08-16,12,pending
DSP-14571,ORD-07467,unauthorized_transaction,2026-08-16,11,pending
DSP-14572,ORD-16233,not_as_described,2026-08-16,12,pending
DSP-14573,ORD-07384,unauthorized_transaction,2026-08-16,15,pending
DSP-14574,ORD-12414,item_not_received,2026-08-16,11,pending
DSP-14575,ORD-14347,item_not_received,2026-08-16,17,pending
DSP-14576,ORD-09561,item_not_received,2026-08-16,10,pending
DSP-14577,ORD-19648,not_as_described,2026-08-16,13,pending
DSP-14578,ORD-17326,unauthorized_transaction,2026-08-16,15,pending
DSP-14579,ORD-14113,duplicate_charge,2026-08-17,19,pending
DSP-14580,ORD-18483,unauthorized_transaction,2026-08-17,13,pending
DSP-14581,ORD-00379,unauthorized_transaction,2026-08-17,14,pending
DSP-14582,ORD-12149,item_not_received,2026-08-17,19,pending
DSP-14583,ORD-14879,unauthorized_transaction,2026-08-17,15,pending
DSP-14584,ORD-01914,item_not_received,2026-08-17,21,pending
DSP-14585,ORD-17809,not_as_described,2026-08-17,11,pending
DSP-14586,ORD-17970,not_as_described,2026-08-17,17,pending
DSP-14587,ORD-02166,duplicate_charge,2026-08-17,16,pending
DSP-14588,ORD-07912,unauthorized_transaction,2026-08-17,21,pending
DSP-14589,ORD-18867,not_as_described,2026-08-17,11,pending
DSP-14590,ORD-17124,item_not_received,2026-08-17,21,pending
DSP-14591,ORD-16234,unauthorized_transaction,2026-08-17,19,pending
DSP-14592,ORD-16663,not_as_described,2026-08-17,21,pending
DSP-14593,ORD-11277,not_as_described,2026-08-17,14,pending
DSP-14594,ORD-19401,duplicate_charge,2026-08-17,21,pending
DSP-14595,ORD-19217,not_as_described,2026-08-17,13,pending
DSP-14596,ORD-09954,item_not_received,2026-08-17,13,pending
DSP-14597,ORD-09732,item_not_received,2026-08-17,18,pending
DSP-14598,ORD-05608,item_not_received,2026-08-17,19,pending
DSP-14599,ORD-05293,not_as_described,2026-08-17,20,pending
DSP-14600,ORD-09157,unauthorized_transaction,2026-08-17,17,pending
DSP-14601,ORD-08158,duplicate_charge,2026-08-17,11,pending
DSP-14602,ORD-19666,not_as_described,2026-08-17,16,pending
DSP-14603,ORD-05079,not_as_described,2026-08-17,15,pending
DSP-14604,ORD-18667,duplicate_charge,2026-08-17,16,pending
DSP-14605,ORD-04294,not_as_described,2026-08-17,14,pending
DSP-14606,ORD-00719,item_not_received,2026-08-17,12,pending
DSP-14607,ORD-15357,not_as_described,2026-08-17,21,pending
DSP-14608,ORD-10544,not_as_described,2026-08-17,18,pending
DSP-14609,ORD-08919,item_not_received,2026-08-17,20,pending
DSP-14610,ORD-19656,not_as_described,2026-08-17,11,pending
DSP-14611,ORD-15855,unauthorized_transaction,2026-08-17,11,pending
DSP-14612,ORD-14178,duplicate_charge,2026-08-17,20,pending
DSP-14613,ORD-07932,item_not_received,2026-08-17,18,pending
DSP-14614,ORD-04222,not_as_described,2026-08-17,18,pending
DSP-14615,ORD-11124,item_not_received,2026-08-17,22,pending
DSP-14616,ORD-04985,not_as_described,2026-08-17,11,pending
DSP-14617,ORD-15302,duplicate_charge,2026-08-17,17,pending
DSP-14618,ORD-18543,not_as_described,2026-08-17,23,pending
DSP-14619,ORD-17823,not_as_described,2026-08-17,11,pending
DSP-14620,ORD-01172,duplicate_charge,2026-08-17,18,pending
DSP-14621,ORD-03521,not_as_described,2026-08-17,18,pending
DSP-14622,ORD-18003,item_not_received,2026-08-17,16,pending
DSP-14623,ORD-11884,item_not_received,2026-08-17,23,pending
DSP-14624,ORD-11757,item_not_received,2026-08-17,24,pending
DSP-14625,ORD-10570,item_not_received,2026-08-17,16,pending
DSP-14626,ORD-02114,duplicate_charge,2026-08-17,21,pending
DSP-14627,ORD-12828,duplicate_charge,2026-08-17,14,pending
DSP-14628,ORD-05172,not_as_described,2026-08-17,21,pending
DSP-14629,ORD-15535,unauthorized_transaction,2026-08-17,24,pending
DSP-14630,ORD-06967,not_as_described,2026-08-17,21,pending
DSP-14631,ORD-13102,unauthorized_transaction,2026-08-17,18,pending
DSP-14632,ORD-10360,unauthorized_transaction,2026-08-17,16,pending
DSP-14633,ORD-10541,not_as_described,2026-08-18,15,pending
DSP-14634,ORD-15053,not_as_described,2026-08-18,19,pending
DSP-14635,ORD-10210,item_not_received,2026-08-18,17,pending
DSP-14636,ORD-18414,unauthorized_transaction,2026-08-18,20,pending
DSP-14637,ORD-12867,not_as_described,2026-08-18,16,pending
DSP-14638,ORD-09403,duplicate_charge,2026-08-18,22,pending
DSP-14639,ORD-01032,duplicate_charge,2026-08-18,17,pending
DSP-14640,ORD-03921,unauthorized_transaction,2026-08-18,22,pending
DSP-14641,ORD-01062,not_as_described,2026-08-18,22,pending
DSP-14642,ORD-06963,not_as_described,2026-08-18,22,pending
DSP-14643,ORD-14681,unauthorized_transaction,2026-08-18,21,pending
DSP-14644,ORD-11994,unauthorized_transaction,2026-08-18,14,pending
DSP-14645,ORD-09864,not_as_described,2026-08-18,19,pending
DSP-14646,ORD-17283,duplicate_charge,2026-08-18,22,pending
DSP-14647,ORD-07120,duplicate_charge,2026-08-18,14,pending
DSP-14648,ORD-03269,unauthorized_transaction,2026-08-18,18,pending
DSP-14649,ORD-09751,item_not_received,2026-08-18,24,pending
DSP-14650,ORD-16024,item_not_received,2026-08-18,22,pending
DSP-14651,ORD-01082,not_as_described,2026-08-18,13,pending
DSP-14652,ORD-15613,duplicate_charge,2026-08-18,15,pending
DSP-14653,ORD-18018,not_as_described,2026-08-18,24,pending
DSP-14654,ORD-10109,duplicate_charge,2026-08-18,14,pending
DSP-14655,ORD-13504,duplicate_charge,2026-08-18,24,pending
DSP-14656,ORD-05198,item_not_received,2026-08-18,19,pending
DSP-14657,ORD-07458,not_as_described,2026-08-18,16,pending
DSP-14658,ORD-07115,not_as_described,2026-08-18,19,pending
DSP-14659,ORD-13476,not_as_described,2026-08-18,14,pending
DSP-14660,ORD-07497,not_as_described,2026-08-18,16,pending
DSP-14661,ORD-14149,item_not_received,2026-08-18,14,pending
DSP-14662,ORD-18295,not_as_described,2026-08-18,18,pending
DSP-14663,ORD-15038,item_not_received,2026-08-18,22,pending
DSP-14664,ORD-11585,item_not_received,2026-08-18,22,pending
DSP-14665,ORD-01645,not_as_described,2026-08-18,24,pending
DSP-14666,ORD-16381,unauthorized_transaction,2026-08-18,18,pending
DSP-14667,ORD-09184,item_not_received,2026-08-18,13,pending
DSP-14668,ORD-09387,duplicate_charge,2026-08-18,21,pending
DSP-14669,ORD-11298,item_not_received,2026-08-18,17,pending
DSP-14670,ORD-02012,item_not_received,2026-08-18,21,pending
DSP-14671,ORD-19085,not_as_described,2026-08-18,23,pending
DSP-14672,ORD-14430,not_as_described,2026-08-18,14,pending
DSP-14673,ORD-08799,duplicate_charge,2026-08-18,22,pending
DSP-14674,ORD-06633,item_not_received,2026-08-18,15,pending
DSP-14675,ORD-11239,not_as_described,2026-08-18,13,pending
DSP-14676,ORD-04970,item_not_received,2026-08-18,13,pending
DSP-14677,ORD-04626,not_as_described,2026-08-18,17,pending
DSP-14678,ORD-17599,item_not_received,2026-08-18,20,pending
DSP-14679,ORD-02348,unauthorized_transaction,2026-08-18,20,pending
DSP-14680,ORD-18987,item_not_received,2026-08-18,23,pending
DSP-14681,ORD-03424,not_as_described,2026-08-18,12,pending
DSP-14682,ORD-14191,duplicate_charge,2026-08-18,21,pending
DSP-14683,ORD-19856,unauthorized_transaction,2026-08-18,14,pending
DSP-14684,ORD-12651,item_not_received,2026-08-18,12,pending
DSP-14685,ORD-17459,duplicate_charge,2026-08-18,15,pending
DSP-14686,ORD-04698,duplicate_charge,2026-08-18,16,pending
DSP-14687,ORD-14206,unauthorized_transaction,2026-08-18,20,pending
DSP-14688,ORD-15714,duplicate_charge,2026-08-18,14,pending
DSP-14689,ORD-00900,item_not_received,2026-08-19,21,pending
DSP-14690,ORD-06707,unauthorized_transaction,2026-08-19,16,pending
DSP-14691,ORD-03522,not_as_described,2026-08-19,22,pending
DSP-14692,ORD-12487,item_not_received,2026-08-19,14,pending
DSP-14693,ORD-02115,item_not_received,2026-08-19,15,pending
DSP-14694,ORD-02278,item_not_received,2026-08-19,19,pending
DSP-14695,ORD-13458,item_not_received,2026-08-19,14,pending
DSP-14696,ORD-17199,unauthorized_transaction,2026-08-19,21,pending
DSP-14697,ORD-15996,unauthorized_transaction,2026-08-19,20,pending
DSP-14698,ORD-05496,not_as_described,2026-08-19,20,pending
DSP-14699,ORD-08335,duplicate_charge,2026-08-19,15,pending
DSP-14700,ORD-00494,not_as_described,2026-08-19,19,pending
DSP-14701,ORD-10901,duplicate_charge,2026-08-19,21,pending
DSP-14702,ORD-01544,not_as_described,2026-08-19,14,pending
DSP-14703,ORD-00336,item_not_received,2026-08-19,22,pending
DSP-14704,ORD-15574,unauthorized_transaction,2026-08-19,24,pending
DSP-14705,ORD-17865,unauthorized_transaction,2026-08-19,19,pending
DSP-14706,ORD-00699,duplicate_charge,2026-08-19,23,pending
DSP-14707,ORD-08561,duplicate_charge,2026-08-19,15,pending
DSP-14708,ORD-14669,not_as_described,2026-08-19,19,pending
DSP-14709,ORD-06527,unauthorized_transaction,2026-08-19,17,pending
DSP-14710,ORD-18245,item_not_received,2026-08-19,22,pending
DSP-14711,ORD-16491,unauthorized_transaction,2026-08-19,13,pending
DSP-14712,ORD-12795,duplicate_charge,2026-08-19,17,pending
DSP-14713,ORD-06393,not_as_described,2026-08-19,13,pending
DSP-14714,ORD-03464,duplicate_charge,2026-08-19,20,pending
DSP-14715,ORD-16495,duplicate_charge,2026-08-19,20,pending
DSP-14716,ORD-17490,not_as_described,2026-08-19,14,pending
DSP-14717,ORD-11663,item_not_received,2026-08-19,15,pending
DSP-14718,ORD-04158,unauthorized_transaction,2026-08-19,24,pending
DSP-14719,ORD-12713,unauthorized_transaction,2026-08-19,17,pending
DSP-14720,ORD-17493,duplicate_charge,2026-08-19,17,pending
DSP-14721,ORD-01595,item_not_received,2026-08-19,16,pending
DSP-14722,ORD-00785,not_as_described,2026-08-19,16,pending
DSP-14723,ORD-07173,unauthorized_transaction,2026-08-19,24,pending
DSP-14724,ORD-15333,not_as_described,2026-08-19,21,pending
DSP-14725,ORD-11593,unauthorized_transaction,2026-08-19,24,pending
DSP-14726,ORD-04296,item_not_received,2026-08-19,15,pending
DSP-14727,ORD-04605,item_not_received,2026-08-19,14,pending
DSP-14728,ORD-16841,unauthorized_transaction,2026-08-19,19,pending
DSP-14729,ORD-00281,item_not_received,2026-08-19,13,pending
DSP-14730,ORD-06710,unauthorized_transaction,2026-08-19,24,pending
DSP-14731,ORD-05388,item_not_received,2026-08-20,17,pending
DSP-14732,ORD-00587,item_not_received,2026-08-20,22,pending
DSP-14733,ORD-12571,item_not_received,2026-08-20,24,pending
DSP-14734,ORD-13526,unauthorized_transaction,2026-08-20,21,pending
DSP-14735,ORD-06879,not_as_described,2026-08-20,24,pending
DSP-14736,ORD-02830,item_not_received,2026-08-20,19,pending
DSP-14737,ORD-00229,duplicate_charge,2026-08-20,23,pending
DSP-14738,ORD-17022,unauthorized_transaction,2026-08-20,22,pending
DSP-14739,ORD-18200,item_not_received,2026-08-20,22,pending
DSP-14740,ORD-10172,unauthorized_transaction,2026-08-20,14,pending
DSP-14741,ORD-06681,duplicate_charge,2026-08-20,22,pending
DSP-14742,ORD-15926,duplicate_charge,2026-08-20,16,pending
DSP-14743,ORD-04638,item_not_received,2026-08-20,14,pending
DSP-14744,ORD-10256,not_as_described,2026-08-20,14,pending
DSP-14745,ORD-06556,item_not_received,2026-08-20,17,pending
DSP-14746,ORD-13069,item_not_received,2026-08-20,21,pending
DSP-14747,ORD-03810,item_not_received,2026-08-20,24,pending
DSP-14748,ORD-09191,unauthorized_transaction,2026-08-20,22,pending
DSP-14749,ORD-02314,item_not_received,2026-08-20,21,pending
DSP-14750,ORD-03495,duplicate_charge,2026-08-20,15,pending
DSP-14751,ORD-19473,item_not_received,2026-08-20,21,pending
DSP-14752,ORD-19606,other_unclassified,2026-08-20,17,pending
DSP-14753,ORD-15638,not_as_described,2026-08-20,15,pending
DSP-14754,ORD-03272,not_as_described,2026-08-20,16,pending
DSP-14755,ORD-09355,unauthorized_transaction,2026-08-20,24,pending
DSP-14756,ORD-18645,not_as_described,2026-08-20,18,pending
DSP-14757,ORD-08798,unauthorized_transaction,2026-08-20,19,pending
DSP-14758,ORD-04088,unauthorized_transaction,2026-08-20,17,pending
DSP-14759,ORD-03022,item_not_received,2026-08-20,23,pending
DSP-14760,ORD-08096,duplicate_charge,2026-08-20,21,pending
DSP-14761,ORD-16229,item_not_received,2026-08-20,18,pending
DSP-14762,ORD-15786,unauthorized_transaction,2026-08-20,24,pending
DSP-14763,ORD-14399,item_not_received,2026-08-20,16,pending
DSP-14764,ORD-14187,duplicate_charge,2026-08-20,14,pending
DSP-14765,ORD-18676,unauthorized_transaction,2026-08-20,20,pending
DSP-14766,ORD-02727,item_not_received,2026-08-20,21,pending
DSP-14767,ORD-02716,unauthorized_transaction,2026-08-20,24,pending
DSP-14768,ORD-05901,item_not_received,2026-08-20,20,pending
DSP-14769,ORD-14875,unauthorized_transaction,2026-08-20,17,pending
DSP-14770,ORD-02194,unauthorized_transaction,2026-08-20,14,pending
DSP-14771,ORD-01493,item_not_received,2026-08-20,23,pending
DSP-14772,ORD-02595,not_as_described,2026-08-20,23,pending
DSP-14773,ORD-03758,item_not_received,2026-08-21,20,pending
DSP-14774,ORD-09628,item_not_received,2026-08-21,20,pending
DSP-14775,ORD-07674,not_as_described,2026-08-21,15,pending
DSP-14776,ORD-12540,item_not_received,2026-08-21,20,pending
DSP-14777,ORD-11498,duplicate_charge,2026-08-21,16,pending
DSP-14778,ORD-12559,item_not_received,2026-08-21,19,pending
DSP-14779,ORD-06450,duplicate_charge,2026-08-21,23,pending
DSP-14780,ORD-13969,unauthorized_transaction,2026-08-21,24,pending
DSP-14781,ORD-04693,item_not_received,2026-08-21,16,pending
DSP-14782,ORD-15648,item_not_received,2026-08-21,21,pending
DSP-14783,ORD-17963,not_as_described,2026-08-21,16,pending
DSP-14784,ORD-01580,item_not_received,2026-08-21,19,pending
DSP-14785,ORD-10247,unauthorized_transaction,2026-08-21,23,pending
DSP-14786,ORD-07374,item_not_received,2026-08-21,20,pending
DSP-14787,ORD-19688,unauthorized_transaction,2026-08-21,23,pending
DSP-14788,ORD-03582,not_as_described,2026-08-21,19,pending
DSP-14789,ORD-10057,unauthorized_transaction,2026-08-21,24,pending
DSP-14790,ORD-19624,not_as_described,2026-08-21,16,pending
DSP-14791,ORD-16375,item_not_received,2026-08-21,20,pending
DSP-14792,ORD-07703,not_as_described,2026-08-21,18,pending
DSP-14793,ORD-12108,not_as_described,2026-08-21,15,pending
DSP-14794,ORD-17866,not_as_described,2026-08-21,16,pending
DSP-14795,ORD-10931,not_as_described,2026-08-21,22,pending
DSP-14796,ORD-11658,unauthorized_transaction,2026-08-21,22,pending
DSP-14797,ORD-04694,duplicate_charge,2026-08-21,21,pending
DSP-14798,ORD-06836,item_not_received,2026-08-21,20,pending
DSP-14799,ORD-10557,unauthorized_transaction,2026-08-21,22,pending
DSP-14800,ORD-16084,item_not_received,2026-08-21,19,pending
DSP-14801,ORD-17890,duplicate_charge,2026-08-21,15,pending
DSP-14802,ORD-13796,item_not_received,2026-08-21,20,pending
DSP-14803,ORD-03408,not_as_described,2026-08-21,24,pending
DSP-14804,ORD-09722,unauthorized_transaction,2026-08-21,23,pending
DSP-14805,ORD-04647,duplicate_charge,2026-08-21,16,pending
DSP-14806,ORD-06938,duplicate_charge,2026-08-21,18,pending
DSP-14807,ORD-14824,duplicate_charge,2026-08-21,21,pending
DSP-14808,ORD-06834,not_as_described,2026-08-21,15,pending
DSP-14809,ORD-16993,not_as_described,2026-08-21,15,pending
DSP-14810,ORD-05102,not_as_described,2026-08-22,20,pending
DSP-14811,ORD-10032,item_not_received,2026-08-22,22,pending
DSP-14812,ORD-07333,item_not_received,2026-08-22,16,pending
DSP-14813,ORD-06166,not_as_described,2026-08-22,21,pending
DSP-14814,ORD-17875,item_not_received,2026-08-22,22,pending
DSP-14815,ORD-00985,not_as_described,2026-08-22,22,pending
DSP-14816,ORD-05799,not_as_described,2026-08-22,21,pending
DSP-14817,ORD-17534,unauthorized_transaction,2026-08-22,23,pending
DSP-14818,ORD-15617,not_as_described,2026-08-22,18,pending
DSP-14819,ORD-16420,item_not_received,2026-08-22,16,pending
DSP-14820,ORD-02543,item_not_received,2026-08-22,20,pending
DSP-14821,ORD-15909,unauthorized_transaction,2026-08-22,18,pending
DSP-14822,ORD-17130,duplicate_charge,2026-08-22,24,pending
DSP-14823,ORD-01165,item_not_received,2026-08-22,17,pending
DSP-14824,ORD-10395,duplicate_charge,2026-08-22,16,pending
DSP-14825,ORD-10489,unauthorized_transaction,2026-08-22,24,pending
DSP-14826,ORD-12903,item_not_received,2026-08-22,20,pending
DSP-14827,ORD-09733,not_as_described,2026-08-22,24,pending
DSP-14828,ORD-08592,not_as_described,2026-08-22,23,pending
DSP-14829,ORD-18343,unauthorized_transaction,2026-08-22,21,pending
DSP-14830,ORD-17522,unauthorized_transaction,2026-08-22,20,pending
DSP-14831,ORD-18770,unauthorized_transaction,2026-08-22,17,pending
DSP-14832,ORD-10945,unauthorized_transaction,2026-08-22,20,pending
DSP-14833,ORD-14022,item_not_received,2026-08-22,18,pending
DSP-14834,ORD-17813,item_not_received,2026-08-22,20,pending
DSP-14835,ORD-16568,not_as_described,2026-08-22,19,pending
DSP-14836,ORD-16706,item_not_received,2026-08-22,23,pending
DSP-14837,ORD-15277,unauthorized_transaction,2026-08-22,24,pending
DSP-14838,ORD-09106,duplicate_charge,2026-08-22,17,pending
DSP-14839,ORD-07220,unauthorized_transaction,2026-08-22,21,pending
DSP-14840,ORD-18060,item_not_received,2026-08-22,18,pending
DSP-14841,ORD-06078,duplicate_charge,2026-08-22,17,pending
DSP-14842,ORD-12949,item_not_received,2026-08-22,20,pending
DSP-14843,ORD-13224,not_as_described,2026-08-22,19,pending
DSP-14844,ORD-01017,unauthorized_transaction,2026-08-22,21,pending
DSP-14845,ORD-09658,item_not_received,2026-08-22,22,pending
DSP-14846,ORD-09033,item_not_received,2026-08-22,23,pending
DSP-14847,ORD-00826,not_as_described,2026-08-22,23,pending
DSP-14848,ORD-10297,unauthorized_transaction,2026-08-22,19,pending
DSP-14849,ORD-18357,item_not_received,2026-08-22,17,pending
DSP-14850,ORD-01811,unauthorized_transaction,2026-08-22,21,pending
DSP-14851,ORD-19694,unauthorized_transaction,2026-08-22,24,pending
DSP-14852,ORD-10108,item_not_received,2026-08-23,24,pending
DSP-14853,ORD-01388,not_as_described,2026-08-23,23,pending
DSP-14854,ORD-17389,duplicate_charge,2026-08-23,24,pending
DSP-14855,ORD-01425,item_not_received,2026-08-23,21,pending
DSP-14856,ORD-11315,unauthorized_transaction,2026-08-23,19,pending
DSP-14857,ORD-01816,item_not_received,2026-08-23,23,pending
DSP-14858,ORD-11758,item_not_received,2026-08-23,21,pending
DSP-14859,ORD-12279,item_not_received,2026-08-23,21,pending
DSP-14860,ORD-06464,item_not_received,2026-08-23,24,pending
DSP-14861,ORD-00558,item_not_received,2026-08-23,24,pending
DSP-14862,ORD-04116,not_as_described,2026-08-23,20,pending
DSP-14863,ORD-02790,item_not_received,2026-08-23,22,pending
DSP-14864,ORD-14071,not_as_described,2026-08-23,21,pending
DSP-14865,ORD-04850,item_not_received,2026-08-23,19,pending
DSP-14866,ORD-18988,item_not_received,2026-08-23,17,pending
DSP-14867,ORD-16875,unauthorized_transaction,2026-08-23,18,pending
DSP-14868,ORD-06546,not_as_described,2026-08-23,21,pending
DSP-14869,ORD-05036,not_as_described,2026-08-23,22,pending
DSP-14870,ORD-07738,item_not_received,2026-08-23,20,pending
DSP-14871,ORD-11968,duplicate_charge,2026-08-23,18,pending
DSP-14872,ORD-14122,not_as_described,2026-08-23,24,pending
DSP-14873,ORD-18484,item_not_received,2026-08-23,21,pending
DSP-14874,ORD-02218,item_not_received,2026-08-23,18,pending
DSP-14875,ORD-09724,duplicate_charge,2026-08-23,24,pending
DSP-14876,ORD-04716,unauthorized_transaction,2026-08-23,19,pending
DSP-14877,ORD-08354,item_not_received,2026-08-23,20,pending
DSP-14878,ORD-11655,item_not_received,2026-08-23,23,pending
DSP-14879,ORD-09187,item_not_received,2026-08-23,19,pending
DSP-14880,ORD-17243,not_as_described,2026-08-23,24,pending
DSP-14881,ORD-16931,duplicate_charge,2026-08-23,24,pending
DSP-14882,ORD-08768,item_not_received,2026-08-24,19,pending
DSP-14883,ORD-09876,item_not_received,2026-08-24,18,pending
DSP-14884,ORD-00102,item_not_received,2026-08-24,23,pending
DSP-14885,ORD-19769,duplicate_charge,2026-08-24,23,pending
DSP-14886,ORD-02671,duplicate_charge,2026-08-24,20,pending
DSP-14887,ORD-15006,duplicate_charge,2026-08-24,19,pending
DSP-14888,ORD-15787,unauthorized_transaction,2026-08-24,18,pending
DSP-14889,ORD-14029,not_as_described,2026-08-24,23,pending
DSP-14890,ORD-04205,item_not_received,2026-08-24,18,pending
DSP-14891,ORD-13715,item_not_received,2026-08-24,24,pending
DSP-14892,ORD-03537,duplicate_charge,2026-08-24,20,pending
DSP-14893,ORD-06366,item_not_received,2026-08-24,22,pending
DSP-14894,ORD-14357,duplicate_charge,2026-08-24,22,pending
DSP-14895,ORD-09774,item_not_received,2026-08-24,23,pending
DSP-14896,ORD-08384,not_as_described,2026-08-24,19,pending
DSP-14897,ORD-15350,item_not_received,2026-08-24,23,pending
DSP-14898,ORD-00450,item_not_received,2026-08-24,22,pending
DSP-14899,ORD-19893,duplicate_charge,2026-08-24,23,pending
DSP-14900,ORD-00215,unauthorized_transaction,2026-08-24,21,pending
DSP-14901,ORD-15005,unauthorized_transaction,2026-08-24,22,pending
DSP-14902,ORD-16677,item_not_received,2026-08-24,24,pending
DSP-14903,ORD-18685,not_as_described,2026-08-24,24,pending
DSP-14904,ORD-07712,not_as_described,2026-08-24,20,pending
DSP-14905,ORD-10410,duplicate_charge,2026-08-24,21,pending
DSP-14906,ORD-10659,unauthorized_transaction,2026-08-24,20,pending
DSP-14907,ORD-09681,not_as_described,2026-08-24,24,pending
DSP-14908,ORD-03812,duplicate_charge,2026-08-24,20,pending
DSP-14909,ORD-16562,item_not_received,2026-08-24,22,pending
DSP-14910,ORD-00506,not_as_described,2026-08-24,24,pending
DSP-14911,ORD-03204,unauthorized_transaction,2026-08-25,19,pending
DSP-14912,ORD-13854,not_as_described,2026-08-25,20,pending
DSP-14913,ORD-09709,not_as_described,2026-08-25,20,pending
DSP-14914,ORD-17133,unauthorized_transaction,2026-08-25,19,pending
DSP-14915,ORD-16760,unauthorized_transaction,2026-08-25,21,pending
DSP-14916,ORD-11938,not_as_described,2026-08-25,21,pending
DSP-14917,ORD-06267,item_not_received,2026-08-25,23,pending
DSP-14918,ORD-00312,item_not_received,2026-08-25,22,pending
DSP-14919,ORD-06763,duplicate_charge,2026-08-25,21,pending
DSP-14920,ORD-02616,item_not_received,2026-08-25,20,pending
DSP-14921,ORD-15481,item_not_received,2026-08-25,24,pending
DSP-14922,ORD-14342,duplicate_charge,2026-08-25,20,pending
DSP-14923,ORD-07004,not_as_described,2026-08-25,21,pending
DSP-14924,ORD-13225,unauthorized_transaction,2026-08-25,23,pending
DSP-14925,ORD-15044,item_not_received,2026-08-25,19,pending
DSP-14926,ORD-18564,duplicate_charge,2026-08-25,22,pending
DSP-14927,ORD-10766,not_as_described,2026-08-25,21,pending
DSP-14928,ORD-14917,not_as_described,2026-08-25,19,pending
DSP-14929,ORD-10607,duplicate_charge,2026-08-25,22,pending
DSP-14930,ORD-19608,duplicate_charge,2026-08-25,19,pending
DSP-14931,ORD-18626,duplicate_charge,2026-08-25,19,pending
DSP-14932,ORD-04840,not_as_described,2026-08-25,23,pending
DSP-14933,ORD-15873,item_not_received,2026-08-25,22,pending
DSP-14934,ORD-00564,not_as_described,2026-08-25,21,pending
DSP-14935,ORD-02597,item_not_received,2026-08-25,22,pending
DSP-14936,ORD-17986,duplicate_charge,2026-08-25,21,pending
DSP-14937,ORD-19466,not_as_described,2026-08-25,20,pending
DSP-14938,ORD-05976,unauthorized_transaction,2026-08-25,19,pending
DSP-14939,ORD-00386,unauthorized_transaction,2026-08-26,21,pending
DSP-14940,ORD-00461,not_as_described,2026-08-26,24,pending
DSP-14941,ORD-02022,unauthorized_transaction,2026-08-26,21,pending
DSP-14942,ORD-16057,duplicate_charge,2026-08-26,23,pending
DSP-14943,ORD-09845,not_as_described,2026-08-26,23,pending
DSP-14944,ORD-17076,not_as_described,2026-08-26,23,pending
DSP-14945,ORD-11102,item_not_received,2026-08-26,23,pending
DSP-14946,ORD-15892,duplicate_charge,2026-08-26,21,pending
DSP-14947,ORD-04915,item_not_received,2026-08-26,24,pending
DSP-14948,ORD-14804,item_not_received,2026-08-26,23,pending
DSP-14949,ORD-06120,item_not_received,2026-08-26,22,pending
DSP-14950,ORD-10858,unauthorized_transaction,2026-08-26,20,pending
DSP-14951,ORD-05513,duplicate_charge,2026-08-26,20,pending
DSP-14952,ORD-17596,item_not_received,2026-08-26,21,pending
DSP-14953,ORD-17064,not_as_described,2026-08-26,24,pending
DSP-14954,ORD-06293,not_as_described,2026-08-26,24,pending
DSP-14955,ORD-14141,not_as_described,2026-08-26,22,pending
DSP-14956,ORD-03374,item_not_received,2026-08-26,20,pending
DSP-14957,ORD-17901,item_not_received,2026-08-26,21,pending
DSP-14958,ORD-01152,item_not_received,2026-08-26,23,pending
DSP-14959,ORD-17520,unauthorized_transaction,2026-08-26,23,pending
DSP-14960,ORD-06007,not_as_described,2026-08-26,20,pending
DSP-14961,ORD-13335,unauthorized_transaction,2026-08-26,23,pending
DSP-14962,ORD-15239,item_not_received,2026-08-26,20,pending
DSP-14963,ORD-01304,item_not_received,2026-08-27,23,pending
DSP-14964,ORD-18553,not_as_described,2026-08-27,23,pending
DSP-14965,ORD-16155,duplicate_charge,2026-08-27,22,pending
DSP-14966,ORD-13912,item_not_received,2026-08-27,23,pending
DSP-14967,ORD-04972,not_as_described,2026-08-27,23,pending
DSP-14968,ORD-04023,item_not_received,2026-08-27,22,pending
DSP-14969,ORD-05865,duplicate_charge,2026-08-27,21,pending
DSP-14970,ORD-13483,unauthorized_transaction,2026-08-27,21,pending
DSP-14971,ORD-10688,not_as_described,2026-08-27,23,pending
DSP-14972,ORD-07503,not_as_described,2026-08-27,24,pending
DSP-14973,ORD-08767,duplicate_charge,2026-08-27,22,pending
DSP-14974,ORD-16936,unauthorized_transaction,2026-08-27,23,pending
DSP-14975,ORD-11414,unauthorized_transaction,2026-08-27,21,pending
DSP-14976,ORD-00671,item_not_received,2026-08-27,24,pending
DSP-14977,ORD-00742,item_not_received,2026-08-27,22,pending
DSP-14978,ORD-06422,unauthorized_transaction,2026-08-27,24,pending
DSP-14979,ORD-01231,not_as_described,2026-08-28,23,pending
DSP-14980,ORD-05766,unauthorized_transaction,2026-08-28,24,pending
DSP-14981,ORD-17144,not_as_described,2026-08-28,22,pending
DSP-14982,ORD-17955,item_not_received,2026-08-28,22,pending
DSP-14983,ORD-05978,item_not_received,2026-08-28,23,pending
DSP-14984,ORD-08095,unauthorized_transaction,2026-08-28,23,pending
DSP-14985,ORD-16372,item_not_received,2026-08-28,23,pending
DSP-14986,ORD-03496,item_not_received,2026-08-28,24,pending
DSP-14987,ORD-16333,item_not_received,2026-08-28,24,pending
DSP-14988,ORD-05633,not_as_described,2026-08-28,24,pending
DSP-14989,ORD-04740,item_not_received,2026-08-28,22,pending
DSP-14990,ORD-00332,not_as_described,2026-08-28,23,pending
DSP-14991,ORD-10304,item_not_received,2026-08-29,23,pending
DSP-14992,ORD-00381,not_as_described,2026-08-29,24,pending
DSP-14993,ORD-14688,duplicate_charge,2026-08-29,24,pending
DSP-14994,ORD-00924,item_not_received,2026-08-29,24,pending
DSP-14995,ORD-09421,item_not_received,2026-08-29,24,pending
DSP-14996,ORD-10597,unauthorized_transaction,2026-08-29,24,pending
DSP-14997,ORD-02569,unauthorized_transaction,2026-08-30,24,pending
DSP-14998,ORD-01239,unauthorized_transaction,2026-08-30,24,pending
DSP-14999,ORD-12261,unauthorized_transaction,2026-08-30,24,pending
